[WebServer] (node:98708) Warning: The 'NO_COLOR' env is ignored due to the 'FORCE_COLOR' env being set.
[WebServer] (Use `node --trace-warnings ...` to show where the warning was created)
[WebServer] INFO:     Started server process [98717]
[WebServer] INFO:     Waiting for application startup.
[WebServer] 2026-10-04 20:41:07,554 INFO goatfarm [-] startup (environment=development)
[WebServer] INFO:     Application startup complete.
[WebServer] INFO:     Uvicorn running on http://127.0.0.1:8000 (Press CTRL+C to quit)
[WebServer] 2026-10-04 20:41:08,494 INFO goatfarm [a4cdd7cdfb96448c9d6fff61b6a180c2] request method=GET path=/openapi.json status=200 duration_ms=615.29
[WebServer] 2026-10-04 20:41:08,660 INFO goatfarm [862dc3bc416f4d0eb4eea52292265e6f] request method=POST path=/api/auth/register status=201 duration_ms=137.20
[WebServer] 2026-10-04 20:41:08,691 INFO goatfarm [8f3af972e4e243ac8ef14c9b9d3d362c] request method=POST path=/api/auth/farms status=201 duration_ms=28.86

Running 107 tests using 1 worker

(node:98732) Warning: The 'NO_COLOR' env is ignored due to the 'FORCE_COLOR' env being set.
(Use `node --trace-warnings ...` to show where the warning was created)
[WebServer] 2026-10-04 20:41:09,439 WARNING goatfarm.audit [45df189ccae647679b46ee8a7fd8856b] security_signal_started event='auth.refresh.invalid' aggregation='process-memory' — invalid or replayed refresh credentials rejected
[WebServer] 2026-10-04 20:41:09,439 INFO goatfarm [45df189ccae647679b46ee8a7fd8856b] request method=POST path=/api/auth/refresh status=401 duration_ms=1.43
[WebServer] 2026-10-04 20:41:09,694 INFO goatfarm [31b9875c311b49e1b376ef6102e5b2a1] request method=POST path=/api/auth/login status=200 duration_ms=144.57
[WebServer] 2026-10-04 20:41:09,711 INFO goatfarm [9297475aee144cf4a6c0a1066b003e03] request method=GET path=/api/auth/farms status=200 duration_ms=14.25
[WebServer] 2026-10-04 20:41:09,722 INFO goatfarm [89bfb8255d8e46319aa75f4755638731] request method=GET path=/api/auth/permissions status=200 duration_ms=8.35
[WebServer] 2026-10-04 20:41:09,931 INFO goatfarm [7dbf5e144a2c478b894c054fb2331bda] request method=GET path=/api/dashboard status=200 duration_ms=175.88
[WebServer] 2026-10-04 20:41:10,035 INFO goatfarm [cfd29d6ad4c94cc7bd9a3b7c46f60b99] request method=POST path=/api/auth/refresh status=200 duration_ms=110.60
[WebServer] 2026-10-04 20:41:10,048 INFO goatfarm [5f5a868a00eb423a8b8fbf7776814a6f] request method=GET path=/api/auth/farms status=200 duration_ms=10.67
[WebServer] 2026-10-04 20:41:10,065 INFO goatfarm [135079a5769f49a88a4348924cf67be2] request method=GET path=/api/auth/permissions status=200 duration_ms=6.91
[WebServer] 2026-10-04 20:41:10,136 INFO goatfarm [5f3552ed6a9c4e10901d234b8c8ed762] request method=GET path=/api/dashboard status=200 duration_ms=62.84
  ✓    1 [chromium] › e2e/a11y-gate.spec.ts:68:7 › a11y gate › /dashboard (en) has no serious accessibility violations (1.9s)
[WebServer] 2026-10-04 20:41:11,247 INFO goatfarm [f8c0edfe11cb4ff1b5987969f0145e29] request method=POST path=/api/auth/refresh status=401 duration_ms=1.32
[WebServer] 2026-10-04 20:41:11,485 INFO goatfarm [2de702fde99f4023a9c6f512e30682a3] request method=POST path=/api/auth/login status=200 duration_ms=148.39
[WebServer] 2026-10-04 20:41:11,496 INFO goatfarm [ca906ed4717a47f38ce77fafc01d6359] request method=GET path=/api/auth/farms status=200 duration_ms=8.21
[WebServer] 2026-10-04 20:41:11,506 INFO goatfarm [2a4bcc2bc63941b7a822c6017a8b312a] request method=GET path=/api/auth/permissions status=200 duration_ms=7.17
[WebServer] 2026-10-04 20:41:11,578 INFO goatfarm [b0008aff8fd546da9d9d1d3657d026b8] request method=GET path=/api/dashboard status=200 duration_ms=42.88
[WebServer] 2026-10-04 20:41:11,804 INFO goatfarm [c5c7b3efa08e4dc8abd95aa689ae2cab] request method=POST path=/api/auth/refresh status=200 duration_ms=110.57
[WebServer] 2026-10-04 20:41:11,817 INFO goatfarm [fd2116e784e248619e75a68e2dd36c91] request method=GET path=/api/auth/farms status=200 duration_ms=9.71
[WebServer] 2026-10-04 20:41:11,840 INFO goatfarm [3c3c64d96adb408a90b7718eb56a2a31] request method=GET path=/api/auth/permissions status=200 duration_ms=10.01
[WebServer] 2026-10-04 20:41:11,859 INFO goatfarm [b33e9d4526004b62aa787bacede0e777] request method=GET path=/api/owner/overview status=200 duration_ms=32.08
[WebServer] 2026-10-04 20:41:11,862 INFO goatfarm [43fad89e9cec4e698d51445d7b2407cb] request method=GET path=/api/owner/benchmarks status=200 duration_ms=33.19
  ✓    2 [chromium] › e2e/a11y-gate.spec.ts:68:7 › a11y gate › /owner (en) has no serious accessibility violations (1.6s)
[WebServer] 2026-10-04 20:41:12,869 INFO goatfarm [33d59e16f5904875b443caa69f48cea7] request method=POST path=/api/auth/refresh status=401 duration_ms=0.55
[WebServer] 2026-10-04 20:41:13,102 INFO goatfarm [1739160aa50a4ecf99ece69e9e2a5867] request method=POST path=/api/auth/login status=200 duration_ms=140.92
[WebServer] 2026-10-04 20:41:13,113 INFO goatfarm [50b89b26924d4f019d86db827da85268] request method=GET path=/api/auth/farms status=200 duration_ms=8.47
[WebServer] 2026-10-04 20:41:13,123 INFO goatfarm [ff3f4e507fc247f7aa9926d0f38c4796] request method=GET path=/api/auth/permissions status=200 duration_ms=6.66
[WebServer] 2026-10-04 20:41:13,200 INFO goatfarm [18c5c88432364520bbec26c33d8b7d48] request method=GET path=/api/dashboard status=200 duration_ms=48.91
[WebServer] 2026-10-04 20:41:13,426 INFO goatfarm [5ffc0900ad9345af8da4b38cb0c10092] request method=POST path=/api/auth/refresh status=200 duration_ms=106.53
[WebServer] 2026-10-04 20:41:13,435 INFO goatfarm [09b013cd1067494eb8251dbfd5bc18e9] request method=GET path=/api/auth/farms status=200 duration_ms=6.04
[WebServer] 2026-10-04 20:41:13,449 INFO goatfarm [466fc40298214c0484d0ebaf8ad370ad] request method=GET path=/api/auth/permissions status=200 duration_ms=6.08
[WebServer] 2026-10-04 20:41:13,481 INFO goatfarm [d881101fd2134d0897e9e8311bbdd6f9] request method=GET path=/api/animals status=200 duration_ms=16.41
  ✓    3 [chromium] › e2e/a11y-gate.spec.ts:68:7 › a11y gate › /animals (en) has no serious accessibility violations (1.6s)
[WebServer] 2026-10-04 20:41:14,477 INFO goatfarm [c61bd81262784e15a5a6467c2d811938] request method=POST path=/api/auth/refresh status=401 duration_ms=0.78
[WebServer] 2026-10-04 20:41:14,706 INFO goatfarm [048d6acc9cd545508594cd3aec0c4576] request method=POST path=/api/auth/login status=200 duration_ms=137.13
[WebServer] 2026-10-04 20:41:14,715 INFO goatfarm [97e5200bef134f6d8b8cb5f98165d5ca] request method=GET path=/api/auth/farms status=200 duration_ms=6.68
[WebServer] 2026-10-04 20:41:14,724 INFO goatfarm [796dea552568464194123fd6d9379f5e] request method=GET path=/api/auth/permissions status=200 duration_ms=6.07
[WebServer] 2026-10-04 20:41:14,810 INFO goatfarm [2741d53d73794def9e9f80b6e10817c7] request method=GET path=/api/dashboard status=200 duration_ms=56.49
[WebServer] 2026-10-04 20:41:14,944 INFO goatfarm [badbdf02697e4a7db8637da63b9820ea] request method=POST path=/api/auth/refresh status=200 duration_ms=109.79
[WebServer] 2026-10-04 20:41:14,956 INFO goatfarm [9507c843e00f4899a0e84e99657d64cb] request method=GET path=/api/auth/farms status=200 duration_ms=8.98
[WebServer] 2026-10-04 20:41:14,972 INFO goatfarm [8439cc6c613146ddb2005602fc9cadbf] request method=GET path=/api/auth/permissions status=200 duration_ms=7.90
[WebServer] 2026-10-04 20:41:15,000 INFO goatfarm [59b91b842fd14060a0137a2a29723a84] request method=GET path=/api/buckets status=200 duration_ms=19.75
  ✓    4 [chromium] › e2e/a11y-gate.spec.ts:68:7 › a11y gate › /buckets (en) has no serious accessibility violations (1.6s)
[WebServer] 2026-10-04 20:41:16,049 INFO goatfarm [b82343a076e54bfdb84282b761a66233] request method=POST path=/api/auth/refresh status=401 duration_ms=0.51
[WebServer] 2026-10-04 20:41:16,282 INFO goatfarm [fc33654ef02e4b36a2756e3d91229f7c] request method=POST path=/api/auth/login status=200 duration_ms=146.47
[WebServer] 2026-10-04 20:41:16,293 INFO goatfarm [7d0f264b78174530996b24d19f38d972] request method=GET path=/api/auth/farms status=200 duration_ms=8.20
[WebServer] 2026-10-04 20:41:16,302 INFO goatfarm [ae7b14a0fa0e4cba9f4fc3c618b93342] request method=GET path=/api/auth/permissions status=200 duration_ms=5.88
[WebServer] 2026-10-04 20:41:16,368 INFO goatfarm [c812c991ddad4eb38955cc4812e1eb92] request method=GET path=/api/dashboard status=200 duration_ms=38.03
[WebServer] 2026-10-04 20:41:16,624 INFO goatfarm [d70a3bd2973c4431a9b43960eeaf9673] request method=POST path=/api/auth/refresh status=200 duration_ms=116.59
[WebServer] 2026-10-04 20:41:16,634 INFO goatfarm [3bc06520c2e54f569bb4dbcd37e6c666] request method=GET path=/api/auth/farms status=200 duration_ms=7.62
[WebServer] 2026-10-04 20:41:16,652 INFO goatfarm [a58b424349c347a49a4a87b0b0325f7a] request method=GET path=/api/auth/permissions status=200 duration_ms=8.87
[WebServer] 2026-10-04 20:41:16,690 INFO goatfarm [e62ee2d4cd6643e8be87b6ac83bf497e] request method=GET path=/api/breeding status=200 duration_ms=28.66
  ✓    5 [chromium] › e2e/a11y-gate.spec.ts:68:7 › a11y gate › /breeding (en) has no serious accessibility violations (1.6s)
[WebServer] 2026-10-04 20:41:17,635 INFO goatfarm [102d746c5c3149aaa96cbabe1825fa3f] request method=POST path=/api/auth/refresh status=401 duration_ms=0.71
[WebServer] 2026-10-04 20:41:17,884 INFO goatfarm [aa58a3cf6d5f4ad4b2314484107d1b56] request method=POST path=/api/auth/login status=200 duration_ms=156.10
[WebServer] 2026-10-04 20:41:17,895 INFO goatfarm [e7cf71a0c138405281b1c5b3de77689e] request method=GET path=/api/auth/farms status=200 duration_ms=7.71
[WebServer] 2026-10-04 20:41:17,905 INFO goatfarm [e411cb7bd0aa4fdd8ce3026ef5300fea] request method=GET path=/api/auth/permissions status=200 duration_ms=6.68
[WebServer] 2026-10-04 20:41:17,995 INFO goatfarm [5975210269984a52a62f3765624c53f4] request method=GET path=/api/dashboard status=200 duration_ms=60.30
[WebServer] 2026-10-04 20:41:18,201 INFO goatfarm [5034b20559f24b23aba2911b0b457226] request method=POST path=/api/auth/refresh status=200 duration_ms=111.28
[WebServer] 2026-10-04 20:41:18,212 INFO goatfarm [454e930d10674394b938c8676f72b139] request method=GET path=/api/auth/farms status=200 duration_ms=7.61
[WebServer] 2026-10-04 20:41:18,227 INFO goatfarm [a8cec118160348ccaef04e04a6c8b587] request method=GET path=/api/auth/permissions status=200 duration_ms=5.91
[WebServer] 2026-10-04 20:41:18,267 INFO goatfarm [75b45e4d30be445dbdcc24539194d978] request method=GET path=/api/kidding status=200 duration_ms=29.37
  ✓    6 [chromium] › e2e/a11y-gate.spec.ts:68:7 › a11y gate › /kidding (en) has no serious accessibility violations (1.6s)
[WebServer] 2026-10-04 20:41:19,212 INFO goatfarm [fc7d09ba32524873b805c5aae92dc221] request method=POST path=/api/auth/refresh status=401 duration_ms=0.61
[WebServer] 2026-10-04 20:41:19,444 INFO goatfarm [7a634560f2df4201a37b3ff2033cafec] request method=POST path=/api/auth/login status=200 duration_ms=141.25
[WebServer] 2026-10-04 20:41:19,454 INFO goatfarm [c49d2384ad3447aab9fb2cbba884651a] request method=GET path=/api/auth/farms status=200 duration_ms=7.06
[WebServer] 2026-10-04 20:41:19,462 INFO goatfarm [3a8ef76cc1ec40c2b6374a6b0b8423df] request method=GET path=/api/auth/permissions status=200 duration_ms=5.80
[WebServer] 2026-10-04 20:41:19,529 INFO goatfarm [e329f04e9e4743b4bc92822b8a102619] request method=GET path=/api/dashboard status=200 duration_ms=38.91
[WebServer] 2026-10-04 20:41:19,685 INFO goatfarm [e9399bf5348244eea41290e070bcd039] request method=POST path=/api/auth/refresh status=200 duration_ms=111.50
[WebServer] 2026-10-04 20:41:19,696 INFO goatfarm [6aee43eb21bf4270a31375923726d6d1] request method=GET path=/api/auth/farms status=200 duration_ms=8.12
[WebServer] 2026-10-04 20:41:19,711 INFO goatfarm [8bda842aa23b4e5b9a436f78453e0d91] request method=GET path=/api/auth/permissions status=200 duration_ms=5.63
[WebServer] 2026-10-04 20:41:19,761 INFO goatfarm [c4ebb18fdd084fbbab3efdda57623bca] request method=GET path=/api/feeding/records status=200 duration_ms=33.07
[WebServer] 2026-10-04 20:41:19,763 INFO goatfarm [34c7088a66b345b2869b3072db015db4] request method=GET path=/api/feeding/recipes status=200 duration_ms=33.92
[WebServer] 2026-10-04 20:41:19,772 INFO goatfarm [0db638be99714be09f49efdef463db94] request method=GET path=/api/feeding/plan status=200 duration_ms=46.63
  ✓    7 [chromium] › e2e/a11y-gate.spec.ts:68:7 › a11y gate › /feeding (en) has no serious accessibility violations (1.5s)
[WebServer] 2026-10-04 20:41:20,743 INFO goatfarm [c087b7f146c24cc18b4494b2584d4184] request method=POST path=/api/auth/refresh status=401 duration_ms=0.51
[WebServer] 2026-10-04 20:41:20,970 INFO goatfarm [0d415704cf0941b0b4dec7656481bd49] request method=POST path=/api/auth/login status=200 duration_ms=134.08
[WebServer] 2026-10-04 20:41:20,980 INFO goatfarm [72989e71bc22463b8bf785970e3d2c00] request method=GET path=/api/auth/farms status=200 duration_ms=7.84
[WebServer] 2026-10-04 20:41:20,989 INFO goatfarm [8eb924089efb425489f6e9ec01ade3d0] request method=GET path=/api/auth/permissions status=200 duration_ms=5.95
[WebServer] 2026-10-04 20:41:21,052 INFO goatfarm [f0c022e9085c4f228428818fb098015e] request method=GET path=/api/dashboard status=200 duration_ms=36.80
[WebServer] 2026-10-04 20:41:21,205 INFO goatfarm [83039ba1bbb94a6e824ba00110aba882] request method=POST path=/api/auth/refresh status=200 duration_ms=110.58
[WebServer] 2026-10-04 20:41:21,214 INFO goatfarm [3a6d009d6b354a1f814e14f202c68ac2] request method=GET path=/api/auth/farms status=200 duration_ms=6.62
[WebServer] 2026-10-04 20:41:21,229 INFO goatfarm [0b555ea37cf94ff4bde6da60537e1d00] request method=GET path=/api/auth/permissions status=200 duration_ms=6.07
[WebServer] 2026-10-04 20:41:21,249 INFO goatfarm [78f42544fa6d468394e7fb6638b5d64f] request method=GET path=/api/feeding/inventory status=200 duration_ms=11.81
[WebServer] 2026-10-04 20:41:21,249 INFO goatfarm [619687fb6ddf45b3bdd5cf2da5a29dd2] request method=GET path=/api/feeding/finished-stock status=200 duration_ms=11.21
  ✓    8 [chromium] › e2e/a11y-gate.spec.ts:68:7 › a11y gate › /feeding/inventory (en) has no serious accessibility violations (1.5s)
[WebServer] 2026-10-04 20:41:22,286 INFO goatfarm [c3e28e085ac047cfb3a36da9aab00d1b] request method=POST path=/api/auth/refresh status=401 duration_ms=0.65
[WebServer] 2026-10-04 20:41:22,511 INFO goatfarm [9cc92532ea6a4a8ba5b07cc266c98f43] request method=POST path=/api/auth/login status=200 duration_ms=141.45
[WebServer] 2026-10-04 20:41:22,521 INFO goatfarm [0d09b13222a8446f8392c838419e7afd] request method=GET path=/api/auth/farms status=200 duration_ms=7.32
[WebServer] 2026-10-04 20:41:22,530 INFO goatfarm [c9d3da3a12464edb9a49e49e40daa71d] request method=GET path=/api/auth/permissions status=200 duration_ms=6.72
[WebServer] 2026-10-04 20:41:22,595 INFO goatfarm [433201225d9e40a3a0174b999b75481c] request method=GET path=/api/dashboard status=200 duration_ms=37.74
[WebServer] 2026-10-04 20:41:22,742 INFO goatfarm [79223d3089b1450291ad565366ce6d20] request method=POST path=/api/auth/refresh status=200 duration_ms=108.37
[WebServer] 2026-10-04 20:41:22,752 INFO goatfarm [3254fbedd8764120804d9fcfd557bcf4] request method=GET path=/api/auth/farms status=200 duration_ms=7.33
[WebServer] 2026-10-04 20:41:22,768 INFO goatfarm [9f094cd335794887b568cbd774dad32c] request method=GET path=/api/auth/permissions status=200 duration_ms=7.71
[WebServer] 2026-10-04 20:41:22,788 INFO goatfarm [fff9323c3d7a49fd8a5f75050539ea64] request method=GET path=/api/feeding/recipes status=200 duration_ms=11.25
  ✓    9 [chromium] › e2e/a11y-gate.spec.ts:68:7 › a11y gate › /feeding/recipes (en) has no serious accessibility violations (1.6s)
[WebServer] 2026-10-04 20:41:23,878 INFO goatfarm [1475f31e9f9c47eda9c15897892ce22c] request method=POST path=/api/auth/refresh status=401 duration_ms=0.47
[WebServer] 2026-10-04 20:41:24,120 INFO goatfarm [0a31d7f2ecbc493d9765a37420f7dbd3] request method=POST path=/api/auth/login status=200 duration_ms=150.13
[WebServer] 2026-10-04 20:41:24,129 INFO goatfarm [a9a12967eefe433b919100eb0ea60563] request method=GET path=/api/auth/farms status=200 duration_ms=7.08
[WebServer] 2026-10-04 20:41:24,139 INFO goatfarm [cc4982106d9c4542a985ec065e9fd0f6] request method=GET path=/api/auth/permissions status=200 duration_ms=6.74
[WebServer] 2026-10-04 20:41:24,206 INFO goatfarm [2a5a5abe38804a97bf831907b1ea60a6] request method=GET path=/api/dashboard status=200 duration_ms=38.51
[WebServer] 2026-10-04 20:41:24,439 INFO goatfarm [11013c7ec12f48ddbe10917f9aa61da7] request method=POST path=/api/auth/refresh status=200 duration_ms=104.78
[WebServer] 2026-10-04 20:41:24,448 INFO goatfarm [a8c1e89b7c99442c96aca33f5dd97157] request method=GET path=/api/auth/farms status=200 duration_ms=6.29
[WebServer] 2026-10-04 20:41:24,463 INFO goatfarm [bf2cbc040bb4482da3112e1d588421e7] request method=GET path=/api/auth/permissions status=200 duration_ms=6.39
[WebServer] 2026-10-04 20:41:24,489 INFO goatfarm [662e207c6ff04071aa7d5de345c902ff] request method=GET path=/api/purchases status=200 duration_ms=15.24
  ✓   10 [chromium] › e2e/a11y-gate.spec.ts:68:7 › a11y gate › /purchases (en) has no serious accessibility violations (1.6s)
[WebServer] 2026-10-04 20:41:25,450 INFO goatfarm [5c800b229d394a24baa96714b5d0f671] request method=POST path=/api/auth/refresh status=401 duration_ms=0.68
[WebServer] 2026-10-04 20:41:25,683 INFO goatfarm [62864eb0848c41cca75e5bab384d7113] request method=POST path=/api/auth/login status=200 duration_ms=147.49
[WebServer] 2026-10-04 20:41:25,696 INFO goatfarm [eb24eb5e9ed84c809714755c925c2f34] request method=GET path=/api/auth/farms status=200 duration_ms=10.24
[WebServer] 2026-10-04 20:41:25,707 INFO goatfarm [c8af0dad07eb49da8b509964d2d98191] request method=GET path=/api/auth/permissions status=200 duration_ms=8.13
[WebServer] 2026-10-04 20:41:25,784 INFO goatfarm [90a99e0abb4040a183d75f872c65ae6e] request method=GET path=/api/dashboard status=200 duration_ms=48.37
[WebServer] 2026-10-04 20:41:26,003 INFO goatfarm [25b361132b864aa68f2455a32e4e4ebd] request method=POST path=/api/auth/refresh status=200 duration_ms=110.95
[WebServer] 2026-10-04 20:41:26,015 INFO goatfarm [5a39647d7e6444b6bbbeee266e8258f4] request method=GET path=/api/auth/farms status=200 duration_ms=8.89
[WebServer] 2026-10-04 20:41:26,030 INFO goatfarm [516d4dc14aaf437cae68f49ac8b04064] request method=GET path=/api/auth/permissions status=200 duration_ms=6.26
[WebServer] 2026-10-04 20:41:26,074 INFO goatfarm [5361e0a5b82245b585bcd08d3d982aa4] request method=GET path=/api/dashboard/reports status=200 duration_ms=35.87
  ✓   11 [chromium] › e2e/a11y-gate.spec.ts:68:7 › a11y gate › /reports (en) has no serious accessibility violations (1.6s)
[WebServer] 2026-10-04 20:41:27,067 INFO goatfarm [edf2405ca0084a4284fb52fc2a70e83e] request method=POST path=/api/auth/refresh status=401 duration_ms=0.71
[WebServer] 2026-10-04 20:41:27,315 INFO goatfarm [a8d9c296a91846a99f0a997bd06e6ca5] request method=POST path=/api/auth/login status=200 duration_ms=153.03
[WebServer] 2026-10-04 20:41:27,324 INFO goatfarm [613049e9fa044e999ed723a21d3b07ae] request method=GET path=/api/auth/farms status=200 duration_ms=7.04
[WebServer] 2026-10-04 20:41:27,333 INFO goatfarm [94f0c6313dbf48ba8c6ee92c497ffbb8] request method=GET path=/api/auth/permissions status=200 duration_ms=5.68
[WebServer] 2026-10-04 20:41:27,401 INFO goatfarm [641117239091437b830097507a4454de] request method=GET path=/api/dashboard status=200 duration_ms=40.07
[WebServer] 2026-10-04 20:41:27,628 INFO goatfarm [5cb2f9f8eca04381a55f38001b76bea0] request method=POST path=/api/auth/refresh status=200 duration_ms=108.99
[WebServer] 2026-10-04 20:41:27,638 INFO goatfarm [b1efe2dae09040e9953652625021c36a] request method=GET path=/api/auth/farms status=200 duration_ms=7.87
[WebServer] 2026-10-04 20:41:27,654 INFO goatfarm [920b97ae3bdb485eb71a80e23ec8861a] request method=GET path=/api/auth/permissions status=200 duration_ms=6.41
[WebServer] 2026-10-04 20:41:27,689 INFO goatfarm [b7dd47ef15404de0b8474590f6cf3135] request method=GET path=/api/tasks status=200 duration_ms=24.49
  ✓   12 [chromium] › e2e/a11y-gate.spec.ts:68:7 › a11y gate › /tasks (en) has no serious accessibility violations (1.6s)
[WebServer] 2026-10-04 20:41:28,664 INFO goatfarm [3db8ff6d6b134a699f8ec7b494556730] request method=POST path=/api/auth/refresh status=401 duration_ms=0.66
[WebServer] 2026-10-04 20:41:28,906 INFO goatfarm [27f7d1ca1148442e847260c1f884167e] request method=POST path=/api/auth/login status=200 duration_ms=153.56
[WebServer] 2026-10-04 20:41:28,916 INFO goatfarm [38019d76b00b44c7942e7f14f49f721f] request method=GET path=/api/auth/farms status=200 duration_ms=7.29
[WebServer] 2026-10-04 20:41:28,926 INFO goatfarm [7dcd82056aac414b923c7458973cb4ce] request method=GET path=/api/auth/permissions status=200 duration_ms=6.30
[WebServer] 2026-10-04 20:41:29,001 INFO goatfarm [bac2d84b7f674c36aacda3c41acfe53c] request method=GET path=/api/dashboard status=200 duration_ms=45.50
[WebServer] 2026-10-04 20:41:29,229 INFO goatfarm [197d75ae4acb4b15ad58021c6f83a595] request method=POST path=/api/auth/refresh status=200 duration_ms=116.07
[WebServer] 2026-10-04 20:41:29,242 INFO goatfarm [aca191488c3d4fefb82179870c85b7db] request method=GET path=/api/auth/farms status=200 duration_ms=9.82
[WebServer] 2026-10-04 20:41:29,246 INFO goatfarm [0edf2fbf404141d4bfd426cb3d28a6fd] request method=GET path=/api/auth/farms status=401 duration_ms=0.83
[WebServer] 2026-10-04 20:41:29,260 INFO goatfarm [d4bf41c10e444996b0990d6319069162] request method=GET path=/api/auth/permissions status=200 duration_ms=7.52
[WebServer] 2026-10-04 20:41:29,263 INFO goatfarm [207401f3eb8c45099684172f6fd00d14] request method=GET path=/api/auth/permissions status=401 duration_ms=0.54
[WebServer] 2026-10-04 20:41:29,279 INFO goatfarm [77bea6362c0e439b817d290ae9312ddf] request method=GET path=/api/tasks status=200 duration_ms=14.63
[WebServer] 2026-10-04 20:41:29,282 INFO goatfarm [68d2a2d74445447a9b15bfb43b96005a] request method=GET path=/api/tasks status=401 duration_ms=0.64
  ✓   13 [chromium] › e2e/a11y-gate.spec.ts:68:7 › a11y gate › /worker (en) has no serious accessibility violations (1.5s)
[WebServer] 2026-10-04 20:41:30,186 INFO goatfarm [4043ef9e115e4bf0a5f768e4c62e448e] request method=POST path=/api/auth/refresh status=401 duration_ms=0.73
  ✓   14 [chromium] › e2e/a11y-gate.spec.ts:68:7 › a11y gate › /login (en) has no serious accessibility violations (8.4s)
[WebServer] 2026-10-04 20:41:38,574 INFO goatfarm [02c87017e76642648c61d2a393e13aa1] request method=POST path=/api/auth/refresh status=401 duration_ms=0.42
  ✓   15 [chromium] › e2e/a11y-gate.spec.ts:68:7 › a11y gate › /register (en) has no serious accessibility violations (8.4s)
[WebServer] 2026-10-04 20:41:46,959 INFO goatfarm [b966e835f55c42649cb4f81b91364874] request method=POST path=/api/auth/refresh status=401 duration_ms=0.47
[WebServer] 2026-10-04 20:41:47,181 INFO goatfarm [e79cbdd369dc4249ab36936e25837b6f] request method=POST path=/api/auth/login status=200 duration_ms=142.46
[WebServer] 2026-10-04 20:41:47,195 INFO goatfarm [c4449010ae5b4de2ad46e603d48438a5] request method=GET path=/api/auth/farms status=200 duration_ms=11.76
[WebServer] 2026-10-04 20:41:47,206 INFO goatfarm [cf0b353a77dc49ba884badf4c0b80ed5] request method=GET path=/api/auth/permissions status=200 duration_ms=8.02
[WebServer] 2026-10-04 20:41:47,277 INFO goatfarm [a75a4d59d78d43bfa9199e5b6937c900] request method=GET path=/api/dashboard status=200 duration_ms=42.37
[WebServer] 2026-10-04 20:41:47,485 INFO goatfarm [ef8c8541ebda48adbbddb01b4114cb07] request method=POST path=/api/auth/refresh status=200 duration_ms=100.58
[WebServer] 2026-10-04 20:41:47,496 INFO goatfarm [d7bba92e6f4c46debc5489dd4161d5d1] request method=GET path=/api/auth/farms status=200 duration_ms=8.17
  ✓   16 [chromium] › e2e/a11y-gate.spec.ts:68:7 › a11y gate › /farm-select (en) has no serious accessibility violations (1.4s)
[WebServer] 2026-10-04 20:41:48,702 INFO goatfarm [477940d10e36441cbd0b967c7415aa83] request method=POST path=/api/auth/login status=200 duration_ms=132.43
[WebServer] 2026-10-04 20:41:48,712 INFO goatfarm [984ae31009e3416f8014407863530b81] request method=GET path=/api/auth/farms status=200 duration_ms=6.13
[WebServer] 2026-10-04 20:41:48,811 INFO goatfarm [d8b54dbf74ab4c64970fa87350f7010c] request method=POST path=/api/auth/refresh status=401 duration_ms=0.53
[WebServer] 2026-10-04 20:41:48,852 INFO goatfarm [b16d5e6c6e9a4852b3cde64f791e25db] request method=GET path=/api/auth/worker-roster status=200 duration_ms=7.78
  ✓   17 [chromium] › e2e/a11y-gate.spec.ts:68:7 › a11y gate › /worker/login (en) has no serious accessibility violations (8.8s)
[WebServer] 2026-10-04 20:41:57,211 INFO goatfarm [cb51debfa6f346c6bf843fac7fb27ab8] request method=POST path=/api/auth/refresh status=401 duration_ms=0.56
  ✓   18 [chromium] › e2e/a11y-gate.spec.ts:68:7 › a11y gate › /worker/offline (en) has no serious accessibility violations (8.4s)
[WebServer] 2026-10-04 20:42:05,601 INFO goatfarm [2b662df295d34745ab31b081d958b1c4] request method=POST path=/api/auth/refresh status=401 duration_ms=0.73
[WebServer] 2026-10-04 20:42:05,835 INFO goatfarm [e5c310a51b6844a4b48a0cb4a845da68] request method=POST path=/api/auth/login status=200 duration_ms=149.19
[WebServer] 2026-10-04 20:42:05,848 INFO goatfarm [e94ff39dcc8f463a9993ccd855dc5800] request method=GET path=/api/auth/farms status=200 duration_ms=10.15
[WebServer] 2026-10-04 20:42:05,862 INFO goatfarm [0526f075554745daaceead9a5d91fb4f] request method=GET path=/api/auth/permissions status=200 duration_ms=10.77
[WebServer] 2026-10-04 20:42:05,946 INFO goatfarm [f008ec0567e0432a8de764e535d61bd7] request method=GET path=/api/dashboard status=200 duration_ms=52.86
[WebServer] 2026-10-04 20:42:06,157 INFO goatfarm [d5620605e20547388004a669ef37d001] request method=POST path=/api/auth/refresh status=200 duration_ms=111.72
[WebServer] 2026-10-04 20:42:06,166 INFO goatfarm [59d7325928de4ecbb74fd6067b7dabce] request method=GET path=/api/auth/farms status=200 duration_ms=6.53
[WebServer] 2026-10-04 20:42:06,182 INFO goatfarm [ef03849cb82948fa8aa492b3a32e3328] request method=GET path=/api/auth/permissions status=200 duration_ms=7.20
[WebServer] 2026-10-04 20:42:06,221 INFO goatfarm [6bbd6d1e7de64940901c4fa1771be9a6] request method=GET path=/api/screening/images status=200 duration_ms=27.78
[WebServer] 2026-10-04 20:42:06,224 INFO goatfarm [cd280ce005b1467bb2fadf922b556c2b] request method=GET path=/api/screening/stats status=200 duration_ms=28.67
  ✓   19 [chromium] › e2e/a11y-gate.spec.ts:68:7 › a11y gate › /screening (en) has no serious accessibility violations (1.6s)
[WebServer] 2026-10-04 20:42:07,206 INFO goatfarm [b5f6f12d25c04ddc8a158ebb75ef723d] request method=POST path=/api/auth/refresh status=401 duration_ms=0.57
[WebServer] 2026-10-04 20:42:07,441 INFO goatfarm [dd3b2770aa59415591b3489ac8e581da] request method=POST path=/api/auth/login status=200 duration_ms=146.46
[WebServer] 2026-10-04 20:42:07,450 INFO goatfarm [85f7ab7f533842c782d840740f0b7c6b] request method=GET path=/api/auth/farms status=200 duration_ms=6.87
[WebServer] 2026-10-04 20:42:07,460 INFO goatfarm [0b5503a35b2c45a6b57b8124998a55db] request method=GET path=/api/auth/permissions status=200 duration_ms=6.34
[WebServer] 2026-10-04 20:42:07,532 INFO goatfarm [2c1d2c49b9684207b61a40254e60ab8f] request method=GET path=/api/dashboard status=200 duration_ms=43.03
[WebServer] 2026-10-04 20:42:07,759 INFO goatfarm [ab838c2aa08143a0b41d3e136c2a3821] request method=POST path=/api/auth/refresh status=200 duration_ms=107.19
[WebServer] 2026-10-04 20:42:07,769 INFO goatfarm [568e0b8cbce24485b8f05fbf44169236] request method=GET path=/api/auth/farms status=200 duration_ms=7.82
[WebServer] 2026-10-04 20:42:07,783 INFO goatfarm [1d35109f594046ef857037aed99e1ce7] request method=GET path=/api/auth/permissions status=200 duration_ms=5.35
[WebServer] 2026-10-04 20:42:07,812 INFO goatfarm [0323a1dc474943d8833582a26605596e] request method=GET path=/api/team status=200 duration_ms=16.12
  ✓   20 [chromium] › e2e/a11y-gate.spec.ts:68:7 › a11y gate › /team (en) has no serious accessibility violations (1.7s)
[WebServer] 2026-10-04 20:42:08,896 INFO goatfarm [26031cf87ff6411eb943af68444ffbfd] request method=POST path=/api/auth/refresh status=401 duration_ms=0.57
[WebServer] 2026-10-04 20:42:09,136 INFO goatfarm [bc29867e136e49e7a4892dd7b730aa3c] request method=POST path=/api/auth/login status=200 duration_ms=149.24
[WebServer] 2026-10-04 20:42:09,146 INFO goatfarm [f2ca7648c72e47ca963a06edaba2b978] request method=GET path=/api/auth/farms status=200 duration_ms=7.41
[WebServer] 2026-10-04 20:42:09,154 INFO goatfarm [db2897a363254755bffcc2a253d3a6b8] request method=GET path=/api/auth/permissions status=200 duration_ms=5.18
[WebServer] 2026-10-04 20:42:09,229 INFO goatfarm [82fa892f4c6142b6bae37d62b8413080] request method=GET path=/api/dashboard status=200 duration_ms=46.57
[WebServer] 2026-10-04 20:42:09,464 INFO goatfarm [9f7e25c034684200b0622dc36cb3a380] request method=POST path=/api/auth/refresh status=200 duration_ms=119.31
[WebServer] 2026-10-04 20:42:09,473 INFO goatfarm [9121557db5774d56ba0fac7e0649bcdf] request method=GET path=/api/auth/farms status=200 duration_ms=6.59
[WebServer] 2026-10-04 20:42:09,490 INFO goatfarm [d36b458ffc4b4aaaa07d1ca471a27622] request method=GET path=/api/auth/permissions status=200 duration_ms=8.28
[WebServer] 2026-10-04 20:42:09,516 INFO goatfarm [98d09ce97a364e8ebc7dba2aa58a8179] request method=GET path=/api/finance/insurance status=200 duration_ms=18.23
  ✓   21 [chromium] › e2e/a11y-gate.spec.ts:68:7 › a11y gate › /finance/insurance (en) has no serious accessibility violations (1.6s)
[WebServer] 2026-10-04 20:42:10,488 INFO goatfarm [c380632edb184bba84a77cb1b57f4199] request method=POST path=/api/auth/refresh status=401 duration_ms=0.65
[WebServer] 2026-10-04 20:42:10,731 INFO goatfarm [ddabcfb494b741f9873009f4355773f0] request method=POST path=/api/auth/login status=200 duration_ms=153.92
[WebServer] 2026-10-04 20:42:10,741 INFO goatfarm [3dbc263e97154f8a9ac6771ea1869f2a] request method=GET path=/api/auth/farms status=200 duration_ms=7.44
[WebServer] 2026-10-04 20:42:10,750 INFO goatfarm [a83a97d10cbf4402a5af8f2b45896980] request method=GET path=/api/auth/permissions status=200 duration_ms=5.35
[WebServer] 2026-10-04 20:42:10,827 INFO goatfarm [1be714b012f14f83bd6b0713cf387b66] request method=GET path=/api/dashboard status=200 duration_ms=47.56
[WebServer] 2026-10-04 20:42:11,068 INFO goatfarm [c113f9fb9d314955ad1673cf16c37d72] request method=POST path=/api/auth/refresh status=200 duration_ms=124.27
[WebServer] 2026-10-04 20:42:11,077 INFO goatfarm [bad110192fa045e29eabe820b2686c45] request method=GET path=/api/auth/farms status=200 duration_ms=6.34
[WebServer] 2026-10-04 20:42:11,092 INFO goatfarm [f929de2b59404c0d8f8dab7aa53d3786] request method=GET path=/api/auth/permissions status=200 duration_ms=7.84
[WebServer] 2026-10-04 20:42:11,118 INFO goatfarm [03186d12baff49ce9a5d65d413034361] request method=GET path=/api/health/schedule-templates status=200 duration_ms=13.01
[WebServer] 2026-10-04 20:42:11,120 INFO goatfarm [ee4b94671e8647098898f03438b4b625] request method=GET path=/api/health/events status=200 duration_ms=17.33
  ✓   22 [chromium] › e2e/a11y-gate.spec.ts:68:7 › a11y gate › /health (en) has no serious accessibility violations (1.6s)
[WebServer] 2026-10-04 20:42:12,102 INFO goatfarm [d31db823f8534625aa09749cb6bd0458] request method=POST path=/api/auth/refresh status=401 duration_ms=0.64
[WebServer] 2026-10-04 20:42:12,347 INFO goatfarm [f0b0d5e1ced64ffab0fd07821c5c88be] request method=POST path=/api/auth/login status=200 duration_ms=151.92
[WebServer] 2026-10-04 20:42:12,358 INFO goatfarm [f1a29778f6ef4e4389e8ec673bfabec8] request method=GET path=/api/auth/farms status=200 duration_ms=8.73
[WebServer] 2026-10-04 20:42:12,368 INFO goatfarm [41b5a6c3808e4297a214585ee6a94e16] request method=GET path=/api/auth/permissions status=200 duration_ms=6.54
[WebServer] 2026-10-04 20:42:12,430 INFO goatfarm [9d824ef8662f4c70bfcfe1d71fccd719] request method=GET path=/api/dashboard status=200 duration_ms=33.78
[WebServer] 2026-10-04 20:42:12,657 INFO goatfarm [4d85d234abca492db1d7b5da8a4f7e2d] request method=POST path=/api/auth/refresh status=200 duration_ms=104.51
[WebServer] 2026-10-04 20:42:12,666 INFO goatfarm [501fc7bc621740feaa5c45619a4114c0] request method=GET path=/api/auth/farms status=200 duration_ms=6.80
[WebServer] 2026-10-04 20:42:12,683 INFO goatfarm [765a970621e743f194934b8d00c73443] request method=GET path=/api/auth/permissions status=200 duration_ms=7.32
[WebServer] 2026-10-04 20:42:12,707 INFO goatfarm [9d79c1637ed64c109712c044b41da3f5] request method=GET path=/api/simulation/defaults status=200 duration_ms=7.91
[WebServer] 2026-10-04 20:42:12,709 INFO goatfarm [42cf83aef8294bdba46a75df3a0e816c] request method=GET path=/api/simulation/defaults/breeds status=200 duration_ms=10.99
[WebServer] 2026-10-04 20:42:12,714 INFO goatfarm [3b4cf4b870f945cf82b1bfcbcbd6bd6c] request method=GET path=/api/planner/plans status=200 duration_ms=13.53
  ✓   23 [chromium] › e2e/a11y-gate.spec.ts:68:7 › a11y gate › /planner (en) has no serious accessibility violations (1.6s)
[WebServer] 2026-10-04 20:42:13,708 INFO goatfarm [a11d52b0e0e4451ebee85f174d74e261] request method=POST path=/api/auth/refresh status=401 duration_ms=0.68
[WebServer] 2026-10-04 20:42:13,945 INFO goatfarm [aa72066461414dd9bd51711e372add4c] request method=POST path=/api/auth/login status=200 duration_ms=151.08
[WebServer] 2026-10-04 20:42:13,955 INFO goatfarm [521a0ca391074cd8b108fdd57e1a7ad5] request method=GET path=/api/auth/farms status=200 duration_ms=7.36
[WebServer] 2026-10-04 20:42:13,965 INFO goatfarm [c47ba14df7984613bb282d0d65087205] request method=GET path=/api/auth/permissions status=200 duration_ms=7.34
[WebServer] 2026-10-04 20:42:14,039 INFO goatfarm [2e2b3ca2c366400bb7512fd6ff29494d] request method=GET path=/api/dashboard status=200 duration_ms=46.02
[WebServer] 2026-10-04 20:42:14,272 INFO goatfarm [65ad9e9f01d24297bce0340a38d9fe34] request method=POST path=/api/auth/refresh status=200 duration_ms=112.79
[WebServer] 2026-10-04 20:42:14,285 INFO goatfarm [8125f097b2504e34ae55acbf7063af26] request method=GET path=/api/auth/farms status=200 duration_ms=10.53
[WebServer] 2026-10-04 20:42:14,303 INFO goatfarm [d0bce19dfcc74fb290c560240184e5e9] request method=GET path=/api/auth/permissions status=200 duration_ms=8.84
[WebServer] 2026-10-04 20:42:14,330 INFO goatfarm [c5c121ea6e0a4e8c9e85d28e66b8d7f1] request method=GET path=/api/simulation/defaults/breeds status=200 duration_ms=7.07
[WebServer] 2026-10-04 20:42:14,333 INFO goatfarm [e6b97160ebb248ff88dc286d77fcb849] request method=GET path=/api/simulation/defaults status=200 duration_ms=8.38
[WebServer] 2026-10-04 20:42:14,341 INFO goatfarm [75ab20a4989b48a9adcbcfc43b803e32] request method=GET path=/api/simulation/scenarios status=200 duration_ms=16.32
  ✓   24 [chromium] › e2e/a11y-gate.spec.ts:68:7 › a11y gate › /simulation (en) has no serious accessibility violations (2.0s)
[WebServer] 2026-10-04 20:42:15,767 INFO goatfarm [6c935bf0f3f3493b9488da34dfea9713] request method=POST path=/api/auth/refresh status=401 duration_ms=0.97
[WebServer] 2026-10-04 20:42:16,004 INFO goatfarm [fdb4c157e1834e16ba4ddce2bdc8817d] request method=POST path=/api/auth/login status=200 duration_ms=167.77
[WebServer] 2026-10-04 20:42:16,015 INFO goatfarm [ae5d06fadda942d08e78853c1cc8390e] request method=GET path=/api/auth/farms status=200 duration_ms=7.77
[WebServer] 2026-10-04 20:42:16,025 INFO goatfarm [c4ac9f50a6394852988e858db89af28d] request method=GET path=/api/auth/permissions status=200 duration_ms=6.68
[WebServer] 2026-10-04 20:42:16,123 INFO goatfarm [ab0bdc8b060040efb35f4ba0a4dc35f4] request method=GET path=/api/dashboard status=200 duration_ms=67.14
[WebServer] 2026-10-04 20:42:16,371 INFO goatfarm [ec47ee3d1ec548d89203bfe9f8990a2b] request method=POST path=/api/auth/refresh status=200 duration_ms=160.74
[WebServer] 2026-10-04 20:42:16,382 INFO goatfarm [5fcd75c5495240ceb208b8d669fe494f] request method=GET path=/api/auth/farms status=200 duration_ms=8.42
[WebServer] 2026-10-04 20:42:16,401 INFO goatfarm [894c4309c98445588430918e3a28bbea] request method=GET path=/api/auth/permissions status=200 duration_ms=10.00
[WebServer] 2026-10-04 20:42:16,458 INFO goatfarm [56a5fd7cb4f84fe68bd46365b93aabbd] request method=GET path=/api/finance status=200 duration_ms=46.00
  ✓   25 [chromium] › e2e/a11y-gate.spec.ts:68:7 › a11y gate › /finance (en) has no serious accessibility violations (1.8s)
[WebServer] 2026-10-04 20:42:17,522 INFO goatfarm [d0972617ca6f4e149a69699e74c647d3] request method=POST path=/api/auth/refresh status=401 duration_ms=0.74
[WebServer] 2026-10-04 20:42:17,762 INFO goatfarm [a29a9a8107c54d6595f86a3dab33ae0c] request method=POST path=/api/auth/login status=200 duration_ms=150.75
[WebServer] 2026-10-04 20:42:17,770 INFO goatfarm [88ba2946e5554b07b1efa647e1fecf1a] request method=GET path=/api/auth/farms status=200 duration_ms=6.27
[WebServer] 2026-10-04 20:42:17,780 INFO goatfarm [80e66a6fec724494804e1738d87ac0cb] request method=GET path=/api/auth/permissions status=200 duration_ms=6.58
[WebServer] 2026-10-04 20:42:17,853 INFO goatfarm [1b3fbb2bd8324cd59a474f4d2dcdfaab] request method=GET path=/api/dashboard status=200 duration_ms=43.56
[WebServer] 2026-10-04 20:42:18,090 INFO goatfarm [31da4ae21f6e4bc8b1931be67a8add4f] request method=POST path=/api/auth/refresh status=200 duration_ms=125.47
[WebServer] 2026-10-04 20:42:18,099 INFO goatfarm [9b967eb97c734b4ea74091c9fea65b7e] request method=GET path=/api/auth/farms status=200 duration_ms=6.35
[WebServer] 2026-10-04 20:42:18,114 INFO goatfarm [98296e3f61364a14a6c5a9ff7229549c] request method=GET path=/api/auth/permissions status=200 duration_ms=5.99
[WebServer] 2026-10-04 20:42:18,179 INFO goatfarm [91caa73e038346baab2124bda726e266] request method=GET path=/api/dashboard status=200 duration_ms=50.30
  ✓   26 [chromium] › e2e/a11y-gate.spec.ts:68:7 › a11y gate › /dashboard (te) has no serious accessibility violations (1.7s)
[WebServer] 2026-10-04 20:42:19,251 INFO goatfarm [ebec24017ce74aa3b55ad54f6cb9b723] request method=POST path=/api/auth/refresh status=401 duration_ms=1.41
[WebServer] 2026-10-04 20:42:19,477 INFO goatfarm [9cc5d4cd97e44cc1800f0b4858eb315b] request method=POST path=/api/auth/login status=200 duration_ms=158.25
[WebServer] 2026-10-04 20:42:19,489 INFO goatfarm [8c5a85eaff9643bc9bf98797f24b4c01] request method=GET path=/api/auth/farms status=200 duration_ms=8.91
[WebServer] 2026-10-04 20:42:19,499 INFO goatfarm [b95f827d923d4553a0ac0de0630eec3a] request method=GET path=/api/auth/permissions status=200 duration_ms=6.88
[WebServer] 2026-10-04 20:42:19,572 INFO goatfarm [7fe861ba52dc41e8b0406cb6e366eb4c] request method=GET path=/api/dashboard status=200 duration_ms=44.85
[WebServer] 2026-10-04 20:42:19,798 INFO goatfarm [2776edeb9f77444c8e436039e2697b43] request method=POST path=/api/auth/refresh status=200 duration_ms=123.04
[WebServer] 2026-10-04 20:42:19,810 INFO goatfarm [dc551cbcab804ef69feabffec2300c7d] request method=GET path=/api/auth/farms status=200 duration_ms=9.01
[WebServer] 2026-10-04 20:42:19,831 INFO goatfarm [70afe2eed8774a8a9e5974c7abfd54c1] request method=GET path=/api/auth/permissions status=200 duration_ms=8.37
[WebServer] 2026-10-04 20:42:19,848 INFO goatfarm [c13c86e809db492a80ce295c8f89446f] request method=GET path=/api/owner/overview status=200 duration_ms=27.83
[WebServer] 2026-10-04 20:42:19,855 INFO goatfarm [1484d3b918e54dc08d6f3506804a7ce5] request method=GET path=/api/owner/benchmarks status=200 duration_ms=33.26
  ✓   27 [chromium] › e2e/a11y-gate.spec.ts:68:7 › a11y gate › /owner (te) has no serious accessibility violations (1.7s)
[WebServer] 2026-10-04 20:42:20,884 INFO goatfarm [5d97379dc85c48709b8d3cf3543fb9b4] request method=POST path=/api/auth/refresh status=401 duration_ms=0.68
[WebServer] 2026-10-04 20:42:21,130 INFO goatfarm [6867a76c17e14b3a94f1847f3651cdb0] request method=POST path=/api/auth/login status=200 duration_ms=160.61
[WebServer] 2026-10-04 20:42:21,138 INFO goatfarm [9b890d0ff53b4262acf0b03c21d8a1b4] request method=GET path=/api/auth/farms status=200 duration_ms=5.95
[WebServer] 2026-10-04 20:42:21,147 INFO goatfarm [d55baca4d226403eba04ec7484ab91cc] request method=GET path=/api/auth/permissions status=200 duration_ms=6.21
[WebServer] 2026-10-04 20:42:21,211 INFO goatfarm [5c92ad2c6ba34acc91ef35298d4c746e] request method=GET path=/api/dashboard status=200 duration_ms=36.05
[WebServer] 2026-10-04 20:42:21,442 INFO goatfarm [003984069be94065a121870bb9b42052] request method=POST path=/api/auth/refresh status=200 duration_ms=118.05
[WebServer] 2026-10-04 20:42:21,449 INFO goatfarm [d0695ea8ee404addb7f33baecd9cbc8a] request method=GET path=/api/auth/farms status=200 duration_ms=4.80
[WebServer] 2026-10-04 20:42:21,465 INFO goatfarm [ea25ff0da5704dca8dc7968487a16aea] request method=GET path=/api/auth/permissions status=200 duration_ms=7.01
[WebServer] 2026-10-04 20:42:21,496 INFO goatfarm [3a51965b96c64cbd93a12dfbf1efbb7f] request method=GET path=/api/animals status=200 duration_ms=13.64
  ✓   28 [chromium] › e2e/a11y-gate.spec.ts:68:7 › a11y gate › /animals (te) has no serious accessibility violations (1.6s)
[WebServer] 2026-10-04 20:42:22,498 INFO goatfarm [6616b3a2028246758a04bd34e97147c2] request method=POST path=/api/auth/refresh status=401 duration_ms=0.64
[WebServer] 2026-10-04 20:42:22,741 INFO goatfarm [e1cb64823fc644e3ae30ede6c06acac7] request method=POST path=/api/auth/login status=200 duration_ms=155.31
[WebServer] 2026-10-04 20:42:22,750 INFO goatfarm [7d79231a31d84cdd96e8b3ec2e32c881] request method=GET path=/api/auth/farms status=200 duration_ms=6.30
[WebServer] 2026-10-04 20:42:22,762 INFO goatfarm [75cd44ffdb10400ca3f310f3a1c0aa8d] request method=GET path=/api/auth/permissions status=200 duration_ms=8.46
[WebServer] 2026-10-04 20:42:22,840 INFO goatfarm [ecbe7ccb4576400da3f10e9c6c655498] request method=GET path=/api/dashboard status=200 duration_ms=49.22
[WebServer] 2026-10-04 20:42:23,062 INFO goatfarm [0f93b250d3c64703888886e1c3d0b870] request method=POST path=/api/auth/refresh status=200 duration_ms=116.72
[WebServer] 2026-10-04 20:42:23,074 INFO goatfarm [4f589992c9384706b37f41b42ce42488] request method=GET path=/api/auth/farms status=200 duration_ms=9.17
[WebServer] 2026-10-04 20:42:23,089 INFO goatfarm [43b2215aca9c4bf2a71c93465a180473] request method=GET path=/api/auth/permissions status=200 duration_ms=6.54
[WebServer] 2026-10-04 20:42:23,120 INFO goatfarm [6b0c2716598843408663e760bfd44b86] request method=GET path=/api/buckets status=200 duration_ms=17.65
  ✓   29 [chromium] › e2e/a11y-gate.spec.ts:68:7 › a11y gate › /buckets (te) has no serious accessibility violations (1.7s)
[WebServer] 2026-10-04 20:42:24,168 INFO goatfarm [8da940355542489db8d18710e671ce39] request method=POST path=/api/auth/refresh status=401 duration_ms=0.62
[WebServer] 2026-10-04 20:42:24,428 INFO goatfarm [ff2a6d6593c545d4af5fe9e839d288e0] request method=POST path=/api/auth/login status=200 duration_ms=166.74
[WebServer] 2026-10-04 20:42:24,441 INFO goatfarm [b9b7ff4b6d0c47a8a4bf194153788a0a] request method=GET path=/api/auth/farms status=200 duration_ms=10.32
[WebServer] 2026-10-04 20:42:24,453 INFO goatfarm [93fd86c8cf2d4372b71db650726542aa] request method=GET path=/api/auth/permissions status=200 duration_ms=7.89
[WebServer] 2026-10-04 20:42:24,538 INFO goatfarm [587f21ec989344ba90364285bb6bb550] request method=GET path=/api/dashboard status=200 duration_ms=53.37
[WebServer] 2026-10-04 20:42:24,748 INFO goatfarm [a51a11bca683452fbffff500260a0741] request method=POST path=/api/auth/refresh status=200 duration_ms=118.24
[WebServer] 2026-10-04 20:42:24,759 INFO goatfarm [7c36c29a81c241ab9656dc6fc8c81461] request method=GET path=/api/auth/farms status=200 duration_ms=7.71
[WebServer] 2026-10-04 20:42:24,776 INFO goatfarm [4e9a56bf88c04599a15d48b866eed3e5] request method=GET path=/api/auth/permissions status=200 duration_ms=7.58
[WebServer] 2026-10-04 20:42:24,804 INFO goatfarm [8a0a7dff54984795aef749337b980eac] request method=GET path=/api/breeding status=200 duration_ms=15.01
  ✓   30 [chromium] › e2e/a11y-gate.spec.ts:68:7 › a11y gate › /breeding (te) has no serious accessibility violations (1.6s)
[WebServer] 2026-10-04 20:42:25,784 INFO goatfarm [9d491a2f0ae54190a9a0baf138932a3c] request method=POST path=/api/auth/refresh status=401 duration_ms=0.72
[WebServer] 2026-10-04 20:42:26,031 INFO goatfarm [4205b901c5364b5e97a31a1139425fa0] request method=POST path=/api/auth/login status=200 duration_ms=161.62
[WebServer] 2026-10-04 20:42:26,041 INFO goatfarm [9601e2eb2107406eb3ffbad200559570] request method=GET path=/api/auth/farms status=200 duration_ms=7.51
[WebServer] 2026-10-04 20:42:26,051 INFO goatfarm [5b097e10ec0a4c97a6c96db64662ad86] request method=GET path=/api/auth/permissions status=200 duration_ms=6.52
[WebServer] 2026-10-04 20:42:26,120 INFO goatfarm [8802235359c24ecbafc03cedb757ed62] request method=GET path=/api/dashboard status=200 duration_ms=42.60
[WebServer] 2026-10-04 20:42:26,347 INFO goatfarm [cea3fc1aaccc4c4d891a90d5ceab925f] request method=POST path=/api/auth/refresh status=200 duration_ms=122.32
[WebServer] 2026-10-04 20:42:26,359 INFO goatfarm [9c78b12c3e2244ccbbbbde48b304e34c] request method=GET path=/api/auth/farms status=200 duration_ms=8.86
[WebServer] 2026-10-04 20:42:26,376 INFO goatfarm [60678fc86fb6415494cce3409ec60252] request method=GET path=/api/auth/permissions status=200 duration_ms=8.37
[WebServer] 2026-10-04 20:42:26,414 INFO goatfarm [0e4e463eea544808bca836e23a03973b] request method=GET path=/api/kidding status=200 duration_ms=26.84
  ✓   31 [chromium] › e2e/a11y-gate.spec.ts:68:7 › a11y gate › /kidding (te) has no serious accessibility violations (1.6s)
[WebServer] 2026-10-04 20:42:27,404 INFO goatfarm [eaf6bcbf53634f95a8c4e74e77b72785] request method=POST path=/api/auth/refresh status=401 duration_ms=0.68
[WebServer] 2026-10-04 20:42:27,658 INFO goatfarm [2302094f2a7a4fbdafdc1c42b5759a63] request method=POST path=/api/auth/login status=200 duration_ms=163.10
[WebServer] 2026-10-04 20:42:27,670 INFO goatfarm [1d7ffffc96a740188a57adf1853bed1d] request method=GET path=/api/auth/farms status=200 duration_ms=9.62
[WebServer] 2026-10-04 20:42:27,680 INFO goatfarm [3e3f7e63b5c14ac5ad50c49b49bae0df] request method=GET path=/api/auth/permissions status=200 duration_ms=6.79
[WebServer] 2026-10-04 20:42:27,748 INFO goatfarm [ef1bee49525049f4ae9da39ed2e73ccc] request method=GET path=/api/dashboard status=200 duration_ms=38.53
[WebServer] 2026-10-04 20:42:27,968 INFO goatfarm [fb6cd4ef80d44f48830f0e6fce5f6636] request method=POST path=/api/auth/refresh status=200 duration_ms=114.03
[WebServer] 2026-10-04 20:42:27,978 INFO goatfarm [455faf13e15941309fddbf7def3dc5ab] request method=GET path=/api/auth/farms status=200 duration_ms=7.31
[WebServer] 2026-10-04 20:42:27,993 INFO goatfarm [55b371bacfd146468d7b9e4bb8e4167d] request method=GET path=/api/auth/permissions status=200 duration_ms=6.69
[WebServer] 2026-10-04 20:42:28,029 INFO goatfarm [d4b654bcce0a4f0ebda3cb65add7b9c9] request method=GET path=/api/feeding/records status=200 duration_ms=14.41
[WebServer] 2026-10-04 20:42:28,032 INFO goatfarm [d691369d2a5e4864ae9f4f0fbc4b6098] request method=GET path=/api/feeding/recipes status=200 duration_ms=16.93
[WebServer] 2026-10-04 20:42:28,043 INFO goatfarm [3e4093914f614181abada7777ff81260] request method=GET path=/api/feeding/plan status=200 duration_ms=30.95
  ✓   32 [chromium] › e2e/a11y-gate.spec.ts:68:7 › a11y gate › /feeding (te) has no serious accessibility violations (1.6s)
[WebServer] 2026-10-04 20:42:29,044 INFO goatfarm [a1ed153f5e694893b95ddef1b4044e0b] request method=POST path=/api/auth/refresh status=401 duration_ms=0.50
[WebServer] 2026-10-04 20:42:29,292 INFO goatfarm [db03d246d30043788a154bf63ea9c244] request method=POST path=/api/auth/login status=200 duration_ms=155.91
[WebServer] 2026-10-04 20:42:29,302 INFO goatfarm [ef3ef1a6c5704f37966cb8d855bb48c9] request method=GET path=/api/auth/farms status=200 duration_ms=7.20
[WebServer] 2026-10-04 20:42:29,316 INFO goatfarm [220a45e559d8491f9d7fc4ec7fac422f] request method=GET path=/api/auth/permissions status=200 duration_ms=10.80
[WebServer] 2026-10-04 20:42:29,382 INFO goatfarm [fc0206e20392446abf812f5fec2cdc07] request method=GET path=/api/dashboard status=200 duration_ms=35.74
[WebServer] 2026-10-04 20:42:29,617 INFO goatfarm [3fc7e65c0d104aa6bb27788dc2f7f096] request method=POST path=/api/auth/refresh status=200 duration_ms=124.09
[WebServer] 2026-10-04 20:42:29,626 INFO goatfarm [5f9c3bac979a447480dfcb288c92b27e] request method=GET path=/api/auth/farms status=200 duration_ms=6.42
[WebServer] 2026-10-04 20:42:29,643 INFO goatfarm [4caaf3a54fc548a296a1a3dc8e88ff5e] request method=GET path=/api/auth/permissions status=200 duration_ms=7.89
[WebServer] 2026-10-04 20:42:29,664 INFO goatfarm [02ef3307f87845908c8e6f20d3d58cc3] request method=GET path=/api/feeding/inventory status=200 duration_ms=9.54
[WebServer] 2026-10-04 20:42:29,667 INFO goatfarm [536c7d58b26a470bbe31d5620a79db94] request method=GET path=/api/feeding/finished-stock status=200 duration_ms=11.55
  ✓   33 [chromium] › e2e/a11y-gate.spec.ts:68:7 › a11y gate › /feeding/inventory (te) has no serious accessibility violations (1.7s)
[WebServer] 2026-10-04 20:42:30,729 INFO goatfarm [9733f8689ec041f69b60698eed34e434] request method=POST path=/api/auth/refresh status=401 duration_ms=0.66
[WebServer] 2026-10-04 20:42:30,971 INFO goatfarm [ae9611a279984cda9c9a484126cea99e] request method=POST path=/api/auth/login status=200 duration_ms=151.71
[WebServer] 2026-10-04 20:42:30,982 INFO goatfarm [3ca20d2a73754770a565a4c8e3767d5a] request method=GET path=/api/auth/farms status=200 duration_ms=8.48
[WebServer] 2026-10-04 20:42:30,991 INFO goatfarm [53ad9655af5b4efa9ace7498a9398f19] request method=GET path=/api/auth/permissions status=200 duration_ms=6.05
[WebServer] 2026-10-04 20:42:31,057 INFO goatfarm [d7116a8f72064180833eb9e5201d96c2] request method=GET path=/api/dashboard status=200 duration_ms=37.85
[WebServer] 2026-10-04 20:42:31,291 INFO goatfarm [8158304f5cf248b6b601793fb41b2241] request method=POST path=/api/auth/refresh status=200 duration_ms=117.58
[WebServer] 2026-10-04 20:42:31,300 INFO goatfarm [ab15a21a100049208047b97295017240] request method=GET path=/api/auth/farms status=200 duration_ms=6.12
[WebServer] 2026-10-04 20:42:31,318 INFO goatfarm [ca67a92f9d814e1bac937a6d17feff94] request method=GET path=/api/auth/permissions status=200 duration_ms=8.51
[WebServer] 2026-10-04 20:42:31,340 INFO goatfarm [2b724753320e4560ba352311c4871747] request method=GET path=/api/feeding/recipes status=200 duration_ms=10.26
  ✓   34 [chromium] › e2e/a11y-gate.spec.ts:68:7 › a11y gate › /feeding/recipes (te) has no serious accessibility violations (1.7s)
[WebServer] 2026-10-04 20:42:32,483 INFO goatfarm [85c74c993b874b2ca8d4a42a8c3dae05] request method=POST path=/api/auth/refresh status=401 duration_ms=0.66
[WebServer] 2026-10-04 20:42:32,704 INFO goatfarm [fb771a350a754daa9f0777b30b86d205] request method=POST path=/api/auth/login status=200 duration_ms=150.66
[WebServer] 2026-10-04 20:42:32,713 INFO goatfarm [3478f4a92d7b4d8bac979b6aaafe3a93] request method=GET path=/api/auth/farms status=200 duration_ms=7.30
[WebServer] 2026-10-04 20:42:32,723 INFO goatfarm [bb7d1e88cc65476e934e848610300227] request method=GET path=/api/auth/permissions status=200 duration_ms=7.08
[WebServer] 2026-10-04 20:42:32,793 INFO goatfarm [7e48e1599885472ab92a19d44061978e] request method=GET path=/api/dashboard status=200 duration_ms=39.35
[WebServer] 2026-10-04 20:42:33,032 INFO goatfarm [831d52961aaf44e0ad857b8b709f433c] request method=POST path=/api/auth/refresh status=200 duration_ms=117.10
[WebServer] 2026-10-04 20:42:33,041 INFO goatfarm [f98559918dbd4c1593ca5e3f21ba3312] request method=GET path=/api/auth/farms status=200 duration_ms=6.13
[WebServer] 2026-10-04 20:42:33,057 INFO goatfarm [91dac94444474586b42c20d0e6bc5060] request method=GET path=/api/auth/permissions status=200 duration_ms=7.09
[WebServer] 2026-10-04 20:42:33,081 INFO goatfarm [f1c33a5641194000b04f3e54879bd662] request method=GET path=/api/purchases status=200 duration_ms=9.93
  ✓   35 [chromium] › e2e/a11y-gate.spec.ts:68:7 › a11y gate › /purchases (te) has no serious accessibility violations (1.6s)
[WebServer] 2026-10-04 20:42:34,118 INFO goatfarm [ccce311105fc48ea917dc41c6f87beac] request method=POST path=/api/auth/refresh status=401 duration_ms=0.63
[WebServer] 2026-10-04 20:42:34,372 INFO goatfarm [eb479c867f854719ace8183912e1d29f] request method=POST path=/api/auth/login status=200 duration_ms=161.15
[WebServer] 2026-10-04 20:42:34,383 INFO goatfarm [5c4800f874b94711b4bf3cd8086d1cac] request method=GET path=/api/auth/farms status=200 duration_ms=8.48
[WebServer] 2026-10-04 20:42:34,394 INFO goatfarm [6fb6745b7d5a4044b6433d04429c8a62] request method=GET path=/api/auth/permissions status=200 duration_ms=7.00
[WebServer] 2026-10-04 20:42:34,467 INFO goatfarm [1394f710040843dab976421c84c12740] request method=GET path=/api/dashboard status=200 duration_ms=44.83
[WebServer] 2026-10-04 20:42:34,726 INFO goatfarm [84aff3b0938847748c1916413f81980d] request method=POST path=/api/auth/refresh status=200 duration_ms=129.28
[WebServer] 2026-10-04 20:42:34,739 INFO goatfarm [6d4a40e2006143e4a94aa45e9cdcb83d] request method=GET path=/api/auth/farms status=200 duration_ms=9.46
[WebServer] 2026-10-04 20:42:34,756 INFO goatfarm [3c68f2b2b14c4ef2997ff735539061ff] request method=GET path=/api/auth/permissions status=200 duration_ms=8.91
[WebServer] 2026-10-04 20:42:34,815 INFO goatfarm [ae87cb216ada41869e638e19c1d0d45f] request method=GET path=/api/dashboard/reports status=200 duration_ms=44.31
  ✓   36 [chromium] › e2e/a11y-gate.spec.ts:68:7 › a11y gate › /reports (te) has no serious accessibility violations (1.8s)
[WebServer] 2026-10-04 20:42:35,854 INFO goatfarm [6087db6d160b461899660dbf4caf6e11] request method=POST path=/api/auth/refresh status=401 duration_ms=1.07
[WebServer] 2026-10-04 20:42:36,081 INFO goatfarm [7d82bc5b19294ee5b60d054da472de00] request method=POST path=/api/auth/login status=200 duration_ms=162.03
[WebServer] 2026-10-04 20:42:36,091 INFO goatfarm [d842ed45e76a4f96b36219486ecbdc60] request method=GET path=/api/auth/farms status=200 duration_ms=7.36
[WebServer] 2026-10-04 20:42:36,101 INFO goatfarm [24f6fee44d4e4140bed4d873523e60f0] request method=GET path=/api/auth/permissions status=200 duration_ms=6.58
[WebServer] 2026-10-04 20:42:36,169 INFO goatfarm [45a7354041154fd1935259a4f49cde7b] request method=GET path=/api/dashboard status=200 duration_ms=40.02
[WebServer] 2026-10-04 20:42:36,401 INFO goatfarm [eb8409ba799f447b981eff508da29f27] request method=POST path=/api/auth/refresh status=200 duration_ms=124.70
[WebServer] 2026-10-04 20:42:36,411 INFO goatfarm [119531b5330349569fba4994bf3fef47] request method=GET path=/api/auth/farms status=200 duration_ms=7.73
[WebServer] 2026-10-04 20:42:36,428 INFO goatfarm [11d6937798724206a67e9dfd14c8b4e7] request method=GET path=/api/auth/permissions status=200 duration_ms=7.57
[WebServer] 2026-10-04 20:42:36,462 INFO goatfarm [3593b1722aed42e8ad35b690c430777a] request method=GET path=/api/tasks status=200 duration_ms=16.61
  ✓   37 [chromium] › e2e/a11y-gate.spec.ts:68:7 › a11y gate › /tasks (te) has no serious accessibility violations (1.6s)
[WebServer] 2026-10-04 20:42:37,448 INFO goatfarm [df162c619aef482db7a57231457b6b21] request method=POST path=/api/auth/refresh status=401 duration_ms=0.62
[WebServer] 2026-10-04 20:42:37,694 INFO goatfarm [d2c2a5189aa848e2aa6c6d5854652d2a] request method=POST path=/api/auth/login status=200 duration_ms=158.42
[WebServer] 2026-10-04 20:42:37,704 INFO goatfarm [b6b957bad3be404dbb7ee0c5ac044288] request method=GET path=/api/auth/farms status=200 duration_ms=6.98
[WebServer] 2026-10-04 20:42:37,713 INFO goatfarm [a839d3bba97a411cb59758643aa9f098] request method=GET path=/api/auth/permissions status=200 duration_ms=6.11
[WebServer] 2026-10-04 20:42:37,779 INFO goatfarm [25acc613ac634c3cbe243d6bbcf08eba] request method=GET path=/api/dashboard status=200 duration_ms=37.00
[WebServer] 2026-10-04 20:42:38,018 INFO goatfarm [3f991c82bdb34cd684c1ccf0e6781f92] request method=POST path=/api/auth/refresh status=200 duration_ms=127.11
[WebServer] 2026-10-04 20:42:38,029 INFO goatfarm [89fc9f068d464d35ab30b74533b7132e] request method=GET path=/api/auth/farms status=200 duration_ms=7.61
[WebServer] 2026-10-04 20:42:38,031 INFO goatfarm [89a6dd3c50c04556816f61f1173f802f] request method=GET path=/api/auth/farms status=401 duration_ms=0.62
[WebServer] 2026-10-04 20:42:38,049 INFO goatfarm [c1970988ad9f4138b94524fa0cb9e97c] request method=GET path=/api/auth/permissions status=200 duration_ms=6.64
[WebServer] 2026-10-04 20:42:38,052 INFO goatfarm [b2c7505572134416ab69193f87e52b21] request method=GET path=/api/auth/permissions status=401 duration_ms=0.50
[WebServer] 2026-10-04 20:42:38,066 INFO goatfarm [3374c3673518490d9e74c2cbcca5ab52] request method=GET path=/api/tasks status=200 duration_ms=12.99
[WebServer] 2026-10-04 20:42:38,069 INFO goatfarm [c6c3602ee4894503a3ec9c8c637f8025] request method=GET path=/api/tasks status=401 duration_ms=0.60
  ✓   38 [chromium] › e2e/a11y-gate.spec.ts:68:7 › a11y gate › /worker (te) has no serious accessibility violations (1.5s)
[WebServer] 2026-10-04 20:42:38,941 INFO goatfarm [3fbc3afc7184405198fe3014e735c96c] request method=POST path=/api/auth/refresh status=401 duration_ms=0.72
  ✓   39 [chromium] › e2e/a11y-gate.spec.ts:68:7 › a11y gate › /login (te) has no serious accessibility violations (8.4s)
[WebServer] 2026-10-04 20:42:47,350 INFO goatfarm [12f5f4392c6840a5b1a504cdf37a4fea] request method=POST path=/api/auth/refresh status=401 duration_ms=0.64
  ✓   40 [chromium] › e2e/a11y-gate.spec.ts:68:7 › a11y gate › /register (te) has no serious accessibility violations (8.4s)
[WebServer] 2026-10-04 20:42:55,759 INFO goatfarm [5327c1e58b9e48d8b866a1886cfaecba] request method=POST path=/api/auth/refresh status=401 duration_ms=0.73
[WebServer] 2026-10-04 20:42:55,985 INFO goatfarm [d8b630a78fa2425c82c74bf80f3d6808] request method=POST path=/api/auth/login status=200 duration_ms=141.30
[WebServer] 2026-10-04 20:42:55,994 INFO goatfarm [0e2db352d7b14bedb0a3ffb7a600b0fb] request method=GET path=/api/auth/farms status=200 duration_ms=6.53
[WebServer] 2026-10-04 20:42:56,002 INFO goatfarm [c515ce1975f34102a017f9d1a4ffdeb1] request method=GET path=/api/auth/permissions status=200 duration_ms=5.48
[WebServer] 2026-10-04 20:42:56,059 INFO goatfarm [6539c0eb128b46f69a1e94e7aac3270d] request method=GET path=/api/dashboard status=200 duration_ms=30.21
[WebServer] 2026-10-04 20:42:56,206 INFO goatfarm [b61d2b4694414b24aa54451c9efc37db] request method=POST path=/api/auth/refresh status=200 duration_ms=102.30
[WebServer] 2026-10-04 20:42:56,215 INFO goatfarm [af6d13f637e94d48a16837e1ffa7f2af] request method=GET path=/api/auth/farms status=200 duration_ms=6.06
  ✓   41 [chromium] › e2e/a11y-gate.spec.ts:68:7 › a11y gate › /farm-select (te) has no serious accessibility violations (1.3s)
[WebServer] 2026-10-04 20:42:57,417 INFO goatfarm [4878e228244741c0b1c341887eb13426] request method=POST path=/api/auth/login status=200 duration_ms=132.38
[WebServer] 2026-10-04 20:42:57,426 INFO goatfarm [54b1b045d7b44e3fb8723d02b4b5e90c] request method=GET path=/api/auth/farms status=200 duration_ms=4.81
[WebServer] 2026-10-04 20:42:57,520 INFO goatfarm [55e369d9bb4449d1a09edd6a079ce29e] request method=POST path=/api/auth/refresh status=401 duration_ms=0.73
[WebServer] 2026-10-04 20:42:57,571 INFO goatfarm [22636d30068d4e468cc47a92c5a8ed72] request method=GET path=/api/auth/worker-roster status=200 duration_ms=6.03
  ✓   42 [chromium] › e2e/a11y-gate.spec.ts:68:7 › a11y gate › /worker/login (te) has no serious accessibility violations (8.8s)
[WebServer] 2026-10-04 20:43:05,908 INFO goatfarm [5a8d73d318b14808a728ea9198279b45] request method=POST path=/api/auth/refresh status=401 duration_ms=0.69
  ✓   43 [chromium] › e2e/a11y-gate.spec.ts:68:7 › a11y gate › /worker/offline (te) has no serious accessibility violations (8.4s)
[WebServer] 2026-10-04 20:43:14,294 INFO goatfarm [ec1d31b238a24df793e92f307fc982ba] request method=POST path=/api/auth/refresh status=401 duration_ms=0.58
[WebServer] 2026-10-04 20:43:14,523 INFO goatfarm [ca2c2e4554ae49eeb3e1f147102ec44d] request method=POST path=/api/auth/login status=200 duration_ms=137.82
[WebServer] 2026-10-04 20:43:14,533 INFO goatfarm [e7e472ff943e4c8c9698e38de1e59e88] request method=GET path=/api/auth/farms status=200 duration_ms=7.47
[WebServer] 2026-10-04 20:43:14,543 INFO goatfarm [ab2132dd77554ad580c03afdb586c207] request method=GET path=/api/auth/permissions status=200 duration_ms=6.58
[WebServer] 2026-10-04 20:43:14,608 INFO goatfarm [f51e2877c7264c1b90fcbde5d0b47e82] request method=GET path=/api/dashboard status=200 duration_ms=37.75
[WebServer] 2026-10-04 20:43:14,756 INFO goatfarm [8521da2a4d9d4be08c1a41af8222eb7b] request method=POST path=/api/auth/refresh status=200 duration_ms=107.50
[WebServer] 2026-10-04 20:43:14,766 INFO goatfarm [81d8fcb0fa61485d9bb7b3ef46b553da] request method=GET path=/api/auth/farms status=200 duration_ms=7.42
[WebServer] 2026-10-04 20:43:14,781 INFO goatfarm [ae3301684a0a49fa8f81fe5d66d4a40f] request method=GET path=/api/auth/permissions status=200 duration_ms=6.81
[WebServer] 2026-10-04 20:43:14,811 INFO goatfarm [adabaa233c21472fa972ce46a3c9f967] request method=GET path=/api/screening/images status=200 duration_ms=17.02
[WebServer] 2026-10-04 20:43:14,818 INFO goatfarm [24ab4470d2374a1ab2ad2419ccc90142] request method=GET path=/api/screening/stats status=200 duration_ms=22.37
  ✓   44 [chromium] › e2e/a11y-gate.spec.ts:68:7 › a11y gate › /screening (te) has no serious accessibility violations (1.5s)
[WebServer] 2026-10-04 20:43:15,783 INFO goatfarm [165dc20c93fa4ff0ac53b97778465ab7] request method=POST path=/api/auth/refresh status=401 duration_ms=0.70
[WebServer] 2026-10-04 20:43:16,005 INFO goatfarm [682299a5c0d6463db474f23ed265e22b] request method=POST path=/api/auth/login status=200 duration_ms=136.21
[WebServer] 2026-10-04 20:43:16,020 INFO goatfarm [c09ed52d9b074687af0bc9edfa89fbb2] request method=GET path=/api/auth/farms status=200 duration_ms=6.88
[WebServer] 2026-10-04 20:43:16,028 INFO goatfarm [f01817837d9a49bf94ef589428b1a6d5] request method=GET path=/api/auth/permissions status=200 duration_ms=5.83
[WebServer] 2026-10-04 20:43:16,091 INFO goatfarm [ca91675ffe064ce0b02f2e4a583919e3] request method=GET path=/api/dashboard status=200 duration_ms=32.68
[WebServer] 2026-10-04 20:43:16,330 INFO goatfarm [74b84e177e464e7691645f249e059aae] request method=POST path=/api/auth/refresh status=200 duration_ms=107.69
[WebServer] 2026-10-04 20:43:16,340 INFO goatfarm [94768fd1eb7b45aaa7d8735b2c815906] request method=GET path=/api/auth/farms status=200 duration_ms=6.57
[WebServer] 2026-10-04 20:43:16,354 INFO goatfarm [9e58db62dd6b4b9b9eb57acbcdfc34a3] request method=GET path=/api/auth/permissions status=200 duration_ms=6.10
[WebServer] 2026-10-04 20:43:16,381 INFO goatfarm [49c69e96cdd942c2a33a965136f7f60a] request method=GET path=/api/team status=200 duration_ms=12.52
  ✓   45 [chromium] › e2e/a11y-gate.spec.ts:68:7 › a11y gate › /team (te) has no serious accessibility violations (1.7s)
[WebServer] 2026-10-04 20:43:17,502 INFO goatfarm [806d72fa3fdd4ca48b458301ba272bc1] request method=POST path=/api/auth/refresh status=401 duration_ms=0.81
[WebServer] 2026-10-04 20:43:17,737 INFO goatfarm [bd7dddfeca24452fbe53a1c4397ef1e4] request method=POST path=/api/auth/login status=200 duration_ms=151.95
[WebServer] 2026-10-04 20:43:17,747 INFO goatfarm [f57e7dca8e4b400cb08d22dab7a36b1b] request method=GET path=/api/auth/farms status=200 duration_ms=7.28
[WebServer] 2026-10-04 20:43:17,756 INFO goatfarm [7188a8954ce544f994f3be32776701c4] request method=GET path=/api/auth/permissions status=200 duration_ms=6.11
[WebServer] 2026-10-04 20:43:17,818 INFO goatfarm [7818596c9e1045879de19c0a8664904d] request method=GET path=/api/dashboard status=200 duration_ms=33.85
[WebServer] 2026-10-04 20:43:18,070 INFO goatfarm [646abaf511354bf78dcbaf59f4b2af2e] request method=POST path=/api/auth/refresh status=200 duration_ms=122.93
[WebServer] 2026-10-04 20:43:18,081 INFO goatfarm [4dc3c1e9f92f4d918ec269b74a0eafbc] request method=GET path=/api/auth/farms status=200 duration_ms=8.23
[WebServer] 2026-10-04 20:43:18,099 INFO goatfarm [7e9d752f162f4b3d97b2ff7a58e6ff81] request method=GET path=/api/auth/permissions status=200 duration_ms=7.96
[WebServer] 2026-10-04 20:43:18,124 INFO goatfarm [efea9738d6764f9f8d78a5a73cb69963] request method=GET path=/api/finance/insurance status=200 duration_ms=13.31
[WebServer] 2026-10-04 20:43:18,355 INFO goatfarm [4968504f18284b52af2295aef391740f] request method=GET path=/api/v1/insights status=404 duration_ms=0.69
[WebServer] 2026-10-04 20:43:18,367 INFO goatfarm [9ba0f4dbf8a94a7c9018390f1e7b8a6c] request method=GET path=/api/v1/insights status=404 duration_ms=0.58
  ✓   46 [chromium] › e2e/a11y-gate.spec.ts:68:7 › a11y gate › /finance/insurance (te) has no serious accessibility violations (1.6s)
[WebServer] 2026-10-04 20:43:19,106 INFO goatfarm [5c65085869c941a680a5811115c3e4ae] request method=POST path=/api/auth/refresh status=401 duration_ms=0.66
[WebServer] 2026-10-04 20:43:19,349 INFO goatfarm [b83aaa91ee924bb59a7377d63e9744d4] request method=POST path=/api/auth/login status=200 duration_ms=154.10
[WebServer] 2026-10-04 20:43:19,360 INFO goatfarm [7fefc7caefb04eb8a01d3091bba8d8c7] request method=GET path=/api/auth/farms status=200 duration_ms=7.66
[WebServer] 2026-10-04 20:43:19,369 INFO goatfarm [0f735b0a5c784065962bd01aa22551e9] request method=GET path=/api/auth/permissions status=200 duration_ms=6.26
[WebServer] 2026-10-04 20:43:19,429 INFO goatfarm [69e5f14b8f964292b43a663f3d581eae] request method=GET path=/api/dashboard status=200 duration_ms=31.73
[WebServer] 2026-10-04 20:43:19,665 INFO goatfarm [0919da3023664cf0b032d7bc3545e732] request method=POST path=/api/auth/refresh status=200 duration_ms=113.67
[WebServer] 2026-10-04 20:43:19,676 INFO goatfarm [a8a621c8096c4d9f8f66fdb8ef90f53a] request method=GET path=/api/auth/farms status=200 duration_ms=7.66
[WebServer] 2026-10-04 20:43:19,690 INFO goatfarm [48d34a96dd15406eb5612c0138d58a44] request method=GET path=/api/auth/permissions status=200 duration_ms=7.14
[WebServer] 2026-10-04 20:43:19,716 INFO goatfarm [47d91841aead482db927deaf39f4f227] request method=GET path=/api/health/schedule-templates status=200 duration_ms=11.50
[WebServer] 2026-10-04 20:43:19,718 INFO goatfarm [b541926fbb2044e9b636adf8d2f3078a] request method=GET path=/api/health/events status=200 duration_ms=13.84
  ✓   47 [chromium] › e2e/a11y-gate.spec.ts:68:7 › a11y gate › /health (te) has no serious accessibility violations (1.7s)
[WebServer] 2026-10-04 20:43:20,792 INFO goatfarm [6c4959b3b8784cbbb0e56f3d5c0e0107] request method=POST path=/api/auth/refresh status=401 duration_ms=0.62
[WebServer] 2026-10-04 20:43:21,038 INFO goatfarm [f6107e41ae994915905c345aa9eb6643] request method=POST path=/api/auth/login status=200 duration_ms=152.01
[WebServer] 2026-10-04 20:43:21,047 INFO goatfarm [967f499a6c8b4e76850467d79f8c84ba] request method=GET path=/api/auth/farms status=200 duration_ms=7.15
[WebServer] 2026-10-04 20:43:21,056 INFO goatfarm [dd10a303fd27472190923f81eabd1724] request method=GET path=/api/auth/permissions status=200 duration_ms=6.19
[WebServer] 2026-10-04 20:43:21,117 INFO goatfarm [a849776cb8474208bb5d78c11cfb6df1] request method=GET path=/api/dashboard status=200 duration_ms=32.96
[WebServer] 2026-10-04 20:43:21,360 INFO goatfarm [e00ce1ba876d46c1812576bca2d46567] request method=POST path=/api/auth/refresh status=200 duration_ms=117.93
[WebServer] 2026-10-04 20:43:21,370 INFO goatfarm [51c784bf9dad4c25b844bb41d37f179b] request method=GET path=/api/auth/farms status=200 duration_ms=8.12
[WebServer] 2026-10-04 20:43:21,387 INFO goatfarm [60b537cf84f5400ab3f0f82a23487256] request method=GET path=/api/auth/permissions status=200 duration_ms=7.59
[WebServer] 2026-10-04 20:43:21,418 INFO goatfarm [b5af179c9ea94279a208bbec87c7b70d] request method=GET path=/api/simulation/defaults status=200 duration_ms=7.28
[WebServer] 2026-10-04 20:43:21,419 INFO goatfarm [05dd57a1ac204877bdb9d0552aab3677] request method=GET path=/api/simulation/defaults/breeds status=200 duration_ms=9.23
[WebServer] 2026-10-04 20:43:21,424 INFO goatfarm [f6a373dbe08c4dd999cd46a6b61136f0] request method=GET path=/api/planner/plans status=200 duration_ms=11.82
  ✓   48 [chromium] › e2e/a11y-gate.spec.ts:68:7 › a11y gate › /planner (te) has no serious accessibility violations (1.6s)
[WebServer] 2026-10-04 20:43:22,433 INFO goatfarm [5949c94597134f8c973e165955ad23f3] request method=POST path=/api/auth/refresh status=401 duration_ms=0.66
[WebServer] 2026-10-04 20:43:22,665 INFO goatfarm [2f7634f258eb4024b418651d2aa93971] request method=POST path=/api/auth/login status=200 duration_ms=146.18
[WebServer] 2026-10-04 20:43:22,675 INFO goatfarm [e2d1a3eebed447cabb27244bd259be48] request method=GET path=/api/auth/farms status=200 duration_ms=7.25
[WebServer] 2026-10-04 20:43:22,685 INFO goatfarm [ab6363c61b7e4843a7954bb3bf61dba7] request method=GET path=/api/auth/permissions status=200 duration_ms=6.51
[WebServer] 2026-10-04 20:43:22,751 INFO goatfarm [83e2b6ef5b734557b01a9c363ba1161b] request method=GET path=/api/dashboard status=200 duration_ms=36.51
[WebServer] 2026-10-04 20:43:22,999 INFO goatfarm [a987e406e5094933a1bf26e8746cb23f] request method=POST path=/api/auth/refresh status=200 duration_ms=113.32
[WebServer] 2026-10-04 20:43:23,009 INFO goatfarm [dff3f07ed0c0416198e2a0df7226cd0d] request method=GET path=/api/auth/farms status=200 duration_ms=7.07
[WebServer] 2026-10-04 20:43:23,024 INFO goatfarm [c2873ed7f36941c1a86fd78bea0e8075] request method=GET path=/api/auth/permissions status=200 duration_ms=6.16
[WebServer] 2026-10-04 20:43:23,051 INFO goatfarm [faeec3d4a31749a696f4eba21068b7b8] request method=GET path=/api/simulation/defaults/breeds status=200 duration_ms=6.47
[WebServer] 2026-10-04 20:43:23,053 INFO goatfarm [aa795998c7a54a5d82f750c569b29aa1] request method=GET path=/api/simulation/defaults status=200 duration_ms=7.33
[WebServer] 2026-10-04 20:43:23,060 INFO goatfarm [0a7dfcaa6d994ba6ab875fc59f4ad6d5] request method=GET path=/api/simulation/scenarios status=200 duration_ms=13.50
  ✓   49 [chromium] › e2e/a11y-gate.spec.ts:68:7 › a11y gate › /simulation (te) has no serious accessibility violations (2.0s)
[WebServer] 2026-10-04 20:43:24,459 INFO goatfarm [5e6e95a9f7354bddb55dbbc401deb3b8] request method=POST path=/api/auth/refresh status=401 duration_ms=0.70
[WebServer] 2026-10-04 20:43:24,708 INFO goatfarm [a9366502cf9f4690b10395bfee9e4ced] request method=POST path=/api/auth/login status=200 duration_ms=156.18
[WebServer] 2026-10-04 20:43:24,720 INFO goatfarm [d42f63aa987c472c966b6e06e27a309b] request method=GET path=/api/auth/farms status=200 duration_ms=8.69
[WebServer] 2026-10-04 20:43:24,729 INFO goatfarm [e33311bd964c4918b7570db158b71106] request method=GET path=/api/auth/permissions status=200 duration_ms=6.48
[WebServer] 2026-10-04 20:43:24,798 INFO goatfarm [fc281ee4bf1945ebbe0994f03f856a63] request method=GET path=/api/dashboard status=200 duration_ms=36.47
[WebServer] 2026-10-04 20:43:25,038 INFO goatfarm [f174bb53eddf461d9ca2856e1bf123a0] request method=POST path=/api/auth/refresh status=200 duration_ms=123.99
[WebServer] 2026-10-04 20:43:25,048 INFO goatfarm [e6d8ee261bfe40d1a1093822422341ba] request method=GET path=/api/auth/farms status=200 duration_ms=7.15
[WebServer] 2026-10-04 20:43:25,064 INFO goatfarm [de21792eaff74974b41781807f2d77af] request method=GET path=/api/auth/permissions status=200 duration_ms=6.65
[WebServer] 2026-10-04 20:43:25,109 INFO goatfarm [4e2b132223ad4a459f77bc44f75af913] request method=GET path=/api/finance status=200 duration_ms=28.43
  ✓   50 [chromium] › e2e/a11y-gate.spec.ts:68:7 › a11y gate › /finance (te) has no serious accessibility violations (1.8s)
[WebServer] 2026-10-04 20:43:26,250 INFO goatfarm [769bc733df69464db421b5144e38da20] request method=POST path=/api/auth/refresh status=401 duration_ms=0.75
[WebServer] 2026-10-04 20:43:26,504 INFO goatfarm [bcfd7a8acb584a4884079d158b022f2f] request method=POST path=/api/auth/login status=200 duration_ms=159.64
[WebServer] 2026-10-04 20:43:26,514 INFO goatfarm [865e4bb25f794926822d9eb326a06df1] request method=GET path=/api/auth/farms status=200 duration_ms=7.23
[WebServer] 2026-10-04 20:43:26,523 INFO goatfarm [f66a427d3d54453bacba4d10bc6ab609] request method=GET path=/api/auth/permissions status=200 duration_ms=6.10
[WebServer] 2026-10-04 20:43:26,569 INFO goatfarm [b25df059b56b418a98a5df821dbc9944] request method=GET path=/api/dashboard status=200 duration_ms=24.77
[WebServer] 2026-10-04 20:43:26,835 INFO goatfarm [e4aa4bcd11a0478da205dd398562efa4] request method=POST path=/api/auth/refresh status=200 duration_ms=130.37
[WebServer] 2026-10-04 20:43:26,847 INFO goatfarm [f038898f48b8406787e513e2ce402876] request method=GET path=/api/auth/farms status=200 duration_ms=8.55
[WebServer] 2026-10-04 20:43:26,866 INFO goatfarm [c531ef7fbbf340c49f7980e0dc40ba4c] request method=GET path=/api/auth/permissions status=200 duration_ms=9.70
[WebServer] 2026-10-04 20:43:26,892 INFO goatfarm [a27b88558b6b4287994971df3cf44396] request method=GET path=/api/animals status=200 duration_ms=13.29
[WebServer] 2026-10-04 20:43:27,595 INFO goatfarm [01006b3a4e5546d281f7113ff15eacc8] request method=POST path=/api/auth/refresh status=200 duration_ms=110.64
[WebServer] 2026-10-04 20:43:27,605 INFO goatfarm [666d553bb93d4020a63abda549a4aa12] request method=GET path=/api/auth/farms status=200 duration_ms=7.31
[WebServer] 2026-10-04 20:43:27,620 INFO goatfarm [af09b4e26de244839b6300fd99e5feb7] request method=GET path=/api/auth/permissions status=200 duration_ms=5.91
[WebServer] 2026-10-04 20:43:27,665 INFO goatfarm [ff7c8339a7c346129ae2d6a27a84f2e9] request method=GET path=/api/dashboard status=200 duration_ms=35.49
  ✓   51 [chromium] › e2e/a11y-gate.spec.ts:115:3 › a11y gate › animal validation modal on a manager phone and dashboard on a portrait tablet (1.9s)
[WebServer] 2026-10-04 20:43:28,135 INFO goatfarm [e85121735b574aa78a766bd93e71af4e] request method=POST path=/api/auth/refresh status=401 duration_ms=0.64
[WebServer] 2026-10-04 20:43:28,374 INFO goatfarm [bbc3eae7301f4f4c88eed6e03f8bf1be] request method=POST path=/api/auth/login status=200 duration_ms=150.09
[WebServer] 2026-10-04 20:43:28,386 INFO goatfarm [0f1c02f70cc84da8a622c6e788959e25] request method=GET path=/api/auth/farms status=200 duration_ms=9.64
[WebServer] 2026-10-04 20:43:28,397 INFO goatfarm [88ab08982b954d9680a6cebba04e4d6d] request method=GET path=/api/auth/permissions status=200 duration_ms=7.14
[WebServer] 2026-10-04 20:43:28,484 INFO goatfarm [c7dc7c6d009f45a2a5de9580772c09ef] request method=GET path=/api/dashboard status=200 duration_ms=55.41
[WebServer] 2026-10-04 20:43:28,708 INFO goatfarm [219550eee11a4f3f85a4ff82d3ce6be9] request method=POST path=/api/auth/refresh status=200 duration_ms=116.06
[WebServer] 2026-10-04 20:43:28,719 INFO goatfarm [1f83e58297c4453ca4373553045d8308] request method=GET path=/api/auth/farms status=200 duration_ms=7.83
[WebServer] 2026-10-04 20:43:28,734 INFO goatfarm [731d58cb82874181a9cb0a508ae186b1] request method=GET path=/api/auth/permissions status=200 duration_ms=6.23
[WebServer] 2026-10-04 20:43:28,765 INFO goatfarm [97de8c3f090e4a8da6342b0e2ce2777a] request method=GET path=/api/animals status=200 duration_ms=14.43
[WebServer] 2026-10-04 20:43:29,280 INFO goatfarm [35d629b2e2214d7482374b1f9533304b] request method=POST path=/api/animals status=201 duration_ms=51.13
[WebServer] 2026-10-04 20:43:29,300 INFO goatfarm [3479c4c3ec6b4baebc11687f2038fd5c] request method=GET path=/api/animals status=200 duration_ms=15.78
[WebServer] 2026-10-04 20:43:29,488 INFO goatfarm [2ab5540014a649b79bf82637ffe66db8] request method=POST path=/api/auth/refresh status=200 duration_ms=112.46
[WebServer] 2026-10-04 20:43:29,499 INFO goatfarm [46dbde0bd22b46f0afdee24eed2033ff] request method=GET path=/api/auth/farms status=200 duration_ms=8.14
[WebServer] 2026-10-04 20:43:29,515 INFO goatfarm [70adb739106d4eb7a9d15a3cffd3e070] request method=GET path=/api/auth/permissions status=200 duration_ms=7.09
[WebServer] 2026-10-04 20:43:29,546 INFO goatfarm [70392c44ebe740e0bdb8a0b4ec60808a] request method=GET path=/api/animals status=200 duration_ms=16.65
[WebServer] 2026-10-04 20:43:29,888 INFO goatfarm [9d2094a3ee4f42fd805fb6afc4cc10ad] request method=GET path=/api/animals status=200 duration_ms=16.49
[WebServer] 2026-10-04 20:43:30,424 INFO goatfarm [b8fd44b9f91d436fa180139213f00784] request method=GET path=/api/animals/1 status=200 duration_ms=30.04
[WebServer] 2026-10-04 20:43:30,452 INFO goatfarm [34121525f16c404d833182a898e794c8] request method=GET path=/api/health/restrictions/1 status=200 duration_ms=19.16
[WebServer] 2026-10-04 20:43:30,454 INFO goatfarm [b1ab74a703474eb0b20c32a72a6cc143] request method=GET path=/api/finance/animals/1/lifetime-pnl status=200 duration_ms=22.47
  ✓   52 [chromium] › e2e/a11y-gate.spec.ts:135:3 › a11y gate › animal detail state has no serious accessibility violations (2.8s)
[WebServer] 2026-10-04 20:43:30,946 INFO goatfarm [5d71916a3be441158b836341a2c3f286] request method=POST path=/api/auth/refresh status=401 duration_ms=0.65
[WebServer] 2026-10-04 20:43:31,206 INFO goatfarm [db0cf74ae88a4663ba8b95f6e9bbe3aa] request method=POST path=/api/auth/login status=200 duration_ms=166.49
[WebServer] 2026-10-04 20:43:31,220 INFO goatfarm [05682e4a6c284761b9a4ff2a1fb1376a] request method=GET path=/api/auth/farms status=200 duration_ms=10.41
[WebServer] 2026-10-04 20:43:31,232 INFO goatfarm [3e36145789594f298849cc8c6f8250a5] request method=GET path=/api/auth/permissions status=200 duration_ms=8.81
[WebServer] 2026-10-04 20:43:31,303 INFO goatfarm [92fb50dcc51a41a0aed74e7d958ea402] request method=GET path=/api/dashboard status=200 duration_ms=37.68
[WebServer] 2026-10-04 20:43:31,553 INFO goatfarm [d8bd3f4576ea46b78113e73f483fcb08] request method=POST path=/api/auth/refresh status=200 duration_ms=131.65
[WebServer] 2026-10-04 20:43:31,583 INFO goatfarm [e2249552775540a1b910c3821e06c397] request method=GET path=/api/auth/farms status=200 duration_ms=25.73
  ✓   53 [chromium] › e2e/a11y-gate.spec.ts:149:3 › a11y gate › permissions error recovery state has no serious accessibility violations (887ms)
[WebServer] 2026-10-04 20:43:31,855 INFO goatfarm [e07be2d7a4f54ae98dd1824f45349d07] request method=POST path=/api/auth/refresh status=401 duration_ms=0.73
[WebServer] 2026-10-04 20:43:32,107 INFO goatfarm [a36687ce0bad40829279f19edf973cf9] request method=POST path=/api/auth/login status=200 duration_ms=158.79
[WebServer] 2026-10-04 20:43:32,119 INFO goatfarm [29fae2aeb0a34b93b977cd36d1618b3f] request method=GET path=/api/auth/farms status=200 duration_ms=9.01
[WebServer] 2026-10-04 20:43:32,131 INFO goatfarm [6a54e2efc156414b9fe4d66f4924f476] request method=GET path=/api/auth/permissions status=200 duration_ms=9.24
[WebServer] 2026-10-04 20:43:32,203 INFO goatfarm [ac051ecb01eb4bd2b3b06660f8b60b03] request method=GET path=/api/dashboard status=200 duration_ms=41.86
[WebServer] 2026-10-04 20:43:32,423 INFO goatfarm [4ce931f3e4334cc3bd24848fb2180508] request method=POST path=/api/auth/refresh status=200 duration_ms=117.17
[WebServer] 2026-10-04 20:43:32,433 INFO goatfarm [9475a49c49194eccbebdfd72c75607db] request method=GET path=/api/auth/farms status=200 duration_ms=7.91
[WebServer] 2026-10-04 20:43:32,449 INFO goatfarm [761d17dfeff640d99c41da963fc0f559] request method=GET path=/api/auth/permissions status=200 duration_ms=6.51
[WebServer] 2026-10-04 20:43:32,482 INFO goatfarm [eb81a91c8e884480b0a304f7256be84f] request method=GET path=/api/animals status=200 duration_ms=17.42
[WebServer] 2026-10-04 20:43:33,066 INFO goatfarm [985337d072334edfa83e12006f39d3c2] request method=POST path=/api/animals status=201 duration_ms=40.86
[WebServer] 2026-10-04 20:43:33,087 INFO goatfarm [3c9cd6d0ba5d4dd0a5bd8d24d52254e4] request method=GET path=/api/animals status=200 duration_ms=18.19
[WebServer] 2026-10-04 20:43:33,454 INFO goatfarm [0918601b663740e3a70bdf8ddfbf3618] request method=GET path=/api/animals status=200 duration_ms=19.17
[WebServer] 2026-10-04 20:43:33,994 INFO goatfarm [05f295987d6a47608f02d5cbadaacb6d] request method=GET path=/api/animals/2 status=200 duration_ms=29.69
[WebServer] 2026-10-04 20:43:34,018 INFO goatfarm [a3433876b92f406fbc40d39f72006467] request method=GET path=/api/health/restrictions/2 status=200 duration_ms=15.48
[WebServer] 2026-10-04 20:43:34,022 INFO goatfarm [e664bccab244480988ff87e639a9837f] request method=GET path=/api/finance/animals/2/lifetime-pnl status=200 duration_ms=20.42
[WebServer] 2026-10-04 20:43:34,166 INFO goatfarm [7fd0efa9643e48d893f4d5fbf5ee51da] request method=POST path=/api/animals/2/weight status=201 duration_ms=29.32
[WebServer] 2026-10-04 20:43:34,188 INFO goatfarm [d68eaebf75a44378a8c27c35784943c8] request method=GET path=/api/health/restrictions/2 status=200 duration_ms=16.94
[WebServer] 2026-10-04 20:43:34,193 INFO goatfarm [3cac3d0631bb4607b2c929be643b380a] request method=GET path=/api/finance/animals/2/lifetime-pnl status=200 duration_ms=21.11
[WebServer] 2026-10-04 20:43:34,199 INFO goatfarm [bcb4554d2721440aba1013a2917a56a9] request method=GET path=/api/animals/2 status=200 duration_ms=29.41
[WebServer] 2026-10-04 20:43:34,553 INFO goatfarm [2911b6ead4ab4b13b8a8f2ae475b978c] request method=POST path=/api/animals/2/move status=200 duration_ms=32.83
[WebServer] 2026-10-04 20:43:34,569 INFO goatfarm [1375e47f665446a0b9dfdf264f0c13b1] request method=GET path=/api/health/restrictions/2 status=200 duration_ms=12.34
[WebServer] 2026-10-04 20:43:34,577 INFO goatfarm [44f4437e2d74460cbb0e4fbfe20c034b] request method=GET path=/api/finance/animals/2/lifetime-pnl status=200 duration_ms=20.03
[WebServer] 2026-10-04 20:43:34,578 INFO goatfarm [b5e2ea107a954df2b95c3a029a44b95f] request method=GET path=/api/animals/2 status=200 duration_ms=22.30
[WebServer] 2026-10-04 20:43:34,781 INFO goatfarm [9e57828c00724292b13e5bc8f4b90004] request method=POST path=/api/auth/refresh status=200 duration_ms=118.71
[WebServer] 2026-10-04 20:43:34,792 INFO goatfarm [16028f80f8f84f7d95563f1665f61a58] request method=GET path=/api/auth/farms status=200 duration_ms=7.84
[WebServer] 2026-10-04 20:43:34,807 INFO goatfarm [8f62b90c2cb74b38b3a7b9de7b4b7f3a] request method=GET path=/api/auth/permissions status=200 duration_ms=6.45
[WebServer] 2026-10-04 20:43:34,850 INFO goatfarm [e801218c48b04506af439c6b640d3de9] request method=GET path=/api/animals status=200 duration_ms=26.90
[WebServer] 2026-10-04 20:43:35,171 INFO goatfarm [245126af8a0b4ed3804a2497328bbd5d] request method=GET path=/api/animals status=200 duration_ms=15.89
  ✓   54 [chromium] › e2e/animals.spec.ts:13:3 › animals › create animal, record a weight, move bucket — profile reflects all (4.0s)
[WebServer] 2026-10-04 20:43:35,985 INFO goatfarm [3b4324d8c53041fc884e4da5602ce32f] request method=GET path=/readyz status=200 duration_ms=6.34
  ✓   55 [chromium] › e2e/api-contract-auth-team.spec.ts:240:3 › frontend proxy auth and team API contracts › proxies the liveness and database-readiness probes (327ms)
[WebServer] 2026-10-04 20:43:36,152 INFO goatfarm [811d94a66c4c4deab27fa67ed116fb25] request method=POST path=/api/auth/register status=201 duration_ms=155.83
[WebServer] 2026-10-04 20:43:36,192 INFO goatfarm [cee66b95eb324bbf8a9cb7a610d66ac9] request method=POST path=/api/auth/farms status=201 duration_ms=33.76
[WebServer] 2026-10-04 20:43:36,406 INFO goatfarm.audit [3ac8f2e8b0254b25991905d116999337] security_event event='auth.password.changed' user_id=2 — Password changed (all sessions revoked)
[WebServer] 2026-10-04 20:43:36,406 INFO goatfarm [3ac8f2e8b0254b25991905d116999337] request method=POST path=/api/auth/change-password status=200 duration_ms=207.70
[WebServer] 2026-10-04 20:43:36,533 INFO goatfarm [9ef3581ebc744fbdae295efde1ff8084] request method=POST path=/api/auth/refresh status=200 duration_ms=120.04
[WebServer] 2026-10-04 20:43:36,546 INFO goatfarm [777aa0d662574a57829113239dcfb660] request method=GET path=/api/auth/me status=200 duration_ms=7.32
[WebServer] 2026-10-04 20:43:36,564 INFO goatfarm.audit [24e9dedb8cb54f9595f76708dd525adb] security_event event='auth.account.exported' user_id=2 — account identity and tenant relationships exported
[WebServer] 2026-10-04 20:43:36,564 INFO goatfarm [24e9dedb8cb54f9595f76708dd525adb] request method=GET path=/api/auth/account/export status=200 duration_ms=13.84
[WebServer] 2026-10-04 20:43:36,615 INFO goatfarm [ac19307defa3489ca73d0a6a84701d74] request method=POST path=/api/auth/login status=401 duration_ms=45.61
[WebServer] 2026-10-04 20:43:36,773 INFO goatfarm [25c7cd9102f14c77bb54dad1de967ea3] request method=POST path=/api/auth/login status=200 duration_ms=154.60
  ✓   56 [chromium] › e2e/api-contract-auth-team.spec.ts:254:3 › frontend proxy auth and team API contracts › persists password changes and returns exact me/export data through the proxy (783ms)
[WebServer] 2026-10-04 20:43:36,933 INFO goatfarm [a2abfc41fd064587896f8f6515ef733b] request method=POST path=/api/auth/register status=201 duration_ms=151.45
[WebServer] 2026-10-04 20:43:36,946 INFO goatfarm [65d0096fcf834282a7b59cda899d2078] request method=GET path=/api/auth/farms status=200 duration_ms=7.65
[WebServer] 2026-10-04 20:43:37,044 INFO goatfarm.audit [8ffe63e4aef348c9a27259a0c6e6f09f] security_event event='auth.account.deleted' user_id=3 — Account deleted
[WebServer] 2026-10-04 20:43:37,044 INFO goatfarm [8ffe63e4aef348c9a27259a0c6e6f09f] request method=DELETE path=/api/auth/account status=204 duration_ms=94.78
[WebServer] 2026-10-04 20:43:37,097 INFO goatfarm [965b77e799f64d32aec0b9855256d992] request method=POST path=/api/auth/login status=401 duration_ms=47.00
  ✓   57 [chromium] › e2e/api-contract-auth-team.spec.ts:370:3 › frontend proxy auth and team API contracts › deletes a separate registered non-owner and makes its login unusable (321ms)
[WebServer] 2026-10-04 20:43:37,258 INFO goatfarm [5896274cb8da43698f1daea6894e0c93] request method=POST path=/api/auth/register status=201 duration_ms=151.45
[WebServer] 2026-10-04 20:43:37,283 INFO goatfarm [eae9502e16ab4a65980f98c19e701ada] request method=POST path=/api/auth/farms status=201 duration_ms=20.31
[WebServer] 2026-10-04 20:43:37,299 INFO goatfarm [224b92da73bf40c1b67365a3203823e9] request method=GET path=/api/team status=200 duration_ms=11.36
[WebServer] 2026-10-04 20:43:37,396 INFO goatfarm.audit [4f3e360cc95743b38c8627abae866b93] security_event event='team.worker.create' farm_id=3 actor_id=4 membership_id=1 user_id=5 role_id=24 — provisioned worker account with must-change credential
[WebServer] 2026-10-04 20:43:37,396 INFO goatfarm [4f3e360cc95743b38c8627abae866b93] request method=POST path=/api/team/workers status=201 duration_ms=90.54
[WebServer] 2026-10-04 20:43:37,416 INFO goatfarm [94aedb1095614fef965a2101f58922b7] request method=GET path=/api/team status=200 duration_ms=16.87
[WebServer] 2026-10-04 20:43:37,573 INFO goatfarm [4cdd06dcb2cf442cae2ba12aa07269d5] request method=POST path=/api/auth/login status=200 duration_ms=152.45
[WebServer] 2026-10-04 20:43:37,649 INFO goatfarm.audit [84e7b5c563b84537b6d2fd5160939f00] security_event event='team.worker.password_reset' farm_id=3 actor_id=4 membership_id=1 user_id=5 — reset provisioned worker credential and revoked sessions
[WebServer] 2026-10-04 20:43:37,649 INFO goatfarm [84e7b5c563b84537b6d2fd5160939f00] request method=POST path=/api/team/workers/1/reset-password status=200 duration_ms=72.70
[WebServer] 2026-10-04 20:43:37,695 INFO goatfarm [c952a640a1c644eaa4f0a2d38529c2ef] request method=POST path=/api/auth/login status=401 duration_ms=42.29
[WebServer] 2026-10-04 20:43:37,851 INFO goatfarm [cb88e2bea1f745fab019b474f3e072bb] request method=POST path=/api/auth/login status=200 duration_ms=153.71
[WebServer] 2026-10-04 20:43:37,861 INFO goatfarm [ab3acc20187c4d85bb17c4eea427e9bf] request method=GET path=/api/auth/me status=200 duration_ms=5.69
[WebServer] 2026-10-04 20:43:37,887 INFO goatfarm.audit [1978d32c19fc4f4ea99ec9ce2cbd5194] security_event event='team.role.create' farm_id=3 actor_id=4 role_id=28 — created custom role
[WebServer] 2026-10-04 20:43:37,887 INFO goatfarm [1978d32c19fc4f4ea99ec9ce2cbd5194] request method=POST path=/api/team/roles status=201 duration_ms=23.52
[WebServer] 2026-10-04 20:43:37,906 INFO goatfarm [8814323d4c7446a8b0be18f14dc84abd] request method=GET path=/api/team status=200 duration_ms=14.97
[WebServer] 2026-10-04 20:43:37,932 INFO goatfarm.audit [e08868af2d7843c6aa1323fab22ba903] security_event event='team.role.update' farm_id=3 actor_id=4 role_id=28 revision=2 — updated role name/description/permissions
[WebServer] 2026-10-04 20:43:37,937 INFO goatfarm [e08868af2d7843c6aa1323fab22ba903] request method=PUT path=/api/team/roles/28 status=200 duration_ms=27.07
[WebServer] 2026-10-04 20:43:37,956 INFO goatfarm [8edde54af3fe4a89a9f983a0092d8459] request method=GET path=/api/team status=200 duration_ms=14.79
[WebServer] 2026-10-04 20:43:37,979 INFO goatfarm.audit [ee356b257b234260a8b8189131520347] security_event event='team.role.delete' farm_id=3 actor_id=4 role_id=28 — tombstoned custom role
[WebServer] 2026-10-04 20:43:37,979 INFO goatfarm [ee356b257b234260a8b8189131520347] request method=DELETE path=/api/team/roles/28 status=204 duration_ms=20.37
[WebServer] 2026-10-04 20:43:37,996 INFO goatfarm [ee484347f582404e87c2023329335020] request method=GET path=/api/team status=200 duration_ms=12.93
  ✓   58 [chromium] › e2e/api-contract-auth-team.spec.ts:403:3 › frontend proxy auth and team API contracts › persists worker resets and the full custom-role create/update/delete lifecycle (895ms)
[WebServer] 2026-10-04 20:43:38,168 INFO goatfarm [75e5aa8be37d40ed967c180f00f543d5] request method=POST path=/api/auth/register status=201 duration_ms=155.79
[WebServer] 2026-10-04 20:43:38,203 INFO goatfarm [be8b87385146457f975e51726bbab263] request method=POST path=/api/auth/farms status=201 duration_ms=30.63
[WebServer] 2026-10-04 20:43:38,238 INFO goatfarm [8a08e9798d094869a3c9b977f32b9317] request method=POST path=/api/animals status=201 duration_ms=20.87
[WebServer] 2026-10-04 20:43:38,288 INFO goatfarm [36d86446d1c84a1f908baaf0161900b8] request method=POST path=/api/animals/3/status status=200 duration_ms=38.46
[WebServer] 2026-10-04 20:43:38,346 INFO goatfarm [a62a69ff76674b1b8505304ac6fd509c] request method=GET path=/api/animals/3 status=200 duration_ms=53.50
  ✓   59 [chromium] › e2e/api-contract-domain.spec.ts:158:3 › frontend proxy domain API contracts › animal status mutation returns and persists the requested lifecycle facts (133ms)
[WebServer] 2026-10-04 20:43:38,386 INFO goatfarm [60133e138a3244e0805cb500e1addf06] request method=POST path=/api/animals status=201 duration_ms=31.16
[WebServer] 2026-10-04 20:43:38,420 INFO goatfarm [e04751b141f24759885acf6358dabe96] request method=POST path=/api/animals status=201 duration_ms=30.24
[WebServer] 2026-10-04 20:43:38,476 INFO goatfarm [232a274f9b2b42b79804da2f140a64e1] request method=POST path=/api/breeding status=201 duration_ms=53.35
[WebServer] 2026-10-04 20:43:38,495 INFO goatfarm [bb5af1b0456b4be89de7ad7df790f496] request method=GET path=/api/breeding/1 status=200 duration_ms=16.14
[WebServer] 2026-10-04 20:43:38,553 INFO goatfarm [70e8beb15cfb4536b7ec69c53c186cda] request method=POST path=/api/breeding/1/ultrasound status=200 duration_ms=53.84
[WebServer] 2026-10-04 20:43:38,572 INFO goatfarm [1ad882f4b1dd4f47a9b6f411747629d7] request method=GET path=/api/kidding/pregnancies/1 status=200 duration_ms=16.12
[WebServer] 2026-10-04 20:43:38,623 INFO goatfarm [3e4493e792b64ddea8017385f1dfd446] request method=POST path=/api/breeding/1/abort status=200 duration_ms=47.92
[WebServer] 2026-10-04 20:43:38,638 INFO goatfarm [68151f88d08d4a6f94cebdfbe6a1cb7a] request method=GET path=/api/breeding/1 status=200 duration_ms=12.45
[WebServer] 2026-10-04 20:43:38,652 INFO goatfarm [b05fa538daa74b769c874661c8139e7e] request method=GET path=/api/kidding/pregnancies/1 status=404 duration_ms=10.22
  ✓   60 [chromium] › e2e/api-contract-domain.spec.ts:206:3 › frontend proxy domain API contracts › breeding GET, live-pregnancy GET, and pregnancy abort agree on one record (302ms)
[WebServer] 2026-10-04 20:43:38,712 INFO goatfarm [2854cd14cac048fab7456e7304ab44df] request method=POST path=/api/animals status=201 duration_ms=50.81
[WebServer] 2026-10-04 20:43:38,728 INFO goatfarm [b6a6b90a56df4fc9ade94e431a6f1f50] request method=GET path=/api/health/purchase-batches status=200 duration_ms=12.32
[WebServer] 2026-10-04 20:43:38,742 INFO goatfarm [1111d0dac7dd4d07844cb89f77729aa2] request method=POST path=/api/health/events/preview status=200 duration_ms=11.10
[WebServer] 2026-10-04 20:43:38,768 INFO goatfarm [28c402189c004bed87386c46c6a8a11f] request method=POST path=/api/animals status=201 duration_ms=21.90
[WebServer] 2026-10-04 20:43:38,795 INFO goatfarm [af798b3276f74061b628f78c8dda3133] request method=POST path=/api/health/events status=201 duration_ms=24.49
[WebServer] 2026-10-04 20:43:38,809 INFO goatfarm [94560b3275b049ca9b3b45b0f1e50a37] request method=GET path=/api/health/restrictions/7 status=200 duration_ms=10.60
[WebServer] 2026-10-04 20:43:38,837 INFO goatfarm [efb9d24ce2d74148b34e3210a8f2ce79] request method=POST path=/api/health/restrictions/7/clear status=204 duration_ms=24.93
[WebServer] 2026-10-04 20:43:38,850 INFO goatfarm [cabe8f3cf7ce47cab7fd148393aa7bec] request method=GET path=/api/health/restrictions/7 status=200 duration_ms=9.53
[WebServer] 2026-10-04 20:43:38,877 INFO goatfarm [88e9689648d747d086b0b54e5f119e30] request method=GET path=/api/animals/7 status=200 duration_ms=24.21
  ✓   61 [chromium] › e2e/api-contract-domain.spec.ts:328:3 › frontend proxy domain API contracts › health batch lookup/preview and restriction clearance round-trip their data (222ms)
[WebServer] 2026-10-04 20:43:38,908 INFO goatfarm [9fdb0d594fa14069a69cc43190498063] request method=POST path=/api/tasks status=201 duration_ms=21.64
[WebServer] 2026-10-04 20:43:38,923 INFO goatfarm [3132b004f75542fe8c3fefcbab7931b7] request method=GET path=/api/tasks/27 status=200 duration_ms=11.71
[WebServer] 2026-10-04 20:43:38,949 INFO goatfarm [4190219372094b8fa136cd5b8456fae4] request method=POST path=/api/tasks/27/skip status=200 duration_ms=22.26
[WebServer] 2026-10-04 20:43:38,960 INFO goatfarm [8e42953682e243ddb45c1341b9a5f2a1] request method=GET path=/api/tasks/27 status=200 duration_ms=8.09
  ✓   62 [chromium] › e2e/api-contract-domain.spec.ts:510:3 › frontend proxy domain API contracts › task GET returns the created duty and skip remains visible on readback (79ms)
[WebServer] 2026-10-04 20:43:38,989 INFO goatfarm [e0b7638fcf7e47979c66b5bb2495475b] request method=POST path=/api/animals status=201 duration_ms=20.55
[WebServer] 2026-10-04 20:43:39,008 INFO goatfarm [e7ccde801ac4418ea45210fb8b1fcfd3] request method=POST path=/api/feeding/settings status=204 duration_ms=15.73
[WebServer] 2026-10-04 20:43:39,032 INFO goatfarm [46601683fdce42af88d6aa7e5ad7e74e] request method=GET path=/api/feeding/plan status=200 duration_ms=21.15
[WebServer] 2026-10-04 20:43:39,048 INFO goatfarm [33906034cad14b6ea8ae77d41d7f2a9b] request method=GET path=/api/feeding/recipes status=200 duration_ms=11.88
[WebServer] 2026-10-04 20:43:39,063 INFO goatfarm [693ed8da42594aa9a89610ab324ce7bb] request method=GET path=/api/feeding/inventory status=200 duration_ms=10.04
[WebServer] 2026-10-04 20:43:39,093 INFO goatfarm [616becb805044109bd88ba472caf2144] request method=POST path=/api/feeding/inventory/34/add status=200 duration_ms=25.52
[WebServer] 2026-10-04 20:43:39,123 INFO goatfarm [5f6e53eaecd243bfb3760aa613496542] request method=POST path=/api/feeding/inventory/36/add status=200 duration_ms=25.68
[WebServer] 2026-10-04 20:43:39,148 INFO goatfarm [ca001aea0b334c6291f76cf0ab9a4d52] request method=POST path=/api/feeding/inventory/35/add status=200 duration_ms=21.73
[WebServer] 2026-10-04 20:43:39,180 INFO goatfarm [3cc45258a78a4bbfaf62c2f6c7b83042] request method=POST path=/api/feeding/inventory/39/add status=200 duration_ms=27.84
[WebServer] 2026-10-04 20:43:39,220 INFO goatfarm [72e142eb080f41c481913161fad19a06] request method=POST path=/api/feeding/mix status=200 duration_ms=37.37
[WebServer] 2026-10-04 20:43:39,234 INFO goatfarm [d3420b6aed384335a08a90ce99ba6264] request method=GET path=/api/feeding/finished-stock status=200 duration_ms=10.21
[WebServer] 2026-10-04 20:43:39,246 INFO goatfarm [a03c8dc9a9ea48c98be37235554d95a6] request method=GET path=/api/feeding/inventory status=200 duration_ms=8.73
  ✓   63 [chromium] › e2e/api-contract-domain.spec.ts:568:3 › frontend proxy domain API contracts › feeding setting and recipe mix are reflected by plan, inventory, and finished stock (285ms)
[WebServer] 2026-10-04 20:43:39,297 INFO goatfarm [75eeb791e9ce46b39c8c412a3f318e05] request method=POST path=/api/finance/new status=201 duration_ms=38.90
[WebServer] 2026-10-04 20:43:39,327 INFO goatfarm [813b07e123b046c1acef934ddf2938aa] request method=POST path=/api/finance/transactions/3/correct status=201 duration_ms=26.21
[WebServer] 2026-10-04 20:43:39,357 INFO goatfarm [95e62378dc8c446b9427b9d64a98bf0b] request method=GET path=/api/finance status=200 duration_ms=27.23
  ✓   64 [chromium] › e2e/api-contract-domain.spec.ts:669:3 › frontend proxy domain API contracts › finance correction returns the replacement and preserves the voided source audit (106ms)
[WebServer] 2026-10-04 20:43:39,382 INFO goatfarm [b0a374ed27ce4441be66b296ffaee1e0] request method=GET path=/api/simulation/herd-snapshot status=200 duration_ms=15.79
[WebServer] 2026-10-04 20:43:39,420 INFO goatfarm [27f302b7ff94457ba278056738055e3b] request method=POST path=/api/animals status=201 duration_ms=34.22
[WebServer] 2026-10-04 20:43:39,436 INFO goatfarm [f73d819695ca4fe6a92a397d87d1a89a] request method=GET path=/api/simulation/herd-snapshot status=200 duration_ms=12.60
[WebServer] 2026-10-04 20:43:39,447 INFO goatfarm [5e3f357089bb4ba4a0bfdd3566dc4bdb] request method=GET path=/api/simulation/defaults status=200 duration_ms=6.78
[WebServer] 2026-10-04 20:43:39,483 INFO goatfarm [cd1dadabdd09484e995a9dcb0073e6ea] request method=POST path=/api/simulation/scenarios status=201 duration_ms=31.87
[WebServer] 2026-10-04 20:43:39,524 INFO goatfarm [3800ec565e9f48228ffd2e3dc1de94b3] request method=POST path=/api/simulation/scenarios status=201 duration_ms=36.92
[WebServer] 2026-10-04 20:43:39,541 INFO goatfarm [32690e5af3624a2da93a7457c305ee37] request method=GET path=/api/simulation/scenarios/1 status=200 duration_ms=12.39
[WebServer] 2026-10-04 20:43:39,570 INFO goatfarm [464fc5eeea8f4792a26c4ab31eb4b622] request method=PATCH path=/api/simulation/scenarios/1 status=200 duration_ms=24.97
[WebServer] 2026-10-04 20:43:39,588 INFO goatfarm [4f95e220a56f44128cbeebcea043ec34] request method=GET path=/api/simulation/scenarios/1 status=200 duration_ms=12.16
[WebServer] 2026-10-04 20:43:39,714 INFO goatfarm [58bb8a58536d449388a77ccc1b8b9c2c] request method=GET path=/api/simulation/scenarios/compare status=200 duration_ms=122.86
[WebServer] 2026-10-04 20:43:39,745 INFO goatfarm [a38eee16503e4cf2b7d1965171442e97] request method=DELETE path=/api/simulation/scenarios/2 status=204 duration_ms=21.32
[WebServer] 2026-10-04 20:43:39,758 INFO goatfarm [124936e520614a908040e924506af480] request method=GET path=/api/simulation/scenarios/2 status=404 duration_ms=9.67
[WebServer] 2026-10-04 20:43:39,776 INFO goatfarm [f5677290498049e884d79b4cd7663276] request method=GET path=/api/simulation/scenarios status=200 duration_ms=13.90
  ✓   65 [chromium] › e2e/api-contract-domain.spec.ts:748:3 › frontend proxy domain API contracts › herd snapshot and scenario GET/PATCH/compare/DELETE stay consistent (418ms)
[WebServer] 2026-10-04 20:43:39,996 INFO goatfarm [188ce1d838824a8999e167a427a2e235] request method=POST path=/api/auth/refresh status=401 duration_ms=0.82
[WebServer] 2026-10-04 20:43:40,263 INFO goatfarm [08983c7e3b604b989d7abdfe7e4e92a1] request method=POST path=/api/auth/login status=200 duration_ms=167.95
[WebServer] 2026-10-04 20:43:40,277 INFO goatfarm [f36f39ab629e497daa492eb0c693f455] request method=GET path=/api/auth/farms status=200 duration_ms=10.54
[WebServer] 2026-10-04 20:43:40,289 INFO goatfarm [01f1544ac6924cdd85554597fdc17b66] request method=GET path=/api/auth/permissions status=200 duration_ms=8.91
[WebServer] 2026-10-04 20:43:40,379 INFO goatfarm [e147b313d10c430ea64d2297af20cbbf] request method=GET path=/api/dashboard status=200 duration_ms=54.42
[WebServer] 2026-10-04 20:43:40,499 INFO goatfarm.audit [e13181a8598e4811a4e16d1a279e7def] security_event event='auth.logout.completed' user_id=1 session_origin='PASSWORD' family_id='df0935b1d3da46e382d28811c742eb75' revocation_scope='refresh_family_and_access_generation' — logout revoked authenticated session state
[WebServer] 2026-10-04 20:43:40,499 INFO goatfarm [e13181a8598e4811a4e16d1a279e7def] request method=POST path=/api/auth/logout status=204 duration_ms=28.01
  ✓   66 [chromium] › e2e/auth.spec.ts:21:3 › auth › owner signs in, sees the full nav, and logout returns to /login (710ms)
[WebServer] 2026-10-04 20:43:40,667 INFO goatfarm [5bb03c06191f4e218e39624bc73d2491] request method=POST path=/api/auth/refresh status=401 duration_ms=0.88
  ✓   67 [chromium] › e2e/auth.spec.ts:47:3 › auth › unauthenticated visit to an app page redirects to /login (218ms)
[WebServer] 2026-10-04 20:43:40,920 INFO goatfarm [4352ae73076044dea6237658ae615f3f] request method=POST path=/api/auth/refresh status=401 duration_ms=1.21
[WebServer] 2026-10-04 20:43:41,033 INFO goatfarm [a9cba3bc7b14489a8a74314993deb508] request method=POST path=/api/auth/login status=401 duration_ms=43.60
  ✓   68 [chromium] › e2e/auth.spec.ts:52:3 › auth › wrong password shows an error and stays on /login (346ms)
[WebServer] 2026-10-04 20:43:41,239 INFO goatfarm [3574cc002381475f9f9839f22f985e63] request method=POST path=/api/auth/refresh status=401 duration_ms=0.67
[WebServer] 2026-10-04 20:43:41,497 INFO goatfarm [a1b933095cc64de182e75f531473f3ee] request method=POST path=/api/auth/login status=200 duration_ms=157.28
[WebServer] 2026-10-04 20:43:41,509 INFO goatfarm [11a0f8cf0a244241ab18883422aa2c05] request method=GET path=/api/auth/farms status=200 duration_ms=8.62
[WebServer] 2026-10-04 20:43:41,520 INFO goatfarm [468029f48a4c494bac9cfa9e39413730] request method=GET path=/api/auth/permissions status=200 duration_ms=6.95
[WebServer] 2026-10-04 20:43:41,619 INFO goatfarm [ea1f3ce8a7b046bfa2c666e729b9c102] request method=GET path=/api/dashboard status=200 duration_ms=66.57
  ✓   69 [chromium] › e2e/auth.spec.ts:63:3 › auth › signIn helper lands on the dashboard (573ms)
[WebServer] 2026-10-04 20:43:41,820 INFO goatfarm [37514da665794e158447f707361a5b50] request method=POST path=/api/auth/refresh status=401 duration_ms=0.91
[WebServer] 2026-10-04 20:43:42,095 INFO goatfarm [a4dc38bf2b2349ed87b32c131c48d3af] request method=POST path=/api/auth/login status=200 duration_ms=171.60
[WebServer] 2026-10-04 20:43:42,107 INFO goatfarm [9698c469ac7f499e95b6c6c39c9f8fca] request method=GET path=/api/auth/farms status=200 duration_ms=8.83
[WebServer] 2026-10-04 20:43:42,117 INFO goatfarm [60dcf9cf3e794fb7a636e2aceffc3814] request method=GET path=/api/auth/permissions status=200 duration_ms=6.74
[WebServer] 2026-10-04 20:43:42,191 INFO goatfarm [1a3adb733e1d446dba5ebb3951f5545e] request method=GET path=/api/dashboard status=200 duration_ms=41.94
  ✓   70 [chromium] › e2e/auth.spec.ts:69:3 › auth › authenticated shell fits supported narrow widths and hands off navigation focus (787ms)
[WebServer] 2026-10-04 20:43:42,455 INFO goatfarm [8dfdb5a27c52494891bd31b0bfa20741] request method=GET path=/api/animals status=200 duration_ms=24.07
[WebServer] 2026-10-04 20:43:42,603 INFO goatfarm [1042316c565348e89dd8b00c478dd749] request method=POST path=/api/auth/refresh status=401 duration_ms=0.89
[WebServer] 2026-10-04 20:43:42,859 INFO goatfarm [69a04349780f4e6aa8d9e21e57ada8f6] request method=POST path=/api/auth/register status=201 duration_ms=160.50
[WebServer] 2026-10-04 20:43:42,874 INFO goatfarm [d2d9751b07714d5d9b8c643bd3ec1006] request method=GET path=/api/auth/farms status=200 duration_ms=12.41
[WebServer] 2026-10-04 20:43:43,286 INFO goatfarm [c0ac13a5f855418fa66c0ccee853f098] request method=POST path=/api/auth/refresh status=200 duration_ms=130.70
[WebServer] 2026-10-04 20:43:43,299 INFO goatfarm [bedc616268234263b5bfb18af81445f0] request method=GET path=/api/auth/farms status=200 duration_ms=8.92
  ✓   71 [chromium] › e2e/auth.spec.ts:105:3 › auth › sign-out propagates between farmless tabs without a farm storage key (954ms)
[WebServer] 2026-10-04 20:43:43,414 INFO goatfarm.audit [ed0b5d5830864feb90383bb4968c1365] security_event event='auth.logout.completed' user_id=7 session_origin='PASSWORD' family_id='0f04dbfda36a47a5a634f7acc0d8b6a3' revocation_scope='refresh_family_and_access_generation' — logout revoked authenticated session state
[WebServer] 2026-10-04 20:43:43,415 INFO goatfarm [ed0b5d5830864feb90383bb4968c1365] request method=POST path=/api/auth/logout status=204 duration_ms=47.56
[WebServer] 2026-10-04 20:43:43,581 INFO goatfarm [f448f947844b41f3bc2344bee8581c87] request method=POST path=/api/auth/refresh status=401 duration_ms=0.64
[WebServer] 2026-10-04 20:43:43,830 INFO goatfarm [8df788207123430b8a0887acb4e98036] request method=POST path=/api/auth/login status=200 duration_ms=173.68
[WebServer] 2026-10-04 20:43:43,843 INFO goatfarm [f310861d386e4f9ea9c99b73655cdfd3] request method=GET path=/api/auth/farms status=200 duration_ms=10.09
[WebServer] 2026-10-04 20:43:43,861 INFO goatfarm [74691aabae1440d8a6b24d9270724d89] request method=GET path=/api/auth/permissions status=200 duration_ms=14.68
[WebServer] 2026-10-04 20:43:44,026 INFO goatfarm [9bc992e39202460cb45deb1c4d77a0c3] request method=GET path=/api/dashboard status=200 duration_ms=131.57
[WebServer] 2026-10-04 20:43:44,252 INFO goatfarm [3ad2a8679dfa4b609b23784b676e7874] request method=POST path=/api/auth/refresh status=200 duration_ms=213.71
[WebServer] 2026-10-04 20:43:44,275 INFO goatfarm [86b7a71545ac4b91b0651f46eb4d5c5e] request method=GET path=/api/auth/farms status=200 duration_ms=19.34
[WebServer] 2026-10-04 20:43:44,320 INFO goatfarm [97ee4a56b597494ca646a110a7d7931c] request method=GET path=/api/auth/permissions status=200 duration_ms=33.42
[WebServer] 2026-10-04 20:43:44,388 INFO goatfarm [81b4fcbed9984b0fa31d330b73382689] request method=GET path=/api/animals status=200 duration_ms=42.92
[WebServer] 2026-10-04 20:43:45,357 INFO goatfarm [68fb62f5a00c4611ab57238f2a22f98c] request method=POST path=/api/animals status=201 duration_ms=36.52
[WebServer] 2026-10-04 20:43:45,382 INFO goatfarm [88629b6dd1bb4cc3a0d38d120a335422] request method=GET path=/api/animals status=200 duration_ms=21.70
[WebServer] 2026-10-04 20:43:45,579 INFO goatfarm [0a751c659db542e88ae195957d3467c5] request method=POST path=/api/auth/refresh status=200 duration_ms=117.76
[WebServer] 2026-10-04 20:43:45,591 INFO goatfarm [a148c121c8a74d3aae4bd5c03c603bec] request method=GET path=/api/auth/farms status=200 duration_ms=9.12
[WebServer] 2026-10-04 20:43:45,619 INFO goatfarm [74bb2d7a86714d058029fc37e712712b] request method=GET path=/api/auth/permissions status=200 duration_ms=17.89
[WebServer] 2026-10-04 20:43:45,667 INFO goatfarm [3e1e31bd599643678b07a721ee0dc110] request method=GET path=/api/animals status=200 duration_ms=32.02
[WebServer] 2026-10-04 20:43:46,221 INFO goatfarm [a32b8ba57af446f681281d0296e8818d] request method=POST path=/api/animals status=201 duration_ms=55.78
[WebServer] 2026-10-04 20:43:46,254 INFO goatfarm [f676928907524d16ade7d60e5d1ca7b2] request method=GET path=/api/animals status=200 duration_ms=27.33
[WebServer] 2026-10-04 20:43:46,452 INFO goatfarm [fa95dca89bce4633b62c1126981e26ee] request method=POST path=/api/auth/refresh status=200 duration_ms=124.56
[WebServer] 2026-10-04 20:43:46,466 INFO goatfarm [f52fe8822bd043cb984c2eaafe269d49] request method=GET path=/api/auth/farms status=200 duration_ms=10.77
[WebServer] 2026-10-04 20:43:46,487 INFO goatfarm [1da2b2ba0b784f6096109805305a3f9f] request method=GET path=/api/auth/permissions status=200 duration_ms=7.44
[WebServer] 2026-10-04 20:43:46,521 INFO goatfarm [2b4ab8376f4744d7b2ce19cacdccf911] request method=GET path=/api/breeding status=200 duration_ms=23.89
[WebServer] 2026-10-04 20:43:46,789 INFO goatfarm [092a0b9611ae4fd5bc4aa7973f2a7b4f] request method=GET path=/api/breeding/candidates status=200 duration_ms=19.42
[WebServer] 2026-10-04 20:43:47,001 INFO goatfarm [a36821d0d7744eafa1e630cb8ba9f049] request method=GET path=/api/breeding/candidates status=200 duration_ms=20.29
[WebServer] 2026-10-04 20:43:47,160 INFO goatfarm [71000c7a695a4958af71a2cb11829428] request method=POST path=/api/breeding status=201 duration_ms=66.66
[WebServer] 2026-10-04 20:43:47,186 INFO goatfarm [3abe9497ee5a4f7e84a01a85c95c0306] request method=GET path=/api/breeding status=200 duration_ms=23.44
[WebServer] 2026-10-04 20:43:47,393 INFO goatfarm [a7eefc442e8346729826144e9f083046] request method=POST path=/api/auth/refresh status=200 duration_ms=129.04
[WebServer] 2026-10-04 20:43:47,407 INFO goatfarm [de5779c0784d47b0ba7efb149098f429] request method=GET path=/api/auth/farms status=200 duration_ms=10.95
[WebServer] 2026-10-04 20:43:47,438 INFO goatfarm [2f98fd6bde0f4f48a6b44489686693fc] request method=GET path=/api/auth/permissions status=200 duration_ms=19.91
[WebServer] 2026-10-04 20:43:47,482 INFO goatfarm [98b4631cb90841d59b28205b1b90b750] request method=GET path=/api/breeding status=200 duration_ms=34.19
[WebServer] 2026-10-04 20:43:47,886 INFO goatfarm [6dac2b8adb044f588530c9b5f91e8669] request method=POST path=/api/breeding/2/ultrasound status=200 duration_ms=125.14
[WebServer] 2026-10-04 20:43:47,910 INFO goatfarm [6d50d06644d44a1f9f678b5a8982a503] request method=GET path=/api/breeding status=200 duration_ms=20.85
[WebServer] 2026-10-04 20:43:48,135 INFO goatfarm [a46d9b07da5d46679876ca29fae0cb0e] request method=POST path=/api/auth/refresh status=200 duration_ms=130.00
[WebServer] 2026-10-04 20:43:48,150 INFO goatfarm [3bc9e1e43f0e4ab2a5d2e564a347ce57] request method=GET path=/api/auth/farms status=200 duration_ms=11.48
[WebServer] 2026-10-04 20:43:48,170 INFO goatfarm [778756c7d1a345ca9d3260238b213d42] request method=GET path=/api/auth/permissions status=200 duration_ms=10.43
[WebServer] 2026-10-04 20:43:48,215 INFO goatfarm [b313227c5d084d92a4bad26952fee304] request method=GET path=/api/animals status=200 duration_ms=30.90
[WebServer] 2026-10-04 20:43:48,534 INFO goatfarm [ecf73b19cb8b43c2b90e12fffa56bf31] request method=GET path=/api/animals status=200 duration_ms=28.42
[WebServer] 2026-10-04 20:43:49,047 INFO goatfarm [95d41818891f4ce5877559b25adcfb2a] request method=GET path=/api/animals/10 status=200 duration_ms=25.12
[WebServer] 2026-10-04 20:43:49,071 INFO goatfarm [e62e401fcacd4c2e89b23fbdc0e10569] request method=GET path=/api/health/restrictions/10 status=200 duration_ms=14.56
[WebServer] 2026-10-04 20:43:49,072 INFO goatfarm [1a44cfab9d24499dba3bfb6bec476029] request method=GET path=/api/finance/animals/10/lifetime-pnl status=200 duration_ms=16.80
  ✓   72 [chromium] › e2e/breeding-flow.spec.ts:16:3 › breeding flow › doe is bred, confirmed pregnant via ultrasound, moves to PREGNANCY_EARLY (5.7s)
[WebServer] 2026-10-04 20:43:49,533 INFO goatfarm [cc0470d75ee643c4bf158304d5a5e96a] request method=POST path=/api/auth/register status=201 duration_ms=148.12
[WebServer] 2026-10-04 20:43:49,560 INFO goatfarm [f8fd967401bd494c9df6b34a1a05988d] request method=POST path=/api/auth/farms status=201 duration_ms=24.02
[WebServer] 2026-10-04 20:43:49,573 INFO goatfarm [6204e06ac7764724895bcc9804492d0a] request method=GET path=/api/team status=200 duration_ms=10.25
[WebServer] 2026-10-04 20:43:49,656 INFO goatfarm.audit [946fdd4e2047459aa8130be121988847] security_event event='team.worker.create' farm_id=5 actor_id=8 membership_id=2 user_id=9 role_id=43 — provisioned worker account with must-change credential
[WebServer] 2026-10-04 20:43:49,657 INFO goatfarm [946fdd4e2047459aa8130be121988847] request method=POST path=/api/team/workers status=201 duration_ms=78.80
[WebServer] 2026-10-04 20:43:49,814 INFO goatfarm [1d96e9e4de1c415e9fa87df69ec9744c] request method=POST path=/api/auth/login status=200 duration_ms=154.48
[WebServer] 2026-10-04 20:43:50,017 INFO goatfarm.audit [6c2ce8f61cab4562b5671c19aa6df405] security_event event='auth.password.changed' user_id=9 — Password changed (all sessions revoked)
[WebServer] 2026-10-04 20:43:50,017 INFO goatfarm [6c2ce8f61cab4562b5671c19aa6df405] request method=POST path=/api/auth/change-password status=200 duration_ms=199.71
[WebServer] 2026-10-04 20:43:50,033 WARNING goatfarm.audit [0e3a776064794a8e81e29eebbc921d05] security_signal_started event='rbac.denied' aggregation='process-memory' — authenticated requests missing a required permission
[WebServer] 2026-10-04 20:43:50,033 INFO goatfarm [0e3a776064794a8e81e29eebbc921d05] request method=GET path=/api/finance status=403 duration_ms=12.92
  ✓   73 [chromium] › e2e/cross-tenant.spec.ts:94:3 › cross-tenant and horizontal authorization negatives › a provisioned worker without finance.view is refused 403 on the finance API (956ms)
[WebServer] 2026-10-04 20:43:50,190 INFO goatfarm [0d91f49f4c844ce69a1d7d8a4a944eaa] request method=POST path=/api/auth/register status=201 duration_ms=146.46
[WebServer] 2026-10-04 20:43:50,222 INFO goatfarm [2d9c1c595e1e47e9819d035dea20ed7a] request method=POST path=/api/auth/farms status=201 duration_ms=28.77
[WebServer] 2026-10-04 20:43:50,379 INFO goatfarm [9b4fbd70d9354fe2bb2aef88a15acdd6] request method=POST path=/api/auth/register status=201 duration_ms=153.34
[WebServer] 2026-10-04 20:43:50,412 INFO goatfarm [df33a6283e1e42bcb492091fd7f269c2] request method=POST path=/api/auth/farms status=201 duration_ms=29.57
[WebServer] 2026-10-04 20:43:50,441 INFO goatfarm [378116082d99443b89fc94c36e60958b] request method=POST path=/api/animals status=201 duration_ms=26.06
[WebServer] 2026-10-04 20:43:50,463 INFO goatfarm [e5768774661045b78199918983508077] request method=GET path=/api/animals/12 status=200 duration_ms=18.42
[WebServer] 2026-10-04 20:43:50,475 INFO goatfarm [d1220064cf48494fba7d133c80bab1fe] request method=GET path=/api/animals/12 status=404 duration_ms=8.97
[WebServer] 2026-10-04 20:43:50,488 INFO goatfarm [bc832d4c143d4876ad7fa4b6bfed792b] request method=GET path=/api/animals/12 status=404 duration_ms=10.03
  ✓   74 [chromium] › e2e/cross-tenant.spec.ts:157:3 › cross-tenant and horizontal authorization negatives › another farm's owner cannot read this farm's animal: uniform 404s (452ms)
[WebServer] 2026-10-04 20:43:50,498 INFO goatfarm [0424b02529d2433cb0c1f7143ef25276] request method=GET path=/api/animals status=401 duration_ms=0.64
  ✓   75 [chromium] › e2e/cross-tenant.spec.ts:202:3 › cross-tenant and horizontal authorization negatives › logged-out API access is refused 401 (6ms)
[WebServer] 2026-10-04 20:43:50,668 INFO goatfarm [f42f45fa373e4e58afc80774f2d97f0d] request method=POST path=/api/auth/refresh status=401 duration_ms=0.77
[WebServer] 2026-10-04 20:43:50,932 INFO goatfarm [ba8a2d1a2213413aa2de947ed0d86cf0] request method=POST path=/api/auth/login status=200 duration_ms=171.29
[WebServer] 2026-10-04 20:43:50,946 INFO goatfarm [7b079cd84e1243e9a7c5c20e39c5a9d8] request method=GET path=/api/auth/farms status=200 duration_ms=10.88
[WebServer] 2026-10-04 20:43:50,958 INFO goatfarm [d2c45edac61045768e735c8692554819] request method=GET path=/api/auth/permissions status=200 duration_ms=8.81
[WebServer] 2026-10-04 20:43:51,031 INFO goatfarm [c5db8bf61e864b178e1fffca32e617f9] request method=GET path=/api/dashboard status=200 duration_ms=43.10
[WebServer] 2026-10-04 20:43:51,256 INFO goatfarm [92e6fe71c575488da30a877b2d086d9b] request method=POST path=/api/auth/refresh status=200 duration_ms=125.73
[WebServer] 2026-10-04 20:43:51,268 INFO goatfarm [c4afccbf09074d52b145e2f217657b79] request method=GET path=/api/auth/farms status=200 duration_ms=8.73
[WebServer] 2026-10-04 20:43:51,287 INFO goatfarm [cd9e6f84eba94f43a4fba15af4efc132] request method=GET path=/api/auth/permissions status=200 duration_ms=8.58
[WebServer] 2026-10-04 20:43:51,323 INFO goatfarm [ee0057b991a54498bb3dc81cbfaed149] request method=GET path=/api/animals status=200 duration_ms=18.65
[WebServer] 2026-10-04 20:43:51,692 INFO goatfarm [01c21897a11045dbb2845280a157c713] request method=POST path=/api/animals status=201 duration_ms=46.00
[WebServer] 2026-10-04 20:43:51,725 INFO goatfarm [1b8ae43569cf4056a836d7a02e298f7b] request method=GET path=/api/animals status=200 duration_ms=27.46
[WebServer] 2026-10-04 20:43:56,191 INFO goatfarm [1e0754e636de48e8a27059e18399de7c] request method=POST path=/api/auth/farms status=201 duration_ms=67.97
[WebServer] 2026-10-04 20:43:56,210 INFO goatfarm [fcccd3718159447482980ca1600546d6] request method=GET path=/api/auth/farms status=200 duration_ms=16.27
[WebServer] 2026-10-04 20:43:56,220 INFO goatfarm [90c8cd4d2e1e4bc7a782aa322eb2bb1e] request method=GET path=/api/auth/permissions status=200 duration_ms=7.56
[WebServer] 2026-10-04 20:43:56,250 INFO goatfarm [14044642400f40e5876122c56b1da041] request method=GET path=/api/animals status=200 duration_ms=11.36
[WebServer] 2026-10-04 20:43:56,422 INFO goatfarm [894764e8d85a4c1aab89555643f3ed48] request method=GET path=/api/auth/permissions status=200 duration_ms=8.70
[WebServer] 2026-10-04 20:43:56,464 INFO goatfarm [16b2ba5b78a54ee483dd09d9ee2d99d2] request method=GET path=/api/animals status=200 duration_ms=27.83
[WebServer] 2026-10-04 20:43:56,779 INFO goatfarm [8292303eeaac4fe7ad5fcfc3b6d9e8da] request method=GET path=/api/animals status=200 duration_ms=18.64
  ✓   76 [chromium] › e2e/farm-switch.spec.ts:22:3 › farm switching › switching farms renders none of the previous farm's cached data (6.7s)
[WebServer] 2026-10-04 20:43:57,419 INFO goatfarm [af1ad7bf827f406b97376b1c5093904a] request method=POST path=/api/auth/refresh status=401 duration_ms=0.70
[WebServer] 2026-10-04 20:43:57,670 INFO goatfarm [f88dc6501a0b438f808418535267aa3b] request method=POST path=/api/auth/login status=200 duration_ms=158.28
[WebServer] 2026-10-04 20:43:57,683 INFO goatfarm [6b17e93f955145fdab42386447d4525f] request method=GET path=/api/auth/farms status=200 duration_ms=10.84
[WebServer] 2026-10-04 20:43:57,695 INFO goatfarm [3f68e4eb78e942a495026e1102b7026d] request method=GET path=/api/auth/permissions status=200 duration_ms=8.01
[WebServer] 2026-10-04 20:43:57,773 INFO goatfarm [0ebe183bb36a48229fd0e202c6bb796a] request method=GET path=/api/dashboard status=200 duration_ms=41.49
[WebServer] 2026-10-04 20:43:57,994 INFO goatfarm [24250ef5044a43b4a4b7a510dc304294] request method=POST path=/api/auth/refresh status=200 duration_ms=125.58
[WebServer] 2026-10-04 20:43:58,007 INFO goatfarm [f1671f71f1214506bbfd3a48e141c8f1] request method=GET path=/api/auth/farms status=200 duration_ms=9.55
[WebServer] 2026-10-04 20:43:58,027 INFO goatfarm [2579211c6f4d4cc8af9414342965d62c] request method=GET path=/api/auth/permissions status=200 duration_ms=10.84
[WebServer] 2026-10-04 20:43:58,064 INFO goatfarm [c1a7f47f9f864d9dbb9dc74f522bc0c1] request method=GET path=/api/animals status=200 duration_ms=22.64
[WebServer] 2026-10-04 20:43:58,502 INFO goatfarm [6193979c89124b9ba0580b5daa74806e] request method=POST path=/api/animals status=201 duration_ms=36.95
[WebServer] 2026-10-04 20:43:58,535 INFO goatfarm [51fecce48d43465c9494f1a8aa872e42] request method=GET path=/api/animals status=200 duration_ms=29.18
[WebServer] 2026-10-04 20:43:58,738 INFO goatfarm [556e56af5a35402eb5679631b011e9f8] request method=POST path=/api/auth/refresh status=200 duration_ms=124.32
[WebServer] 2026-10-04 20:43:58,748 INFO goatfarm [9abab7ababac42628ae938366e3809a4] request method=GET path=/api/auth/farms status=200 duration_ms=7.57
[WebServer] 2026-10-04 20:43:58,765 INFO goatfarm [9319960bd93f46e4a10667dc919927a6] request method=GET path=/api/auth/permissions status=200 duration_ms=7.41
[WebServer] 2026-10-04 20:43:58,784 INFO goatfarm [c3b27a5d661a492aac02546ce8c10030] request method=GET path=/api/feeding/inventory status=200 duration_ms=11.59
[WebServer] 2026-10-04 20:43:58,786 INFO goatfarm [8a20016e8dc549e7940488087cb6a8fc] request method=GET path=/api/feeding/finished-stock status=200 duration_ms=11.85
[WebServer] 2026-10-04 20:43:58,906 INFO goatfarm [d97bedd801dc461082776721b2d53ffb] request method=POST path=/api/feeding/inventory/2/add status=200 duration_ms=22.40
[WebServer] 2026-10-04 20:43:58,930 INFO goatfarm [86e6fbdbe3524e22a7f4cb39f9adb96f] request method=GET path=/api/feeding/finished-stock status=200 duration_ms=11.89
[WebServer] 2026-10-04 20:43:58,931 INFO goatfarm [d0dc8becd9d64f569224fc351992bd2b] request method=GET path=/api/feeding/inventory status=200 duration_ms=13.79
[WebServer] 2026-10-04 20:43:59,163 INFO goatfarm [44efc73d23c845df8d2e65bd44a04c8a] request method=POST path=/api/auth/refresh status=200 duration_ms=131.67
[WebServer] 2026-10-04 20:43:59,174 INFO goatfarm [caecba1227b1427bb143d4185330e1d6] request method=GET path=/api/auth/farms status=200 duration_ms=7.50
[WebServer] 2026-10-04 20:43:59,190 INFO goatfarm [c1bd4fc9dca440058211c0796f0ce8d6] request method=GET path=/api/auth/permissions status=200 duration_ms=7.33
[WebServer] 2026-10-04 20:43:59,222 INFO goatfarm [7059c4d145f24038b776e7b244b9dfb6] request method=GET path=/api/feeding/records status=200 duration_ms=19.89
[WebServer] 2026-10-04 20:43:59,224 INFO goatfarm [f6e10833abac4e42be2e0baca13c1829] request method=GET path=/api/feeding/recipes status=200 duration_ms=22.07
[WebServer] 2026-10-04 20:43:59,243 INFO goatfarm [bf9230aba9cd4645a8c5b467932b9019] request method=GET path=/api/feeding/plan status=200 duration_ms=42.77
[WebServer] 2026-10-04 20:43:59,697 INFO goatfarm [991c0a3e066d40bc89056344ba769f32] request method=POST path=/api/feeding/dispense status=201 duration_ms=42.16
[WebServer] 2026-10-04 20:43:59,721 INFO goatfarm [2479fc6e3b274c069fc7a0d7b9e44f91] request method=GET path=/api/feeding/recipes status=200 duration_ms=19.79
[WebServer] 2026-10-04 20:43:59,721 INFO goatfarm [e37a55a32a6d4ea9826a64ae580bf46e] request method=GET path=/api/feeding/records status=200 duration_ms=20.75
[WebServer] 2026-10-04 20:43:59,737 INFO goatfarm [4d25d95f68d040f2a2c85478f101a467] request method=GET path=/api/feeding/plan status=200 duration_ms=37.84
  ✓   77 [chromium] › e2e/feeding-finance.spec.ts:6:3 › feeding and finance › feeding plan shows the 40/20/40 shift split and records a dispense (2.5s)
[WebServer] 2026-10-04 20:43:59,960 INFO goatfarm [2816047b20f2493caf6de78afed21aec] request method=POST path=/api/auth/refresh status=401 duration_ms=0.70
[WebServer] 2026-10-04 20:44:00,249 INFO goatfarm [7cb38d72938c4e2db12875208aa7efb3] request method=POST path=/api/auth/login status=200 duration_ms=187.87
[WebServer] 2026-10-04 20:44:00,264 INFO goatfarm [a827bd2c449e4fe09d86d19258e7b5cc] request method=GET path=/api/auth/farms status=200 duration_ms=11.54
[WebServer] 2026-10-04 20:44:00,273 INFO goatfarm [5adcdc71481f41f49cb845f80c2a10bb] request method=GET path=/api/auth/permissions status=200 duration_ms=6.47
[WebServer] 2026-10-04 20:44:00,348 INFO goatfarm [6f188339a0964a47aade92a88704b461] request method=GET path=/api/dashboard status=200 duration_ms=44.89
[WebServer] 2026-10-04 20:44:00,565 INFO goatfarm [4f9da4da4fad43d284b506b0e743efe5] request method=POST path=/api/auth/refresh status=200 duration_ms=123.24
[WebServer] 2026-10-04 20:44:00,575 INFO goatfarm [0166f04fe9234f04a44bb5d293a8d1ba] request method=GET path=/api/auth/farms status=200 duration_ms=6.72
[WebServer] 2026-10-04 20:44:00,593 INFO goatfarm [65d299f0690a4d7e9117d148c1223c8f] request method=GET path=/api/auth/permissions status=200 duration_ms=8.61
[WebServer] 2026-10-04 20:44:00,637 INFO goatfarm [623a3bcef04a4933be458774cb417243] request method=GET path=/api/finance status=200 duration_ms=33.32
[WebServer] 2026-10-04 20:44:01,043 INFO goatfarm [30dc680f748f4776a1a5e0058e6d87c2] request method=POST path=/api/finance/new status=201 duration_ms=22.05
[WebServer] 2026-10-04 20:44:01,075 INFO goatfarm [97a58a4df175455586d636292046c9f5] request method=GET path=/api/finance status=200 duration_ms=29.09
  ✓   78 [chromium] › e2e/feeding-finance.spec.ts:77:3 › feeding and finance › adding an expense transaction lists it in the ledger (1.3s)
[WebServer] 2026-10-04 20:44:01,277 INFO goatfarm [c32280c6f250463cb1161df330844b59] request method=POST path=/api/auth/refresh status=401 duration_ms=0.69
[WebServer] 2026-10-04 20:44:01,556 INFO goatfarm [4e2087c2b45b45ee9231b719458848da] request method=POST path=/api/auth/login status=200 duration_ms=177.77
[WebServer] 2026-10-04 20:44:01,567 INFO goatfarm [25f78cc3cfa9424f856deb61e709995d] request method=GET path=/api/auth/farms status=200 duration_ms=8.00
[WebServer] 2026-10-04 20:44:01,580 INFO goatfarm [74eb88843f664bd2a07000a00ba071ce] request method=GET path=/api/auth/permissions status=200 duration_ms=9.45
[WebServer] 2026-10-04 20:44:01,657 INFO goatfarm [b369a401bf1949daac63690c4bfb2e46] request method=GET path=/api/dashboard status=200 duration_ms=43.16
[WebServer] 2026-10-04 20:44:01,876 INFO goatfarm [8b3ce573c1424fe58685b17a1ca1eb75] request method=POST path=/api/auth/refresh status=200 duration_ms=121.11
[WebServer] 2026-10-04 20:44:01,887 INFO goatfarm [c218bcc285d348b28312ff8e4ce735f6] request method=GET path=/api/auth/farms status=200 duration_ms=8.46
[WebServer] 2026-10-04 20:44:01,903 INFO goatfarm [92d0a369afc442cd8570e376b2998343] request method=GET path=/api/auth/permissions status=200 duration_ms=6.43
[WebServer] 2026-10-04 20:44:01,965 INFO goatfarm [f6fa028894ba44aa8c385e504d2c9c0a] request method=GET path=/api/animals status=200 duration_ms=44.32
[WebServer] 2026-10-04 20:44:02,496 INFO goatfarm [5e4a7f8624f54d08b2fae1ea79a8514f] request method=POST path=/api/animals status=201 duration_ms=31.56
[WebServer] 2026-10-04 20:44:02,518 INFO goatfarm [0b7d0e3c148246a7a1b65a8b7f422de7] request method=GET path=/api/animals status=200 duration_ms=17.78
[WebServer] 2026-10-04 20:44:02,694 INFO goatfarm [716644f6a4c0463796c0f8a98eb090ab] request method=POST path=/api/auth/refresh status=200 duration_ms=114.61
[WebServer] 2026-10-04 20:44:02,704 INFO goatfarm [04069eb6a9bc44ccbf60be048fd26a00] request method=GET path=/api/auth/farms status=200 duration_ms=7.18
[WebServer] 2026-10-04 20:44:02,719 INFO goatfarm [d1f91de8f364495285436db7d4626a25] request method=GET path=/api/auth/permissions status=200 duration_ms=6.27
[WebServer] 2026-10-04 20:44:02,761 INFO goatfarm [cf1873f06bd048e6a924e75da4e3266b] request method=GET path=/api/dashboard/reports status=200 duration_ms=31.55
  ✓   79 [chromium] › e2e/feeding-finance.spec.ts:113:3 › feeding and finance › reports page renders herd summary, breeding performance and mortality (1.7s)
[WebServer] 2026-10-04 20:44:02,952 INFO goatfarm [96a17a4f51964f59999fe5292653201c] request method=POST path=/api/auth/refresh status=401 duration_ms=0.74
[WebServer] 2026-10-04 20:44:03,210 INFO goatfarm [70a1386bd8564b18a83079f984cb5485] request method=POST path=/api/auth/login status=200 duration_ms=164.88
[WebServer] 2026-10-04 20:44:03,220 INFO goatfarm [15eda0ca83e341bab9ea953beaa4291d] request method=GET path=/api/auth/farms status=200 duration_ms=7.39
[WebServer] 2026-10-04 20:44:03,230 INFO goatfarm [59f93054effb46b0bd614d29e9377407] request method=GET path=/api/auth/permissions status=200 duration_ms=6.81
[WebServer] 2026-10-04 20:44:03,301 INFO goatfarm [597a6ac1cc4f45b9ba53d144e5b08553] request method=GET path=/api/dashboard status=200 duration_ms=40.89
[WebServer] 2026-10-04 20:44:03,529 INFO goatfarm [aa99c76c579c420cb7e1cdf90032d8a9] request method=POST path=/api/auth/refresh status=200 duration_ms=123.77
[WebServer] 2026-10-04 20:44:03,540 INFO goatfarm [fa1b02f720fe42a1a6457f5bd30a979a] request method=GET path=/api/auth/farms status=200 duration_ms=7.80
[WebServer] 2026-10-04 20:44:03,557 INFO goatfarm [9a0fb5ebead942d0b24367fc921f0c44] request method=GET path=/api/auth/permissions status=200 duration_ms=8.22
[WebServer] 2026-10-04 20:44:03,621 INFO goatfarm [3de1e50537f44a21b9e5f071996574cf] request method=GET path=/api/animals status=200 duration_ms=49.53
[WebServer] 2026-10-04 20:44:03,943 INFO goatfarm [26af03abba4246599411c29307229796] request method=POST path=/api/animals status=201 duration_ms=29.55
[WebServer] 2026-10-04 20:44:03,995 INFO goatfarm [f58cd8ac1c52434eb542f0767258354a] request method=GET path=/api/animals status=200 duration_ms=48.35
[WebServer] 2026-10-04 20:44:04,148 INFO goatfarm [1e692b52c1f04240bbae0fb365c7247c] request method=POST path=/api/auth/refresh status=200 duration_ms=128.83
[WebServer] 2026-10-04 20:44:04,162 INFO goatfarm [e8c52b1ca053481588b56f53583254b2] request method=GET path=/api/auth/farms status=200 duration_ms=10.60
[WebServer] 2026-10-04 20:44:04,177 INFO goatfarm [dad6978bf3cb419ab0754d34f86dc324] request method=GET path=/api/auth/permissions status=200 duration_ms=6.85
[WebServer] 2026-10-04 20:44:04,205 INFO goatfarm [8c308bc3b2524c41becb71b2b578e072] request method=GET path=/api/health/schedule-templates status=200 duration_ms=13.57
[WebServer] 2026-10-04 20:44:04,206 INFO goatfarm [521ec54f2c654efe9eb70d9f29959b93] request method=GET path=/api/health/events status=200 duration_ms=15.63
[WebServer] 2026-10-04 20:44:04,335 INFO goatfarm [13a1b51cdb114e64b77796e2ed86cdc9] request method=GET path=/api/tasks status=200 duration_ms=17.27
[WebServer] 2026-10-04 20:44:04,515 INFO goatfarm [48a93c1ce7e343f9b3fd609a53baefff] request method=GET path=/api/health/animals status=200 duration_ms=16.09
[WebServer] 2026-10-04 20:44:04,888 INFO goatfarm [0dcb7a1311dd4e88a858be8a389217c0] request method=POST path=/api/health/events status=201 duration_ms=32.28
[WebServer] 2026-10-04 20:44:04,923 INFO goatfarm [7592d3128411487d9e1040524ab7e4af] request method=GET path=/api/health/schedule-templates status=200 duration_ms=26.40
[WebServer] 2026-10-04 20:44:04,932 INFO goatfarm [3b5e2e0f5941466d9c01922cd07dbed9] request method=GET path=/api/health/events status=200 duration_ms=38.63
[WebServer] 2026-10-04 20:44:04,932 INFO goatfarm [6f68ec1e26934761895113f5b67d39d5] request method=GET path=/api/tasks status=200 duration_ms=37.62
[WebServer] 2026-10-04 20:44:05,139 INFO goatfarm [25ea96b25857419fa7bb4fcea4752918] request method=POST path=/api/auth/refresh status=200 duration_ms=122.11
[WebServer] 2026-10-04 20:44:05,150 INFO goatfarm [f80b9b0d18104591a726d71f12f7e53e] request method=GET path=/api/auth/farms status=200 duration_ms=7.95
[WebServer] 2026-10-04 20:44:05,167 INFO goatfarm [ff4dcb59efb94db2a4a2330d4fbabc20] request method=GET path=/api/auth/permissions status=200 duration_ms=6.70
[WebServer] 2026-10-04 20:44:05,199 INFO goatfarm [21a4bca4b9aa4c1d868b61d72d1d7bd6] request method=GET path=/api/animals status=200 duration_ms=19.47
[WebServer] 2026-10-04 20:44:05,536 INFO goatfarm [82687ea6e59b486dbc76f5631784ab28] request method=GET path=/api/animals status=200 duration_ms=19.13
[WebServer] 2026-10-04 20:44:06,064 INFO goatfarm [db9576f4364a4e2f9d8a5989e3aa0579] request method=GET path=/api/animals/16 status=200 duration_ms=23.56
[WebServer] 2026-10-04 20:44:06,086 INFO goatfarm [0951b91bc8b6453abc42b48854c6f766] request method=GET path=/api/health/restrictions/16 status=200 duration_ms=11.38
[WebServer] 2026-10-04 20:44:06,094 INFO goatfarm [a6f9ad7c17fa410fa47bd7236a3fb7e9] request method=GET path=/api/finance/animals/16/lifetime-pnl status=200 duration_ms=20.29
[WebServer] 2026-10-04 20:44:06,268 INFO goatfarm [b273ad580c71429ab008488e42cec310] request method=POST path=/api/auth/refresh status=200 duration_ms=123.93
[WebServer] 2026-10-04 20:44:06,279 INFO goatfarm [b23f60059abc484e9ee0fb32db68c91e] request method=GET path=/api/auth/farms status=200 duration_ms=7.91
[WebServer] 2026-10-04 20:44:06,294 INFO goatfarm [77c3a57c129a4d54b5c1e04dcc67f3d9] request method=GET path=/api/auth/permissions status=200 duration_ms=7.17
[WebServer] 2026-10-04 20:44:06,322 INFO goatfarm [c0696fab39cd465b85947edd6a86c75e] request method=GET path=/api/health/schedule-templates status=200 duration_ms=15.09
[WebServer] 2026-10-04 20:44:06,322 INFO goatfarm [f7ddb90061304cb392d526d694df911e] request method=GET path=/api/health/events status=200 duration_ms=16.44
[WebServer] 2026-10-04 20:44:06,390 INFO goatfarm [7334429d5e9749b7af23e3a9e4ae267e] request method=GET path=/api/health/animals status=200 duration_ms=15.72
[WebServer] 2026-10-04 20:44:06,686 INFO goatfarm [73e6f25f9fdc428db7336422758eb100] request method=GET path=/api/health/schedule/16 status=200 duration_ms=33.01
  ✓   80 [chromium] › e2e/health-flow.spec.ts:14:3 › health flow › record a vaccine event — event log, profile health card, schedule badge (3.9s)
[WebServer] 2026-10-04 20:44:06,893 INFO goatfarm [2d674fd967ed424c9d26058047308557] request method=POST path=/api/auth/refresh status=401 duration_ms=0.65
[WebServer] 2026-10-04 20:44:07,167 INFO goatfarm [ebe858950e8f4aa8973d883cdc42abf0] request method=POST path=/api/auth/login status=200 duration_ms=181.13
[WebServer] 2026-10-04 20:44:07,180 INFO goatfarm [9adde2accf9f461d8d1755110787f370] request method=GET path=/api/auth/farms status=200 duration_ms=9.85
[WebServer] 2026-10-04 20:44:07,190 INFO goatfarm [90bb4b55f0ec4e23b174b996cdb42e01] request method=GET path=/api/auth/permissions status=200 duration_ms=7.52
[WebServer] 2026-10-04 20:44:07,263 INFO goatfarm [b035a70a382f4bbcb58e1dea5749665c] request method=GET path=/api/dashboard status=200 duration_ms=42.50
[WebServer] 2026-10-04 20:44:07,475 INFO goatfarm [f1794bf7f84246c7bdcb9ca4f20c3f8e] request method=POST path=/api/auth/refresh status=200 duration_ms=117.95
[WebServer] 2026-10-04 20:44:07,488 INFO goatfarm [cdf833b41ae54088bc708e7496a50203] request method=GET path=/api/auth/farms status=200 duration_ms=10.33
[WebServer] 2026-10-04 20:44:07,506 INFO goatfarm [56e926914dcf4360bd765b0e5337efc5] request method=GET path=/api/auth/permissions status=200 duration_ms=8.33
[WebServer] 2026-10-04 20:44:07,540 INFO goatfarm [a56ba97f97204ca193fde3749e4edeb7] request method=GET path=/api/animals status=200 duration_ms=19.71
[WebServer] 2026-10-04 20:44:08,065 INFO goatfarm [7414af4ecc284e6da0cf1dd1d618b5b5] request method=POST path=/api/animals status=201 duration_ms=48.21
[WebServer] 2026-10-04 20:44:08,084 INFO goatfarm [61ac59090f9842fcbcdb8dbe47829f2c] request method=GET path=/api/animals status=200 duration_ms=15.00
[WebServer] 2026-10-04 20:44:08,287 INFO goatfarm [28595bc2cdbc4d539a1cb00cbea9f929] request method=POST path=/api/auth/refresh status=200 duration_ms=124.75
[WebServer] 2026-10-04 20:44:08,301 INFO goatfarm [7d504316bf7f42d298d535ce891a54a3] request method=GET path=/api/auth/farms status=200 duration_ms=11.21
[WebServer] 2026-10-04 20:44:08,319 INFO goatfarm [e132d9b572da4098853a6ca747c6f615] request method=GET path=/api/auth/permissions status=200 duration_ms=8.32
[WebServer] 2026-10-04 20:44:08,349 INFO goatfarm [10e8728e2c0e4fb98a89ef1a4c6199ac] request method=GET path=/api/v1/insights status=404 duration_ms=2.17
[WebServer] 2026-10-04 20:44:08,356 INFO goatfarm [fde2a231558a49fe85e70d33cba9ed92] request method=GET path=/api/animals status=200 duration_ms=23.06
[WebServer] 2026-10-04 20:44:08,359 INFO goatfarm [cbafbc841eec4938affa69dce4f6cd1f] request method=GET path=/api/v1/insights status=404 duration_ms=0.71
[WebServer] 2026-10-04 20:44:08,768 INFO goatfarm [0e8b4aced6c3452983fd247f2be40ca3] request method=POST path=/api/animals status=201 duration_ms=32.91
[WebServer] 2026-10-04 20:44:08,799 INFO goatfarm [c59748a94b6a4ca89c612f641daca5eb] request method=GET path=/api/animals status=200 duration_ms=27.49
[WebServer] 2026-10-04 20:44:09,000 INFO goatfarm [e2965ef238214800b0f5d4b21c274524] request method=POST path=/api/auth/refresh status=200 duration_ms=122.76
[WebServer] 2026-10-04 20:44:09,009 INFO goatfarm [b61d118aa71b4728b196369a1be887b8] request method=GET path=/api/auth/farms status=200 duration_ms=6.43
[WebServer] 2026-10-04 20:44:09,027 INFO goatfarm [f0d13395215b4cde9dc22ebf3eb66fcd] request method=GET path=/api/auth/permissions status=200 duration_ms=8.52
[WebServer] 2026-10-04 20:44:09,056 INFO goatfarm [124d21c808f54ac9a5d504eb85ea93f9] request method=GET path=/api/breeding status=200 duration_ms=20.10
[WebServer] 2026-10-04 20:44:09,421 INFO goatfarm [8e976460aba44be18bd028d19dd64038] request method=GET path=/api/breeding/candidates status=200 duration_ms=13.88
[WebServer] 2026-10-04 20:44:09,535 INFO goatfarm [a52c25bbe85b4787b4d5175ecdb96f9f] request method=GET path=/api/breeding/candidates status=200 duration_ms=14.34
[WebServer] 2026-10-04 20:44:09,718 INFO goatfarm [9f10d2431c5e457a883a297c69616511] request method=POST path=/api/breeding status=201 duration_ms=83.76
[WebServer] 2026-10-04 20:44:09,740 INFO goatfarm [48715a6f2f0d4251bc1c8c8aa25e3f26] request method=GET path=/api/breeding status=200 duration_ms=18.12
[WebServer] 2026-10-04 20:44:09,985 INFO goatfarm [74aeb7ea06e0400aba8e874e969b52e1] request method=POST path=/api/auth/refresh status=200 duration_ms=108.47
[WebServer] 2026-10-04 20:44:09,996 INFO goatfarm [626c521464f4461a801b86147eca3a0f] request method=GET path=/api/auth/farms status=200 duration_ms=7.99
[WebServer] 2026-10-04 20:44:10,012 INFO goatfarm [e404ff05ef3e445c87c8ab98e909f626] request method=GET path=/api/auth/permissions status=200 duration_ms=6.86
[WebServer] 2026-10-04 20:44:10,052 INFO goatfarm [dbed7f07142149e0aca2e30b4916216f] request method=GET path=/api/breeding status=200 duration_ms=31.00
[WebServer] 2026-10-04 20:44:10,348 INFO goatfarm [0571891a185845cb9e3d055f2d551ebe] request method=POST path=/api/breeding/3/ultrasound status=200 duration_ms=61.20
[WebServer] 2026-10-04 20:44:10,370 INFO goatfarm [0c615bf9adb24cc0a2e2ec02faec5813] request method=GET path=/api/breeding status=200 duration_ms=19.02
[WebServer] 2026-10-04 20:44:10,543 INFO goatfarm [9e3267a674734b75b53ca6d0597b22e7] request method=POST path=/api/auth/refresh status=200 duration_ms=116.82
[WebServer] 2026-10-04 20:44:10,553 INFO goatfarm [5e17e9c7cd4349b68dabe2adb65d9c62] request method=GET path=/api/auth/farms status=200 duration_ms=7.69
[WebServer] 2026-10-04 20:44:10,569 INFO goatfarm [30881d3c20494bfc966879f34ae9d75e] request method=GET path=/api/auth/permissions status=200 duration_ms=6.50
[WebServer] 2026-10-04 20:44:10,612 INFO goatfarm [d7a769e39af1435998806cb956208be7] request method=GET path=/api/kidding status=200 duration_ms=32.29
[WebServer] 2026-10-04 20:44:11,021 INFO goatfarm [0134ce6785cc44779a96cb31fd190439] request method=POST path=/api/kidding status=201 duration_ms=133.73
[WebServer] 2026-10-04 20:44:11,052 INFO goatfarm [35075a44b04f4244a99f66476860d5ad] request method=GET path=/api/kidding status=200 duration_ms=27.89
[WebServer] 2026-10-04 20:44:11,262 INFO goatfarm [67169fb3cc6a4a2e9742eb6a14754936] request method=POST path=/api/auth/refresh status=200 duration_ms=123.73
[WebServer] 2026-10-04 20:44:11,273 INFO goatfarm [53ef7866d16f442c89da88e4b761cec8] request method=GET path=/api/auth/farms status=200 duration_ms=7.27
[WebServer] 2026-10-04 20:44:11,288 INFO goatfarm [3d5cbf8ff40042edaa9710175b5ae53a] request method=GET path=/api/auth/permissions status=200 duration_ms=6.53
[WebServer] 2026-10-04 20:44:11,320 INFO goatfarm [a435ce319d5f466d8d069443d5b8a057] request method=GET path=/api/animals status=200 duration_ms=18.56
[WebServer] 2026-10-04 20:44:11,667 INFO goatfarm [9464a41683ef4d9f8baf5f336f996760] request method=GET path=/api/animals status=200 duration_ms=21.27
[WebServer] 2026-10-04 20:44:12,480 INFO goatfarm [98e461cd93ce44bca897839ad62ce268] request method=GET path=/api/animals status=200 duration_ms=14.46
[WebServer] 2026-10-04 20:44:13,136 INFO goatfarm [cd6123febc0249e0916cff6c9a2b2922] request method=POST path=/api/auth/refresh status=200 duration_ms=128.27
[WebServer] 2026-10-04 20:44:13,150 INFO goatfarm [cfe48e2762294619a70781eabbc2026a] request method=GET path=/api/auth/farms status=200 duration_ms=11.05
[WebServer] 2026-10-04 20:44:13,168 INFO goatfarm [5f480529d9d94b78b97051c2f6d5264f] request method=GET path=/api/auth/permissions status=200 duration_ms=8.10
[WebServer] 2026-10-04 20:44:13,208 INFO goatfarm [00f12fa25425433a9fef71ebfc7d32b9] request method=GET path=/api/animals status=200 duration_ms=27.66
[WebServer] 2026-10-04 20:44:13,538 INFO goatfarm [a0c5cda5e4564afab3ef229d79a593d1] request method=GET path=/api/animals status=200 duration_ms=31.99
[WebServer] 2026-10-04 20:44:14,051 INFO goatfarm [3ffaf14d7ebd4fcbbeb0ac273f2e1ec1] request method=GET path=/api/animals/19 status=200 duration_ms=30.05
[WebServer] 2026-10-04 20:44:14,090 INFO goatfarm [c936cd5d59424ed1b55e876c9aee9eb1] request method=GET path=/api/health/restrictions/19 status=200 duration_ms=28.84
[WebServer] 2026-10-04 20:44:14,093 INFO goatfarm [1764561910b048868260334d9c4a0241] request method=GET path=/api/finance/animals/19/lifetime-pnl status=200 duration_ms=33.63
[WebServer] 2026-10-04 20:44:14,255 INFO goatfarm [34f383d3c49e425a8b9b08bdbc8c565c] request method=POST path=/api/auth/refresh status=200 duration_ms=132.18
[WebServer] 2026-10-04 20:44:14,275 INFO goatfarm [d9fd0b3b2986449a8bf12158a6231dc0] request method=GET path=/api/auth/farms status=200 duration_ms=16.78
[WebServer] 2026-10-04 20:44:14,311 INFO goatfarm [16dd93a6deec42f7b84f3e4748e5e9ef] request method=GET path=/api/auth/permissions status=200 duration_ms=25.91
[WebServer] 2026-10-04 20:44:14,360 INFO goatfarm [36242c3b3ef74c13bd53614c7226b0e0] request method=GET path=/api/animals status=200 duration_ms=35.53
[WebServer] 2026-10-04 20:44:14,746 INFO goatfarm [aef2485347f140728521c1aafbd234cc] request method=GET path=/api/animals status=200 duration_ms=21.65
[WebServer] 2026-10-04 20:44:15,294 INFO goatfarm [0eb0f5354dec4f129c60929da1bf00c7] request method=GET path=/api/animals/17 status=200 duration_ms=47.56
[WebServer] 2026-10-04 20:44:15,315 INFO goatfarm [3f13ac29222947218468ed9e32ad217a] request method=GET path=/api/health/restrictions/17 status=200 duration_ms=12.69
  ✓   81 [chromium] › e2e/kidding-flow.spec.ts:16:3 › kidding flow › overdue pregnancy is kidded with twins — kids become animals, doe moves to RECOVERY (8.6s)
[WebServer] 2026-10-04 20:44:15,340 INFO goatfarm [44aef16eefc4456db1fab4c7ad883e54] request method=GET path=/api/finance/animals/17/lifetime-pnl status=200 duration_ms=39.50
[WebServer] 2026-10-04 20:44:15,492 INFO goatfarm [2fbe54f2638a43f199bb9f50541131bb] request method=POST path=/api/auth/refresh status=401 duration_ms=0.57
[WebServer] 2026-10-04 20:44:15,755 INFO goatfarm [2a365d811e7f474ebe97299fd971d382] request method=POST path=/api/auth/login status=200 duration_ms=168.44
[WebServer] 2026-10-04 20:44:15,764 INFO goatfarm [7a15fe0b298849db9a99aa48a5324d74] request method=GET path=/api/auth/farms status=200 duration_ms=6.46
[WebServer] 2026-10-04 20:44:15,775 INFO goatfarm [2a83be93aa914be1968b20ebbb20a7d5] request method=GET path=/api/auth/permissions status=200 duration_ms=7.80
[WebServer] 2026-10-04 20:44:15,855 INFO goatfarm [58fc8c57cf7941cdb0dd7d5923bdcf87] request method=GET path=/api/dashboard status=200 duration_ms=49.87
[WebServer] 2026-10-04 20:44:16,289 INFO goatfarm [dc98d709fffb4db9a63ad23167bb4644] request method=GET path=/api/animals status=200 duration_ms=19.15
[WebServer] 2026-10-04 20:44:16,636 INFO goatfarm [679ac26e047e439fad78edd30e5a2191] request method=GET path=/api/buckets status=200 duration_ms=16.05
[WebServer] 2026-10-04 20:44:17,479 INFO goatfarm [150ac7c5e635472ebdf72870ddbbef5f] request method=GET path=/api/breeding status=200 duration_ms=20.60
[WebServer] 2026-10-04 20:44:18,331 INFO goatfarm [cd87961a88474118ab72cdf675e116f1] request method=GET path=/api/kidding status=200 duration_ms=35.49
[WebServer] 2026-10-04 20:44:19,148 INFO goatfarm [aecf19f104d5447b95dcaecb26a30207] request method=GET path=/api/health/schedule-templates status=200 duration_ms=21.07
[WebServer] 2026-10-04 20:44:19,154 INFO goatfarm [e2dd30cbe8b5432ea18d57b34029b553] request method=GET path=/api/health/events status=200 duration_ms=28.28
[WebServer] 2026-10-04 20:44:19,498 INFO goatfarm [7eb3077d940b43598b806c026dd6a6e1] request method=GET path=/api/purchases status=200 duration_ms=30.92
[WebServer] 2026-10-04 20:44:20,321 INFO goatfarm [8ba12a1960084a7fbdf211dc98657c00] request method=GET path=/api/feeding/records status=200 duration_ms=18.51
[WebServer] 2026-10-04 20:44:20,326 INFO goatfarm [6275082f744642d1b5b27d6b6d1b318f] request method=GET path=/api/feeding/recipes status=200 duration_ms=21.87
[WebServer] 2026-10-04 20:44:20,329 INFO goatfarm [43b65090f5b54002a98b0c444fcc67a3] request method=GET path=/api/feeding/plan status=200 duration_ms=27.66
[WebServer] 2026-10-04 20:44:21,161 INFO goatfarm [47b3082caaed4efe8ba3687c9dd723fb] request method=GET path=/api/tasks status=200 duration_ms=28.05
[WebServer] 2026-10-04 20:44:21,206 INFO goatfarm [3a8bc291800843e1a47c0de3b40876de] request method=GET path=/api/finance status=200 duration_ms=26.79
[WebServer] 2026-10-04 20:44:21,299 INFO goatfarm [2239f4dc096d441c8eebc56538ce226e] request method=GET path=/api/simulation/defaults status=200 duration_ms=29.02
[WebServer] 2026-10-04 20:44:21,302 INFO goatfarm [c46c3d35852e4c7fbc6c960013c56385] request method=GET path=/api/simulation/defaults/breeds status=200 duration_ms=32.59
[WebServer] 2026-10-04 20:44:21,319 INFO goatfarm [676f14e69eed44c0b7671c498f4e2951] request method=GET path=/api/planner/plans status=200 duration_ms=48.48
[WebServer] 2026-10-04 20:44:21,649 INFO goatfarm [05f0b15dceb34d9b82dbec1eedf508da] request method=GET path=/api/simulation/scenarios status=200 duration_ms=17.98
[WebServer] 2026-10-04 20:44:22,924 INFO goatfarm [1b705e32791d4e2588f76f73b192e58f] request method=GET path=/api/dashboard/reports status=200 duration_ms=77.71
[WebServer] 2026-10-04 20:44:23,203 INFO goatfarm [b78feb628a384965b8b2357e9a542335] request method=GET path=/api/team status=200 duration_ms=17.63
  ✓   82 [chromium] › e2e/navigation-rbac.spec.ts:25:3 › navigation and access control › every nav item loads its page without errors (8.4s)
[WebServer] 2026-10-04 20:44:23,898 INFO goatfarm [9d8e98411e3846c0be92cae69bb7a25c] request method=POST path=/api/auth/refresh status=401 duration_ms=2.77
[WebServer] 2026-10-04 20:44:24,018 INFO goatfarm [021936f56b384cf98d7938ca48506f1d] request method=POST path=/api/auth/refresh status=401 duration_ms=0.63
[WebServer] 2026-10-04 20:44:24,095 INFO goatfarm [b87b9482a4da4c768b70a8eabed159fb] request method=POST path=/api/auth/refresh status=401 duration_ms=0.73
[WebServer] 2026-10-04 20:44:24,187 INFO goatfarm [fc01982bcb29498f92cb82ced8b653ce] request method=POST path=/api/auth/refresh status=401 duration_ms=1.28
[WebServer] 2026-10-04 20:44:24,280 INFO goatfarm [2b4dece1ec334d19bdefc265d83f4f39] request method=POST path=/api/auth/refresh status=401 duration_ms=1.80
[WebServer] 2026-10-04 20:44:24,369 INFO goatfarm [451a07dbdaf74facbf89ed31ffb6fe03] request method=POST path=/api/auth/refresh status=401 duration_ms=0.77
[WebServer] 2026-10-04 20:44:24,444 INFO goatfarm [691bac9b0ad643dbacbf1cc906ac228b] request method=POST path=/api/auth/refresh status=401 duration_ms=0.68
[WebServer] 2026-10-04 20:44:24,526 INFO goatfarm [3a7828fd00a0454f800600ef21b822d7] request method=POST path=/api/auth/refresh status=401 duration_ms=0.76
[WebServer] 2026-10-04 20:44:24,605 INFO goatfarm [64b707e2b1ed4edda17d1501b8122aa3] request method=POST path=/api/auth/refresh status=401 duration_ms=0.64
[WebServer] 2026-10-04 20:44:24,695 INFO goatfarm [07bfefb0bfd24c6fba29e145abb2bd20] request method=POST path=/api/auth/refresh status=401 duration_ms=1.06
[WebServer] 2026-10-04 20:44:24,776 INFO goatfarm [732c4e9a8fb44a6c99a57a847a853901] request method=POST path=/api/auth/refresh status=401 duration_ms=0.91
[WebServer] 2026-10-04 20:44:24,859 INFO goatfarm [8d39210da896438aaa5c84b61602258b] request method=POST path=/api/auth/refresh status=401 duration_ms=0.88
[WebServer] 2026-10-04 20:44:24,941 INFO goatfarm [e5aa0b1819984879abe2cde9635989f2] request method=POST path=/api/auth/refresh status=401 duration_ms=0.98
[WebServer] 2026-10-04 20:44:25,023 INFO goatfarm [621eed0d2d1a42d592e498b12b287b77] request method=POST path=/api/auth/refresh status=401 duration_ms=0.80
[WebServer] 2026-10-04 20:44:25,111 INFO goatfarm [00658ea54e534f30a0cfeec842c6cc78] request method=POST path=/api/auth/refresh status=401 duration_ms=0.69
  ✓   83 [chromium] › e2e/navigation-rbac.spec.ts:42:3 › navigation and access control › logged-out direct-URL access redirects every app page to /login (1.5s)
[WebServer] 2026-10-04 20:44:25,311 INFO goatfarm [22c89e55d94c422fafa121634ed350fd] request method=POST path=/api/auth/refresh status=401 duration_ms=0.52
[WebServer] 2026-10-04 20:44:25,567 INFO goatfarm [d2d40bf1c07f43f3ab9681f8e4f5cfa4] request method=POST path=/api/auth/login status=200 duration_ms=160.00
[WebServer] 2026-10-04 20:44:25,578 INFO goatfarm [fa337e411678461d80a6000a854f149e] request method=GET path=/api/auth/farms status=200 duration_ms=7.72
[WebServer] 2026-10-04 20:44:25,588 INFO goatfarm [f29bc1a92e0144769c95b1b69f2dc2ac] request method=GET path=/api/auth/permissions status=200 duration_ms=7.16
[WebServer] 2026-10-04 20:44:25,663 INFO goatfarm [3636f44c3d024685931e37aed3b4fd5e] request method=GET path=/api/dashboard status=200 duration_ms=46.58
[WebServer] 2026-10-04 20:44:25,878 INFO goatfarm [28ed97a69f3b4e799d1012f8e973afe3] request method=POST path=/api/auth/refresh status=200 duration_ms=116.29
[WebServer] 2026-10-04 20:44:25,887 INFO goatfarm [066c9832d56b4339afbe59f1989ba26a] request method=GET path=/api/auth/farms status=200 duration_ms=5.86
[WebServer] 2026-10-04 20:44:25,904 INFO goatfarm [22a9ccfe2ac94790bf69bb4a87e94374] request method=GET path=/api/auth/permissions status=200 duration_ms=7.20
[WebServer] 2026-10-04 20:44:26,064 INFO goatfarm [94bc4649b9ad4dfe93038de338307b58] request method=POST path=/api/ops-sim/run status=200 duration_ms=22.14
  ✓   84 [chromium] › e2e/ops-simulation.spec.ts:17:3 › ops simulation › renders its sections and replays the toy herd for one week (986ms)
[WebServer] 2026-10-04 20:44:26,305 INFO goatfarm [16e84e457bea410ea75c8418bfb41e22] request method=POST path=/api/auth/refresh status=401 duration_ms=0.65
[WebServer] 2026-10-04 20:44:26,605 INFO goatfarm [93c1f90219704015bea004c59018dbb4] request method=POST path=/api/auth/login status=200 duration_ms=196.94
[WebServer] 2026-10-04 20:44:26,617 INFO goatfarm [640e4fd359674e45a05eb72399a9d8f7] request method=GET path=/api/auth/farms status=200 duration_ms=8.83
[WebServer] 2026-10-04 20:44:26,627 INFO goatfarm [3e1496a4f62a4c73bc94add4e12c6481] request method=GET path=/api/auth/permissions status=200 duration_ms=6.99
[WebServer] 2026-10-04 20:44:26,711 INFO goatfarm [ada11e50bbfb41278b13901e5e86b6eb] request method=GET path=/api/dashboard status=200 duration_ms=53.37
[WebServer] 2026-10-04 20:44:26,902 INFO goatfarm [1cd6c67bff2a4b87ae586b37799957d0] request method=POST path=/api/auth/refresh status=200 duration_ms=132.55
[WebServer] 2026-10-04 20:44:26,918 INFO goatfarm [4e3288d26fc44f3f9bbc45dcb7296f7d] request method=GET path=/api/auth/farms status=200 duration_ms=12.56
[WebServer] 2026-10-04 20:44:26,952 INFO goatfarm [c68d3acde7b146929f99cd688a481b4d] request method=GET path=/api/auth/permissions status=200 duration_ms=24.15
  ✓   85 [chromium] › e2e/ops-simulation.spec.ts:62:3 › ops simulation › a row without a tag is reported inline, blocks the run, and never reaches the API (918ms)
[WebServer] 2026-10-04 20:44:27,557 INFO goatfarm [fb9318de31384d5f996fc2292b6f513f] request method=POST path=/api/auth/register status=201 duration_ms=140.51
[WebServer] 2026-10-04 20:44:27,591 INFO goatfarm [04d30c03360342ac8708f890c44039a2] request method=POST path=/api/auth/farms status=201 duration_ms=29.81
[WebServer] 2026-10-04 20:44:27,608 INFO goatfarm [468bafdc9eab4815bbecbe7cbd7a665a] request method=GET path=/api/team status=200 duration_ms=13.46
[WebServer] 2026-10-04 20:44:27,702 INFO goatfarm.audit [766eb8152bc842cea3661a2babe33154] security_event event='team.worker.create' farm_id=9 actor_id=12 membership_id=3 user_id=13 role_id=79 — provisioned worker account with must-change credential
[WebServer] 2026-10-04 20:44:27,702 INFO goatfarm [766eb8152bc842cea3661a2babe33154] request method=POST path=/api/team/workers status=201 duration_ms=89.28
[WebServer] 2026-10-04 20:44:27,871 INFO goatfarm [384c30a8cf8e44f5807bed6f3d0c8e2d] request method=POST path=/api/auth/login status=200 duration_ms=165.07
[WebServer] 2026-10-04 20:44:28,100 INFO goatfarm.audit [47f28ed0cf8b46abb70ebad160cd003b] security_event event='auth.password.changed' user_id=13 — Password changed (all sessions revoked)
[WebServer] 2026-10-04 20:44:28,100 INFO goatfarm [47f28ed0cf8b46abb70ebad160cd003b] request method=POST path=/api/auth/change-password status=200 duration_ms=225.99
[WebServer] 2026-10-04 20:44:28,115 INFO goatfarm [c909560fbaeb436580e5a03bc0a600d4] request method=GET path=/api/auth/permissions status=200 duration_ms=12.10
[WebServer] 2026-10-04 20:44:28,236 INFO goatfarm [fdce83af22ca499c96f44e1c28e920be] request method=POST path=/api/auth/refresh status=401 duration_ms=1.38
[WebServer] 2026-10-04 20:44:28,540 INFO goatfarm [5aad7ce6c56e4a8ea0fed0b75626edbb] request method=POST path=/api/auth/login status=200 duration_ms=194.97
[WebServer] 2026-10-04 20:44:28,557 INFO goatfarm [78cde1ec3d114c90980e2099030aaec6] request method=GET path=/api/auth/farms status=200 duration_ms=13.60
[WebServer] 2026-10-04 20:44:28,570 INFO goatfarm [626454ae33554ae89640f37822a1e00e] request method=GET path=/api/auth/permissions status=200 duration_ms=10.77
[WebServer] 2026-10-04 20:44:28,662 INFO goatfarm [d27950f3b6c84198af49e9e1808dfad7] request method=GET path=/api/dashboard status=200 duration_ms=55.31
[WebServer] 2026-10-04 20:44:28,849 INFO goatfarm [bf8d17846e2d43579d8d4ab02cdb48bc] request method=POST path=/api/auth/refresh status=200 duration_ms=137.07
[WebServer] 2026-10-04 20:44:28,865 INFO goatfarm [78d8da87c3f24b5fb6709868d1d993c6] request method=GET path=/api/auth/farms status=200 duration_ms=11.69
[WebServer] 2026-10-04 20:44:28,890 INFO goatfarm [1e27678767cd4f3cb17f81cbbf555448] request method=GET path=/api/auth/permissions status=200 duration_ms=14.69
[WebServer] 2026-10-04 20:44:28,928 INFO goatfarm [04eb14baa9bf4c9bbb579b4f8f743003] request method=GET path=/api/team status=200 duration_ms=27.84
[WebServer] 2026-10-04 20:44:29,578 INFO goatfarm.audit [822ef6768b8547a9bd7c644e94c7e9e6] security_event event='auth.farm.ownership_transferred' farm_id=9 user_id=12 new_owner_id=13 — Farm ownership transferred
[WebServer] 2026-10-04 20:44:29,578 INFO goatfarm [822ef6768b8547a9bd7c644e94c7e9e6] request method=POST path=/api/auth/farms/9/transfer-ownership status=200 duration_ms=184.63
[WebServer] 2026-10-04 20:44:29,599 INFO goatfarm [c824b4586fb74ac997c506a96d5e5666] request method=GET path=/api/auth/farms status=200 duration_ms=16.94
[WebServer] 2026-10-04 20:44:29,676 INFO goatfarm [f25c2870aaa4431d9b65e1cc1963169b] request method=GET path=/api/auth/permissions status=404 duration_ms=10.57
[WebServer] 2026-10-04 20:44:29,686 INFO goatfarm [b3efbe7fc0404f7094855fb53710ee7c] request method=GET path=/api/auth/farms status=200 duration_ms=7.06
[WebServer] 2026-10-04 20:44:29,695 WARNING goatfarm.audit [773ce9bfb9f84500baccbead9343f19a] security_signal_started event='auth.token.version_mismatch' aggregation='process-memory' — revoked-generation access tokens presented
[WebServer] 2026-10-04 20:44:29,696 INFO goatfarm [773ce9bfb9f84500baccbead9343f19a] request method=GET path=/api/auth/farms status=401 duration_ms=6.15
[WebServer] 2026-10-04 20:44:29,858 INFO goatfarm [7b76eb01ff024d948525ec25745ef98d] request method=POST path=/api/auth/login status=200 duration_ms=159.43
[WebServer] 2026-10-04 20:44:29,874 INFO goatfarm [d46617cd6a124ec490bd8c23a37c1bf0] request method=GET path=/api/auth/permissions status=200 duration_ms=12.15
[WebServer] 2026-10-04 20:44:29,898 INFO goatfarm [cc1e01dd09884cfbbbab97821d0b0620] request method=GET path=/api/auth/farms status=200 duration_ms=19.22
  ✓   86 [chromium] › e2e/ownership-transfer.spec.ts:18:1 › an owner transfers a separate farm to a password-rotated member through Team (2.8s)
[WebServer] 2026-10-04 20:44:30,064 INFO goatfarm [896f64071a384d5f9ecbc312df43f898] request method=POST path=/api/auth/refresh status=401 duration_ms=0.55
[WebServer] 2026-10-04 20:44:30,335 INFO goatfarm [6ed0d0f09a324fe4bf5d27f82b61d2f6] request method=POST path=/api/auth/login status=200 duration_ms=167.18
[WebServer] 2026-10-04 20:44:30,345 INFO goatfarm [bb70fdc871194b2b92b2c4bac4b7ab57] request method=GET path=/api/auth/farms status=200 duration_ms=8.39
[WebServer] 2026-10-04 20:44:30,355 INFO goatfarm [e79e155530cf4eaca8cef617f0db957d] request method=GET path=/api/auth/permissions status=200 duration_ms=7.06
[WebServer] 2026-10-04 20:44:30,430 INFO goatfarm [d2939207d98047fda49306f52f87212c] request method=GET path=/api/dashboard status=200 duration_ms=45.66
[WebServer] 2026-10-04 20:44:30,672 INFO goatfarm [35d9b3386a0348a1b230c97f5a24b48a] request method=POST path=/api/auth/refresh status=200 duration_ms=141.19
[WebServer] 2026-10-04 20:44:30,683 INFO goatfarm [0bcd2c86432d413c9e1735b6bd1212d7] request method=GET path=/api/auth/farms status=200 duration_ms=8.56
[WebServer] 2026-10-04 20:44:30,700 INFO goatfarm [70ef339cda384917bf7401f38bd7bae1] request method=GET path=/api/auth/permissions status=200 duration_ms=7.32
[WebServer] 2026-10-04 20:44:30,731 INFO goatfarm [a75cc0fde9d8419096d8d5f3a10bcdda] request method=GET path=/api/simulation/defaults status=200 duration_ms=13.91
[WebServer] 2026-10-04 20:44:30,731 INFO goatfarm [24ad0d9df01640839f9ce856ef1180bb] request method=GET path=/api/simulation/defaults/breeds status=200 duration_ms=15.70
[WebServer] 2026-10-04 20:44:30,740 INFO goatfarm [8fbe49ba89544e70bb7ea27c3844fd01] request method=GET path=/api/planner/plans status=200 duration_ms=22.00
[WebServer] 2026-10-04 20:44:31,839 INFO goatfarm [6e7dfdce7de74a7e91994eb2ddd60121] request method=POST path=/api/planner/plan status=200 duration_ms=1018.07
  ✓   87 [chromium] › e2e/planner.spec.ts:23:3 › planner › renders its sections, plans a sale target, and keeps owner access (2.2s)
[WebServer] 2026-10-04 20:44:32,333 INFO goatfarm [df96cd2fd3ac4b059f32e36908052012] request method=POST path=/api/auth/refresh status=401 duration_ms=0.99
[WebServer] 2026-10-04 20:44:32,565 INFO goatfarm [f2a814568b194de3a91ec23dbd240a2c] request method=POST path=/api/auth/login status=200 duration_ms=158.44
[WebServer] 2026-10-04 20:44:32,577 INFO goatfarm [751604f439e547378e1e0f97d475f220] request method=GET path=/api/auth/farms status=200 duration_ms=8.98
[WebServer] 2026-10-04 20:44:32,587 INFO goatfarm [2f5636b0232a49b0ae05a0d8e08013b3] request method=GET path=/api/auth/permissions status=200 duration_ms=7.16
[WebServer] 2026-10-04 20:44:32,647 INFO goatfarm [826bcecec2b74536aab9d1e0e59b5370] request method=GET path=/api/dashboard status=200 duration_ms=32.83
[WebServer] 2026-10-04 20:44:32,878 INFO goatfarm [e9d09740f1564877a1e1b8b883f5f074] request method=POST path=/api/auth/refresh status=200 duration_ms=116.60
[WebServer] 2026-10-04 20:44:32,889 INFO goatfarm [5ab3fbb37e1d495a8a9a051d499a2128] request method=GET path=/api/auth/farms status=200 duration_ms=8.03
[WebServer] 2026-10-04 20:44:32,905 INFO goatfarm [56cc82adb3584d18ac3bed2dd8808c76] request method=GET path=/api/auth/permissions status=200 duration_ms=6.80
[WebServer] 2026-10-04 20:44:32,931 INFO goatfarm [563065ed38ae46bab9bfb104a6030326] request method=GET path=/api/simulation/defaults status=200 duration_ms=6.23
[WebServer] 2026-10-04 20:44:32,932 INFO goatfarm [a295fa49cf0b4eb79ea96ff0af6fbe8d] request method=GET path=/api/simulation/defaults/breeds status=200 duration_ms=9.04
[WebServer] 2026-10-04 20:44:32,942 INFO goatfarm [2f07c24fd02d48a8b2260d86a07ecfc7] request method=GET path=/api/planner/plans status=200 duration_ms=16.95
  ✓   88 [chromium] › e2e/planner.spec.ts:68:3 › planner › a target in the plan's start month is rejected inline and blocks the run (863ms)
[WebServer] 2026-10-04 20:44:33,187 INFO goatfarm [057faa84faba408c82b14d59e45bd4f8] request method=POST path=/api/auth/refresh status=401 duration_ms=0.69
[WebServer] 2026-10-04 20:44:33,464 INFO goatfarm [73fa27c7dcb242d89215a822ada63ce6] request method=POST path=/api/auth/login status=200 duration_ms=182.00
[WebServer] 2026-10-04 20:44:33,482 INFO goatfarm [c4cfcfa0575f4ae39d874d29918c2f06] request method=GET path=/api/auth/farms status=200 duration_ms=15.90
[WebServer] 2026-10-04 20:44:33,493 INFO goatfarm [5c970ceb492644518f3a9342e6dbf1a7] request method=GET path=/api/auth/permissions status=200 duration_ms=6.96
[WebServer] 2026-10-04 20:44:33,587 INFO goatfarm [1f8de01126b542fda523576088c3410f] request method=GET path=/api/dashboard status=200 duration_ms=64.53
[WebServer] 2026-10-04 20:44:33,774 INFO goatfarm [8217b19c8cc54746953bf97d9864da40] request method=POST path=/api/auth/refresh status=200 duration_ms=132.83
[WebServer] 2026-10-04 20:44:33,785 INFO goatfarm [e77da45847bc42dda086c9a36963a98b] request method=GET path=/api/auth/farms status=200 duration_ms=8.28
[WebServer] 2026-10-04 20:44:33,801 INFO goatfarm [7fe4c3302bdc458a9c9743be4b477ad1] request method=GET path=/api/auth/permissions status=200 duration_ms=6.81
[WebServer] 2026-10-04 20:44:33,830 INFO goatfarm [cdabc65e91f4426d97c712956f7eefb6] request method=GET path=/api/purchases status=200 duration_ms=13.75
[WebServer] 2026-10-04 20:44:34,230 INFO goatfarm [376aa5fef06348158733b25e6d582eaa] request method=POST path=/api/purchases/new status=201 duration_ms=61.41
[WebServer] 2026-10-04 20:44:34,268 INFO goatfarm [5acb886a6eb24053981c72da5f156e94] request method=GET path=/api/purchases status=200 duration_ms=35.42
[WebServer] 2026-10-04 20:44:34,360 INFO goatfarm [12436c26dc494c7d925084110e815dcc] request method=GET path=/api/purchases/2 status=200 duration_ms=37.14
[WebServer] 2026-10-04 20:44:34,602 INFO goatfarm [7d23a246216a4e218232b2776f075f69] request method=POST path=/api/auth/refresh status=200 duration_ms=130.36
[WebServer] 2026-10-04 20:44:34,613 INFO goatfarm [bf8ec6cc99f14d5cb0b10644ba399d31] request method=GET path=/api/auth/farms status=200 duration_ms=7.50
[WebServer] 2026-10-04 20:44:34,633 INFO goatfarm [4c32182150994f849d9bd16a8f6b31ad] request method=GET path=/api/auth/permissions status=200 duration_ms=11.13
[WebServer] 2026-10-04 20:44:34,670 INFO goatfarm [5b2337f162d142af8b0cff5ccb0a17d7] request method=GET path=/api/animals status=200 duration_ms=21.82
[WebServer] 2026-10-04 20:44:34,991 INFO goatfarm [4c8db965365343e39082f01570aa3ffb] request method=GET path=/api/animals status=200 duration_ms=20.55
  ✓   89 [chromium] › e2e/purchases.spec.ts:6:3 › purchases › a new batch stubs animals into QUARANTINE with the 45-day task schedule (2.4s)
[WebServer] 2026-10-04 20:44:35,625 INFO goatfarm [7dfbc6394fe8488d96abc644af3f28ba] request method=POST path=/api/auth/refresh status=401 duration_ms=0.63
[WebServer] 2026-10-04 20:44:35,863 INFO goatfarm [ef11ae2a780e464398e417e59cf53b37] request method=POST path=/api/auth/register status=201 duration_ms=148.59
[WebServer] 2026-10-04 20:44:35,873 INFO goatfarm [b98aaa0e3e2d4e82a57a2afebe15aef0] request method=GET path=/api/auth/farms status=200 duration_ms=6.96
[WebServer] 2026-10-04 20:44:35,948 INFO goatfarm [9c56321b08ca406da1d0bcfd581395d5] request method=POST path=/api/auth/farms status=201 duration_ms=28.70
[WebServer] 2026-10-04 20:44:35,960 INFO goatfarm [be3263f1701741759253dc1c10ced4d8] request method=GET path=/api/auth/farms status=200 duration_ms=8.07
[WebServer] 2026-10-04 20:44:35,971 INFO goatfarm [c757c05e2109480bb2729b0d4e12feb3] request method=GET path=/api/auth/permissions status=200 duration_ms=7.82
[WebServer] 2026-10-04 20:44:36,031 INFO goatfarm [b3fbc7e0eae64f4cbd61245f0971ef7c] request method=GET path=/api/dashboard status=200 duration_ms=32.03
[WebServer] 2026-10-04 20:44:36,123 INFO goatfarm [e7c1ece20cc34b0a8b2ee4ab9d09a3e7] request method=GET path=/api/animals status=200 duration_ms=10.34
  ✓   90 [chromium] › e2e/register.spec.ts:6:3 › registration › a new user registers, creates a farm and reaches its dashboard (680ms)
[WebServer] 2026-10-04 20:44:36,317 INFO goatfarm [41a9470c79d14ff2a616345cf74a2da9] request method=POST path=/api/auth/refresh status=401 duration_ms=0.83
[WebServer] 2026-10-04 20:44:36,560 INFO goatfarm [af769ca7713b42b7871a54af4dce770f] request method=POST path=/api/auth/login status=200 duration_ms=152.41
[WebServer] 2026-10-04 20:44:36,573 INFO goatfarm [9ebc879db29f41bd9f440d822b39ad47] request method=GET path=/api/auth/farms status=200 duration_ms=10.02
[WebServer] 2026-10-04 20:44:36,588 INFO goatfarm [117bae4c1635443086aa78059003f0f7] request method=GET path=/api/auth/permissions status=200 duration_ms=11.30
[WebServer] 2026-10-04 20:44:36,668 INFO goatfarm [61c5848a64144096a28abe953cbf2718] request method=GET path=/api/dashboard status=200 duration_ms=44.08
[WebServer] 2026-10-04 20:44:36,887 INFO goatfarm [91fb4b7213c741da84a148835b58a467] request method=POST path=/api/auth/refresh status=200 duration_ms=115.93
[WebServer] 2026-10-04 20:44:36,902 INFO goatfarm [bad8f5d2fc1a404587450943138e4945] request method=GET path=/api/auth/farms status=200 duration_ms=10.01
[WebServer] 2026-10-04 20:44:36,922 INFO goatfarm [43213cd7902c4cf082ef68e3617e1722] request method=GET path=/api/auth/permissions status=200 duration_ms=6.73
  ✓   91 [chromium] › e2e/screening.spec.ts:161:3 › screening review › scoreboard → queue → detail → confirm → conflict toast, all stubbed at the API (992ms)
[WebServer] 2026-10-04 20:44:37,315 INFO goatfarm [b6f5addaf9224d6788dea03443a0f1f9] request method=POST path=/api/auth/refresh status=401 duration_ms=0.69
[WebServer] 2026-10-04 20:44:37,581 INFO goatfarm [18720098997443379bf9fb729518c2b7] request method=POST path=/api/auth/login status=200 duration_ms=174.93
[WebServer] 2026-10-04 20:44:37,597 INFO goatfarm [9743e37df210406495ccfd4c7206dd73] request method=GET path=/api/auth/farms status=200 duration_ms=13.46
[WebServer] 2026-10-04 20:44:37,607 INFO goatfarm [89088919d4334bf583fd75efa84b2a32] request method=GET path=/api/auth/permissions status=200 duration_ms=6.79
[WebServer] 2026-10-04 20:44:37,765 INFO goatfarm [908f1e0e54ea42a29eb2b229a6cc4633] request method=GET path=/api/dashboard status=200 duration_ms=128.97
[WebServer] 2026-10-04 20:44:37,902 INFO goatfarm [6035aa775b44407dbe77b374260a7086] request method=POST path=/api/auth/refresh status=200 duration_ms=122.73
[WebServer] 2026-10-04 20:44:37,920 INFO goatfarm [6f075c2aafca4db3906adc5e5bc24793] request method=GET path=/api/auth/farms status=200 duration_ms=15.10
[WebServer] 2026-10-04 20:44:37,948 INFO goatfarm [2331d16df84e40e58e36935cef97287f] request method=GET path=/api/auth/permissions status=200 duration_ms=17.80
[WebServer] 2026-10-04 20:44:37,972 INFO goatfarm [6335269f36bb4d3e9d24bdabdea24e39] request method=GET path=/api/simulation/defaults/breeds status=200 duration_ms=8.88
[WebServer] 2026-10-04 20:44:37,975 INFO goatfarm [d837d3b959064cf59f3caf2fee7f06a6] request method=GET path=/api/simulation/defaults status=200 duration_ms=10.28
[WebServer] 2026-10-04 20:44:37,991 INFO goatfarm [1644d62ef853436b890adccbfcc2ad96] request method=GET path=/api/simulation/scenarios status=200 duration_ms=26.25
[WebServer] 2026-10-04 20:44:38,996 INFO goatfarm [fb91d927fd2f476589e4bf2ca9211de0] request method=POST path=/api/simulation/run status=200 duration_ms=531.66
[WebServer] 2026-10-04 20:44:40,062 INFO goatfarm [a314c69bfff84b40a244b5f8b32332a6] request method=POST path=/api/simulation/scenarios status=201 duration_ms=26.97
[WebServer] 2026-10-04 20:44:40,077 INFO goatfarm [dce45f72bf8a480ab61293f0bc54fd45] request method=GET path=/api/simulation/scenarios status=200 duration_ms=10.45
[WebServer] 2026-10-04 20:44:40,773 INFO goatfarm [c40ea887cb964c26b921166f215104f0] request method=POST path=/api/simulation/scenarios/3/run status=200 duration_ms=533.07
  ✓   92 [chromium] › e2e/simulation.spec.ts:74:3 › simulation › defaults + herd events run end-to-end; save and re-run as a scenario (3.7s)
[WebServer] 2026-10-04 20:44:40,987 INFO goatfarm [56879f07ac2c4f3c9da04220a56123f8] request method=POST path=/api/auth/refresh status=401 duration_ms=0.56
[WebServer] 2026-10-04 20:44:41,224 INFO goatfarm [2f15b3e7d0964d9fb57363ea6d028337] request method=POST path=/api/auth/login status=200 duration_ms=150.65
[WebServer] 2026-10-04 20:44:41,234 INFO goatfarm [514c369179bd40a1b2c5e8b6ad164288] request method=GET path=/api/auth/farms status=200 duration_ms=7.37
[WebServer] 2026-10-04 20:44:41,243 INFO goatfarm [1256f2703d944efbb86503dae3e8126a] request method=GET path=/api/auth/permissions status=200 duration_ms=6.69
[WebServer] 2026-10-04 20:44:41,322 INFO goatfarm [90ff93571f454b8ea8c46326c28246ad] request method=GET path=/api/dashboard status=200 duration_ms=50.66
[WebServer] 2026-10-04 20:44:41,566 INFO goatfarm [248b5f1d34b640eeb27798e5d743dae6] request method=POST path=/api/auth/refresh status=200 duration_ms=133.15
[WebServer] 2026-10-04 20:44:41,576 INFO goatfarm [bf19cd21284f4e52b0eaeb05c1d1834c] request method=GET path=/api/auth/farms status=200 duration_ms=6.81
[WebServer] 2026-10-04 20:44:41,592 INFO goatfarm [b72a3fe5a2404ce785793bad9854e515] request method=GET path=/api/auth/permissions status=200 duration_ms=7.74
[WebServer] 2026-10-04 20:44:41,619 INFO goatfarm [cc6df17e6dc243cdbd23fc4baccbeeaf] request method=GET path=/api/simulation/defaults/breeds status=200 duration_ms=11.19
[WebServer] 2026-10-04 20:44:41,619 INFO goatfarm [3313bea848cc47ae81fba3127422106f] request method=GET path=/api/simulation/defaults status=200 duration_ms=10.93
[WebServer] 2026-10-04 20:44:41,628 INFO goatfarm [8a5bbf2a691a4defaec2ee6d6fd75338] request method=GET path=/api/simulation/scenarios status=200 duration_ms=18.59
  ✓   93 [chromium] › e2e/simulation.spec.ts:183:3 › simulation › an event month beyond the horizon blocks the run with an inline error (1.1s)
[WebServer] 2026-10-04 20:44:42,075 INFO goatfarm [6058f6dbd3404fb291edbd2927d260ec] request method=POST path=/api/auth/refresh status=401 duration_ms=0.62
[WebServer] 2026-10-04 20:44:42,332 INFO goatfarm [61ca4518a8d846038246908f5c2ae8a6] request method=POST path=/api/auth/login status=200 duration_ms=167.04
[WebServer] 2026-10-04 20:44:42,344 INFO goatfarm [577aee6a2d5643de8385781d11794e95] request method=GET path=/api/auth/farms status=200 duration_ms=9.45
[WebServer] 2026-10-04 20:44:42,356 INFO goatfarm [c7534c46dcf54bd2b9efdda8973b5c7a] request method=GET path=/api/auth/permissions status=200 duration_ms=9.08
[WebServer] 2026-10-04 20:44:42,439 INFO goatfarm [a0a5d4dc43014f89aad9744c43ec1580] request method=GET path=/api/dashboard status=200 duration_ms=51.39
[WebServer] 2026-10-04 20:44:42,660 INFO goatfarm [c21d26c947034a309592e11e28d38965] request method=POST path=/api/auth/refresh status=200 duration_ms=123.73
[WebServer] 2026-10-04 20:44:42,679 INFO goatfarm [bfef5713ada748fbbfb73525b04c75ff] request method=GET path=/api/auth/farms status=200 duration_ms=15.50
[WebServer] 2026-10-04 20:44:42,697 INFO goatfarm [8b58687cedf94248818c80fe8aa5b3bd] request method=GET path=/api/auth/permissions status=200 duration_ms=7.98
[WebServer] 2026-10-04 20:44:42,727 INFO goatfarm [9fdefab7d95d4e69b1a9242b3b2717eb] request method=GET path=/api/simulation/defaults/breeds status=200 duration_ms=14.14
[WebServer] 2026-10-04 20:44:42,739 INFO goatfarm [e641bea174ca48e7b7d63198198bb200] request method=GET path=/api/simulation/defaults status=200 duration_ms=25.04
[WebServer] 2026-10-04 20:44:42,751 INFO goatfarm [c9d171c24ccc4590b9fc9c47e8bc1516] request method=GET path=/api/simulation/scenarios status=200 duration_ms=36.91
[WebServer] 2026-10-04 20:44:42,994 INFO goatfarm [4b6886cc00d346f0bb0a42227bbe272e] request method=GET path=/api/simulation/calibration status=200 duration_ms=45.79
[WebServer] 2026-10-04 20:44:48,463 INFO goatfarm [1be779edb2f84188a1abe887955e015c] request method=POST path=/api/simulation/run status=200 duration_ms=216.49
  ✓   94 [chromium] › e2e/simulation.spec.ts:202:3 › simulation › farm calibration and all decision analyses render responsively (7.1s)
[WebServer] 2026-10-04 20:44:49,165 INFO goatfarm [eb6dc2f7af8340b4b83a17782a27781a] request method=POST path=/api/auth/refresh status=401 duration_ms=0.57
[WebServer] 2026-10-04 20:44:49,411 INFO goatfarm [d0ee8fe45bb547169549b63dd19ed9a8] request method=POST path=/api/auth/login status=200 duration_ms=154.51
[WebServer] 2026-10-04 20:44:49,427 INFO goatfarm [0c32a6d603084b0cabbd648c0ec5c898] request method=GET path=/api/auth/farms status=200 duration_ms=13.27
[WebServer] 2026-10-04 20:44:49,435 INFO goatfarm [8223461453984a6fb5fe2bc4692ecab5] request method=GET path=/api/auth/permissions status=200 duration_ms=5.21
[WebServer] 2026-10-04 20:44:49,532 INFO goatfarm [a91d3ad09c5045bb871252e4e52a6d4a] request method=GET path=/api/dashboard status=200 duration_ms=64.27
[WebServer] 2026-10-04 20:44:49,765 INFO goatfarm [6c79b3bb245142a08035a1905b6562e4] request method=POST path=/api/auth/refresh status=200 duration_ms=131.66
[WebServer] 2026-10-04 20:44:49,773 INFO goatfarm [dc77ba2069bd4c1fbe6a1eaab7bdc610] request method=GET path=/api/auth/farms status=200 duration_ms=5.34
[WebServer] 2026-10-04 20:44:49,789 INFO goatfarm [37b30682d132416b809b135ef1cfb9ed] request method=GET path=/api/auth/permissions status=200 duration_ms=6.48
[WebServer] 2026-10-04 20:44:49,828 INFO goatfarm [810456d0e9a54301869bb142cab2a138] request method=GET path=/api/animals status=200 duration_ms=20.58
[WebServer] 2026-10-04 20:44:50,395 INFO goatfarm [d4617def92814fab927d58cfb618b547] request method=POST path=/api/animals status=201 duration_ms=56.50
[WebServer] 2026-10-04 20:44:50,426 INFO goatfarm [cdeb163664544b6897845105cfb9efe4] request method=GET path=/api/animals status=200 duration_ms=26.34
[WebServer] 2026-10-04 20:44:50,611 INFO goatfarm [5fc4fbb58b774187b6bc05817168d41b] request method=POST path=/api/auth/refresh status=200 duration_ms=116.70
[WebServer] 2026-10-04 20:44:50,624 INFO goatfarm [4cad7cd7032a40f1984708cb53c44ad2] request method=GET path=/api/auth/farms status=200 duration_ms=8.95
[WebServer] 2026-10-04 20:44:50,641 INFO goatfarm [a7ca3a7895b1471d9cfd178814d312b9] request method=GET path=/api/auth/permissions status=200 duration_ms=8.63
[WebServer] 2026-10-04 20:44:50,728 INFO goatfarm [a7525d010bff463f89a228c8f140f596] request method=GET path=/api/animals status=200 duration_ms=73.06
[WebServer] 2026-10-04 20:44:51,212 INFO goatfarm [f949a388a9b440ab8b31b3c461bbbb0c] request method=POST path=/api/animals status=201 duration_ms=44.76
[WebServer] 2026-10-04 20:44:51,231 INFO goatfarm [e78d8d4a6e384289a09913aa77bd02e7] request method=GET path=/api/animals status=200 duration_ms=15.41
[WebServer] 2026-10-04 20:44:51,449 INFO goatfarm [eea34c61be02498b865ea3a1cfcb3069] request method=POST path=/api/auth/refresh status=200 duration_ms=125.24
[WebServer] 2026-10-04 20:44:51,458 INFO goatfarm [1d73afd54002411ca060f81e2e822462] request method=GET path=/api/auth/farms status=200 duration_ms=6.41
[WebServer] 2026-10-04 20:44:51,476 INFO goatfarm [28fab9efd6bf496db113d0dd871d6bc8] request method=GET path=/api/auth/permissions status=200 duration_ms=7.91
[WebServer] 2026-10-04 20:44:51,506 INFO goatfarm [9bf781b62c9d4ba9a48146e885a3542f] request method=GET path=/api/breeding status=200 duration_ms=22.12
[WebServer] 2026-10-04 20:44:51,907 INFO goatfarm [db92f3a1303c425e87828204b60e36ec] request method=GET path=/api/breeding/candidates status=200 duration_ms=54.07
[WebServer] 2026-10-04 20:44:51,990 INFO goatfarm [08781b718b424775a4e9614bc17edcda] request method=GET path=/api/breeding/candidates status=200 duration_ms=15.52
[WebServer] 2026-10-04 20:44:52,412 INFO goatfarm [40c2eea4509b42e99264b08f61f6abc5] request method=POST path=/api/breeding status=201 duration_ms=233.11
[WebServer] 2026-10-04 20:44:52,435 INFO goatfarm [3f8eb07bdce643b581e25b621639ab0a] request method=GET path=/api/breeding status=200 duration_ms=19.92
[WebServer] 2026-10-04 20:44:52,642 INFO goatfarm [3d9ef61d2c274593a67b7363aba6774f] request method=POST path=/api/auth/refresh status=200 duration_ms=118.48
[WebServer] 2026-10-04 20:44:52,658 INFO goatfarm [c62efb103c2b44e0be38d5be4384235c] request method=GET path=/api/auth/farms status=200 duration_ms=12.06
[WebServer] 2026-10-04 20:44:52,673 INFO goatfarm [5cbea4cef686454c8a4812f314f80279] request method=GET path=/api/auth/permissions status=200 duration_ms=5.44
[WebServer] 2026-10-04 20:44:52,712 INFO goatfarm [5a24915d3e154ae89626d364a0d9ddd7] request method=GET path=/api/tasks status=200 duration_ms=27.19
[WebServer] 2026-10-04 20:44:52,852 INFO goatfarm [185116c2b9c9438e81fe87a798ae2367] request method=GET path=/api/tasks status=200 duration_ms=28.77
[WebServer] 2026-10-04 20:44:53,048 INFO goatfarm [3b00cfb9792c4a7c8e60342a4e147735] request method=POST path=/api/auth/refresh status=200 duration_ms=125.65
[WebServer] 2026-10-04 20:44:53,059 INFO goatfarm [08f99624276f48f98b825bd8fbe7095d] request method=GET path=/api/auth/farms status=200 duration_ms=7.54
[WebServer] 2026-10-04 20:44:53,075 INFO goatfarm [1b89d67939d14ded938d86613f92b27a] request method=GET path=/api/auth/permissions status=200 duration_ms=7.42
[WebServer] 2026-10-04 20:44:53,113 INFO goatfarm [0bf7f39d9dd846269eeb6f405382c02b] request method=GET path=/api/breeding status=200 duration_ms=29.38
[WebServer] 2026-10-04 20:44:53,494 INFO goatfarm [4972ad46ae5d4487ab50209fb374ef73] request method=POST path=/api/breeding/4/ultrasound status=200 duration_ms=56.42
[WebServer] 2026-10-04 20:44:53,529 INFO goatfarm [dbb5782966f642b7b4153c9837f5c25a] request method=GET path=/api/breeding status=200 duration_ms=33.12
[WebServer] 2026-10-04 20:44:53,688 INFO goatfarm [85b1c24c94954c2d9ecb22a7b1ad2190] request method=POST path=/api/auth/refresh status=200 duration_ms=110.12
[WebServer] 2026-10-04 20:44:53,699 INFO goatfarm [68de257ad0e24d2995777a4640f396fc] request method=GET path=/api/auth/farms status=200 duration_ms=8.47
[WebServer] 2026-10-04 20:44:53,718 INFO goatfarm [00f9036b0ce448b78fcf44c4db8bb518] request method=GET path=/api/auth/permissions status=200 duration_ms=9.31
[WebServer] 2026-10-04 20:44:53,754 INFO goatfarm [7808b89e048942819f6b865bc7ccf856] request method=GET path=/api/tasks status=200 duration_ms=26.62
[WebServer] 2026-10-04 20:44:53,813 INFO goatfarm [0a4cc7d8a4c44400bd07d1af8356eb6d] request method=GET path=/api/tasks status=200 duration_ms=21.48
[WebServer] 2026-10-04 20:44:53,921 INFO goatfarm [6b3777177e264e27a5375210e2145bed] request method=GET path=/api/team status=200 duration_ms=30.69
[WebServer] 2026-10-04 20:44:54,212 INFO goatfarm [0c8a0de05c8e425388315ddf12c04ee8] request method=POST path=/api/tasks status=201 duration_ms=37.15
[WebServer] 2026-10-04 20:44:54,229 INFO goatfarm [f7c43b5d0501470080135f226f8c96f5] request method=GET path=/api/team status=200 duration_ms=13.70
[WebServer] 2026-10-04 20:44:54,241 INFO goatfarm [827dc85ac1e541a483983525a28febe3] request method=GET path=/api/tasks status=200 duration_ms=24.15
[WebServer] 2026-10-04 20:44:54,334 INFO goatfarm [b64be239522e43f1b8b354ad72ea8aee] request method=GET path=/api/tasks status=200 duration_ms=31.27
[WebServer] 2026-10-04 20:44:54,398 INFO goatfarm [86755c390f4b4ff08a69a21493b68b7a] request method=POST path=/api/tasks/84/complete status=200 duration_ms=27.66
[WebServer] 2026-10-04 20:44:54,421 INFO goatfarm [39277204e8594c2786e0cf2035a78f4d] request method=GET path=/api/tasks status=200 duration_ms=20.30
[WebServer] 2026-10-04 20:44:54,453 INFO goatfarm [9b87d0832d7949e6bddda2a8c6fc1d78] request method=GET path=/api/tasks status=200 duration_ms=23.34
[WebServer] 2026-10-04 20:44:54,536 INFO goatfarm [a01c08be4c514afa9a2b64ae72ecb1f8] request method=POST path=/api/tasks/84/verify status=200 duration_ms=50.24
[WebServer] 2026-10-04 20:44:54,554 INFO goatfarm [c4c4d620bc5441d4926416ac5fdda27b] request method=GET path=/api/tasks status=200 duration_ms=13.62
  ✓   95 [chromium] › e2e/tasks-guards.spec.ts:15:3 › tasks guards › auto duties are form-linked; a completed duty lands in awaiting verification (5.6s)
[WebServer] 2026-10-04 20:44:54,742 INFO goatfarm [6184e6222bb04d33bfaf1e6cadb8921e] request method=POST path=/api/auth/refresh status=401 duration_ms=1.37
[WebServer] 2026-10-04 20:44:55,002 INFO goatfarm [cd6bb6fbedba4a7a867ac2ded20a44cc] request method=POST path=/api/auth/login status=200 duration_ms=168.72
[WebServer] 2026-10-04 20:44:55,018 INFO goatfarm [5bb17b8b1eea47f09eecc2079e52e538] request method=GET path=/api/auth/farms status=200 duration_ms=13.49
[WebServer] 2026-10-04 20:44:55,026 INFO goatfarm [bf1409ff6dbb413183d2448b49e3db95] request method=GET path=/api/auth/permissions status=200 duration_ms=4.59
[WebServer] 2026-10-04 20:44:55,117 INFO goatfarm [3eb026c450d9448fa43e40e0a6741128] request method=GET path=/api/dashboard status=200 duration_ms=60.50
[WebServer] 2026-10-04 20:44:55,325 INFO goatfarm [c22bb5fac01b44b39e4443b63f11e02c] request method=POST path=/api/auth/refresh status=200 duration_ms=113.80
[WebServer] 2026-10-04 20:44:55,336 INFO goatfarm [86826202235d4f388b3cd7dd716d61a3] request method=GET path=/api/auth/farms status=200 duration_ms=7.56
[WebServer] 2026-10-04 20:44:55,358 INFO goatfarm [b16ae7673101469686490f7de8607acd] request method=GET path=/api/auth/permissions status=200 duration_ms=12.10
[WebServer] 2026-10-04 20:44:55,391 INFO goatfarm [8e163616748d409b80fa7a1bde520cc8] request method=GET path=/api/tasks status=200 duration_ms=22.60
[WebServer] 2026-10-04 20:44:55,532 INFO goatfarm [90534140527342d9b0dfce8b6d7bbf7a] request method=GET path=/api/team status=200 duration_ms=17.27
[WebServer] 2026-10-04 20:44:55,720 INFO goatfarm [8ea920a1d9ad4a47af483eb0093366d5] request method=POST path=/api/tasks status=201 duration_ms=29.79
[WebServer] 2026-10-04 20:44:55,752 INFO goatfarm [7331931f269843e8aead17cc8cc10c36] request method=GET path=/api/tasks status=200 duration_ms=26.73
[WebServer] 2026-10-04 20:44:55,752 INFO goatfarm [9d8a9990fc5f424fad2b6f2661324885] request method=GET path=/api/team status=200 duration_ms=26.91
[WebServer] 2026-10-04 20:44:55,874 INFO goatfarm [ab53c5e1f39b45d9b73016e5add2c8b6] request method=POST path=/api/tasks/85/complete status=200 duration_ms=36.76
[WebServer] 2026-10-04 20:44:55,906 INFO goatfarm [da734ecef1034ba790b13e4442c68dca] request method=GET path=/api/tasks status=200 duration_ms=29.90
[WebServer] 2026-10-04 20:44:55,971 INFO goatfarm [5eef49e217b54609b607c3e8c384f4a1] request method=GET path=/api/tasks status=200 duration_ms=20.68
[WebServer] 2026-10-04 20:44:56,036 INFO goatfarm [7df9cc910a614b9486284f94810dd37c] request method=POST path=/api/tasks/85/verify status=200 duration_ms=24.91
[WebServer] 2026-10-04 20:44:56,068 INFO goatfarm [1c2694557dc74916b4fb835ecfe52a69] request method=GET path=/api/tasks status=200 duration_ms=29.72
[WebServer] 2026-10-04 20:44:56,120 INFO goatfarm [20f813590ea0466688ddfdcf67ad2538] request method=GET path=/api/tasks status=200 duration_ms=25.52
[WebServer] 2026-10-04 20:44:56,144 INFO goatfarm [c396680b18d34c77b52bfb38d72a70db] request method=GET path=/api/team status=200 duration_ms=15.41
  ✓   96 [chromium] › e2e/tasks-verify.spec.ts:32:3 › tasks verification › owner completes and verifies a cleaning duty — it lands in Completed as VERIFIED (1.6s)
[WebServer] 2026-10-04 20:44:56,321 INFO goatfarm [f895ecbcb698443e9dfd75df5fad9d07] request method=POST path=/api/auth/refresh status=401 duration_ms=0.77
[WebServer] 2026-10-04 20:44:56,579 INFO goatfarm [6299aa3c5a214c458b51638c0b4f75c8] request method=POST path=/api/auth/login status=200 duration_ms=164.08
[WebServer] 2026-10-04 20:44:56,604 INFO goatfarm [667ddf6f4fa147b8ab62c32db19af3e5] request method=GET path=/api/auth/farms status=200 duration_ms=17.47
[WebServer] 2026-10-04 20:44:56,617 INFO goatfarm [01370250bf244d9d91e81525e8fd7b49] request method=GET path=/api/auth/permissions status=200 duration_ms=7.43
[WebServer] 2026-10-04 20:44:56,702 INFO goatfarm [688cd594da754491b94458b8a4b753f7] request method=GET path=/api/dashboard status=200 duration_ms=53.70
[WebServer] 2026-10-04 20:44:56,908 INFO goatfarm [a49e43fb71044c8689ef15d58d065983] request method=POST path=/api/auth/refresh status=200 duration_ms=116.92
[WebServer] 2026-10-04 20:44:56,918 INFO goatfarm [97d4b27a907c44d295b7d3c28bf46f28] request method=GET path=/api/auth/farms status=200 duration_ms=7.16
[WebServer] 2026-10-04 20:44:56,936 INFO goatfarm [4b7d2ca9bcc04028ba57acab87c08cb6] request method=GET path=/api/auth/permissions status=200 duration_ms=9.60
[WebServer] 2026-10-04 20:44:56,980 INFO goatfarm [907054a16a12456d9a9a79875decc247] request method=GET path=/api/tasks status=200 duration_ms=32.33
[WebServer] 2026-10-04 20:44:57,138 INFO goatfarm [a06cfa7d79a145dcae3c1d0c78d96971] request method=GET path=/api/team status=200 duration_ms=44.83
[WebServer] 2026-10-04 20:44:57,390 INFO goatfarm [da0f7a6ff1944ceeb1a380225b575194] request method=POST path=/api/tasks status=201 duration_ms=42.23
[WebServer] 2026-10-04 20:44:57,427 INFO goatfarm [d06ef8a4d0e34a9ca8b6416b02566a7d] request method=GET path=/api/team status=200 duration_ms=32.89
[WebServer] 2026-10-04 20:44:57,429 INFO goatfarm [6aba3b533c6f4f76bf3fd3e94b509f00] request method=GET path=/api/tasks status=200 duration_ms=34.31
[WebServer] 2026-10-04 20:44:57,515 INFO goatfarm [6e223f9b33a145479513ccbb5e930e26] request method=POST path=/api/tasks/86/complete status=200 duration_ms=20.40
[WebServer] 2026-10-04 20:44:57,535 INFO goatfarm [7d2f7bac257c4681855294700c98b5ff] request method=GET path=/api/tasks status=200 duration_ms=17.71
[WebServer] 2026-10-04 20:44:57,576 INFO goatfarm [8d0a9f45538e474a94850ce7c54426ba] request method=GET path=/api/tasks status=200 duration_ms=19.20
[WebServer] 2026-10-04 20:44:57,817 INFO goatfarm [5d58762846ac40e79f90410ab46d5a9d] request method=POST path=/api/tasks/86/reject status=200 duration_ms=23.02
[WebServer] 2026-10-04 20:44:57,836 INFO goatfarm [1ec82e5fc1a14208a25f5cb7ddcfc246] request method=GET path=/api/tasks status=200 duration_ms=16.06
[WebServer] 2026-10-04 20:44:57,893 INFO goatfarm [d9c9ac1d67e449d282453cbc8e36caef] request method=GET path=/api/tasks status=200 duration_ms=19.68
  ✓   97 [chromium] › e2e/tasks-verify.spec.ts:58:3 › tasks verification › rejected duty is sent back to pending with the note visible (1.8s)
[WebServer] 2026-10-04 20:44:58,084 INFO goatfarm [e27f01317b404dfc9fd5eddd84245b7a] request method=POST path=/api/auth/refresh status=401 duration_ms=0.66
[WebServer] 2026-10-04 20:44:58,331 INFO goatfarm [12e4d2ff58fd450383bab896e37212ce] request method=POST path=/api/auth/login status=200 duration_ms=157.01
[WebServer] 2026-10-04 20:44:58,342 INFO goatfarm [bd2cc64a3bb7407eba328a3531c440ab] request method=GET path=/api/auth/farms status=200 duration_ms=8.44
[WebServer] 2026-10-04 20:44:58,349 INFO goatfarm [f93f6517c15e4d89bd8deda0a7690596] request method=GET path=/api/auth/permissions status=200 duration_ms=5.00
[WebServer] 2026-10-04 20:44:58,416 INFO goatfarm [d804b52068a14980a246af43d3d8fde0] request method=GET path=/api/dashboard status=200 duration_ms=36.80
[WebServer] 2026-10-04 20:44:58,649 INFO goatfarm [30a268781d544f849833a36399ad0e90] request method=POST path=/api/auth/refresh status=200 duration_ms=116.64
[WebServer] 2026-10-04 20:44:58,660 INFO goatfarm [7dc11a1d61d4461f891aab6ec49f86cd] request method=GET path=/api/auth/farms status=200 duration_ms=7.75
[WebServer] 2026-10-04 20:44:58,674 INFO goatfarm [b2c2028b59424368a9b4721acd2cc20b] request method=GET path=/api/auth/permissions status=200 duration_ms=5.74
[WebServer] 2026-10-04 20:44:58,702 INFO goatfarm [3188a4b582874a919448fe26d8aab2d7] request method=GET path=/api/team status=200 duration_ms=18.43
[WebServer] 2026-10-04 20:44:59,070 INFO goatfarm.audit [d85b3f7300ee47b595f73275770b4114] security_event event='team.worker.create' farm_id=1 actor_id=1 membership_id=4 user_id=15 role_id=3 — provisioned worker account with must-change credential
[WebServer] 2026-10-04 20:44:59,070 INFO goatfarm [d85b3f7300ee47b595f73275770b4114] request method=POST path=/api/team/workers status=201 duration_ms=97.90
[WebServer] 2026-10-04 20:44:59,080 INFO goatfarm [71e9f22a5e954f82ab3b0092aa92c340] request method=GET path=/api/auth/permissions status=200 duration_ms=5.86
[WebServer] 2026-10-04 20:44:59,091 INFO goatfarm [2640f017f8844df68d0540e58c7d0643] request method=GET path=/api/team status=200 duration_ms=18.47
[WebServer] 2026-10-04 20:44:59,261 INFO goatfarm.audit [c13e49bb58cb45b498d1b07aae81cef0] security_event event='team.worker.role_change' farm_id=1 actor_id=1 membership_id=4 user_id=15 from_role_id=3 to_role_id=5 — reassigned worker role
[WebServer] 2026-10-04 20:44:59,267 INFO goatfarm [c13e49bb58cb45b498d1b07aae81cef0] request method=POST path=/api/team/workers/4/role status=200 duration_ms=35.73
[WebServer] 2026-10-04 20:44:59,288 INFO goatfarm [0249af8ff7764362a20d42f4850db583] request method=GET path=/api/auth/permissions status=200 duration_ms=12.12
[WebServer] 2026-10-04 20:44:59,295 INFO goatfarm [6c6316ec17d64762b9cb37af9e9f7dd6] request method=GET path=/api/team status=200 duration_ms=20.86
[WebServer] 2026-10-04 20:44:59,546 INFO goatfarm.audit [4185a9a74e234cc9877a054e9b93d0e6] security_event event='team.worker.status_change' farm_id=1 actor_id=1 membership_id=4 user_id=15 from_is_active=True to_is_active=False — set worker membership active flag
[WebServer] 2026-10-04 20:44:59,546 INFO goatfarm [4185a9a74e234cc9877a054e9b93d0e6] request method=PUT path=/api/team/workers/4/status status=200 duration_ms=26.50
[WebServer] 2026-10-04 20:44:59,562 INFO goatfarm [55c964e685784db9a1cb5fb52a99b847] request method=GET path=/api/auth/permissions status=200 duration_ms=12.01
[WebServer] 2026-10-04 20:44:59,566 INFO goatfarm [2f41b5715dfb43268d3f05169e97c689] request method=GET path=/api/team status=200 duration_ms=17.13
[WebServer] 2026-10-04 20:44:59,634 INFO goatfarm.audit [ce681fdcfade44f6868d1e6b4a92c855] security_event event='team.worker.status_change' farm_id=1 actor_id=1 membership_id=4 user_id=15 from_is_active=False to_is_active=True — set worker membership active flag
[WebServer] 2026-10-04 20:44:59,641 INFO goatfarm [ce681fdcfade44f6868d1e6b4a92c855] request method=PUT path=/api/team/workers/4/status status=200 duration_ms=36.41
[WebServer] 2026-10-04 20:44:59,655 INFO goatfarm [dcbaaffdba2648cca6b038ecae221bce] request method=GET path=/api/auth/permissions status=200 duration_ms=8.39
[WebServer] 2026-10-04 20:44:59,663 INFO goatfarm [8e3bcd60a5144efba5782a147923b3e6] request method=GET path=/api/team status=200 duration_ms=18.17
  ✓   98 [chromium] › e2e/team.spec.ts:6:3 › team management › owner adds a worker, changes their role and toggles them inactive/active (1.8s)
[WebServer] 2026-10-04 20:44:59,868 INFO goatfarm [1150faddfa0b4fb4a030b3bfc2d00bce] request method=POST path=/api/auth/refresh status=401 duration_ms=1.31
[WebServer] 2026-10-04 20:45:00,007 INFO goatfarm [2e09e56128a149d990b99ad4d974da85] request method=POST path=/api/auth/refresh status=401 duration_ms=2.90
  ✓   99 [chromium] › e2e/worker-offline-regressions.spec.ts:4:1 › fresh worker is Telugu-first and the offline route owns one primary landmark (460ms)
[WebServer] 2026-10-04 20:45:00,326 INFO goatfarm [10b240f4fc8a4b8281d1beee5419eb1e] request method=POST path=/api/auth/refresh status=401 duration_ms=1.34
[WebServer] 2026-10-04 20:45:00,674 INFO goatfarm [1a2c26df378546dab12065d20fe249f1] request method=POST path=/api/auth/refresh status=401 duration_ms=0.57
[WebServer] 2026-10-04 20:45:00,770 INFO goatfarm [9fb8f463ba2548e2b869b6133648d386] request method=POST path=/api/auth/refresh status=401 duration_ms=0.58
[WebServer] 2026-10-04 20:45:00,845 INFO goatfarm [492e3665c8024938991da8e0ce3fbe84] request method=POST path=/api/auth/refresh status=401 duration_ms=0.74
  ✓  100 [chromium] › e2e/worker-offline-regressions.spec.ts:19:1 › Telugu cold reload survives same-build shell refreshes without the HTTP cache (2.6s)
[WebServer] 2026-10-04 20:45:03,303 INFO goatfarm [ec24f9ce830e4ab4919b6fa740c04c4c] request method=POST path=/api/auth/login status=200 duration_ms=166.17
[WebServer] 2026-10-04 20:45:03,314 INFO goatfarm [a8a5ea5dde624ddf8f1616803b7d8a04] request method=GET path=/api/auth/farms status=200 duration_ms=8.26
[WebServer] 2026-10-04 20:45:03,337 INFO goatfarm.audit [ab24672bbed64f02b24736fb94438c5e] security_event event='team.role.create' farm_id=1 actor_id=1 role_id=92 — created custom role
[WebServer] 2026-10-04 20:45:03,338 INFO goatfarm [ab24672bbed64f02b24736fb94438c5e] request method=POST path=/api/team/roles status=201 duration_ms=20.99
[WebServer] 2026-10-04 20:45:03,475 INFO goatfarm [2893fcd88cb1482c9eb2e0ffdefc229b] request method=POST path=/api/auth/refresh status=401 duration_ms=5.14
[WebServer] 2026-10-04 20:45:03,716 INFO goatfarm [cfa0114a7426432c85cfce6edcc6b489] request method=POST path=/api/auth/login status=200 duration_ms=159.17
[WebServer] 2026-10-04 20:45:03,732 INFO goatfarm [78decc210268442097584cc0682a3abe] request method=GET path=/api/auth/farms status=200 duration_ms=12.57
[WebServer] 2026-10-04 20:45:03,746 INFO goatfarm [6448ed6f7f39488b8c08027ca303d8ce] request method=GET path=/api/auth/permissions status=200 duration_ms=10.93
[WebServer] 2026-10-04 20:45:03,835 INFO goatfarm [aff2e407dd66456295911099527e0231] request method=GET path=/api/dashboard status=200 duration_ms=51.40
[WebServer] 2026-10-04 20:45:04,064 INFO goatfarm [2130331173cf49f487557d859f9381a7] request method=POST path=/api/auth/refresh status=200 duration_ms=133.20
[WebServer] 2026-10-04 20:45:04,077 INFO goatfarm [437c09d2e65046c593f8cba2444a8787] request method=GET path=/api/auth/farms status=200 duration_ms=10.78
[WebServer] 2026-10-04 20:45:04,103 INFO goatfarm [a338d21296fc40228adbc699236edcb3] request method=GET path=/api/auth/permissions status=200 duration_ms=16.17
[WebServer] 2026-10-04 20:45:04,151 INFO goatfarm [14c4bbfcf0b04595ba282744c9ca6b1e] request method=GET path=/api/team status=200 duration_ms=36.67
[WebServer] 2026-10-04 20:45:04,768 INFO goatfarm.audit [677a2a61595d4bd789d428cdd60df71d] security_event event='team.worker.create' farm_id=1 actor_id=1 membership_id=5 user_id=16 role_id=92 — provisioned worker account with must-change credential
[WebServer] 2026-10-04 20:45:04,769 INFO goatfarm [677a2a61595d4bd789d428cdd60df71d] request method=POST path=/api/team/workers status=201 duration_ms=215.96
[WebServer] 2026-10-04 20:45:04,806 INFO goatfarm [52fa12bc1d874180931ad671c334024a] request method=GET path=/api/auth/permissions status=200 duration_ms=33.14
[WebServer] 2026-10-04 20:45:04,814 INFO goatfarm [300bc11f948d4c19bc60a5ea4b39fbe9] request method=GET path=/api/team status=200 duration_ms=42.53
[WebServer] 2026-10-04 20:45:04,893 INFO goatfarm.audit [bb890aae11fa495399d5feb9f0b4a226] security_event event='auth.logout.completed' user_id=1 session_origin='PASSWORD' family_id='b0f71e7f820743f1a235a07279ada690' revocation_scope='refresh_family_and_access_generation' — logout revoked authenticated session state
[WebServer] 2026-10-04 20:45:04,894 INFO goatfarm [bb890aae11fa495399d5feb9f0b4a226] request method=POST path=/api/auth/logout status=204 duration_ms=19.97
[WebServer] 2026-10-04 20:45:05,108 INFO goatfarm [51e187ec7ffe43cd8c15aacf33286938] request method=POST path=/api/auth/login status=200 duration_ms=184.61
[WebServer] 2026-10-04 20:45:05,123 INFO goatfarm [1a88734db168454eab3bb5a35b0cb587] request method=GET path=/api/auth/farms status=200 duration_ms=11.19
[WebServer] 2026-10-04 20:45:05,134 INFO goatfarm [5e61ca916faa481a9433a1f33d4b5da7] request method=GET path=/api/auth/permissions status=200 duration_ms=8.60
[WebServer] 2026-10-04 20:45:05,680 INFO goatfarm.audit [0af9b80a4896436d9ade62a72a9f6bf1] security_event event='auth.password.changed' user_id=16 — Password changed (all sessions revoked)
[WebServer] 2026-10-04 20:45:05,681 INFO goatfarm [0af9b80a4896436d9ade62a72a9f6bf1] request method=POST path=/api/auth/change-password status=200 duration_ms=213.73
[WebServer] 2026-10-04 20:45:05,799 INFO goatfarm [746eafe41ca845858f2f5d5a05379c5a] request method=POST path=/api/auth/refresh status=200 duration_ms=115.29
[WebServer] 2026-10-04 20:45:05,877 INFO goatfarm [b02e8e3a0aab4484b55ef0407ca5991a] request method=GET path=/api/tasks status=200 duration_ms=70.44
[WebServer] 2026-10-04 20:45:05,880 INFO goatfarm [fba96ac784e1457b90fcd4297632bc95] request method=GET path=/api/tasks status=401 duration_ms=0.75
  ✓  101 [chromium] › e2e/worker-onboarding.spec.ts:44:1 › task-only password worker completes first password rotation on the worker board (3.5s)
[WebServer] 2026-10-04 20:45:06,499 INFO goatfarm [68d7960b8e2a416f990c350c8e7535c9] request method=POST path=/api/auth/login status=200 duration_ms=168.77
[WebServer] 2026-10-04 20:45:06,508 INFO goatfarm [7b869813483c4623950e8d28c7053b5a] request method=GET path=/api/auth/farms status=200 duration_ms=6.93
[WebServer] 2026-10-04 20:45:06,531 INFO goatfarm.audit [7a6c3aadb4994a81b24ce01905b6baee] security_event event='team.role.create' farm_id=1 actor_id=1 role_id=93 — created custom role
[WebServer] 2026-10-04 20:45:06,531 INFO goatfarm [7a6c3aadb4994a81b24ce01905b6baee] request method=POST path=/api/team/roles status=201 duration_ms=21.41
[WebServer] 2026-10-04 20:45:06,669 INFO goatfarm [99d3e166844043a595c1ab11024350a1] request method=POST path=/api/auth/refresh status=401 duration_ms=1.07
[WebServer] 2026-10-04 20:45:06,920 INFO goatfarm [94037285bf4c4874a8fe93e09ab2be27] request method=POST path=/api/auth/login status=200 duration_ms=145.79
[WebServer] 2026-10-04 20:45:06,933 INFO goatfarm [3fd0f2228f534978ade7aa7fad69446e] request method=GET path=/api/auth/farms status=200 duration_ms=9.70
[WebServer] 2026-10-04 20:45:06,942 INFO goatfarm [d4f4268f73ea4e688aaa3719342bd7a7] request method=GET path=/api/auth/permissions status=200 duration_ms=6.48
[WebServer] 2026-10-04 20:45:07,041 INFO goatfarm [1af88952c80041f1bbd2715075615bc0] request method=GET path=/api/dashboard status=200 duration_ms=67.22
[WebServer] 2026-10-04 20:45:07,283 INFO goatfarm [3790ca2bb23d439ca16ec0399632eee1] request method=POST path=/api/auth/refresh status=200 duration_ms=139.30
[WebServer] 2026-10-04 20:45:07,299 INFO goatfarm [88791121623045d4b352f9ad05e15760] request method=GET path=/api/auth/farms status=200 duration_ms=13.21
[WebServer] 2026-10-04 20:45:07,320 INFO goatfarm [7f0519bd0f58471485f4c713aed9ea22] request method=GET path=/api/auth/permissions status=200 duration_ms=10.46
[WebServer] 2026-10-04 20:45:07,359 INFO goatfarm [86941b3821a94277951f2c1c42e4630e] request method=GET path=/api/team status=200 duration_ms=30.37
[WebServer] 2026-10-04 20:45:07,942 INFO goatfarm.audit [b2cb130ff254479eaf7dd2230801a307] security_event event='team.worker.create' farm_id=1 actor_id=1 membership_id=6 user_id=17 role_id=93 — provisioned worker account with must-change credential
[WebServer] 2026-10-04 20:45:07,943 INFO goatfarm [b2cb130ff254479eaf7dd2230801a307] request method=POST path=/api/team/workers status=201 duration_ms=151.37
[WebServer] 2026-10-04 20:45:07,964 INFO goatfarm [093315f1d6d14976a6c368947804b598] request method=GET path=/api/auth/permissions status=200 duration_ms=17.30
[WebServer] 2026-10-04 20:45:07,971 INFO goatfarm [3e9508fea80b4d6787361a4ae8188adc] request method=GET path=/api/team status=200 duration_ms=25.17
[WebServer] 2026-10-04 20:45:08,340 INFO goatfarm.audit [9e863344cd164c3dbd58a0638154ed74] security_event event='team.worker.pin_reset' farm_id=1 actor_id=1 membership_id=6 user_id=17 — rotated worker tablet PIN and revoked sessions
[WebServer] 2026-10-04 20:45:08,341 INFO goatfarm [9e863344cd164c3dbd58a0638154ed74] request method=POST path=/api/team/workers/6/reset-pin status=200 duration_ms=102.56
[WebServer] 2026-10-04 20:45:08,359 INFO goatfarm [ee119160bc07482cbb922755b29eb444] request method=GET path=/api/auth/permissions status=200 duration_ms=13.81
[WebServer] 2026-10-04 20:45:08,366 INFO goatfarm [e289c18a73f64413a9caf07acaea9c82] request method=GET path=/api/team status=200 duration_ms=22.33
[WebServer] 2026-10-04 20:45:08,493 INFO goatfarm.audit [e1b1b211aa604b84836f99b1e02c55c6] security_event event='auth.logout.completed' user_id=1 session_origin='PASSWORD' family_id='a5af1b68221c4a5da18e34e8c3fb640c' revocation_scope='refresh_family_and_access_generation' — logout revoked authenticated session state
[WebServer] 2026-10-04 20:45:08,493 INFO goatfarm [e1b1b211aa604b84836f99b1e02c55c6] request method=POST path=/api/auth/logout status=204 duration_ms=34.10
[WebServer] 2026-10-04 20:45:08,530 INFO goatfarm [10231ee07d3d443ba67d66b668d980e0] request method=POST path=/api/auth/refresh status=401 duration_ms=11.73
[WebServer] 2026-10-04 20:45:08,703 INFO goatfarm [0d74035c72d44b589ba34ed3f534cbf7] request method=POST path=/api/auth/login status=200 duration_ms=104.58
[WebServer] 2026-10-04 20:45:08,716 INFO goatfarm [a88ec8c73bc24f5db595f61b26cb3e27] request method=GET path=/api/auth/farms status=200 duration_ms=9.85
[WebServer] 2026-10-04 20:45:08,721 INFO goatfarm [8677ff3e90614ac7bb4696e97c3f1903] request method=GET path=/api/auth/farms status=401 duration_ms=2.73
[WebServer] 2026-10-04 20:45:08,737 INFO goatfarm [a45c2ba88668447ab9d2433234745c0a] request method=GET path=/api/auth/permissions status=200 duration_ms=13.68
[WebServer] 2026-10-04 20:45:08,740 INFO goatfarm [cc03d433f1354a5781c49d11711910af] request method=GET path=/api/auth/permissions status=401 duration_ms=0.77
[WebServer] 2026-10-04 20:45:08,799 INFO goatfarm [30ea34b97b84468196bdfd4185d711cc] request method=GET path=/api/auth/worker-roster status=200 duration_ms=11.39
[WebServer] 2026-10-04 20:45:08,803 INFO goatfarm.audit [9005fb6ce3df400da0867d93aec8e067] security_event event='auth.logout.session_revoked' user_id=1 family_id='d5b3fdfb0ab44c2f85974ebb61441670' revoked_sessions=1 — exact-session logout revoked the refresh family
[WebServer] 2026-10-04 20:45:08,803 INFO goatfarm [9005fb6ce3df400da0867d93aec8e067] request method=POST path=/api/auth/logout-session status=204 duration_ms=18.55
[WebServer] 2026-10-04 20:45:08,808 INFO goatfarm [fa2c6960a0ad4dea897588e6b12ed954] request method=GET path=/api/auth/worker-roster status=200 duration_ms=6.25
[WebServer] 2026-10-04 20:45:09,265 INFO goatfarm.audit [9928977cf15841558fc0a32ec7ab3f76] security_event event='auth.worker_pin.login_succeeded' farm_id=1 membership_id=6 user_id=17 — worker signed in on the tablet by PIN
[WebServer] 2026-10-04 20:45:09,266 INFO goatfarm [9928977cf15841558fc0a32ec7ab3f76] request method=POST path=/api/auth/worker-login status=200 duration_ms=199.43
[WebServer] 2026-10-04 20:45:09,284 INFO goatfarm [7657d7bc6f3e4c8faaf917cc86f538f4] request method=GET path=/api/auth/farms status=200 duration_ms=16.04
[WebServer] 2026-10-04 20:45:09,292 INFO goatfarm [689a45763a9d4a1580ce9e7e160564c4] request method=GET path=/api/auth/farms status=401 duration_ms=4.31
[WebServer] 2026-10-04 20:45:09,304 INFO goatfarm [382276bbb4a44f7a81fecda9d5011f87] request method=GET path=/api/auth/worker-roster status=200 duration_ms=14.66
[WebServer] 2026-10-04 20:45:09,315 INFO goatfarm [2eb5fdf1b7cd4a1f9148566c407c953e] request method=GET path=/api/auth/permissions status=200 duration_ms=19.20
[WebServer] 2026-10-04 20:45:09,316 INFO goatfarm [c5759fc78532424eb8c51347f1c1eaa2] request method=GET path=/api/auth/worker-roster status=200 duration_ms=9.33
[WebServer] 2026-10-04 20:45:09,319 INFO goatfarm [f9e6ea742da94d929645d058e52ef46b] request method=GET path=/api/auth/permissions status=401 duration_ms=1.74
[WebServer] 2026-10-04 20:45:09,354 INFO goatfarm [edea4d7eb6074a329672647fda368273] request method=GET path=/api/tasks status=200 duration_ms=34.10
  ✓  102 [chromium] › e2e/worker-onboarding.spec.ts:71:1 › owner creates and resets a PIN worker through Team and pins the tablet through the UI (3.1s)
(node:3372) Warning: The 'NO_COLOR' env is ignored due to the 'FORCE_COLOR' env being set.
(Use `node --trace-warnings ...` to show where the warning was created)
[WebServer] 2026-10-04 20:45:10,277 INFO goatfarm [a5709cb18f7e4fad854b9f700c2eb95b] request method=POST path=/api/auth/refresh status=401 duration_ms=1.07
[WebServer] 2026-10-04 20:45:10,544 INFO goatfarm [82498907c17549249f01f6b1ab772c9f] request method=POST path=/api/auth/login status=200 duration_ms=161.91
[WebServer] 2026-10-04 20:45:10,555 INFO goatfarm [6a72ea88eddd40579c73a8620100d136] request method=GET path=/api/auth/farms status=200 duration_ms=8.04
[WebServer] 2026-10-04 20:45:10,570 INFO goatfarm [6c39ac81bc7444f9ae7ce4fe1b9d5c74] request method=GET path=/api/auth/permissions status=200 duration_ms=12.25
[WebServer] 2026-10-04 20:45:10,632 INFO goatfarm [f6f99f3c6ada484399621998f642c9d4] request method=GET path=/api/dashboard status=200 duration_ms=40.38
[WebServer] 2026-10-04 20:45:10,882 INFO goatfarm [df3336567e3d4b29bbba2765a1d28638] request method=POST path=/api/auth/refresh status=200 duration_ms=129.84
[WebServer] 2026-10-04 20:45:10,894 INFO goatfarm [1892484a4818483692b09f87c95ed924] request method=GET path=/api/auth/farms status=200 duration_ms=9.39
[WebServer] 2026-10-04 20:45:10,916 INFO goatfarm [84738c04ad4c4526beb0b71f102c7518] request method=GET path=/api/auth/permissions status=200 duration_ms=11.76
[WebServer] 2026-10-04 20:45:10,964 INFO goatfarm [c4696cc7362e4ebb993b32e14495e982] request method=GET path=/api/animals status=200 duration_ms=37.00
[WebServer] 2026-10-04 20:45:11,423 INFO goatfarm [3a1b5fa66f9845c8a7980aecfbb63821] request method=POST path=/api/animals status=201 duration_ms=55.28
[WebServer] 2026-10-04 20:45:11,459 INFO goatfarm [c91f0256bb9a49ca9f08d05f5f74aed1] request method=GET path=/api/animals status=200 duration_ms=32.58
[WebServer] 2026-10-04 20:45:11,655 INFO goatfarm [9d4896a010ff4d389fd9890f51c38a26] request method=POST path=/api/auth/refresh status=200 duration_ms=128.29
[WebServer] 2026-10-04 20:45:11,666 INFO goatfarm [d81031c91e774bbeb3715bd0dbd688ae] request method=GET path=/api/auth/farms status=200 duration_ms=7.69
[WebServer] 2026-10-04 20:45:11,682 INFO goatfarm [6a231ef7de3545c8a11b7ba7ce2b5cdd] request method=GET path=/api/auth/permissions status=200 duration_ms=6.72
[WebServer] 2026-10-04 20:45:11,711 INFO goatfarm [2858e5228afb4ceca5cbb9e6049a4a87] request method=GET path=/api/animals status=200 duration_ms=18.16
[WebServer] 2026-10-04 20:45:12,313 INFO goatfarm [b5908808c62c41e9a3cf4c2342bae7e3] request method=POST path=/api/animals status=201 duration_ms=134.21
[WebServer] 2026-10-04 20:45:12,336 INFO goatfarm [b89879545a8c441b978ff11c75e5518f] request method=GET path=/api/animals status=200 duration_ms=20.12
[WebServer] 2026-10-04 20:45:12,566 INFO goatfarm [9e9c92b3a9c24bd4ad7e46bb62733172] request method=POST path=/api/auth/refresh status=200 duration_ms=136.32
[WebServer] 2026-10-04 20:45:12,578 INFO goatfarm [1bedabd7046c4846b580b60587c2c10c] request method=GET path=/api/auth/farms status=200 duration_ms=9.14
[WebServer] 2026-10-04 20:45:12,596 INFO goatfarm [a4e966946ab34e6ab630040074e2e5bf] request method=GET path=/api/auth/permissions status=200 duration_ms=8.69
[WebServer] 2026-10-04 20:45:12,622 INFO goatfarm [6352877df5e348a0b51a0d5f30644e6f] request method=GET path=/api/breeding status=200 duration_ms=20.46
[WebServer] 2026-10-04 20:45:12,945 INFO goatfarm [73f3d279361844629cf6f9219127d310] request method=GET path=/api/breeding/candidates status=200 duration_ms=17.06
[WebServer] 2026-10-04 20:45:13,190 INFO goatfarm [10de046f51e7409d91e95012f17595ba] request method=GET path=/api/breeding/candidates status=200 duration_ms=21.78
[WebServer] 2026-10-04 20:45:13,461 INFO goatfarm [b713b98628914b1aa216914ad61f15c9] request method=POST path=/api/breeding status=201 duration_ms=47.58
[WebServer] 2026-10-04 20:45:13,489 INFO goatfarm [4fd0aa10db414eff92067277f57f04cc] request method=GET path=/api/breeding status=200 duration_ms=24.31
[WebServer] 2026-10-04 20:45:13,675 INFO goatfarm [4230a3b7fcae4e80970e5da39aebc92d] request method=POST path=/api/auth/refresh status=200 duration_ms=122.35
[WebServer] 2026-10-04 20:45:13,686 INFO goatfarm [d06ed994053a4616b54e10bd76e5f05e] request method=GET path=/api/auth/farms status=200 duration_ms=7.46
[WebServer] 2026-10-04 20:45:13,701 INFO goatfarm [4f50d1a8d308427f914b624509f0a0af] request method=GET path=/api/auth/permissions status=200 duration_ms=6.48
[WebServer] 2026-10-04 20:45:13,721 INFO goatfarm [2e84c92f046f46ca950bb5c431810e45] request method=GET path=/api/tasks status=200 duration_ms=14.09
[WebServer] 2026-10-04 20:45:13,772 INFO goatfarm [89fdfad2144c4d528c4ef72d8d5bd961] request method=GET path=/api/team status=200 duration_ms=16.89
[WebServer] 2026-10-04 20:45:14,061 INFO goatfarm [fa160966c2414300916c3f3ee6602c33] request method=POST path=/api/tasks status=201 duration_ms=26.01
[WebServer] 2026-10-04 20:45:14,080 INFO goatfarm [18c1d00ee210435c822b79ce5882896f] request method=GET path=/api/team status=200 duration_ms=15.72
[WebServer] 2026-10-04 20:45:14,082 INFO goatfarm [b73f41222b0f497b8f0a547585c243fa] request method=GET path=/api/tasks status=200 duration_ms=18.03
[WebServer] 2026-10-04 20:45:14,176 INFO goatfarm [3409f54d643248e5bd8912ad6cbff64a] request method=POST path=/api/tasks/89/complete status=200 duration_ms=24.67
[WebServer] 2026-10-04 20:45:14,193 INFO goatfarm [c91fb53c8b7a49eebde430ea14981c94] request method=GET path=/api/tasks status=200 duration_ms=14.08
[WebServer] 2026-10-04 20:45:14,239 INFO goatfarm [671915e57ce7418c861ddeb06e6c98b4] request method=GET path=/api/tasks status=200 duration_ms=17.67
[WebServer] 2026-10-04 20:45:14,625 INFO goatfarm [06679456eed547c9b2229fa7f8b21e72] request method=GET path=/api/breeding status=200 duration_ms=16.94
  ✓  103 [Mobile Chrome] › e2e/mobile-worker-journey.spec.ts:41:3 › mobile worker journey › login → tasks board cards → complete a duty → open the linked form (5.0s)
[WebServer] 2026-10-04 20:45:15,601 INFO goatfarm [38b9bf5a010f42d38259560b9c322692] request method=POST path=/api/auth/login status=200 duration_ms=148.68
[WebServer] 2026-10-04 20:45:15,613 INFO goatfarm [b942c4d38088435fbab1cf6c07c246fc] request method=GET path=/api/auth/farms status=200 duration_ms=7.75
[WebServer] 2026-10-04 20:45:15,624 INFO goatfarm [6b24c4000bcc47819aa62e3309a3c8a6] request method=GET path=/api/auth/farms status=200 duration_ms=7.13
[WebServer] 2026-10-04 20:45:15,778 INFO goatfarm [8f9ce88c19804bfa97b8b305272bbc0c] request method=POST path=/api/auth/login status=200 duration_ms=152.14
[WebServer] 2026-10-04 20:45:15,806 INFO goatfarm.audit [791308a0153f498da693cc8fad315188] security_event event='team.role.create' farm_id=1 actor_id=1 role_id=94 — created custom role
[WebServer] 2026-10-04 20:45:15,807 INFO goatfarm [791308a0153f498da693cc8fad315188] request method=POST path=/api/team/roles status=201 duration_ms=25.94
[WebServer] 2026-10-04 20:45:15,965 INFO goatfarm [90141b7fa7d74ceca448bccd4217c22b] request method=POST path=/api/auth/login status=200 duration_ms=154.56
[WebServer] 2026-10-04 20:45:16,078 INFO goatfarm.audit [ab22093a270f48deac1e48ef423db7ce] security_event event='team.worker.create' farm_id=1 actor_id=1 membership_id=7 user_id=18 role_id=94 — provisioned worker account with must-change credential
[WebServer] 2026-10-04 20:45:16,078 INFO goatfarm [ab22093a270f48deac1e48ef423db7ce] request method=POST path=/api/team/workers status=201 duration_ms=111.28
[WebServer] 2026-10-04 20:45:16,231 INFO goatfarm [b2025a5dd65d48888f693447f52c9942] request method=POST path=/api/auth/login status=200 duration_ms=150.32
[WebServer] 2026-10-04 20:45:16,304 INFO goatfarm.audit [2a54e293d1c84e1c9a8141b69ea1557c] security_event event='team.worker.create' farm_id=1 actor_id=1 membership_id=8 user_id=19 role_id=94 — provisioned worker account with must-change credential
[WebServer] 2026-10-04 20:45:16,304 INFO goatfarm [2a54e293d1c84e1c9a8141b69ea1557c] request method=POST path=/api/team/workers status=201 duration_ms=70.45
[WebServer] 2026-10-04 20:45:16,311 INFO goatfarm [3cafa090b1ae4d2ab12a193e7a0499da] request method=GET path=/api/auth/worker-roster status=200 duration_ms=5.02
[WebServer] 2026-10-04 20:45:16,462 INFO goatfarm [948714be49294d83a9be350e34bda1e7] request method=POST path=/api/auth/login status=200 duration_ms=148.20
[WebServer] 2026-10-04 20:45:16,478 INFO goatfarm [9d49007127314b86a9996eed93bfd7ae] request method=GET path=/api/team status=200 duration_ms=13.93
[WebServer] 2026-10-04 20:45:16,621 INFO goatfarm [02f8db5699d5462ea6e9b34594c983f8] request method=POST path=/api/auth/login status=200 duration_ms=140.61
[WebServer] 2026-10-04 20:45:16,649 INFO goatfarm [b985f4261750420da081dc5ed5874ff2] request method=POST path=/api/tasks status=201 duration_ms=25.54
[WebServer] 2026-10-04 20:45:16,805 INFO goatfarm [9e24428903444bd3aa69cc0fde63f92e] request method=POST path=/api/auth/login status=200 duration_ms=153.45
[WebServer] 2026-10-04 20:45:16,860 INFO goatfarm [f0b55c6a8cce49788ef66f3cabfeec5c] request method=POST path=/api/tasks status=201 duration_ms=52.87
[WebServer] 2026-10-04 20:45:16,964 INFO goatfarm [0d6565b4d85c4c83b9bdf80c4391998e] request method=POST path=/api/auth/refresh status=401 duration_ms=0.73
[WebServer] 2026-10-04 20:45:17,019 INFO goatfarm [5ad7342ecdf34037ba2e85bfbd01c3b4] request method=GET path=/api/auth/worker-roster status=200 duration_ms=5.16
[WebServer] 2026-10-04 20:45:17,393 INFO goatfarm.audit [d069ae5d610d44c29338d34fd4e6adb1] security_event event='auth.worker_pin.login_succeeded' farm_id=1 membership_id=7 user_id=18 — worker signed in on the tablet by PIN
[WebServer] 2026-10-04 20:45:17,394 INFO goatfarm [d069ae5d610d44c29338d34fd4e6adb1] request method=POST path=/api/auth/worker-login status=200 duration_ms=161.85
[WebServer] 2026-10-04 20:45:17,408 INFO goatfarm [f70f681807c34b65af7358c2f20093e5] request method=GET path=/api/auth/farms status=200 duration_ms=11.45
[WebServer] 2026-10-04 20:45:17,411 INFO goatfarm [8652a39336464dbb82acd9a21d0609de] request method=GET path=/api/auth/farms status=401 duration_ms=0.68
[WebServer] 2026-10-04 20:45:17,426 INFO goatfarm [b0090cd4f4dc42b79bcda63031930d1f] request method=GET path=/api/auth/worker-roster status=200 duration_ms=11.38
[WebServer] 2026-10-04 20:45:17,436 INFO goatfarm [aa959281c0a14df99f7b1c5b5939c711] request method=GET path=/api/auth/worker-roster status=200 duration_ms=8.08
[WebServer] 2026-10-04 20:45:17,437 INFO goatfarm [b383bd46f1234223ab0ec4fdd28b2468] request method=GET path=/api/auth/permissions status=200 duration_ms=21.13
[WebServer] 2026-10-04 20:45:17,441 INFO goatfarm [891d3cc3d2284f6da3706bc0845440cf] request method=GET path=/api/auth/permissions status=401 duration_ms=0.82
[WebServer] 2026-10-04 20:45:17,511 INFO goatfarm [f59cd9dd9acf4f7b95bbe584db2a0af8] request method=GET path=/api/tasks status=200 duration_ms=69.55
[WebServer] 2026-10-04 20:45:17,929 INFO goatfarm [4187c9aa595e49dda9604f7d3e054450] request method=POST path=/api/auth/refresh status=200 duration_ms=129.06
[WebServer] 2026-10-04 20:45:17,942 INFO goatfarm [2d529b8301584e8eb30494546bbd3db4] request method=GET path=/api/auth/farms status=200 duration_ms=9.91
[WebServer] 2026-10-04 20:45:17,945 INFO goatfarm [56bf4ffeaa2e4260a8e4e5e9b1c1cd33] request method=GET path=/api/auth/farms status=401 duration_ms=0.57
[WebServer] 2026-10-04 20:45:17,971 INFO goatfarm [0c338c87a41641a6aa6af35a357adbc9] request method=GET path=/api/auth/permissions status=200 duration_ms=15.69
[WebServer] 2026-10-04 20:45:17,974 INFO goatfarm [29db95710a914209a40ab7352633a66c] request method=GET path=/api/auth/permissions status=401 duration_ms=0.67
[WebServer] 2026-10-04 20:45:17,999 INFO goatfarm [07ded5e7ee844066b37c0606d21dc2cf] request method=GET path=/api/tasks status=200 duration_ms=24.23
[WebServer] 2026-10-04 20:45:18,136 INFO goatfarm [9dd0b057170a46018a77fdbf74dad6e1] request method=POST path=/api/auth/login status=200 duration_ms=137.54
[WebServer] 2026-10-04 20:45:18,147 INFO goatfarm [283415f57947443eb7d97c4f6b724b5e] request method=GET path=/api/tasks/90 status=200 duration_ms=9.27
[WebServer] 2026-10-04 20:45:18,204 INFO goatfarm [4fde1131874e43c9adda66c4a6e6aded] request method=POST path=/api/tasks/90/complete status=200 duration_ms=32.54
[WebServer] 2026-10-04 20:45:18,362 INFO goatfarm [bd07b64fe8604d0c8a0893d4b315387f] request method=POST path=/api/auth/login status=200 duration_ms=151.66
[WebServer] 2026-10-04 20:45:18,391 INFO goatfarm [b5d9629945fe40dd911f508a9ed75a58] request method=GET path=/api/tasks/90 status=200 duration_ms=27.05
[WebServer] 2026-10-04 20:45:18,443 INFO goatfarm.audit [5ffebde1f11642cc88b58151c41ef2d8] security_event event='auth.logout.completed' user_id=18 session_origin='PIN' family_id='d7bf776cfbaa4b03b19496ac44425ede' revocation_scope='refresh_family' — logout revoked authenticated session state
[WebServer] 2026-10-04 20:45:18,445 INFO goatfarm [5ffebde1f11642cc88b58151c41ef2d8] request method=POST path=/api/auth/logout status=204 duration_ms=26.05
[WebServer] 2026-10-04 20:45:18,454 INFO goatfarm [75aed68f54fa4e0c8a897a3f9635f081] request method=GET path=/api/auth/worker-roster status=200 duration_ms=10.61
  ✓  104 [Mobile Chrome] › e2e/worker-tablet-journey.spec.ts:57:3 › worker tablet › PIN login, offline completion, sync with attribution (3.4s)
[WebServer] 2026-10-04 20:45:18,659 INFO goatfarm [fff1e7175aef49e3967b36883f743ada] request method=POST path=/api/auth/login status=200 duration_ms=160.54
[WebServer] 2026-10-04 20:45:18,669 INFO goatfarm [690418f4e1734c6592dae3a7f4d868ef] request method=GET path=/api/auth/farms status=200 duration_ms=7.00
[WebServer] 2026-10-04 20:45:18,808 INFO goatfarm [573600e0e7b04d05aa6a710ddab136e0] request method=POST path=/api/auth/login status=200 duration_ms=137.41
[WebServer] 2026-10-04 20:45:18,821 INFO goatfarm [3ab18d2e189b42c8b9e4f8f2abda29ee] request method=GET path=/api/team status=200 duration_ms=10.40
[WebServer] 2026-10-04 20:45:18,975 INFO goatfarm [e25729c27b76418895f67a785b772b4c] request method=POST path=/api/auth/login status=200 duration_ms=152.91
[WebServer] 2026-10-04 20:45:19,088 INFO goatfarm.audit [81229939eee749ca8a4a96179d20fec1] security_event event='team.worker.create' farm_id=1 actor_id=1 membership_id=9 user_id=20 role_id=3 — provisioned worker account with must-change credential
[WebServer] 2026-10-04 20:45:19,088 INFO goatfarm [81229939eee749ca8a4a96179d20fec1] request method=POST path=/api/team/workers status=201 duration_ms=109.48
[WebServer] 2026-10-04 20:45:19,252 INFO goatfarm [af4fc03ad412439b931214686bbfbcf3] request method=POST path=/api/auth/login status=200 duration_ms=162.23
[WebServer] 2026-10-04 20:45:19,281 INFO goatfarm [482f9f4335bc449790f568937c1eddb6] request method=POST path=/api/animals status=201 duration_ms=26.56
[WebServer] 2026-10-04 20:45:19,461 INFO goatfarm [ea618d582cec45d5aae60f4446795857] request method=POST path=/api/auth/login status=200 duration_ms=177.01
[WebServer] 2026-10-04 20:45:19,498 INFO goatfarm [583bf0dc997c48c2a0ba35bba52bf24f] request method=POST path=/api/animals status=201 duration_ms=34.66
[WebServer] 2026-10-04 20:45:19,660 INFO goatfarm [07cbd1d830494dd9aa22d44acaa2260d] request method=POST path=/api/auth/login status=200 duration_ms=158.79
[WebServer] 2026-10-04 20:45:19,703 INFO goatfarm [5f09ec7c3ac04b7494f8e129aeba5781] request method=POST path=/api/breeding status=201 duration_ms=41.12
[WebServer] 2026-10-04 20:45:19,862 INFO goatfarm [28a92f0773d14e83b8348a4d003d8b07] request method=POST path=/api/auth/login status=200 duration_ms=156.90
[WebServer] 2026-10-04 20:45:19,895 INFO goatfarm [bb7615c1f9fb422e9506c84b641ed112] request method=GET path=/api/tasks status=200 duration_ms=30.73
[WebServer] 2026-10-04 20:45:20,002 INFO goatfarm [124db184c040426a9d17509b68972b40] request method=POST path=/api/auth/refresh status=401 duration_ms=0.89
[WebServer] 2026-10-04 20:45:20,069 INFO goatfarm [e8f212092f7b4c5abfcc97dfc72fedf8] request method=GET path=/api/auth/worker-roster status=200 duration_ms=9.04
[WebServer] 2026-10-04 20:45:20,410 INFO goatfarm.audit [f2ea551c35bc4c508fabf6523cbc2e38] security_event event='auth.worker_pin.login_succeeded' farm_id=1 membership_id=9 user_id=20 — worker signed in on the tablet by PIN
[WebServer] 2026-10-04 20:45:20,411 INFO goatfarm [f2ea551c35bc4c508fabf6523cbc2e38] request method=POST path=/api/auth/worker-login status=200 duration_ms=145.66
[WebServer] 2026-10-04 20:45:20,427 INFO goatfarm [36f0155dc8404e9c81768727efbf3741] request method=GET path=/api/auth/farms status=200 duration_ms=14.22
[WebServer] 2026-10-04 20:45:20,430 INFO goatfarm [31d10bb232634265830143e1f43bf665] request method=GET path=/api/auth/farms status=401 duration_ms=0.69
[WebServer] 2026-10-04 20:45:20,441 INFO goatfarm [fdb85c3d3a3f47239f92e86e58f7a32d] request method=GET path=/api/auth/worker-roster status=200 duration_ms=7.65
[WebServer] 2026-10-04 20:45:20,455 INFO goatfarm [5ed9bd0be3884750bd484e57b72b3172] request method=GET path=/api/auth/worker-roster status=200 duration_ms=11.57
[WebServer] 2026-10-04 20:45:20,456 INFO goatfarm [cc1ca3876db74445b62f1d1e3a601917] request method=GET path=/api/auth/permissions status=200 duration_ms=22.28
[WebServer] 2026-10-04 20:45:20,460 INFO goatfarm [fd45ee39c9aa48bd9086aff8db54b779] request method=GET path=/api/auth/permissions status=401 duration_ms=0.74
[WebServer] 2026-10-04 20:45:20,487 INFO goatfarm [6d0dcffb9f1b4b77b02fba954870616b] request method=GET path=/api/tasks status=200 duration_ms=26.71
  ✓  105 [Mobile Chrome] › e2e/worker-tablet-journey.spec.ts:248:3 › worker tablet › form-linked duty deep-links to its form and carries returnTo=/worker (2.2s)
[WebServer] 2026-10-04 20:45:20,644 INFO goatfarm [118fc97ac0d44f3d897de6f670cbdf68] request method=GET path=/api/breeding status=200 duration_ms=33.88
(node:3423) Warning: The 'NO_COLOR' env is ignored due to the 'FORCE_COLOR' env being set.
(Use `node --trace-warnings ...` to show where the warning was created)
[WebServer] 2026-10-04 20:45:21,459 INFO goatfarm [dfdba487221c4f2d99889c01d856e57c] request method=POST path=/api/auth/login status=200 duration_ms=146.58
[WebServer] 2026-10-04 20:45:21,479 INFO goatfarm [6f719d1c61b446a88416134325bc062c] request method=GET path=/api/auth/farms status=200 duration_ms=12.37
[WebServer] 2026-10-04 20:45:21,492 INFO goatfarm [98ecbf681e5446008d499f558747b7ae] request method=GET path=/api/auth/farms status=200 duration_ms=9.61
[WebServer] 2026-10-04 20:45:21,642 INFO goatfarm [7f407e78f5f64b5fb278a7de44a5df99] request method=POST path=/api/auth/login status=200 duration_ms=144.58
[WebServer] 2026-10-04 20:45:21,670 INFO goatfarm.audit [1a381af849984b4bac82bdc77a0c2895] security_event event='team.role.create' farm_id=1 actor_id=1 role_id=95 — created custom role
[WebServer] 2026-10-04 20:45:21,670 INFO goatfarm [1a381af849984b4bac82bdc77a0c2895] request method=POST path=/api/team/roles status=201 duration_ms=24.61
[WebServer] 2026-10-04 20:45:21,832 INFO goatfarm [04dc9445b5124344b8e88e1ae7f66bf0] request method=POST path=/api/auth/login status=200 duration_ms=158.38
[WebServer] 2026-10-04 20:45:21,960 INFO goatfarm.audit [24e43f493b624ddfba53444f4fd2c8db] security_event event='team.worker.create' farm_id=1 actor_id=1 membership_id=10 user_id=21 role_id=95 — provisioned worker account with must-change credential
[WebServer] 2026-10-04 20:45:21,961 INFO goatfarm [24e43f493b624ddfba53444f4fd2c8db] request method=POST path=/api/team/workers status=201 duration_ms=126.20
[WebServer] 2026-10-04 20:45:22,121 INFO goatfarm [60d660bb6d274b41b6dcdea30066a666] request method=POST path=/api/auth/login status=200 duration_ms=157.45
[WebServer] 2026-10-04 20:45:22,197 INFO goatfarm.audit [6d82a823c413441594a98d57eb720f5d] security_event event='team.worker.create' farm_id=1 actor_id=1 membership_id=11 user_id=22 role_id=95 — provisioned worker account with must-change credential
[WebServer] 2026-10-04 20:45:22,197 INFO goatfarm [6d82a823c413441594a98d57eb720f5d] request method=POST path=/api/team/workers status=201 duration_ms=74.06
[WebServer] 2026-10-04 20:45:22,204 INFO goatfarm [5fbc729a065042af9c971738f16937f7] request method=GET path=/api/auth/worker-roster status=200 duration_ms=4.11
[WebServer] 2026-10-04 20:45:22,357 INFO goatfarm [61bd3d27e621414e8069cc7887c4ebcb] request method=POST path=/api/auth/login status=200 duration_ms=150.37
[WebServer] 2026-10-04 20:45:22,374 INFO goatfarm [a2a810af2bfc49b4b245853b87333a96] request method=GET path=/api/team status=200 duration_ms=14.63
[WebServer] 2026-10-04 20:45:22,533 INFO goatfarm [cc3aa21119dd4a388d4b0971e29cda7b] request method=POST path=/api/auth/login status=200 duration_ms=156.53
[WebServer] 2026-10-04 20:45:22,566 INFO goatfarm [9b5a16d313de4f0abbfaa66bd504de10] request method=POST path=/api/tasks status=201 duration_ms=30.71
[WebServer] 2026-10-04 20:45:22,728 INFO goatfarm [a02678e5f6bc474cb0790dde79adce40] request method=POST path=/api/auth/login status=200 duration_ms=158.97
[WebServer] 2026-10-04 20:45:22,759 INFO goatfarm [ea5c578d2c6d48199a29ad3698028395] request method=POST path=/api/tasks status=201 duration_ms=28.28
[WebServer] 2026-10-04 20:45:22,873 INFO goatfarm [7cd8008850fa4bc2a5673138e435d180] request method=POST path=/api/auth/refresh status=401 duration_ms=0.76
[WebServer] 2026-10-04 20:45:22,941 INFO goatfarm [c59802d263af4421967244ca8aa73dea] request method=GET path=/api/auth/worker-roster status=200 duration_ms=6.36
[WebServer] 2026-10-04 20:45:23,326 INFO goatfarm.audit [3937bda67712412dbfd27805a1bf057f] security_event event='auth.worker_pin.login_succeeded' farm_id=1 membership_id=10 user_id=21 — worker signed in on the tablet by PIN
[WebServer] 2026-10-04 20:45:23,327 INFO goatfarm [3937bda67712412dbfd27805a1bf057f] request method=POST path=/api/auth/worker-login status=200 duration_ms=170.87
[WebServer] 2026-10-04 20:45:23,345 INFO goatfarm [60f5ff6a1972429aaa7fa4c1211e4ca0] request method=GET path=/api/auth/farms status=200 duration_ms=15.82
[WebServer] 2026-10-04 20:45:23,349 INFO goatfarm [ea02dd2129344f9aa861d5b66b10c7ad] request method=GET path=/api/auth/farms status=401 duration_ms=0.70
[WebServer] 2026-10-04 20:45:23,366 INFO goatfarm [c2dae515a5804b888346e500dd8a5e9b] request method=GET path=/api/auth/worker-roster status=200 duration_ms=14.39
[WebServer] 2026-10-04 20:45:23,374 INFO goatfarm [a37a55502c8449f28c50112f05c6e61b] request method=GET path=/api/auth/permissions status=200 duration_ms=19.45
[WebServer] 2026-10-04 20:45:23,375 INFO goatfarm [339d982df6fe4172be1e1fce3584c20a] request method=GET path=/api/auth/worker-roster status=200 duration_ms=6.43
[WebServer] 2026-10-04 20:45:23,378 INFO goatfarm [a3cda14b99614158a8cda0c88bbbd1c6] request method=GET path=/api/auth/permissions status=401 duration_ms=0.99
[WebServer] 2026-10-04 20:45:23,402 INFO goatfarm [42999e9a5d374bc89a3c7974713adbdf] request method=GET path=/api/tasks status=200 duration_ms=24.12
[WebServer] 2026-10-04 20:45:23,869 INFO goatfarm [5d9a55ba09ca479982c8ba2b122fcaea] request method=POST path=/api/auth/refresh status=200 duration_ms=124.40
[WebServer] 2026-10-04 20:45:23,882 INFO goatfarm [420e684130f940e5a508762b7c143155] request method=GET path=/api/auth/farms status=200 duration_ms=10.22
[WebServer] 2026-10-04 20:45:23,885 INFO goatfarm [b5fba7410d434837813edeabb5876958] request method=GET path=/api/auth/farms status=401 duration_ms=0.83
[WebServer] 2026-10-04 20:45:23,909 INFO goatfarm [cd55b324d9e94f9ab3e1652d7173172a] request method=GET path=/api/auth/permissions status=200 duration_ms=12.98
[WebServer] 2026-10-04 20:45:23,916 INFO goatfarm [de9268d642944883b5515b282fdc4327] request method=GET path=/api/auth/permissions status=401 duration_ms=2.16
[WebServer] 2026-10-04 20:45:23,952 INFO goatfarm [2428a87546fb46a3b822f511737cbcbb] request method=GET path=/api/tasks status=200 duration_ms=37.70
[WebServer] 2026-10-04 20:45:24,111 INFO goatfarm [feef15cc3f4e4ee891c64bae2f8f979c] request method=POST path=/api/auth/login status=200 duration_ms=153.67
[WebServer] 2026-10-04 20:45:24,122 INFO goatfarm [8052a9088eea4afb815f8e5dbc451db5] request method=GET path=/api/tasks/94 status=200 duration_ms=8.40
[WebServer] 2026-10-04 20:45:24,175 INFO goatfarm [c6092064d38f4bffa652ed36633176fe] request method=POST path=/api/tasks/94/complete status=200 duration_ms=29.63
[WebServer] 2026-10-04 20:45:24,341 INFO goatfarm [601b957f65584528816791d04e4c3ad2] request method=POST path=/api/auth/login status=200 duration_ms=156.99
[WebServer] 2026-10-04 20:45:24,354 INFO goatfarm [b2ac09150d3e4d4f96dde862335ae74d] request method=GET path=/api/tasks/94 status=200 duration_ms=10.02
[WebServer] 2026-10-04 20:45:24,408 INFO goatfarm.audit [df355b2a22d0436ab0691a059e973ec5] security_event event='auth.logout.completed' user_id=21 session_origin='PIN' family_id='71c16e3e9b03438e944a86ccd1a644c3' revocation_scope='refresh_family' — logout revoked authenticated session state
[WebServer] 2026-10-04 20:45:24,408 INFO goatfarm [df355b2a22d0436ab0691a059e973ec5] request method=POST path=/api/auth/logout status=204 duration_ms=22.56
[WebServer] 2026-10-04 20:45:24,409 INFO goatfarm [fab82441df3a45929f02e9446b825489] request method=GET path=/api/auth/worker-roster status=200 duration_ms=8.55
  ✓  106 [Tablet Chrome landscape] › e2e/worker-tablet-journey.spec.ts:57:3 › worker tablet › PIN login, offline completion, sync with attribution (3.5s)
[WebServer] 2026-10-04 20:45:24,421 INFO goatfarm [b4844df592db4a4daecb0da604a84196] request method=GET path=/api/auth/worker-roster status=200 duration_ms=6.72
[WebServer] 2026-10-04 20:45:24,632 INFO goatfarm [9f0f9d9932f84839a7f6f8fcafe2f866] request method=POST path=/api/auth/login status=200 duration_ms=146.11
[WebServer] 2026-10-04 20:45:24,645 INFO goatfarm [ebbaddd833c74f638c36ccc155c38491] request method=GET path=/api/auth/farms status=200 duration_ms=10.53
[WebServer] 2026-10-04 20:45:24,800 INFO goatfarm [cfe259225d38488a9561e2d004e7f727] request method=POST path=/api/auth/login status=200 duration_ms=152.90
[WebServer] 2026-10-04 20:45:24,817 INFO goatfarm [6ef6db6b8b34450387070434e40ae4a5] request method=GET path=/api/team status=200 duration_ms=15.00
[WebServer] 2026-10-04 20:45:24,973 INFO goatfarm [058efcc0da4043afb46c5218fe3cbede] request method=POST path=/api/auth/login status=200 duration_ms=153.45
[WebServer] 2026-10-04 20:45:25,095 INFO goatfarm.audit [710f0b9ab60d47ab8b36200eeea07f53] security_event event='team.worker.create' farm_id=1 actor_id=1 membership_id=12 user_id=23 role_id=3 — provisioned worker account with must-change credential
[WebServer] 2026-10-04 20:45:25,096 INFO goatfarm [710f0b9ab60d47ab8b36200eeea07f53] request method=POST path=/api/team/workers status=201 duration_ms=119.90
[WebServer] 2026-10-04 20:45:25,254 INFO goatfarm [6d706e1ce96a4f9699c59c66af5019c3] request method=POST path=/api/auth/login status=200 duration_ms=156.45
[WebServer] 2026-10-04 20:45:25,284 INFO goatfarm [fa24fc8eda454c71a0533c37b3a64968] request method=POST path=/api/animals status=201 duration_ms=27.36
[WebServer] 2026-10-04 20:45:25,440 INFO goatfarm [dddf74643d7c49fdb9b47a0ed901063f] request method=POST path=/api/auth/login status=200 duration_ms=153.50
[WebServer] 2026-10-04 20:45:25,479 INFO goatfarm [068ac808c5114a50bfcecc323446fa51] request method=POST path=/api/animals status=201 duration_ms=36.83
[WebServer] 2026-10-04 20:45:25,638 INFO goatfarm [548d6669f66c41088940407a2968643e] request method=POST path=/api/auth/login status=200 duration_ms=156.61
[WebServer] 2026-10-04 20:45:25,692 INFO goatfarm [b56d1c0c60f84160ad5b3f024e0772fa] request method=POST path=/api/breeding status=201 duration_ms=51.77
[WebServer] 2026-10-04 20:45:25,850 INFO goatfarm [7e2d9b7a5c604eb782964d31434845cc] request method=POST path=/api/auth/login status=200 duration_ms=156.13
[WebServer] 2026-10-04 20:45:25,886 INFO goatfarm [a62ee255f1bf426e8f49b230b0cc1564] request method=GET path=/api/tasks status=200 duration_ms=33.16
[WebServer] 2026-10-04 20:45:26,013 INFO goatfarm [1464edfbc1b447b5a8c27fec7ee867e2] request method=POST path=/api/auth/refresh status=401 duration_ms=0.66
[WebServer] 2026-10-04 20:45:26,079 INFO goatfarm [8a7ca203efee4b6080b9a42f5c1df1ea] request method=GET path=/api/auth/worker-roster status=200 duration_ms=5.49
[WebServer] 2026-10-04 20:45:26,437 INFO goatfarm.audit [8eea57c1c0ad4a4eb403edda30a8dae8] security_event event='auth.worker_pin.login_succeeded' farm_id=1 membership_id=12 user_id=23 — worker signed in on the tablet by PIN
[WebServer] 2026-10-04 20:45:26,438 INFO goatfarm [8eea57c1c0ad4a4eb403edda30a8dae8] request method=POST path=/api/auth/worker-login status=200 duration_ms=156.01
[WebServer] 2026-10-04 20:45:26,451 INFO goatfarm [075b520593b34335a4b80ba177ffab2e] request method=GET path=/api/auth/farms status=200 duration_ms=10.69
[WebServer] 2026-10-04 20:45:26,454 INFO goatfarm [ce6a320889aa44cb8bccc0beebce9401] request method=GET path=/api/auth/farms status=401 duration_ms=0.64
[WebServer] 2026-10-04 20:45:26,464 INFO goatfarm [e458006cfabc47bf894491319a366f25] request method=GET path=/api/auth/worker-roster status=200 duration_ms=6.82
[WebServer] 2026-10-04 20:45:26,495 INFO goatfarm [29f7604a9a7b485d985b4460f5301c86] request method=GET path=/api/auth/permissions status=200 duration_ms=37.19
[WebServer] 2026-10-04 20:45:26,495 INFO goatfarm [c3ee28c3acf3455c9db01734238e6f0c] request method=GET path=/api/auth/worker-roster status=200 duration_ms=29.21
[WebServer] 2026-10-04 20:45:26,499 INFO goatfarm [72a526c8710d47aaa6c93768c73d1415] request method=GET path=/api/auth/permissions status=401 duration_ms=0.72
[WebServer] 2026-10-04 20:45:26,525 INFO goatfarm [645f9402bda947f4a09ec38c36b10aad] request method=GET path=/api/tasks status=200 duration_ms=25.27
  ✓  107 [Tablet Chrome landscape] › e2e/worker-tablet-journey.spec.ts:248:3 › worker tablet › form-linked duty deep-links to its form and carries returnTo=/worker (2.2s)
[WebServer] 2026-10-04 20:45:26,680 INFO goatfarm [da9f745fc02a46d995bd86f5a4f87194] request method=GET path=/api/breeding status=200 duration_ms=30.53

  107 passed (4.4m)
