[WebServer] (node:3466) Warning: The 'NO_COLOR' env is ignored due to the 'FORCE_COLOR' env being set.
[WebServer] (Use `node --trace-warnings ...` to show where the warning was created)
[WebServer] INFO:     Started server process [3479]
[WebServer] INFO:     Waiting for application startup.
[WebServer] 2026-10-04 20:45:29,451 INFO goatfarm [-] startup (environment=development)
[WebServer] INFO:     Application startup complete.
[WebServer] INFO:     Uvicorn running on http://127.0.0.1:8000 (Press CTRL+C to quit)
[WebServer] 2026-10-04 20:45:31,012 INFO goatfarm [9990660170454d2496fd36180e2c1feb] request method=GET path=/openapi.json status=200 duration_ms=723.61
[WebServer] 2026-10-04 20:45:31,215 INFO goatfarm [764b35b496aa4f659348358a0c7a3998] request method=POST path=/api/auth/register status=201 duration_ms=171.35
[WebServer] 2026-10-04 20:45:31,259 INFO goatfarm [cbc9d55c99214744bed01c4f96e309ae] request method=POST path=/api/auth/farms status=201 duration_ms=40.41

Running 104 tests using 1 worker

(node:3493) Warning: The 'NO_COLOR' env is ignored due to the 'FORCE_COLOR' env being set.
(Use `node --trace-warnings ...` to show where the warning was created)
[WebServer] 2026-10-04 20:45:33,799 WARNING goatfarm.audit [e87423ee17b54c5d90ee1e9d12594198] security_signal_started event='auth.refresh.invalid' aggregation='process-memory' — invalid or replayed refresh credentials rejected
[WebServer] 2026-10-04 20:45:33,801 INFO goatfarm [e87423ee17b54c5d90ee1e9d12594198] request method=POST path=/api/auth/refresh status=401 duration_ms=4.53
[WebServer] 2026-10-04 20:45:34,166 INFO goatfarm [1a2f98a1938d4679a32c02c62d634785] request method=POST path=/api/auth/login status=200 duration_ms=185.25
[WebServer] 2026-10-04 20:45:34,190 INFO goatfarm [86460de451b44ab69a85e418fa28dab5] request method=GET path=/api/auth/farms status=200 duration_ms=18.95
[WebServer] 2026-10-04 20:45:34,207 INFO goatfarm [d28231e5736742c0943961f3b81080c2] request method=GET path=/api/auth/permissions status=200 duration_ms=11.67
[WebServer] 2026-10-04 20:45:34,548 INFO goatfarm [a3d0a6cbef994c43ad18e28223b57203] request method=POST path=/api/auth/refresh status=200 duration_ms=139.72
[WebServer] 2026-10-04 20:45:34,572 INFO goatfarm [ce03b3faeb5f4eb4adf28144e66c4991] request method=GET path=/api/auth/farms status=200 duration_ms=20.24
[WebServer] 2026-10-04 20:45:34,590 INFO goatfarm [b3357fbcf9ed4ee1a2cdabbdc1194473] request method=GET path=/api/dashboard status=200 duration_ms=328.02
[WebServer] 2026-10-04 20:45:34,600 INFO goatfarm [fa9d53e9ac5b4b1c8a1858cf55b9eaf5] request method=GET path=/api/auth/permissions status=200 duration_ms=17.05
[WebServer] 2026-10-04 20:45:34,689 INFO goatfarm [e139e58631594b43ac5d1cbd566dcf82] request method=GET path=/api/dashboard status=200 duration_ms=78.81
  ✓    1 [webkit] › e2e/a11y-gate.spec.ts:68:7 › a11y gate › /dashboard (en) has no serious accessibility violations (3.3s)
[WebServer] 2026-10-04 20:45:36,155 INFO goatfarm [e2772b404d6445abb9e1dd79ff1b49dd] request method=POST path=/api/auth/refresh status=401 duration_ms=0.75
[WebServer] 2026-10-04 20:45:36,447 INFO goatfarm [5e254c8b72e94fdf843c8851b7042460] request method=POST path=/api/auth/login status=200 duration_ms=169.06
[WebServer] 2026-10-04 20:45:36,464 INFO goatfarm [3d669ce7ebab41f18716dd8621858047] request method=GET path=/api/auth/farms status=200 duration_ms=13.40
[WebServer] 2026-10-04 20:45:36,481 INFO goatfarm [3fc5d0ff14c44779b00a6d1e0db7b99d] request method=GET path=/api/auth/permissions status=200 duration_ms=11.91
[WebServer] 2026-10-04 20:45:36,581 INFO goatfarm [8b8567e7c3014c7e8ce4e6d32d142eb4] request method=GET path=/api/dashboard status=200 duration_ms=56.67
[WebServer] 2026-10-04 20:45:36,768 INFO goatfarm [044adea96df24553a994a726cf929795] request method=POST path=/api/auth/refresh status=200 duration_ms=115.29
[WebServer] 2026-10-04 20:45:36,780 INFO goatfarm [c648748fe39c4f3984329bbfb7d19d05] request method=GET path=/api/auth/farms status=200 duration_ms=8.45
[WebServer] 2026-10-04 20:45:36,805 INFO goatfarm [5b0f07862e75481e86c1e41a2b8053e4] request method=GET path=/api/auth/permissions status=200 duration_ms=9.62
[WebServer] 2026-10-04 20:45:36,825 INFO goatfarm [0fe5e501551b4ec9b104fca6375abda3] request method=GET path=/api/owner/overview status=200 duration_ms=31.30
[WebServer] 2026-10-04 20:45:36,827 INFO goatfarm [0a5b0052d4394fdfb3d665d8e09ba4a5] request method=GET path=/api/owner/benchmarks status=200 duration_ms=35.61
  ✓    2 [webkit] › e2e/a11y-gate.spec.ts:68:7 › a11y gate › /owner (en) has no serious accessibility violations (2.1s)
[WebServer] 2026-10-04 20:45:38,246 INFO goatfarm [e0fed47080b34d309ad6ed7eaf84ed49] request method=POST path=/api/auth/refresh status=401 duration_ms=0.69
[WebServer] 2026-10-04 20:45:38,535 INFO goatfarm [3039446b5ebb46a58a1f00a2f10b5a66] request method=POST path=/api/auth/login status=200 duration_ms=171.36
[WebServer] 2026-10-04 20:45:38,551 INFO goatfarm [a7fbdc37f0f946488258661a2180939a] request method=GET path=/api/auth/farms status=200 duration_ms=11.77
[WebServer] 2026-10-04 20:45:38,564 INFO goatfarm [392b70fd06264b8abd97a3da8693edcd] request method=GET path=/api/auth/permissions status=200 duration_ms=8.94
[WebServer] 2026-10-04 20:45:38,654 INFO goatfarm [275705f9299c4dd5930cdd2003edf56f] request method=GET path=/api/dashboard status=200 duration_ms=46.16
[WebServer] 2026-10-04 20:45:38,854 INFO goatfarm [07c1832b52bb4a3ab083e9703009666a] request method=POST path=/api/auth/refresh status=200 duration_ms=111.78
[WebServer] 2026-10-04 20:45:38,868 INFO goatfarm [e5b7f80bfcf345418126806678d95a01] request method=GET path=/api/auth/farms status=200 duration_ms=9.68
[WebServer] 2026-10-04 20:45:38,888 INFO goatfarm [2ad9bcd094fa4c018d11985221250d4c] request method=GET path=/api/auth/permissions status=200 duration_ms=10.29
[WebServer] 2026-10-04 20:45:38,928 INFO goatfarm [54aee0191c4a4e96af2a5f4c60537099] request method=GET path=/api/animals status=200 duration_ms=20.49
  ✓    3 [webkit] › e2e/a11y-gate.spec.ts:68:7 › a11y gate › /animals (en) has no serious accessibility violations (2.1s)
[WebServer] 2026-10-04 20:45:40,268 INFO goatfarm [a8a4a03a61484443a6bd2c44136c08b9] request method=POST path=/api/auth/refresh status=401 duration_ms=0.71
[WebServer] 2026-10-04 20:45:40,611 INFO goatfarm [984e666fb8764976afdc529c2abc6575] request method=POST path=/api/auth/login status=200 duration_ms=176.52
[WebServer] 2026-10-04 20:45:40,626 INFO goatfarm [84996bf39a9248108ec3a90cd6172811] request method=GET path=/api/auth/farms status=200 duration_ms=11.53
[WebServer] 2026-10-04 20:45:40,640 INFO goatfarm [5f37c9a2e3514fb8a116cf3e72870f39] request method=GET path=/api/auth/permissions status=200 duration_ms=8.60
[WebServer] 2026-10-04 20:45:40,755 INFO goatfarm [9442ef008a24496081f1a845c3291d33] request method=GET path=/api/dashboard status=200 duration_ms=73.21
[WebServer] 2026-10-04 20:45:40,914 INFO goatfarm [832a1b5abe554d2b8f8b5de3415cdb77] request method=POST path=/api/auth/refresh status=200 duration_ms=125.30
[WebServer] 2026-10-04 20:45:40,930 INFO goatfarm [441fd2c02b6248649cbcaf7ee14b791c] request method=GET path=/api/auth/farms status=200 duration_ms=12.08
[WebServer] 2026-10-04 20:45:40,948 INFO goatfarm [4157002b40184b8d8a1bb77ec33078c7] request method=GET path=/api/auth/permissions status=200 duration_ms=7.59
[WebServer] 2026-10-04 20:45:40,976 INFO goatfarm [b1218ed56c37433ca44b30b3c929c741] request method=GET path=/api/buckets status=200 duration_ms=18.46
  ✓    4 [webkit] › e2e/a11y-gate.spec.ts:68:7 › a11y gate › /buckets (en) has no serious accessibility violations (2.1s)
[WebServer] 2026-10-04 20:45:42,372 INFO goatfarm [3453066a388849ef8b4e5439ee218882] request method=POST path=/api/auth/refresh status=401 duration_ms=0.70
[WebServer] 2026-10-04 20:45:42,680 INFO goatfarm [7d91ac5064054f0a83ce02c5d4787820] request method=POST path=/api/auth/login status=200 duration_ms=172.67
[WebServer] 2026-10-04 20:45:42,696 INFO goatfarm [fae1d62654f544abbde00093831f8cda] request method=GET path=/api/auth/farms status=200 duration_ms=12.08
[WebServer] 2026-10-04 20:45:42,712 INFO goatfarm [2da75523c3e44c5e9e69d862317d9900] request method=GET path=/api/auth/permissions status=200 duration_ms=10.14
[WebServer] 2026-10-04 20:45:42,818 INFO goatfarm [4df03511ba0d4583aea460cdacdd65e4] request method=GET path=/api/dashboard status=200 duration_ms=61.70
[WebServer] 2026-10-04 20:45:42,997 INFO goatfarm [3c36e43d03c84a74857cb302820b9666] request method=POST path=/api/auth/refresh status=200 duration_ms=125.18
[WebServer] 2026-10-04 20:45:43,009 INFO goatfarm [7d5844e7936849d3a9680f541c3b94b7] request method=GET path=/api/auth/farms status=200 duration_ms=8.70
[WebServer] 2026-10-04 20:45:43,027 INFO goatfarm [6ec4b32a67404431bbe9e33b9ac03d03] request method=GET path=/api/auth/permissions status=200 duration_ms=7.57
[WebServer] 2026-10-04 20:45:43,062 INFO goatfarm [caca4fc008b441a29c0f690ce64c474c] request method=GET path=/api/breeding status=200 duration_ms=24.05
  ✓    5 [webkit] › e2e/a11y-gate.spec.ts:68:7 › a11y gate › /breeding (en) has no serious accessibility violations (2.1s)
[WebServer] 2026-10-04 20:45:44,426 INFO goatfarm [e65471351dd54ff0991db9011b28171b] request method=POST path=/api/auth/refresh status=401 duration_ms=0.73
[WebServer] 2026-10-04 20:45:44,715 INFO goatfarm [57d4c51a4ed04c28892f356b9c849dda] request method=POST path=/api/auth/login status=200 duration_ms=166.82
[WebServer] 2026-10-04 20:45:44,728 INFO goatfarm [332e1d15de3342c398e8270a24e6139d] request method=GET path=/api/auth/farms status=200 duration_ms=9.68
[WebServer] 2026-10-04 20:45:44,740 INFO goatfarm [944ff4b176f94c8fafdccc23213c3495] request method=GET path=/api/auth/permissions status=200 duration_ms=7.46
[WebServer] 2026-10-04 20:45:44,851 INFO goatfarm [fb677ef160a74a88b5a0c8a66a29a6c7] request method=GET path=/api/dashboard status=200 duration_ms=68.65
[WebServer] 2026-10-04 20:45:45,042 INFO goatfarm [fee05aa38a39436cab1c1be33d2e9bcb] request method=POST path=/api/auth/refresh status=200 duration_ms=117.45
[WebServer] 2026-10-04 20:45:45,056 INFO goatfarm [1dd6de55698a456ebd15903f4b247f32] request method=GET path=/api/auth/farms status=200 duration_ms=10.13
[WebServer] 2026-10-04 20:45:45,075 INFO goatfarm [77cf8f57bff64f7f95243942bd953fc1] request method=GET path=/api/auth/permissions status=200 duration_ms=7.98
[WebServer] 2026-10-04 20:45:45,135 INFO goatfarm [9543f0810a8845ae9ba077c593c3b461] request method=GET path=/api/kidding status=200 duration_ms=48.39
  ✓    6 [webkit] › e2e/a11y-gate.spec.ts:68:7 › a11y gate › /kidding (en) has no serious accessibility violations (2.1s)
[WebServer] 2026-10-04 20:45:46,473 INFO goatfarm [4ad14804466c47e38a16bc8e6c6b34db] request method=POST path=/api/auth/refresh status=401 duration_ms=0.61
[WebServer] 2026-10-04 20:45:46,771 INFO goatfarm [df598f7f4ba84a688af18d26c4b6ce0e] request method=POST path=/api/auth/login status=200 duration_ms=161.29
[WebServer] 2026-10-04 20:45:46,784 INFO goatfarm [95c99a2ce09344ec887dbe50519e0c86] request method=GET path=/api/auth/farms status=200 duration_ms=9.67
[WebServer] 2026-10-04 20:45:46,796 INFO goatfarm [4eb594e76c764a33a8ce3f6ad1389129] request method=GET path=/api/auth/permissions status=200 duration_ms=7.23
[WebServer] 2026-10-04 20:45:46,907 INFO goatfarm [9b6b72645bf14912b38d8377a0719d16] request method=GET path=/api/dashboard status=200 duration_ms=66.25
[WebServer] 2026-10-04 20:45:47,111 INFO goatfarm [6f81224d01654e9e8d8d07f4edf26cf9] request method=POST path=/api/auth/refresh status=200 duration_ms=130.20
[WebServer] 2026-10-04 20:45:47,126 INFO goatfarm [735c1e490bf54169ad8c09652f8f45c6] request method=GET path=/api/auth/farms status=200 duration_ms=10.16
[WebServer] 2026-10-04 20:45:47,144 INFO goatfarm [766417cf02d54a5ebc03cacb6760b5a8] request method=GET path=/api/auth/permissions status=200 duration_ms=7.60
[WebServer] 2026-10-04 20:45:47,196 INFO goatfarm [a5d6d8ad7ff147f9a4c791a30c67a751] request method=GET path=/api/feeding/records status=200 duration_ms=35.26
[WebServer] 2026-10-04 20:45:47,201 INFO goatfarm [2cc2a2e0f49d4faabcc8462ab60a39a3] request method=GET path=/api/feeding/recipes status=200 duration_ms=38.46
[WebServer] 2026-10-04 20:45:47,211 INFO goatfarm [5a403b392da346cebf2f16041e8fae74] request method=GET path=/api/feeding/plan status=200 duration_ms=53.98
  ✓    7 [webkit] › e2e/a11y-gate.spec.ts:68:7 › a11y gate › /feeding (en) has no serious accessibility violations (2.1s)
[WebServer] 2026-10-04 20:45:48,569 INFO goatfarm [c435cf12d6bd4d5fb473c125280cd91a] request method=POST path=/api/auth/refresh status=401 duration_ms=0.65
[WebServer] 2026-10-04 20:45:48,892 INFO goatfarm [bc97ba224479492c88b598dafa9f489e] request method=POST path=/api/auth/login status=200 duration_ms=178.10
[WebServer] 2026-10-04 20:45:48,908 INFO goatfarm [902269cfb4d94f71935804acb638e007] request method=GET path=/api/auth/farms status=200 duration_ms=11.61
[WebServer] 2026-10-04 20:45:48,920 INFO goatfarm [6e358bad64654fd2b7b289f6607e0e90] request method=GET path=/api/auth/permissions status=200 duration_ms=7.23
[WebServer] 2026-10-04 20:45:49,005 INFO goatfarm [6050e703e9ff47249610b57be2404a66] request method=GET path=/api/dashboard status=200 duration_ms=42.81
[WebServer] 2026-10-04 20:45:49,222 INFO goatfarm [e54ebf20d9464486b89e551c5ce69212] request method=POST path=/api/auth/refresh status=200 duration_ms=121.16
[WebServer] 2026-10-04 20:45:49,234 INFO goatfarm [4ed6e759ab594ef5ae3dfbad36602fff] request method=GET path=/api/auth/farms status=200 duration_ms=8.74
[WebServer] 2026-10-04 20:45:49,252 INFO goatfarm [ed3fcee6810f4cd8b1e834a37b6cd9c4] request method=GET path=/api/auth/permissions status=200 duration_ms=7.21
[WebServer] 2026-10-04 20:45:49,275 INFO goatfarm [eade121a5fbc431a95f08a2f8feeae5a] request method=GET path=/api/feeding/inventory status=200 duration_ms=12.65
[WebServer] 2026-10-04 20:45:49,275 INFO goatfarm [afc42ffb81b74cdbbf2bbd6f84f85abc] request method=GET path=/api/feeding/finished-stock status=200 duration_ms=12.00
  ✓    8 [webkit] › e2e/a11y-gate.spec.ts:68:7 › a11y gate › /feeding/inventory (en) has no serious accessibility violations (2.2s)
[WebServer] 2026-10-04 20:45:50,790 INFO goatfarm [a61216b571c849778c6166cc0ed61e05] request method=POST path=/api/auth/refresh status=401 duration_ms=0.57
[WebServer] 2026-10-04 20:45:51,086 INFO goatfarm [97262ffa9e48427aac8f6815f32982d1] request method=POST path=/api/auth/login status=200 duration_ms=171.01
[WebServer] 2026-10-04 20:45:51,100 INFO goatfarm [1abd0cb91f1f4ae5af6dbd7e27e1eb14] request method=GET path=/api/auth/farms status=200 duration_ms=10.57
[WebServer] 2026-10-04 20:45:51,115 INFO goatfarm [ea2fb24144254b728831314b18bf5a47] request method=GET path=/api/auth/permissions status=200 duration_ms=9.52
[WebServer] 2026-10-04 20:45:51,205 INFO goatfarm [5b9202dd427a4690bceb0bf6164114d0] request method=GET path=/api/dashboard status=200 duration_ms=49.41
[WebServer] 2026-10-04 20:45:51,397 INFO goatfarm [737618deead94367b8acf218a5d6072f] request method=POST path=/api/auth/refresh status=200 duration_ms=117.81
[WebServer] 2026-10-04 20:45:51,410 INFO goatfarm [bd169985e22f422e90d47787f1dfe698] request method=GET path=/api/auth/farms status=200 duration_ms=9.05
[WebServer] 2026-10-04 20:45:51,434 INFO goatfarm [d7373f2f98cf40669847ef8a4cfd502b] request method=GET path=/api/auth/permissions status=200 duration_ms=12.37
[WebServer] 2026-10-04 20:45:51,458 INFO goatfarm [3e4822d801b244c4b091fd4dca76e450] request method=GET path=/api/feeding/recipes status=200 duration_ms=13.51
  ✓    9 [webkit] › e2e/a11y-gate.spec.ts:68:7 › a11y gate › /feeding/recipes (en) has no serious accessibility violations (2.2s)
[WebServer] 2026-10-04 20:45:52,917 INFO goatfarm [3e6becf9bfa846d496d9778cb7a77f13] request method=POST path=/api/auth/refresh status=401 duration_ms=0.66
[WebServer] 2026-10-04 20:45:53,246 INFO goatfarm [84bbc8410000466cb37c1d9e657e0dd7] request method=POST path=/api/auth/login status=200 duration_ms=177.57
[WebServer] 2026-10-04 20:45:53,260 INFO goatfarm [6659ac41be5d43ff862984d6c1f8a580] request method=GET path=/api/auth/farms status=200 duration_ms=10.19
[WebServer] 2026-10-04 20:45:53,274 INFO goatfarm [d4172113de6241d0ab2dc24682d6051b] request method=GET path=/api/auth/permissions status=200 duration_ms=8.06
[WebServer] 2026-10-04 20:45:53,373 INFO goatfarm [510c6d15539d433bbeacb0b10e63699e] request method=GET path=/api/dashboard status=200 duration_ms=57.18
[WebServer] 2026-10-04 20:45:53,589 INFO goatfarm [a67876e2426940f68584377499c8714f] request method=POST path=/api/auth/refresh status=200 duration_ms=127.71
[WebServer] 2026-10-04 20:45:53,617 INFO goatfarm [c9d3dcd616bb42ba87112eaf6ea0ddc1] request method=GET path=/api/auth/farms status=200 duration_ms=22.27
[WebServer] 2026-10-04 20:45:53,636 INFO goatfarm [ae5b85f333bb4389a499e85151df8877] request method=GET path=/api/auth/permissions status=200 duration_ms=8.22
[WebServer] 2026-10-04 20:45:53,689 INFO goatfarm [45f0e0f164cc442c843347861efde381] request method=GET path=/api/purchases status=200 duration_ms=40.19
  ✓   10 [webkit] › e2e/a11y-gate.spec.ts:68:7 › a11y gate › /purchases (en) has no serious accessibility violations (2.1s)
[WebServer] 2026-10-04 20:45:54,995 INFO goatfarm [889cda75b6d44f6d842ebea88c8317ba] request method=POST path=/api/auth/refresh status=401 duration_ms=0.49
[WebServer] 2026-10-04 20:45:55,337 INFO goatfarm [665f70d6121e4fe09f463a6394e45f76] request method=POST path=/api/auth/login status=200 duration_ms=183.00
[WebServer] 2026-10-04 20:45:55,352 INFO goatfarm [d666449c447f4ccdaef91c6673975d66] request method=GET path=/api/auth/farms status=200 duration_ms=10.95
[WebServer] 2026-10-04 20:45:55,366 INFO goatfarm [7acfef786aed4875be5c6d3d885061ac] request method=GET path=/api/auth/permissions status=200 duration_ms=9.20
[WebServer] 2026-10-04 20:45:55,460 INFO goatfarm [33ca7eee3c5b4d048766184f2187f403] request method=GET path=/api/dashboard status=200 duration_ms=52.15
[WebServer] 2026-10-04 20:45:55,642 INFO goatfarm [e785b2309b594d608e454794b1db8ff3] request method=POST path=/api/auth/refresh status=200 duration_ms=122.39
[WebServer] 2026-10-04 20:45:55,657 INFO goatfarm [875ddb5400a64beba2073071c39c1ea4] request method=GET path=/api/auth/farms status=200 duration_ms=10.39
[WebServer] 2026-10-04 20:45:55,679 INFO goatfarm [1da31c61d28847ad88cf20d06699b74d] request method=GET path=/api/auth/permissions status=200 duration_ms=12.67
[WebServer] 2026-10-04 20:45:55,735 INFO goatfarm [fd39c45d94d64c36ab8532974b6241fa] request method=GET path=/api/dashboard/reports status=200 duration_ms=43.48
  ✓   11 [webkit] › e2e/a11y-gate.spec.ts:68:7 › a11y gate › /reports (en) has no serious accessibility violations (2.1s)
[WebServer] 2026-10-04 20:45:57,172 INFO goatfarm [3b8ce788ba3c45378e3e262e9e51f6e4] request method=POST path=/api/auth/refresh status=401 duration_ms=0.74
[WebServer] 2026-10-04 20:45:57,513 INFO goatfarm [40d8a944895f4f32ac60785d60d2c7aa] request method=POST path=/api/auth/login status=200 duration_ms=198.37
[WebServer] 2026-10-04 20:45:57,527 INFO goatfarm [0fe187a5c36547b3a31d9453941f70e1] request method=GET path=/api/auth/farms status=200 duration_ms=9.64
[WebServer] 2026-10-04 20:45:57,539 INFO goatfarm [5216637dfc284260b73729b422c0074f] request method=GET path=/api/auth/permissions status=200 duration_ms=6.70
[WebServer] 2026-10-04 20:45:57,647 INFO goatfarm [1049c66ee5d140eb96f0e8919dfa8e92] request method=GET path=/api/dashboard status=200 duration_ms=62.71
[WebServer] 2026-10-04 20:45:57,809 INFO goatfarm [36107ce996874fcaa3ab7d6a0004b1b6] request method=POST path=/api/auth/refresh status=200 duration_ms=127.02
[WebServer] 2026-10-04 20:45:57,820 INFO goatfarm [cdf9ef1ef94e495495f8c2cfbc102339] request method=GET path=/api/auth/farms status=200 duration_ms=7.60
[WebServer] 2026-10-04 20:45:57,837 INFO goatfarm [4fedc391e9164054a8c02be558b00078] request method=GET path=/api/auth/permissions status=200 duration_ms=6.89
[WebServer] 2026-10-04 20:45:57,876 INFO goatfarm [904ab890fd694c69b4a2ce9cc4619024] request method=GET path=/api/tasks status=200 duration_ms=24.02
  ✓   12 [webkit] › e2e/a11y-gate.spec.ts:68:7 › a11y gate › /tasks (en) has no serious accessibility violations (2.1s)
[WebServer] 2026-10-04 20:45:59,236 INFO goatfarm [8edfe2b57e1d41a18da6b12521c51688] request method=POST path=/api/auth/refresh status=401 duration_ms=0.67
[WebServer] 2026-10-04 20:45:59,536 INFO goatfarm [473cab263e0d4abfa0cdba9214ad9701] request method=POST path=/api/auth/login status=200 duration_ms=173.12
[WebServer] 2026-10-04 20:45:59,554 INFO goatfarm [2d24ef28a9754a669a2c2afe9f5e8f0d] request method=GET path=/api/auth/farms status=200 duration_ms=13.72
[WebServer] 2026-10-04 20:45:59,567 INFO goatfarm [d596e3cb35984a3db0d3e173f6f4af79] request method=GET path=/api/auth/permissions status=200 duration_ms=8.61
[WebServer] 2026-10-04 20:45:59,645 INFO goatfarm [af0f391865ed475682a3c449b49cd297] request method=GET path=/api/dashboard status=200 duration_ms=37.54
[WebServer] 2026-10-04 20:45:59,862 INFO goatfarm [27bdb6d7a27b445f8312fe550305e0e8] request method=POST path=/api/auth/refresh status=200 duration_ms=125.14
[WebServer] 2026-10-04 20:45:59,874 INFO goatfarm [e9a4476517e64e4b9b8d46936d23733c] request method=GET path=/api/auth/farms status=200 duration_ms=7.62
[WebServer] 2026-10-04 20:45:59,901 INFO goatfarm [c5d9e3471df2494897b0b076fcbea585] request method=GET path=/api/auth/permissions status=200 duration_ms=7.22
[WebServer] 2026-10-04 20:45:59,924 INFO goatfarm [5a95a58f72ba4d4498cc69b44b3c9215] request method=GET path=/api/tasks status=200 duration_ms=17.71
  ✓   13 [webkit] › e2e/a11y-gate.spec.ts:68:7 › a11y gate › /worker (en) has no serious accessibility violations (1.9s)
[WebServer] 2026-10-04 20:46:01,151 INFO goatfarm [a92c91ecebbf4d49acf2815c7175c1db] request method=POST path=/api/auth/refresh status=401 duration_ms=0.69
  ✓   14 [webkit] › e2e/a11y-gate.spec.ts:68:7 › a11y gate › /login (en) has no serious accessibility violations (1.3s)
[WebServer] 2026-10-04 20:46:02,484 INFO goatfarm [2fe8ba27d0544061a189092a056a6978] request method=POST path=/api/auth/refresh status=401 duration_ms=0.74
  ✓   15 [webkit] › e2e/a11y-gate.spec.ts:68:7 › a11y gate › /register (en) has no serious accessibility violations (1.3s)
[WebServer] 2026-10-04 20:46:03,773 INFO goatfarm [74080143929845ba94cdd25083019189] request method=POST path=/api/auth/refresh status=401 duration_ms=0.61
[WebServer] 2026-10-04 20:46:04,088 INFO goatfarm [8bf268f0543140298df5ab8334f07799] request method=POST path=/api/auth/login status=200 duration_ms=167.09
[WebServer] 2026-10-04 20:46:04,103 INFO goatfarm [9b1b5edf16f64d3b8c52f4cf0d199e4c] request method=GET path=/api/auth/farms status=200 duration_ms=10.78
[WebServer] 2026-10-04 20:46:04,117 INFO goatfarm [96c0f8958eba4f058617548247950fac] request method=GET path=/api/auth/permissions status=200 duration_ms=9.24
[WebServer] 2026-10-04 20:46:04,196 INFO goatfarm [9a3528e471b449188e9687b717ba0ae7] request method=GET path=/api/dashboard status=200 duration_ms=38.16
[WebServer] 2026-10-04 20:46:04,397 INFO goatfarm [269fccba57764dbd83139756a3856780] request method=POST path=/api/auth/refresh status=200 duration_ms=126.33
[WebServer] 2026-10-04 20:46:04,408 INFO goatfarm [6bbd86353dc34565af5c41d14f0ff3d5] request method=GET path=/api/auth/farms status=200 duration_ms=7.41
  ✓   16 [webkit] › e2e/a11y-gate.spec.ts:68:7 › a11y gate › /farm-select (en) has no serious accessibility violations (1.9s)
[WebServer] 2026-10-04 20:46:05,838 INFO goatfarm [079c6a72772a46048b5e1e3b21ccc3fc] request method=POST path=/api/auth/login status=200 duration_ms=145.09
[WebServer] 2026-10-04 20:46:05,851 INFO goatfarm [5f9298f1bcc344f3b29f3d6b3b08ddea] request method=GET path=/api/auth/farms status=200 duration_ms=7.38
[WebServer] 2026-10-04 20:46:06,088 INFO goatfarm [0eeee9869fdc484c8b055657d9b75db1] request method=POST path=/api/auth/refresh status=401 duration_ms=0.76
[WebServer] 2026-10-04 20:46:06,137 INFO goatfarm [e2b991cdbe414571bf07ce375243e49c] request method=GET path=/api/auth/worker-roster status=200 duration_ms=6.93
  ✓   17 [webkit] › e2e/a11y-gate.spec.ts:68:7 › a11y gate › /worker/login (en) has no serious accessibility violations (1.9s)
[WebServer] 2026-10-04 20:46:07,500 INFO goatfarm [c6cb6232aeed4f4188c5e1b84e73090e] request method=POST path=/api/auth/refresh status=401 duration_ms=0.60
  ✓   18 [webkit] › e2e/a11y-gate.spec.ts:68:7 › a11y gate › /worker/offline (en) has no serious accessibility violations (1.5s)
[WebServer] 2026-10-04 20:46:09,157 INFO goatfarm [567c5d5cc052489abae125438555209e] request method=POST path=/api/auth/refresh status=401 duration_ms=0.62
[WebServer] 2026-10-04 20:46:09,516 INFO goatfarm [6f824988eba14104967b03054ed77701] request method=POST path=/api/auth/login status=200 duration_ms=189.42
[WebServer] 2026-10-04 20:46:09,531 INFO goatfarm [aadd8eac79224221ad25fce04e271766] request method=GET path=/api/auth/farms status=200 duration_ms=10.41
[WebServer] 2026-10-04 20:46:09,546 INFO goatfarm [4a25a3f2deb848f5b88a1b68f2a5a733] request method=GET path=/api/auth/permissions status=200 duration_ms=10.12
[WebServer] 2026-10-04 20:46:09,645 INFO goatfarm [8567256f762a4e5994f8e1cf92a6c2ba] request method=GET path=/api/dashboard status=200 duration_ms=51.88
[WebServer] 2026-10-04 20:46:09,812 INFO goatfarm [b1ebe0be1c434c36a4f5f75b4f3859d0] request method=POST path=/api/auth/refresh status=200 duration_ms=116.38
[WebServer] 2026-10-04 20:46:09,824 INFO goatfarm [76fad691a6fa421f8a63e08c1884d4f4] request method=GET path=/api/auth/farms status=200 duration_ms=8.27
[WebServer] 2026-10-04 20:46:09,842 INFO goatfarm [2be7d57d38da4ebcae19ae5ac828d497] request method=GET path=/api/auth/permissions status=200 duration_ms=7.64
[WebServer] 2026-10-04 20:46:09,887 INFO goatfarm [e306a9cce7db4e7d8f7bca0e940cfa7e] request method=GET path=/api/screening/images status=200 duration_ms=32.13
[WebServer] 2026-10-04 20:46:09,909 INFO goatfarm [ce5fe062cf5f438d85a94d06d9c9d356] request method=GET path=/api/screening/stats status=200 duration_ms=52.09
  ✓   19 [webkit] › e2e/a11y-gate.spec.ts:68:7 › a11y gate › /screening (en) has no serious accessibility violations (2.2s)
[WebServer] 2026-10-04 20:46:11,345 INFO goatfarm [a402cd716cb14490bf3c84dd763bdfa1] request method=POST path=/api/auth/refresh status=401 duration_ms=0.64
[WebServer] 2026-10-04 20:46:11,692 INFO goatfarm [427b972f2807491da55971223741f926] request method=POST path=/api/auth/login status=200 duration_ms=193.36
[WebServer] 2026-10-04 20:46:11,721 INFO goatfarm [0fe5d2033d8c4aa68c26fce9fdda168f] request method=GET path=/api/auth/farms status=200 duration_ms=21.80
[WebServer] 2026-10-04 20:46:11,738 INFO goatfarm [3dde1aad677340c183f9893ccdcc6052] request method=GET path=/api/auth/permissions status=200 duration_ms=11.12
[WebServer] 2026-10-04 20:46:11,841 INFO goatfarm [2cb4bce8f8b24469a9154fabdb7215a4] request method=GET path=/api/dashboard status=200 duration_ms=56.19
[WebServer] 2026-10-04 20:46:12,002 INFO goatfarm [40aaf7e82785441cac1765a3b1d40dec] request method=POST path=/api/auth/refresh status=200 duration_ms=132.32
[WebServer] 2026-10-04 20:46:12,015 INFO goatfarm [d2a7f323dc144b4f80233d5b75469ef4] request method=GET path=/api/auth/farms status=200 duration_ms=9.82
[WebServer] 2026-10-04 20:46:12,049 INFO goatfarm [c0097aacffa34b2aa44a94426b2c5526] request method=GET path=/api/auth/permissions status=200 duration_ms=20.90
[WebServer] 2026-10-04 20:46:12,086 INFO goatfarm [aaf5a339b2c740019a2cf202056bd0d2] request method=GET path=/api/team status=200 duration_ms=26.42
  ✓   20 [webkit] › e2e/a11y-gate.spec.ts:68:7 › a11y gate › /team (en) has no serious accessibility violations (2.3s)
[WebServer] 2026-10-04 20:46:13,608 INFO goatfarm [443189a691f74782a36bc0fd108d9328] request method=POST path=/api/auth/refresh status=401 duration_ms=0.81
[WebServer] 2026-10-04 20:46:13,919 INFO goatfarm [411b45dcaae945ebad6ed1b8b175fc66] request method=POST path=/api/auth/login status=200 duration_ms=174.09
[WebServer] 2026-10-04 20:46:13,936 INFO goatfarm [6382a819b0604294b93d3b7cb13fdea5] request method=GET path=/api/auth/farms status=200 duration_ms=12.19
[WebServer] 2026-10-04 20:46:13,954 INFO goatfarm [7e767f0eb2f24e4d827f7a38d2797966] request method=GET path=/api/auth/permissions status=200 duration_ms=10.24
[WebServer] 2026-10-04 20:46:14,031 INFO goatfarm [a5de3351a944445288507bc28f52502e] request method=GET path=/api/dashboard status=200 duration_ms=36.53
[WebServer] 2026-10-04 20:46:14,247 INFO goatfarm [7b3fc6bf8e8842a580bfbb004f11b798] request method=POST path=/api/auth/refresh status=200 duration_ms=112.86
[WebServer] 2026-10-04 20:46:14,257 INFO goatfarm [341b90af2c9644a28503f3a1eb80433b] request method=GET path=/api/auth/farms status=200 duration_ms=7.03
[WebServer] 2026-10-04 20:46:14,274 INFO goatfarm [1bdc96a019f64053a3dd911df38a0a63] request method=GET path=/api/auth/permissions status=200 duration_ms=7.32
[WebServer] 2026-10-04 20:46:14,298 INFO goatfarm [7176c1676008425b852ac369fb69a737] request method=GET path=/api/finance/insurance status=200 duration_ms=13.59
  ✓   21 [webkit] › e2e/a11y-gate.spec.ts:68:7 › a11y gate › /finance/insurance (en) has no serious accessibility violations (2.1s)
[WebServer] 2026-10-04 20:46:15,676 INFO goatfarm [c191597e3a3a47459f8f0fe9afe500fb] request method=POST path=/api/auth/refresh status=401 duration_ms=0.60
[WebServer] 2026-10-04 20:46:16,002 INFO goatfarm [df5856ef69064e70b25e295e902af178] request method=POST path=/api/auth/login status=200 duration_ms=183.68
[WebServer] 2026-10-04 20:46:16,016 INFO goatfarm [1c7a026f3cdc4a7ea19737bf10d0a5c4] request method=GET path=/api/auth/farms status=200 duration_ms=10.05
[WebServer] 2026-10-04 20:46:16,029 INFO goatfarm [6a44fefb22ff46f29c3696f8f8d1dbd3] request method=GET path=/api/auth/permissions status=200 duration_ms=8.42
[WebServer] 2026-10-04 20:46:16,116 INFO goatfarm [4bf93e5a8e5a484d9dceeea761d19ca7] request method=GET path=/api/dashboard status=200 duration_ms=45.04
[WebServer] 2026-10-04 20:46:16,313 INFO goatfarm [675ec18981e54244a83d79debeec58e4] request method=POST path=/api/auth/refresh status=200 duration_ms=117.89
[WebServer] 2026-10-04 20:46:16,325 INFO goatfarm [c09f5d27b97e41d5af7bcae1eb1bd948] request method=GET path=/api/auth/farms status=200 duration_ms=8.23
[WebServer] 2026-10-04 20:46:16,341 INFO goatfarm [f75eed9dcddf44eda4bbe90296d51e61] request method=GET path=/api/auth/permissions status=200 duration_ms=6.89
[WebServer] 2026-10-04 20:46:16,366 INFO goatfarm [aa8846d6f51a408ca19f1df03d2dd49f] request method=GET path=/api/health/schedule-templates status=200 duration_ms=9.58
[WebServer] 2026-10-04 20:46:16,367 INFO goatfarm [def812d563aa492096da8a36536da8dc] request method=GET path=/api/health/events status=200 duration_ms=13.04
  ✓   22 [webkit] › e2e/a11y-gate.spec.ts:68:7 › a11y gate › /health (en) has no serious accessibility violations (2.1s)
[WebServer] 2026-10-04 20:46:17,790 INFO goatfarm [5536b198c3754b0da3809d29f6112235] request method=POST path=/api/auth/refresh status=401 duration_ms=0.71
[WebServer] 2026-10-04 20:46:18,090 INFO goatfarm [d59bee78b0754ab1a7c30c4c077dd86b] request method=POST path=/api/auth/login status=200 duration_ms=168.88
[WebServer] 2026-10-04 20:46:18,105 INFO goatfarm [aa22fb27371c4cc79136f8793f16494d] request method=GET path=/api/auth/farms status=200 duration_ms=10.44
[WebServer] 2026-10-04 20:46:18,120 INFO goatfarm [c7ec531210714e53932e763211f962ba] request method=GET path=/api/auth/permissions status=200 duration_ms=9.54
[WebServer] 2026-10-04 20:46:18,210 INFO goatfarm [ceb77a67ed9d457daa590c316adda59f] request method=GET path=/api/dashboard status=200 duration_ms=49.33
[WebServer] 2026-10-04 20:46:18,400 INFO goatfarm [8cc04b1b9a35441cb8310575a8bb92be] request method=POST path=/api/auth/refresh status=200 duration_ms=117.06
[WebServer] 2026-10-04 20:46:18,411 INFO goatfarm [d00eaccc0f3b441090636055527683f8] request method=GET path=/api/auth/farms status=200 duration_ms=7.95
[WebServer] 2026-10-04 20:46:18,429 INFO goatfarm [33cb61907f5848019b113b13d0914968] request method=GET path=/api/auth/permissions status=200 duration_ms=5.95
[WebServer] 2026-10-04 20:46:18,456 INFO goatfarm [bb92ecee045e45b6a92e6fa0577678b7] request method=GET path=/api/simulation/defaults/breeds status=200 duration_ms=7.54
[WebServer] 2026-10-04 20:46:18,458 INFO goatfarm [b94f950afbc348caba15fe8971f0bc19] request method=GET path=/api/simulation/defaults status=200 duration_ms=7.87
[WebServer] 2026-10-04 20:46:18,470 INFO goatfarm [f70144945e7e4a0ca39faaff66da8d74] request method=GET path=/api/planner/plans status=200 duration_ms=19.21
  ✓   23 [webkit] › e2e/a11y-gate.spec.ts:68:7 › a11y gate › /planner (en) has no serious accessibility violations (2.1s)
[WebServer] 2026-10-04 20:46:19,886 INFO goatfarm [d6543e4d73b54ef59ef5b129ec947529] request method=POST path=/api/auth/refresh status=401 duration_ms=0.73
[WebServer] 2026-10-04 20:46:20,258 INFO goatfarm [d8c6b359c30c437896beefc406ff3ec0] request method=POST path=/api/auth/login status=200 duration_ms=196.41
[WebServer] 2026-10-04 20:46:20,296 INFO goatfarm [2d28fb9045b348bfaad48401eb3a04ba] request method=GET path=/api/auth/farms status=200 duration_ms=29.45
[WebServer] 2026-10-04 20:46:20,321 INFO goatfarm [5e33ab79db7e45b9895072120febb700] request method=GET path=/api/auth/permissions status=200 duration_ms=15.14
[WebServer] 2026-10-04 20:46:20,437 INFO goatfarm [1cc61a271f44456fa4160ef97a4deedb] request method=GET path=/api/dashboard status=200 duration_ms=64.10
[WebServer] 2026-10-04 20:46:20,604 INFO goatfarm [0ab95058f3ac4faca47f2acfadecf758] request method=POST path=/api/auth/refresh status=200 duration_ms=154.79
[WebServer] 2026-10-04 20:46:20,617 INFO goatfarm [72f4c4402bb344ddaba5a467a34d04ab] request method=GET path=/api/auth/farms status=200 duration_ms=8.84
[WebServer] 2026-10-04 20:46:20,639 INFO goatfarm [7c8cb987e4414e588c4bf46968223312] request method=GET path=/api/auth/permissions status=200 duration_ms=10.99
[WebServer] 2026-10-04 20:46:20,671 INFO goatfarm [f9b533f7894e4529af0a8ea921b44a3f] request method=GET path=/api/simulation/defaults status=200 duration_ms=7.51
[WebServer] 2026-10-04 20:46:20,671 INFO goatfarm [6cb77cd453bf4a92a6d3d1eb7b6863eb] request method=GET path=/api/simulation/defaults/breeds status=200 duration_ms=9.00
[WebServer] 2026-10-04 20:46:20,709 INFO goatfarm [d8f9ff4f9f6a4c18870d03bc013027b5] request method=GET path=/api/simulation/scenarios status=200 duration_ms=45.15
  ✓   24 [webkit] › e2e/a11y-gate.spec.ts:68:7 › a11y gate › /simulation (en) has no serious accessibility violations (2.8s)
[WebServer] 2026-10-04 20:46:22,705 INFO goatfarm [8efef7f62e4543b9ba03252e66a29c18] request method=POST path=/api/auth/refresh status=401 duration_ms=4.21
[WebServer] 2026-10-04 20:46:23,065 INFO goatfarm [52cf1357a9714934b951f69a64a56dd3] request method=POST path=/api/auth/login status=200 duration_ms=201.95
[WebServer] 2026-10-04 20:46:23,087 INFO goatfarm [c6a2cba7efb2487b9e35983acb93970a] request method=GET path=/api/auth/farms status=200 duration_ms=11.19
[WebServer] 2026-10-04 20:46:23,098 INFO goatfarm [cb4a5951704444f7b85481f4a5abac7e] request method=GET path=/api/auth/permissions status=200 duration_ms=6.50
[WebServer] 2026-10-04 20:46:23,198 INFO goatfarm [7c82fc84bd6d45d4bf2f04acb06d448f] request method=GET path=/api/dashboard status=200 duration_ms=54.98
[WebServer] 2026-10-04 20:46:23,366 INFO goatfarm [08347ac693f94f96bdb0c648eb561449] request method=POST path=/api/auth/refresh status=200 duration_ms=126.84
[WebServer] 2026-10-04 20:46:23,378 INFO goatfarm [296e0721d96245838319dce289d8dce6] request method=GET path=/api/auth/farms status=200 duration_ms=7.73
[WebServer] 2026-10-04 20:46:23,395 INFO goatfarm [757bc4822ad5410cb049c873ba6184b5] request method=GET path=/api/auth/permissions status=200 duration_ms=6.77
[WebServer] 2026-10-04 20:46:23,455 INFO goatfarm [823f23e850cc483695708944491ebacd] request method=GET path=/api/finance status=200 duration_ms=46.08
  ✓   25 [webkit] › e2e/a11y-gate.spec.ts:68:7 › a11y gate › /finance (en) has no serious accessibility violations (2.2s)
[WebServer] 2026-10-04 20:46:24,916 INFO goatfarm [417726cceafa49dfb9b8b7f61e876050] request method=POST path=/api/auth/refresh status=401 duration_ms=0.74
[WebServer] 2026-10-04 20:46:25,261 INFO goatfarm [11d610a26f014c049a7f50ca4f9e7413] request method=POST path=/api/auth/login status=200 duration_ms=170.61
[WebServer] 2026-10-04 20:46:25,279 INFO goatfarm [547d9e9640734c99816a06ebdaabcdc4] request method=GET path=/api/auth/farms status=200 duration_ms=13.58
[WebServer] 2026-10-04 20:46:25,295 INFO goatfarm [68ee19df9ffa4df99d2916eaeabfa595] request method=GET path=/api/auth/permissions status=200 duration_ms=10.63
[WebServer] 2026-10-04 20:46:25,388 INFO goatfarm [2f47accc1ffe453ea5755497cdb9569b] request method=GET path=/api/dashboard status=200 duration_ms=49.97
[WebServer] 2026-10-04 20:46:25,658 INFO goatfarm [4cfab16349ff4982ac4ffdbed6fef1e4] request method=POST path=/api/auth/refresh status=200 duration_ms=177.57
[WebServer] 2026-10-04 20:46:25,672 INFO goatfarm [e5521363c73342e8b478d477d33785d2] request method=GET path=/api/auth/farms status=200 duration_ms=9.74
[WebServer] 2026-10-04 20:46:25,690 INFO goatfarm [3d41264e51ad4a31ad038940690d4084] request method=GET path=/api/auth/permissions status=200 duration_ms=7.89
[WebServer] 2026-10-04 20:46:25,783 INFO goatfarm [29c99c211c1448b19fe58a4b87e2c03d] request method=GET path=/api/dashboard status=200 duration_ms=74.32
  ✓   26 [webkit] › e2e/a11y-gate.spec.ts:68:7 › a11y gate › /dashboard (te) has no serious accessibility violations (2.4s)
[WebServer] 2026-10-04 20:46:27,270 INFO goatfarm [8e75351cc78c469d99698a491f4b1271] request method=POST path=/api/auth/refresh status=401 duration_ms=0.66
[WebServer] 2026-10-04 20:46:27,596 INFO goatfarm [540bf804d699421fa9f0e4ea45d516b7] request method=POST path=/api/auth/login status=200 duration_ms=175.78
[WebServer] 2026-10-04 20:46:27,624 INFO goatfarm [4382ab19fef84a75925f3e5314fb6db5] request method=GET path=/api/auth/farms status=200 duration_ms=19.65
[WebServer] 2026-10-04 20:46:27,643 INFO goatfarm [980edc2d6f2e4a49b9fcffb2c9db68fd] request method=GET path=/api/auth/permissions status=200 duration_ms=10.61
[WebServer] 2026-10-04 20:46:27,768 INFO goatfarm [b1eea547796149bf81f738b12869bad9] request method=GET path=/api/dashboard status=200 duration_ms=80.71
[WebServer] 2026-10-04 20:46:27,988 INFO goatfarm [296df469b58b4de68adfc49acff054b6] request method=POST path=/api/auth/refresh status=200 duration_ms=163.54
[WebServer] 2026-10-04 20:46:28,006 INFO goatfarm [01b22097dc064490b66d4e3c13b306cb] request method=GET path=/api/auth/farms status=200 duration_ms=14.68
[WebServer] 2026-10-04 20:46:28,045 INFO goatfarm [57492b22457249529795bf5edb66bdb3] request method=GET path=/api/auth/permissions status=200 duration_ms=22.73
[WebServer] 2026-10-04 20:46:28,065 INFO goatfarm [c15fbeac6c1048588624e48a968ea50f] request method=GET path=/api/owner/overview status=200 duration_ms=47.47
[WebServer] 2026-10-04 20:46:28,067 INFO goatfarm [3e8c6a07f95c430dbbf3df271c27c31a] request method=GET path=/api/owner/benchmarks status=200 duration_ms=45.97
  ✓   27 [webkit] › e2e/a11y-gate.spec.ts:68:7 › a11y gate › /owner (te) has no serious accessibility violations (2.2s)
[WebServer] 2026-10-04 20:46:29,576 INFO goatfarm [ee230a314945418b945c4f45e0c766a4] request method=POST path=/api/auth/refresh status=401 duration_ms=0.92
[WebServer] 2026-10-04 20:46:29,923 INFO goatfarm [17656f956528459da8c21caf8ba0c1ee] request method=POST path=/api/auth/login status=200 duration_ms=171.92
[WebServer] 2026-10-04 20:46:29,946 INFO goatfarm [89717ee23a4f4baaa12978c84873eddf] request method=GET path=/api/auth/farms status=200 duration_ms=18.39
[WebServer] 2026-10-04 20:46:29,965 INFO goatfarm [00bb64582d17440db9dfe0f81eb7c5c5] request method=GET path=/api/auth/permissions status=200 duration_ms=10.08
[WebServer] 2026-10-04 20:46:30,122 INFO goatfarm [e9b21d536cb944e0abf29216c59997eb] request method=GET path=/api/dashboard status=200 duration_ms=108.88
[WebServer] 2026-10-04 20:46:30,281 INFO goatfarm [b032e74cea6b46a78d338288d5b62b04] request method=POST path=/api/auth/refresh status=200 duration_ms=130.13
[WebServer] 2026-10-04 20:46:30,291 INFO goatfarm [a31e4ac3ae4a41cebb6e71703351f0a5] request method=GET path=/api/auth/farms status=200 duration_ms=7.35
[WebServer] 2026-10-04 20:46:30,307 INFO goatfarm [69e76ed815234a2cad653a629f740c40] request method=GET path=/api/auth/permissions status=200 duration_ms=7.32
[WebServer] 2026-10-04 20:46:30,348 INFO goatfarm [68f18d51c85b44c3aa76661237e1044c] request method=GET path=/api/animals status=200 duration_ms=16.42
  ✓   28 [webkit] › e2e/a11y-gate.spec.ts:68:7 › a11y gate › /animals (te) has no serious accessibility violations (2.2s)
[WebServer] 2026-10-04 20:46:31,712 INFO goatfarm [9edf707002034b7bb1776cf1c513ef3b] request method=POST path=/api/auth/refresh status=401 duration_ms=0.56
[WebServer] 2026-10-04 20:46:32,063 INFO goatfarm [e6fcdf21ba43456283403ad9e33c3375] request method=POST path=/api/auth/login status=200 duration_ms=196.40
[WebServer] 2026-10-04 20:46:32,077 INFO goatfarm [e148ce5858bd43f984886e7fc31d3b4e] request method=GET path=/api/auth/farms status=200 duration_ms=10.08
[WebServer] 2026-10-04 20:46:32,091 INFO goatfarm [5cf72deec91e462baf49a13a85d80b59] request method=GET path=/api/auth/permissions status=200 duration_ms=9.08
[WebServer] 2026-10-04 20:46:32,174 INFO goatfarm [849ac0a87bc141d7b98722b2efea94fc] request method=GET path=/api/dashboard status=200 duration_ms=36.23
[WebServer] 2026-10-04 20:46:32,373 INFO goatfarm [683e68e452e644fba35b19df9798b73e] request method=POST path=/api/auth/refresh status=200 duration_ms=125.89
[WebServer] 2026-10-04 20:46:32,383 INFO goatfarm [7882012b2ba2407187a6870565a35e84] request method=GET path=/api/auth/farms status=200 duration_ms=6.43
[WebServer] 2026-10-04 20:46:32,398 INFO goatfarm [c9ad4e6ede6b49588359b174a6e72fe2] request method=GET path=/api/auth/permissions status=200 duration_ms=5.74
[WebServer] 2026-10-04 20:46:32,427 INFO goatfarm [e7f89872f1534baca2125c02bdadb052] request method=GET path=/api/buckets status=200 duration_ms=11.99
  ✓   29 [webkit] › e2e/a11y-gate.spec.ts:68:7 › a11y gate › /buckets (te) has no serious accessibility violations (2.2s)
[WebServer] 2026-10-04 20:46:33,934 INFO goatfarm [bb355226265943cab2b39868298f0c7f] request method=POST path=/api/auth/refresh status=401 duration_ms=0.76
[WebServer] 2026-10-04 20:46:34,340 INFO goatfarm [57edaf33ca8b4ae5b2e4e7c464cfe574] request method=POST path=/api/auth/login status=200 duration_ms=194.52
[WebServer] 2026-10-04 20:46:34,356 INFO goatfarm [9842a050b6194ba1af746d9c9bd87f58] request method=GET path=/api/auth/farms status=200 duration_ms=11.14
[WebServer] 2026-10-04 20:46:34,373 INFO goatfarm [2bc8a3aa074a4d8eb0d6a3ade1d24440] request method=GET path=/api/auth/permissions status=200 duration_ms=11.12
[WebServer] 2026-10-04 20:46:34,476 INFO goatfarm [9ada731ccf3548c586a68be72f9641f5] request method=GET path=/api/dashboard status=200 duration_ms=52.03
[WebServer] 2026-10-04 20:46:34,660 INFO goatfarm [d00386707e6b4bc39196c180a1599922] request method=POST path=/api/auth/refresh status=200 duration_ms=135.65
[WebServer] 2026-10-04 20:46:34,673 INFO goatfarm [242f0d75c12546abb283565b00251862] request method=GET path=/api/auth/farms status=200 duration_ms=8.34
[WebServer] 2026-10-04 20:46:34,703 INFO goatfarm [92f711d444b4425d898b6ceaae2693f6] request method=GET path=/api/auth/permissions status=200 duration_ms=19.79
[WebServer] 2026-10-04 20:46:34,744 INFO goatfarm [cdf999eb2bba41f6a0e218c21f026f8c] request method=GET path=/api/breeding status=200 duration_ms=30.34
  ✓   30 [webkit] › e2e/a11y-gate.spec.ts:68:7 › a11y gate › /breeding (te) has no serious accessibility violations (2.2s)
[WebServer] 2026-10-04 20:46:36,119 INFO goatfarm [c84f7e8826de49eeb413f47873fdcb7b] request method=POST path=/api/auth/refresh status=401 duration_ms=1.31
[WebServer] 2026-10-04 20:46:36,447 INFO goatfarm [a18a1461f8674ba19955190f85aa5269] request method=POST path=/api/auth/login status=200 duration_ms=176.42
[WebServer] 2026-10-04 20:46:36,462 INFO goatfarm [73904c0ac82c421b932fbbc1f5381e2a] request method=GET path=/api/auth/farms status=200 duration_ms=10.98
[WebServer] 2026-10-04 20:46:36,476 INFO goatfarm [62ff440441c54ce2ae339576558c4529] request method=GET path=/api/auth/permissions status=200 duration_ms=8.79
[WebServer] 2026-10-04 20:46:36,589 INFO goatfarm [edf9334be50c4ac5957bfab368691a6b] request method=GET path=/api/dashboard status=200 duration_ms=66.12
[WebServer] 2026-10-04 20:46:36,750 INFO goatfarm [ccd8df9213c64bbda78a245286fff618] request method=POST path=/api/auth/refresh status=200 duration_ms=123.16
[WebServer] 2026-10-04 20:46:36,764 INFO goatfarm [f672f8bfb86c453181ebc4da4fe1f8f8] request method=GET path=/api/auth/farms status=200 duration_ms=9.78
[WebServer] 2026-10-04 20:46:36,782 INFO goatfarm [cfbb63eeada74da8b48238ae8c8f4cc3] request method=GET path=/api/auth/permissions status=200 duration_ms=8.61
[WebServer] 2026-10-04 20:46:36,830 INFO goatfarm [800b498f44a84fc7acfe02bf2322ce3d] request method=GET path=/api/kidding status=200 duration_ms=32.07
  ✓   31 [webkit] › e2e/a11y-gate.spec.ts:68:7 › a11y gate › /kidding (te) has no serious accessibility violations (2.0s)
[WebServer] 2026-10-04 20:46:38,191 INFO goatfarm [7558f1b9d1bc4a4b92a988761c221ec5] request method=POST path=/api/auth/refresh status=401 duration_ms=0.73
[WebServer] 2026-10-04 20:46:38,495 INFO goatfarm [ec7ac798fe084d56935b1a5cabe8217a] request method=POST path=/api/auth/login status=200 duration_ms=182.09
[WebServer] 2026-10-04 20:46:38,521 INFO goatfarm [b741da5a13c548a1a49eab0b24b1fe05] request method=GET path=/api/auth/farms status=200 duration_ms=20.15
[WebServer] 2026-10-04 20:46:38,534 INFO goatfarm [9b0390d127f34ca28908cfa24743f139] request method=GET path=/api/auth/permissions status=200 duration_ms=8.44
[WebServer] 2026-10-04 20:46:38,615 INFO goatfarm [13f788a52a504845a68fbef7bc27d35f] request method=GET path=/api/dashboard status=200 duration_ms=39.44
[WebServer] 2026-10-04 20:46:38,830 INFO goatfarm [15538e0bd1fc4d1a9329836db6f383c1] request method=POST path=/api/auth/refresh status=200 duration_ms=137.83
[WebServer] 2026-10-04 20:46:38,842 INFO goatfarm [b619b5c7e393414099e24a7ef52f1eae] request method=GET path=/api/auth/farms status=200 duration_ms=8.20
[WebServer] 2026-10-04 20:46:38,862 INFO goatfarm [3eb6bad5caa64713bba86701c6b53d9f] request method=GET path=/api/auth/permissions status=200 duration_ms=9.80
[WebServer] 2026-10-04 20:46:38,923 INFO goatfarm [556b777aa7a1450691aa9c5d3d4782d5] request method=GET path=/api/feeding/recipes status=200 duration_ms=35.44
[WebServer] 2026-10-04 20:46:38,924 INFO goatfarm [60c1ba2fede547b79e6436ac11dd0363] request method=GET path=/api/feeding/records status=200 duration_ms=39.49
[WebServer] 2026-10-04 20:46:38,945 INFO goatfarm [0cedba8ac9e141dd8fadd329356400cb] request method=GET path=/api/feeding/plan status=200 duration_ms=58.66
  ✓   32 [webkit] › e2e/a11y-gate.spec.ts:68:7 › a11y gate › /feeding (te) has no serious accessibility violations (2.2s)
[WebServer] 2026-10-04 20:46:40,383 INFO goatfarm [4ee154436cd240608a188140be9dd9c2] request method=POST path=/api/auth/refresh status=401 duration_ms=0.62
[WebServer] 2026-10-04 20:46:40,710 INFO goatfarm [08acdf573b564251be426a2bd1fdcc16] request method=POST path=/api/auth/login status=200 duration_ms=172.26
[WebServer] 2026-10-04 20:46:40,725 INFO goatfarm [5294e1ef18e24741aebf6b10b4fc1d51] request method=GET path=/api/auth/farms status=200 duration_ms=10.10
[WebServer] 2026-10-04 20:46:40,742 INFO goatfarm [8713895cee9541659a9ca59dcaca5654] request method=GET path=/api/auth/permissions status=200 duration_ms=11.28
[WebServer] 2026-10-04 20:46:40,856 INFO goatfarm [05ca2f5568914be598e9a5fa5a20f9b8] request method=GET path=/api/dashboard status=200 duration_ms=65.20
[WebServer] 2026-10-04 20:46:41,054 INFO goatfarm [118ff39492fb496d8efc8a96534dba1a] request method=POST path=/api/auth/refresh status=200 duration_ms=137.47
[WebServer] 2026-10-04 20:46:41,067 INFO goatfarm [ecdbc7e3016a4a068c88ae26c3e1adff] request method=GET path=/api/auth/farms status=200 duration_ms=9.51
[WebServer] 2026-10-04 20:46:41,088 INFO goatfarm [31b460695e6a47dfb2020567b4f39960] request method=GET path=/api/auth/permissions status=200 duration_ms=9.92
[WebServer] 2026-10-04 20:46:41,112 INFO goatfarm [62f9b94580a147dda7ae522daa0fafbc] request method=GET path=/api/feeding/inventory status=200 duration_ms=9.90
[WebServer] 2026-10-04 20:46:41,114 INFO goatfarm [da6c3511d12e429d9b55ffdca54c1b7d] request method=GET path=/api/feeding/finished-stock status=200 duration_ms=10.93
  ✓   33 [webkit] › e2e/a11y-gate.spec.ts:68:7 › a11y gate › /feeding/inventory (te) has no serious accessibility violations (2.2s)
[WebServer] 2026-10-04 20:46:42,621 INFO goatfarm [2f1607d8b6604e8fb3bbbd3ca6830de6] request method=POST path=/api/auth/refresh status=401 duration_ms=2.93
[WebServer] 2026-10-04 20:46:42,963 INFO goatfarm [5d970e1c790c4795bfd05f8644bec4b5] request method=POST path=/api/auth/login status=200 duration_ms=205.53
[WebServer] 2026-10-04 20:46:42,982 INFO goatfarm [6fac4a4a88e24e1ea1c625078499293e] request method=GET path=/api/auth/farms status=200 duration_ms=12.28
[WebServer] 2026-10-04 20:46:42,996 INFO goatfarm [3d4d08e8e6d1488ebd57fec682c7f3f7] request method=GET path=/api/auth/permissions status=200 duration_ms=8.85
[WebServer] 2026-10-04 20:46:43,122 INFO goatfarm [753bd5c3fe2a47cd8b24cd791320bd2d] request method=GET path=/api/dashboard status=200 duration_ms=70.72
[WebServer] 2026-10-04 20:46:43,301 INFO goatfarm [ae39dda6635444a38b381681480bfd7e] request method=POST path=/api/auth/refresh status=200 duration_ms=136.73
[WebServer] 2026-10-04 20:46:43,315 INFO goatfarm [732dd1dd38794363895a0fead8698c2d] request method=GET path=/api/auth/farms status=200 duration_ms=9.07
[WebServer] 2026-10-04 20:46:43,337 INFO goatfarm [bf6aac04830043a4abdea45e9c657c19] request method=GET path=/api/auth/permissions status=200 duration_ms=9.68
[WebServer] 2026-10-04 20:46:43,397 INFO goatfarm [eab8644f36974b6c9eb2517f1c61edb9] request method=GET path=/api/feeding/recipes status=200 duration_ms=38.99
  ✓   34 [webkit] › e2e/a11y-gate.spec.ts:68:7 › a11y gate › /feeding/recipes (te) has no serious accessibility violations (2.3s)
[WebServer] 2026-10-04 20:46:44,929 INFO goatfarm [fbbdc0c2db36407fb772a9ad8f2b0975] request method=POST path=/api/auth/refresh status=401 duration_ms=1.03
[WebServer] 2026-10-04 20:46:45,259 INFO goatfarm [455750e6d06c4e59b3a0ab2e57ccdc6c] request method=POST path=/api/auth/login status=200 duration_ms=188.13
[WebServer] 2026-10-04 20:46:45,272 INFO goatfarm [0d9965ab92614077948d6256cfb2b264] request method=GET path=/api/auth/farms status=200 duration_ms=9.15
[WebServer] 2026-10-04 20:46:45,287 INFO goatfarm [c1e3b425540647f19866d55f6ced5c14] request method=GET path=/api/auth/permissions status=200 duration_ms=7.95
[WebServer] 2026-10-04 20:46:45,369 INFO goatfarm [4e640a739df748d39bf0af213e872209] request method=GET path=/api/dashboard status=200 duration_ms=37.54
[WebServer] 2026-10-04 20:46:45,583 INFO goatfarm [3197e6c1152d475a95fc34098d40cfcc] request method=POST path=/api/auth/refresh status=200 duration_ms=130.94
[WebServer] 2026-10-04 20:46:45,597 INFO goatfarm [8fb7332b3f694fac9069019dd723f20b] request method=GET path=/api/auth/farms status=200 duration_ms=8.31
[WebServer] 2026-10-04 20:46:45,624 INFO goatfarm [0239e6e163784d40b03464902c80c7c9] request method=GET path=/api/auth/permissions status=200 duration_ms=16.71
[WebServer] 2026-10-04 20:46:45,685 INFO goatfarm [747c3a82b06a43f588b44a22dd3b8ad8] request method=GET path=/api/purchases status=200 duration_ms=46.39
  ✓   35 [webkit] › e2e/a11y-gate.spec.ts:68:7 › a11y gate › /purchases (te) has no serious accessibility violations (2.2s)
[WebServer] 2026-10-04 20:46:47,058 INFO goatfarm [ecc22afb7e4f404385a9adaf184bb1c7] request method=POST path=/api/auth/refresh status=401 duration_ms=0.87
[WebServer] 2026-10-04 20:46:47,370 INFO goatfarm [d7d6c1a00c014bce9c79a9c9a3dc6903] request method=POST path=/api/auth/login status=200 duration_ms=168.01
[WebServer] 2026-10-04 20:46:47,384 INFO goatfarm [72d88562034a48ea9980702bf03b1719] request method=GET path=/api/auth/farms status=200 duration_ms=11.01
[WebServer] 2026-10-04 20:46:47,400 INFO goatfarm [4255515ada734680b2cc975c56e2ef36] request method=GET path=/api/auth/permissions status=200 duration_ms=9.19
[WebServer] 2026-10-04 20:46:47,492 INFO goatfarm [7539fb5f95494400a2e183e566230216] request method=GET path=/api/dashboard status=200 duration_ms=51.62
[WebServer] 2026-10-04 20:46:47,704 INFO goatfarm [5119d5817b5841fe816cdae636f5134a] request method=POST path=/api/auth/refresh status=200 duration_ms=142.89
[WebServer] 2026-10-04 20:46:47,721 INFO goatfarm [f2452024a6814920be3dae5085223a24] request method=GET path=/api/auth/farms status=200 duration_ms=13.47
[WebServer] 2026-10-04 20:46:47,747 INFO goatfarm [0152ea8ebcdd4c9d9d0000ca903052c1] request method=GET path=/api/auth/permissions status=200 duration_ms=15.42
[WebServer] 2026-10-04 20:46:47,796 INFO goatfarm [fdb87791516d45439c0d0ab6e3b855df] request method=GET path=/api/dashboard/reports status=200 duration_ms=38.41
  ✓   36 [webkit] › e2e/a11y-gate.spec.ts:68:7 › a11y gate › /reports (te) has no serious accessibility violations (2.2s)
[WebServer] 2026-10-04 20:46:49,279 INFO goatfarm [de78053749ef454fbec379f80d99bb40] request method=POST path=/api/auth/refresh status=401 duration_ms=1.06
[WebServer] 2026-10-04 20:46:49,584 INFO goatfarm [020f97156f474aeeafda6dfa04df7d54] request method=POST path=/api/auth/login status=200 duration_ms=191.47
[WebServer] 2026-10-04 20:46:49,633 INFO goatfarm [0662bc81c72a4f0a85c228b71ddae805] request method=GET path=/api/auth/farms status=200 duration_ms=38.63
[WebServer] 2026-10-04 20:46:49,649 INFO goatfarm [4ea193ce2be34d72bd3929532d0c4d23] request method=GET path=/api/auth/permissions status=200 duration_ms=10.26
[WebServer] 2026-10-04 20:46:49,814 INFO goatfarm [55e7d0359ba4473f9cb3ea974278207d] request method=GET path=/api/dashboard status=200 duration_ms=117.10
[WebServer] 2026-10-04 20:46:50,377 INFO goatfarm [04af92c28de941b496309e961004e8e5] request method=POST path=/api/auth/refresh status=200 duration_ms=131.63
[WebServer] 2026-10-04 20:46:50,386 INFO goatfarm [ddce215755914704a47f78fac9b1ad2d] request method=GET path=/api/auth/farms status=200 duration_ms=6.11
[WebServer] 2026-10-04 20:46:50,407 INFO goatfarm [895a6390c76948e69f00392f28a1786d] request method=GET path=/api/auth/permissions status=200 duration_ms=11.03
[WebServer] 2026-10-04 20:46:50,450 INFO goatfarm [1bb4cb50e62b4793838e2be4b9b8a83a] request method=GET path=/api/tasks status=200 duration_ms=28.80
[WebServer] 2026-10-04 20:46:51,123 INFO goatfarm [9a8a6257287a416eba75c1db3043fbe0] request method=GET path=/api/v1/insights status=404 duration_ms=1.38
[WebServer] 2026-10-04 20:46:51,132 INFO goatfarm [cbe832c90838411891d5aec4efc1ab9e] request method=GET path=/api/v1/insights status=404 duration_ms=0.86
  ✓   37 [webkit] › e2e/a11y-gate.spec.ts:68:7 › a11y gate › /tasks (te) has no serious accessibility violations (2.6s)
[WebServer] 2026-10-04 20:46:51,897 INFO goatfarm [64a68f6bb8ed4492be1a551d676677b6] request method=POST path=/api/auth/refresh status=401 duration_ms=0.56
[WebServer] 2026-10-04 20:46:52,250 INFO goatfarm [90a223f9309c4c829fe0852f9fe7c4e0] request method=POST path=/api/auth/login status=200 duration_ms=194.22
[WebServer] 2026-10-04 20:46:52,268 INFO goatfarm [408fd135df9d49ffbab8ca117a998be2] request method=GET path=/api/auth/farms status=200 duration_ms=12.75
[WebServer] 2026-10-04 20:46:52,286 INFO goatfarm [722b50f5107b49e2810ca3c188601516] request method=GET path=/api/auth/permissions status=200 duration_ms=12.90
[WebServer] 2026-10-04 20:46:52,372 INFO goatfarm [ef64e295cfde4447a1080564197db03f] request method=GET path=/api/dashboard status=200 duration_ms=44.56
[WebServer] 2026-10-04 20:46:52,554 INFO goatfarm [0d985d0f245441daa16220fda11fe851] request method=POST path=/api/auth/refresh status=200 duration_ms=142.20
[WebServer] 2026-10-04 20:46:52,567 INFO goatfarm [8fa9d3d28f7e4d71bd04f703d07aa243] request method=GET path=/api/auth/farms status=200 duration_ms=8.99
[WebServer] 2026-10-04 20:46:52,605 INFO goatfarm [1a70e81c53da4879b8df03d29485dc07] request method=GET path=/api/auth/permissions status=200 duration_ms=15.12
[WebServer] 2026-10-04 20:46:52,668 INFO goatfarm [6f470c490e7b40949cc9a922cd49768a] request method=GET path=/api/tasks status=200 duration_ms=54.39
  ✓   38 [webkit] › e2e/a11y-gate.spec.ts:68:7 › a11y gate › /worker (te) has no serious accessibility violations (2.1s)
[WebServer] 2026-10-04 20:46:53,935 INFO goatfarm [0c6995b933844915bd5b9d567e9371ee] request method=POST path=/api/auth/refresh status=401 duration_ms=1.49
  ✓   39 [webkit] › e2e/a11y-gate.spec.ts:68:7 › a11y gate › /login (te) has no serious accessibility violations (1.4s)
[WebServer] 2026-10-04 20:46:55,341 INFO goatfarm [58603a5e33c8474ea77f0d1b500fef69] request method=POST path=/api/auth/refresh status=401 duration_ms=0.73
  ✓   40 [webkit] › e2e/a11y-gate.spec.ts:68:7 › a11y gate › /register (te) has no serious accessibility violations (1.4s)
[WebServer] 2026-10-04 20:46:56,728 INFO goatfarm [b627c2cccfd44cdfae9e9bb166ebe054] request method=POST path=/api/auth/refresh status=401 duration_ms=0.93
[WebServer] 2026-10-04 20:46:57,075 INFO goatfarm [0f1e9e20daf6401183d5d5090ec11317] request method=POST path=/api/auth/login status=200 duration_ms=188.45
[WebServer] 2026-10-04 20:46:57,100 INFO goatfarm [1fefa1825cbb466b98338fa228c5bce2] request method=GET path=/api/auth/farms status=200 duration_ms=18.31
[WebServer] 2026-10-04 20:46:57,116 INFO goatfarm [39225f66790542a592302ef1028fe6dd] request method=GET path=/api/auth/permissions status=200 duration_ms=10.27
[WebServer] 2026-10-04 20:46:57,215 INFO goatfarm [999241f8640444a19cbab6af782b5742] request method=GET path=/api/dashboard status=200 duration_ms=52.67
[WebServer] 2026-10-04 20:46:57,434 INFO goatfarm [788f3ad20bc6483bb5f5aabe733c1f53] request method=POST path=/api/auth/refresh status=200 duration_ms=137.41
[WebServer] 2026-10-04 20:46:57,452 INFO goatfarm [dec07a2d21b745c086768038149f96bb] request method=GET path=/api/auth/farms status=200 duration_ms=13.47
  ✓   41 [webkit] › e2e/a11y-gate.spec.ts:68:7 › a11y gate › /farm-select (te) has no serious accessibility violations (2.0s)
[WebServer] 2026-10-04 20:46:58,911 INFO goatfarm [3f5ef810b3be413794f9ed852be62caf] request method=POST path=/api/auth/login status=200 duration_ms=158.52
[WebServer] 2026-10-04 20:46:58,923 INFO goatfarm [d52bd22e6be042a0ae888a9109984991] request method=GET path=/api/auth/farms status=200 duration_ms=7.36
[WebServer] 2026-10-04 20:46:59,161 INFO goatfarm [85f945e5fef9443ca91e661672975fb0] request method=POST path=/api/auth/refresh status=401 duration_ms=1.80
[WebServer] 2026-10-04 20:46:59,232 INFO goatfarm [f2dbea8dc84b4afc89f1ac8803be9c45] request method=GET path=/api/auth/worker-roster status=200 duration_ms=5.69
  ✓   42 [webkit] › e2e/a11y-gate.spec.ts:68:7 › a11y gate › /worker/login (te) has no serious accessibility violations (1.9s)
[WebServer] 2026-10-04 20:47:00,619 INFO goatfarm [6f0daf89ff064cc482bc2d5101780148] request method=POST path=/api/auth/refresh status=401 duration_ms=0.80
  ✓   43 [webkit] › e2e/a11y-gate.spec.ts:68:7 › a11y gate › /worker/offline (te) has no serious accessibility violations (1.4s)
[WebServer] 2026-10-04 20:47:02,079 INFO goatfarm [b1f71b982e694dbbbf2b501f99ff6066] request method=POST path=/api/auth/refresh status=401 duration_ms=0.82
[WebServer] 2026-10-04 20:47:02,404 INFO goatfarm [f5b4e757692c4db680a78292591e36db] request method=POST path=/api/auth/login status=200 duration_ms=183.81
[WebServer] 2026-10-04 20:47:02,430 INFO goatfarm [95570dbb9d4f455a9f72f5a48a2bd557] request method=GET path=/api/auth/farms status=200 duration_ms=19.34
[WebServer] 2026-10-04 20:47:02,450 INFO goatfarm [1122729d6892486cbe71c1e222b9c290] request method=GET path=/api/auth/permissions status=200 duration_ms=13.73
[WebServer] 2026-10-04 20:47:02,529 INFO goatfarm [b5490b85905d45aab49d27d64de4e5af] request method=GET path=/api/dashboard status=200 duration_ms=37.71
[WebServer] 2026-10-04 20:47:02,719 INFO goatfarm [234bd9e2e40c48fc82d8a4e53a161548] request method=POST path=/api/auth/refresh status=200 duration_ms=118.70
[WebServer] 2026-10-04 20:47:02,732 INFO goatfarm [bbf8a8b8d453469f976b214595e69312] request method=GET path=/api/auth/farms status=200 duration_ms=9.22
[WebServer] 2026-10-04 20:47:02,749 INFO goatfarm [2582aad3d1174c61b1a6d97896cddef6] request method=GET path=/api/auth/permissions status=200 duration_ms=6.86
[WebServer] 2026-10-04 20:47:02,795 INFO goatfarm [40722f5c26954939a75e041bc141ea96] request method=GET path=/api/screening/stats status=200 duration_ms=23.99
[WebServer] 2026-10-04 20:47:02,796 INFO goatfarm [eeef95980f00472980352bc9653bd758] request method=GET path=/api/screening/images status=200 duration_ms=26.23
  ✓   44 [webkit] › e2e/a11y-gate.spec.ts:68:7 › a11y gate › /screening (te) has no serious accessibility violations (2.1s)
[WebServer] 2026-10-04 20:47:04,186 INFO goatfarm [dd79903c3e384acc8fbde6377ac24082] request method=POST path=/api/auth/refresh status=401 duration_ms=0.90
[WebServer] 2026-10-04 20:47:04,504 INFO goatfarm [3627d8cab96a45e7a90da0b54b5e1ecc] request method=POST path=/api/auth/login status=200 duration_ms=186.77
[WebServer] 2026-10-04 20:47:04,517 INFO goatfarm [c360e0f838c2469c98eb8a99fed293c4] request method=GET path=/api/auth/farms status=200 duration_ms=9.10
[WebServer] 2026-10-04 20:47:04,529 INFO goatfarm [7f8b8ded81414d2fb35a97fa0727a150] request method=GET path=/api/auth/permissions status=200 duration_ms=7.03
[WebServer] 2026-10-04 20:47:04,606 INFO goatfarm [5128defa2bdf4f2c92b86def3c88c3aa] request method=GET path=/api/dashboard status=200 duration_ms=35.01
[WebServer] 2026-10-04 20:47:04,820 INFO goatfarm [87f781fa193c4619a67e7b26cbfb5778] request method=POST path=/api/auth/refresh status=200 duration_ms=126.32
[WebServer] 2026-10-04 20:47:04,830 INFO goatfarm [9da8da33f2dc4ce49930fe133b46efbe] request method=GET path=/api/auth/farms status=200 duration_ms=7.11
[WebServer] 2026-10-04 20:47:04,847 INFO goatfarm [8751ec7a78ff4a228c5000d16968cef5] request method=GET path=/api/auth/permissions status=200 duration_ms=7.03
[WebServer] 2026-10-04 20:47:04,880 INFO goatfarm [8da8f65f406f410199a7c00d85b5620c] request method=GET path=/api/team status=200 duration_ms=16.51
  ✓   45 [webkit] › e2e/a11y-gate.spec.ts:68:7 › a11y gate › /team (te) has no serious accessibility violations (2.2s)
[WebServer] 2026-10-04 20:47:06,421 INFO goatfarm [30871235b68c43d0b1b646f4a4c105b8] request method=POST path=/api/auth/refresh status=401 duration_ms=0.67
[WebServer] 2026-10-04 20:47:06,736 INFO goatfarm [1b8076510f6b439999b7ddb52c9222e4] request method=POST path=/api/auth/login status=200 duration_ms=182.47
[WebServer] 2026-10-04 20:47:06,749 INFO goatfarm [d54c353fe4ca456989705016b7539c52] request method=GET path=/api/auth/farms status=200 duration_ms=9.73
[WebServer] 2026-10-04 20:47:06,764 INFO goatfarm [b87f6ad213c44df08ac41dc67b90f85d] request method=GET path=/api/auth/permissions status=200 duration_ms=8.55
[WebServer] 2026-10-04 20:47:06,876 INFO goatfarm [b4d3cdc784da429ba5204d40adf73a5c] request method=GET path=/api/dashboard status=200 duration_ms=69.31
[WebServer] 2026-10-04 20:47:07,037 INFO goatfarm [bc21450881ac4e86af90075bfa5e741a] request method=POST path=/api/auth/refresh status=200 duration_ms=128.89
[WebServer] 2026-10-04 20:47:07,048 INFO goatfarm [d8f53b271299402b8a9a920e645f6b36] request method=GET path=/api/auth/farms status=200 duration_ms=7.45
[WebServer] 2026-10-04 20:47:07,066 INFO goatfarm [40062fd5997446dca81e2cd6de702385] request method=GET path=/api/auth/permissions status=200 duration_ms=7.74
[WebServer] 2026-10-04 20:47:07,099 INFO goatfarm [b5259f35bb3d4da18aaa10d5e8ad6f8d] request method=GET path=/api/finance/insurance status=200 duration_ms=15.79
  ✓   46 [webkit] › e2e/a11y-gate.spec.ts:68:7 › a11y gate › /finance/insurance (te) has no serious accessibility violations (2.0s)
[WebServer] 2026-10-04 20:47:08,456 INFO goatfarm [c7413aec061943fd9a2586a9c9cacc9d] request method=POST path=/api/auth/refresh status=401 duration_ms=0.71
[WebServer] 2026-10-04 20:47:08,778 INFO goatfarm [f2d9b744faed463aa4065abe34972035] request method=POST path=/api/auth/login status=200 duration_ms=173.88
[WebServer] 2026-10-04 20:47:08,797 INFO goatfarm [56775bb7ca3c468aa2f22f6bef303eb1] request method=GET path=/api/auth/farms status=200 duration_ms=14.52
[WebServer] 2026-10-04 20:47:08,811 INFO goatfarm [2ba7c21833984e6f95968f85c2005c32] request method=GET path=/api/auth/permissions status=200 duration_ms=8.83
[WebServer] 2026-10-04 20:47:08,911 INFO goatfarm [5cc8dc8d36554177ae3f9bb6feaca3e5] request method=GET path=/api/dashboard status=200 duration_ms=59.77
[WebServer] 2026-10-04 20:47:09,131 INFO goatfarm [e0814b91b6084fc39d09960d32493d6b] request method=POST path=/api/auth/refresh status=200 duration_ms=134.42
[WebServer] 2026-10-04 20:47:09,146 INFO goatfarm [a09d9bf4d38f492b9b949280e740798d] request method=GET path=/api/auth/farms status=200 duration_ms=10.73
[WebServer] 2026-10-04 20:47:09,174 INFO goatfarm [23ab767bc5d0440ca76ab4b9e92e62ef] request method=GET path=/api/auth/permissions status=200 duration_ms=15.12
[WebServer] 2026-10-04 20:47:09,201 INFO goatfarm [2bf996da25d347cbb0e625f7d22c4329] request method=GET path=/api/health/schedule-templates status=200 duration_ms=13.04
[WebServer] 2026-10-04 20:47:09,204 INFO goatfarm [a715f8f50f514eaea7767dc186cbfcfb] request method=GET path=/api/health/events status=200 duration_ms=17.89
  ✓   47 [webkit] › e2e/a11y-gate.spec.ts:68:7 › a11y gate › /health (te) has no serious accessibility violations (2.2s)
[WebServer] 2026-10-04 20:47:10,640 INFO goatfarm [50c57dc5b56c4be9afdaf91c6b29e557] request method=POST path=/api/auth/refresh status=401 duration_ms=0.52
[WebServer] 2026-10-04 20:47:10,973 INFO goatfarm [6bd5309614494a7692afef4dcf5f0d5f] request method=POST path=/api/auth/login status=200 duration_ms=182.00
[WebServer] 2026-10-04 20:47:10,988 INFO goatfarm [bf4a7ceca49549afae4244d6927ace01] request method=GET path=/api/auth/farms status=200 duration_ms=11.02
[WebServer] 2026-10-04 20:47:11,001 INFO goatfarm [1b2f3549d55f48faa332181dc0722749] request method=GET path=/api/auth/permissions status=200 duration_ms=7.55
[WebServer] 2026-10-04 20:47:11,102 INFO goatfarm [8ed258ec9ae74dc7b00e659329f4b0fd] request method=GET path=/api/dashboard status=200 duration_ms=58.13
[WebServer] 2026-10-04 20:47:11,327 INFO goatfarm [ecb8df9a0d9f4a3cb13c27a45181221f] request method=POST path=/api/auth/refresh status=200 duration_ms=139.76
[WebServer] 2026-10-04 20:47:11,340 INFO goatfarm [292bbabcc4f445e685ef405182417a54] request method=GET path=/api/auth/farms status=200 duration_ms=9.10
[WebServer] 2026-10-04 20:47:11,358 INFO goatfarm [4374d9076d4b4e2fa2695e9ddbddace4] request method=GET path=/api/auth/permissions status=200 duration_ms=6.27
[WebServer] 2026-10-04 20:47:11,391 INFO goatfarm [75ca90a7c42c4f81959e6ce9a941e5c0] request method=GET path=/api/simulation/defaults/breeds status=200 duration_ms=8.34
[WebServer] 2026-10-04 20:47:11,393 INFO goatfarm [e97e4606dad9402186aa1d601a10d2b1] request method=GET path=/api/simulation/defaults status=200 duration_ms=8.68
[WebServer] 2026-10-04 20:47:11,399 INFO goatfarm [b141f2dbef5047ea99fc3a32ed56eb5a] request method=GET path=/api/planner/plans status=200 duration_ms=12.76
  ✓   48 [webkit] › e2e/a11y-gate.spec.ts:68:7 › a11y gate › /planner (te) has no serious accessibility violations (2.2s)
[WebServer] 2026-10-04 20:47:12,879 INFO goatfarm [530ce2725bc640669f62b3d9913029b4] request method=POST path=/api/auth/refresh status=401 duration_ms=0.57
[WebServer] 2026-10-04 20:47:13,234 INFO goatfarm [4e1436b5e0aa412a94e113b383451933] request method=POST path=/api/auth/login status=200 duration_ms=193.62
[WebServer] 2026-10-04 20:47:13,293 INFO goatfarm [fb0bb2266d6a44dc953ee0e513924902] request method=GET path=/api/auth/farms status=200 duration_ms=42.50
[WebServer] 2026-10-04 20:47:13,308 INFO goatfarm [6424e56d876a4ecbab934237caa0a529] request method=GET path=/api/auth/permissions status=200 duration_ms=9.07
[WebServer] 2026-10-04 20:47:13,391 INFO goatfarm [aa47114b9f4346d5a3e2dbc2fe4da03b] request method=GET path=/api/dashboard status=200 duration_ms=40.85
[WebServer] 2026-10-04 20:47:14,054 INFO goatfarm [b630bbc09ba440f4b42177d09cb5fdca] request method=POST path=/api/auth/refresh status=200 duration_ms=149.83
[WebServer] 2026-10-04 20:47:14,069 INFO goatfarm [c02decf6fbc24b549c84463d2681a9e7] request method=GET path=/api/auth/farms status=200 duration_ms=11.43
[WebServer] 2026-10-04 20:47:14,088 INFO goatfarm [ad3933bea148400790ceba57438b7ddd] request method=GET path=/api/auth/permissions status=200 duration_ms=9.04
[WebServer] 2026-10-04 20:47:14,126 INFO goatfarm [05f6519b2a8349f6b1b085bf6168613e] request method=GET path=/api/simulation/defaults/breeds status=200 duration_ms=14.50
[WebServer] 2026-10-04 20:47:14,131 INFO goatfarm [3d02dc8ad7c04e9ca10911b1992d7b45] request method=GET path=/api/simulation/defaults status=200 duration_ms=17.81
[WebServer] 2026-10-04 20:47:14,143 INFO goatfarm [83a4b102f6c0435fa4387d7950e5bcd6] request method=GET path=/api/simulation/scenarios status=200 duration_ms=30.38
  ✓   49 [webkit] › e2e/a11y-gate.spec.ts:68:7 › a11y gate › /simulation (te) has no serious accessibility violations (3.3s)
[WebServer] 2026-10-04 20:47:16,155 INFO goatfarm [32fd07b3d51b41d58b972af249e8bbaf] request method=POST path=/api/auth/refresh status=401 duration_ms=0.68
[WebServer] 2026-10-04 20:47:16,480 INFO goatfarm [cd83bae249024ae9a5ddfcdd3c3cb6b6] request method=POST path=/api/auth/login status=200 duration_ms=198.29
[WebServer] 2026-10-04 20:47:16,507 INFO goatfarm [90f8591060a1443ba8c1e7dd1d840f9f] request method=GET path=/api/auth/farms status=200 duration_ms=20.83
[WebServer] 2026-10-04 20:47:16,563 INFO goatfarm [f10b4a472c7246e9aad1cc363764a9c8] request method=GET path=/api/auth/permissions status=200 duration_ms=51.24
[WebServer] 2026-10-04 20:47:16,638 INFO goatfarm [638b0bea7a724cd396750c066308bd57] request method=GET path=/api/dashboard status=200 duration_ms=34.38
[WebServer] 2026-10-04 20:47:16,751 INFO goatfarm [7c5082b923e046aa8cc9ae0e5a16d0b9] request method=GET path=/api/v1/insights status=404 duration_ms=0.55
[WebServer] 2026-10-04 20:47:16,760 INFO goatfarm [5f70eb17bba142c9bfef0a42d280717d] request method=GET path=/api/v1/insights status=404 duration_ms=0.63
[WebServer] 2026-10-04 20:47:17,301 INFO goatfarm [ed241c24a4044287a738bcba716dfba0] request method=POST path=/api/auth/refresh status=200 duration_ms=144.10
[WebServer] 2026-10-04 20:47:17,312 INFO goatfarm [7b9cc1a2121546a1beda9dff908ea424] request method=GET path=/api/auth/farms status=200 duration_ms=7.66
[WebServer] 2026-10-04 20:47:17,328 INFO goatfarm [3a76e8841c92420f85e71591c7b17365] request method=GET path=/api/auth/permissions status=200 duration_ms=6.55
[WebServer] 2026-10-04 20:47:17,379 INFO goatfarm [20742cc0a15a4e8c8258ec307dc14c16] request method=GET path=/api/finance status=200 duration_ms=30.77
  ✓   50 [webkit] › e2e/a11y-gate.spec.ts:68:7 › a11y gate › /finance (te) has no serious accessibility violations (2.7s)
[WebServer] 2026-10-04 20:47:18,860 INFO goatfarm [3921e465e6114274b00c3d47b6442d08] request method=POST path=/api/auth/refresh status=401 duration_ms=0.73
[WebServer] 2026-10-04 20:47:19,148 INFO goatfarm [0e28bd6806b4438ea28b8bbbee3841af] request method=POST path=/api/auth/login status=200 duration_ms=167.28
[WebServer] 2026-10-04 20:47:19,166 INFO goatfarm [0269bb530b66448fb3249daedcc35d01] request method=GET path=/api/auth/farms status=200 duration_ms=13.01
[WebServer] 2026-10-04 20:47:19,182 INFO goatfarm [5a6b409c16b9473aa9ee671fde821639] request method=GET path=/api/auth/permissions status=200 duration_ms=11.19
[WebServer] 2026-10-04 20:47:19,253 INFO goatfarm [c11796bd98af4de0aa3fb6c29b4e119b] request method=GET path=/api/dashboard status=200 duration_ms=36.62
[WebServer] 2026-10-04 20:47:19,459 INFO goatfarm [8d32a701667e4a69961c6e53e7e92e00] request method=POST path=/api/auth/refresh status=200 duration_ms=129.55
[WebServer] 2026-10-04 20:47:19,490 INFO goatfarm [acefd23beb714ea2bbea4773bceb2f79] request method=GET path=/api/auth/farms status=200 duration_ms=26.17
[WebServer] 2026-10-04 20:47:19,523 INFO goatfarm [2047e22916214a08bd7e683043cc3dd9] request method=GET path=/api/auth/permissions status=200 duration_ms=18.89
[WebServer] 2026-10-04 20:47:19,559 INFO goatfarm [6949f945d4ed4c9a9d871ccbbab45956] request method=GET path=/api/animals status=200 duration_ms=16.66
[WebServer] 2026-10-04 20:47:20,338 INFO goatfarm [d2600ecafb3d4ab89c84f95b2778af74] request method=POST path=/api/auth/refresh status=200 duration_ms=123.32
[WebServer] 2026-10-04 20:47:20,350 INFO goatfarm [988391cda81a4a39952b1c484fc9f47e] request method=GET path=/api/auth/farms status=200 duration_ms=8.12
[WebServer] 2026-10-04 20:47:20,371 INFO goatfarm [3d285f91c5e04ec190047e7e31ffc6b0] request method=GET path=/api/auth/permissions status=200 duration_ms=11.52
[WebServer] 2026-10-04 20:47:20,431 INFO goatfarm [fb6911df4acd461190546c9b066eeddb] request method=GET path=/api/dashboard status=200 duration_ms=49.74
  ✓   51 [webkit] › e2e/a11y-gate.spec.ts:115:3 › a11y gate › animal validation modal on a manager phone and dashboard on a portrait tablet (2.5s)
[WebServer] 2026-10-04 20:47:21,324 INFO goatfarm [5ebbf94a3c45417bb3252b132e85a445] request method=POST path=/api/auth/refresh status=401 duration_ms=0.65
[WebServer] 2026-10-04 20:47:21,662 INFO goatfarm [2ad5892482c94ff58246c80855a18193] request method=POST path=/api/auth/login status=200 duration_ms=188.28
[WebServer] 2026-10-04 20:47:21,678 INFO goatfarm [8529d229ee5941759ee459adbe0a1a13] request method=GET path=/api/auth/farms status=200 duration_ms=11.99
[WebServer] 2026-10-04 20:47:21,693 INFO goatfarm [00fe0b61710544cba13eb1c07179fe83] request method=GET path=/api/auth/permissions status=200 duration_ms=9.65
[WebServer] 2026-10-04 20:47:21,771 INFO goatfarm [7fa4deba49874ec4aa4f58b1eb03f090] request method=GET path=/api/dashboard status=200 duration_ms=37.44
[WebServer] 2026-10-04 20:47:21,976 INFO goatfarm [a27a6a578f2b4b5592fa6a5f7d3d3a00] request method=POST path=/api/auth/refresh status=200 duration_ms=117.87
[WebServer] 2026-10-04 20:47:21,987 INFO goatfarm [015c1d26f1e1470f84481651c02b458d] request method=GET path=/api/auth/farms status=200 duration_ms=7.05
[WebServer] 2026-10-04 20:47:22,002 INFO goatfarm [260db9bd0c394ce085a99920e06bc7b2] request method=GET path=/api/auth/permissions status=200 duration_ms=6.17
[WebServer] 2026-10-04 20:47:22,028 INFO goatfarm [a3a82118b3a9445691e7dcea30951429] request method=GET path=/api/animals status=200 duration_ms=9.50
[WebServer] 2026-10-04 20:47:22,569 INFO goatfarm [9a8bae7eeadd4c77adc6ba016e814d89] request method=POST path=/api/animals status=201 duration_ms=44.88
[WebServer] 2026-10-04 20:47:22,589 INFO goatfarm [a052a2bf623842089a760a8296caf5a2] request method=GET path=/api/animals status=200 duration_ms=15.41
[WebServer] 2026-10-04 20:47:22,773 INFO goatfarm [1fc46e12d367434098092be244b3823c] request method=POST path=/api/auth/refresh status=200 duration_ms=108.38
[WebServer] 2026-10-04 20:47:22,783 INFO goatfarm [b8c4acf4c7424bc5b6e9e95a8a07a14d] request method=GET path=/api/auth/farms status=200 duration_ms=6.96
[WebServer] 2026-10-04 20:47:22,799 INFO goatfarm [7e7dfac3217c4d088e2cccaffc3b7b98] request method=GET path=/api/auth/permissions status=200 duration_ms=6.78
[WebServer] 2026-10-04 20:47:22,828 INFO goatfarm [d3def0f820044f9983761a1423f74257] request method=GET path=/api/animals status=200 duration_ms=15.12
[WebServer] 2026-10-04 20:47:23,189 INFO goatfarm [05c10979e8e84bca8fd5636986e8d2ad] request method=GET path=/api/animals status=200 duration_ms=17.47
[WebServer] 2026-10-04 20:47:23,746 INFO goatfarm [ae45bc41ea9a46138207f8e7b5a8f67c] request method=GET path=/api/animals/32 status=200 duration_ms=28.52
[WebServer] 2026-10-04 20:47:23,771 INFO goatfarm [0e7afcddc1d04e138aca09343cef27b7] request method=GET path=/api/health/restrictions/32 status=200 duration_ms=14.24
[WebServer] 2026-10-04 20:47:23,775 INFO goatfarm [94ad7cbec0f84c818fda86f1a3a2d6b3] request method=GET path=/api/finance/animals/32/lifetime-pnl status=200 duration_ms=19.62
  ✓   52 [webkit] › e2e/a11y-gate.spec.ts:135:3 › a11y gate › animal detail state has no serious accessibility violations (3.3s)
[WebServer] 2026-10-04 20:47:24,621 INFO goatfarm [6bd3ea23a1744c0fbd862ba87887e453] request method=POST path=/api/auth/refresh status=401 duration_ms=0.72
[WebServer] 2026-10-04 20:47:24,933 INFO goatfarm [0d69d45018cb4acd9d3521de2e253949] request method=POST path=/api/auth/login status=200 duration_ms=167.83
[WebServer] 2026-10-04 20:47:24,946 INFO goatfarm [0e83b6fe031f4f8c987ccb744f4fa0e1] request method=GET path=/api/auth/farms status=200 duration_ms=9.00
[WebServer] 2026-10-04 20:47:24,960 INFO goatfarm [bb99ff00430e424cbc435eaf7fb7879a] request method=GET path=/api/auth/permissions status=200 duration_ms=9.51
[WebServer] 2026-10-04 20:47:25,035 INFO goatfarm [8da8a75d121c4272bce8f3a2739264ce] request method=GET path=/api/dashboard status=200 duration_ms=37.18
[WebServer] 2026-10-04 20:47:25,253 INFO goatfarm [f162a048ce9140f0be43c21598b4b192] request method=POST path=/api/auth/refresh status=200 duration_ms=129.72
[WebServer] 2026-10-04 20:47:25,272 INFO goatfarm [9471a2de3dc7456f980e2d69b6a9ecc4] request method=GET path=/api/auth/farms status=200 duration_ms=12.72
  ✓   53 [webkit] › e2e/a11y-gate.spec.ts:149:3 › a11y gate › permissions error recovery state has no serious accessibility violations (1.2s)
[WebServer] 2026-10-04 20:47:25,825 INFO goatfarm [5dd50e17a33848b2b3c9321913aa6bb8] request method=POST path=/api/auth/refresh status=401 duration_ms=0.66
[WebServer] 2026-10-04 20:47:26,171 INFO goatfarm [64717b17ae4141bc879ee1ade2ae0537] request method=POST path=/api/auth/login status=200 duration_ms=196.79
[WebServer] 2026-10-04 20:47:26,189 INFO goatfarm [23054442597449008608e4f7aa7c0eae] request method=GET path=/api/auth/farms status=200 duration_ms=12.12
[WebServer] 2026-10-04 20:47:26,203 INFO goatfarm [b180edbd39364f74804024873c898502] request method=GET path=/api/auth/permissions status=200 duration_ms=8.28
[WebServer] 2026-10-04 20:47:26,288 INFO goatfarm [45e859d5a68c4723a35023b7be53a9d2] request method=GET path=/api/dashboard status=200 duration_ms=37.20
[WebServer] 2026-10-04 20:47:26,480 INFO goatfarm [830ec03eefaa4fae8d373725d4ec2583] request method=POST path=/api/auth/refresh status=200 duration_ms=117.33
[WebServer] 2026-10-04 20:47:26,492 INFO goatfarm [a50e46388a3d4ef989ba226b73804955] request method=GET path=/api/auth/farms status=200 duration_ms=7.99
[WebServer] 2026-10-04 20:47:26,509 INFO goatfarm [a93a40c1be0c433ab156f46e4566b9a2] request method=GET path=/api/auth/permissions status=200 duration_ms=6.64
[WebServer] 2026-10-04 20:47:26,541 INFO goatfarm [7bc105670df749488bfb7ae965e3855e] request method=GET path=/api/animals status=200 duration_ms=15.96
[WebServer] 2026-10-04 20:47:27,187 INFO goatfarm [61b5798fb91b453f89556573da056f56] request method=POST path=/api/animals status=201 duration_ms=43.60
[WebServer] 2026-10-04 20:47:27,207 INFO goatfarm [1c4519f8b41f4255a9a63697cd28050a] request method=GET path=/api/animals status=200 duration_ms=15.67
[WebServer] 2026-10-04 20:47:27,602 INFO goatfarm [a06a5b00b8ad4d15bf0c89d785beeb4c] request method=GET path=/api/animals status=200 duration_ms=29.87
[WebServer] 2026-10-04 20:47:28,166 INFO goatfarm [43cbf74120e446a1868e7282bc8c6346] request method=GET path=/api/animals/33 status=200 duration_ms=29.18
[WebServer] 2026-10-04 20:47:28,200 INFO goatfarm [2d7201030d224be6af4ac52eaf15948b] request method=GET path=/api/health/restrictions/33 status=200 duration_ms=22.64
[WebServer] 2026-10-04 20:47:28,209 INFO goatfarm [1cd86e6207f342d991d633cc3620af0a] request method=GET path=/api/finance/animals/33/lifetime-pnl status=200 duration_ms=32.67
[WebServer] 2026-10-04 20:47:28,546 INFO goatfarm [a9cec96b70564ba993e778f205b83ec8] request method=POST path=/api/animals/33/weight status=201 duration_ms=41.55
[WebServer] 2026-10-04 20:47:28,574 INFO goatfarm [d08bb196a5134040a852d7962ccf3162] request method=GET path=/api/health/restrictions/33 status=200 duration_ms=22.68
[WebServer] 2026-10-04 20:47:28,583 INFO goatfarm [7161e08418804762ad06530326c0111e] request method=GET path=/api/finance/animals/33/lifetime-pnl status=200 duration_ms=30.56
[WebServer] 2026-10-04 20:47:28,591 INFO goatfarm [00f3bfb1339f446fa4e76012007d76c6] request method=GET path=/api/animals/33 status=200 duration_ms=40.78
[WebServer] 2026-10-04 20:47:29,117 INFO goatfarm [c13495b4b980470bbed398deb798f320] request method=POST path=/api/animals/33/move status=200 duration_ms=30.29
[WebServer] 2026-10-04 20:47:29,138 INFO goatfarm [e4537e6c45c8461d819a1003a623e4bf] request method=GET path=/api/health/restrictions/33 status=200 duration_ms=14.99
[WebServer] 2026-10-04 20:47:29,144 INFO goatfarm [b10d1ee5ed7b4cb3a280642b996272ee] request method=GET path=/api/finance/animals/33/lifetime-pnl status=200 duration_ms=20.40
[WebServer] 2026-10-04 20:47:29,145 INFO goatfarm [640be97aa2bb4aa498ec77540591c52d] request method=GET path=/api/animals/33 status=200 duration_ms=23.64
[WebServer] 2026-10-04 20:47:29,377 INFO goatfarm [eb9fa48558384f57b4bd638037f58bb9] request method=POST path=/api/auth/refresh status=200 duration_ms=138.23
[WebServer] 2026-10-04 20:47:29,391 INFO goatfarm [3c30991446b64536bde561a8136c227f] request method=GET path=/api/auth/farms status=200 duration_ms=10.00
[WebServer] 2026-10-04 20:47:29,411 INFO goatfarm [a1b23fe2c7944491b4d9086b023e8e57] request method=GET path=/api/auth/permissions status=200 duration_ms=9.86
[WebServer] 2026-10-04 20:47:29,474 INFO goatfarm [a28b21d49b984cec9c94ef00d8a78f36] request method=GET path=/api/animals status=200 duration_ms=48.51
[WebServer] 2026-10-04 20:47:29,775 INFO goatfarm [f75153cebf324c59b64e33379aea9817] request method=GET path=/api/animals status=200 duration_ms=14.45
  ✓   54 [webkit] › e2e/animals.spec.ts:13:3 › animals › create animal, record a weight, move bucket — profile reflects all (4.8s)
[WebServer] 2026-10-04 20:47:30,611 INFO goatfarm [a96eacee6c5b488686e61df7de9fee3e] request method=GET path=/readyz status=200 duration_ms=5.03
  ✓   55 [webkit] › e2e/api-contract-auth-team.spec.ts:240:3 › frontend proxy auth and team API contracts › proxies the liveness and database-readiness probes (321ms)
[WebServer] 2026-10-04 20:47:30,777 INFO goatfarm [bc13a8b4fc6643f8828c94fe327bb844] request method=POST path=/api/auth/register status=201 duration_ms=155.42
[WebServer] 2026-10-04 20:47:30,811 INFO goatfarm [f0ea5d9c00be4b20b4f47133ea2f49a2] request method=POST path=/api/auth/farms status=201 duration_ms=25.50
[WebServer] 2026-10-04 20:47:31,015 INFO goatfarm.audit [8403ec82aec94d78a00a70a2de377b8b] security_event event='auth.password.changed' user_id=25 — Password changed (all sessions revoked)
[WebServer] 2026-10-04 20:47:31,016 INFO goatfarm [8403ec82aec94d78a00a70a2de377b8b] request method=POST path=/api/auth/change-password status=200 duration_ms=199.39
[WebServer] 2026-10-04 20:47:31,137 INFO goatfarm [69d32f04dd014ac8b8b3d804a26b21cf] request method=POST path=/api/auth/refresh status=200 duration_ms=116.36
[WebServer] 2026-10-04 20:47:31,148 INFO goatfarm [dfa9e1c8a70e47aab0e9b0119d4d2631] request method=GET path=/api/auth/me status=200 duration_ms=6.16
[WebServer] 2026-10-04 20:47:31,164 INFO goatfarm.audit [27de8745e324493fbd9f44152f7bf4ce] security_event event='auth.account.exported' user_id=25 — account identity and tenant relationships exported
[WebServer] 2026-10-04 20:47:31,164 INFO goatfarm [27de8745e324493fbd9f44152f7bf4ce] request method=GET path=/api/auth/account/export status=200 duration_ms=12.52
[WebServer] 2026-10-04 20:47:31,215 INFO goatfarm [e29f261f0cee4796a8921b740296e63a] request method=POST path=/api/auth/login status=401 duration_ms=46.02
[WebServer] 2026-10-04 20:47:31,370 INFO goatfarm [2b8e4b9278324969a0ba8a7da4bee9f0] request method=POST path=/api/auth/login status=200 duration_ms=151.59
  ✓   56 [webkit] › e2e/api-contract-auth-team.spec.ts:254:3 › frontend proxy auth and team API contracts › persists password changes and returns exact me/export data through the proxy (754ms)
[WebServer] 2026-10-04 20:47:31,529 INFO goatfarm [e7743e263cd74a91912a7c1cdf09f64a] request method=POST path=/api/auth/register status=201 duration_ms=150.93
[WebServer] 2026-10-04 20:47:31,544 INFO goatfarm [260220c63da14f96a71ad4251d270e60] request method=GET path=/api/auth/farms status=200 duration_ms=9.11
[WebServer] 2026-10-04 20:47:31,656 INFO goatfarm.audit [1e3db3ea328d41fcb19f6fd82d785f87] security_event event='auth.account.deleted' user_id=26 — Account deleted
[WebServer] 2026-10-04 20:47:31,657 INFO goatfarm [1e3db3ea328d41fcb19f6fd82d785f87] request method=DELETE path=/api/auth/account status=204 duration_ms=109.58
[WebServer] 2026-10-04 20:47:31,724 INFO goatfarm [477e1ca096a2499887741d74a15cd4d8] request method=POST path=/api/auth/login status=401 duration_ms=61.52
  ✓   57 [webkit] › e2e/api-contract-auth-team.spec.ts:370:3 › frontend proxy auth and team API contracts › deletes a separate registered non-owner and makes its login unusable (351ms)
[WebServer] 2026-10-04 20:47:31,894 INFO goatfarm [4e44e485c6484c0aaad9ff66819adb10] request method=POST path=/api/auth/register status=201 duration_ms=159.10
[WebServer] 2026-10-04 20:47:31,925 INFO goatfarm [0b69a6afa9f9441eb00d59cbe3331322] request method=POST path=/api/auth/farms status=201 duration_ms=24.83
[WebServer] 2026-10-04 20:47:31,938 INFO goatfarm [3ffee173ab344fc4b5a4dcfbb5fc5e8f] request method=GET path=/api/team status=200 duration_ms=10.23
[WebServer] 2026-10-04 20:47:32,047 INFO goatfarm.audit [2c08c5ee6d3944dab6d54df6ecf0d97a] security_event event='team.worker.create' farm_id=13 actor_id=27 membership_id=13 user_id=28 role_id=119 — provisioned worker account with must-change credential
[WebServer] 2026-10-04 20:47:32,048 INFO goatfarm [2c08c5ee6d3944dab6d54df6ecf0d97a] request method=POST path=/api/team/workers status=201 duration_ms=102.52
[WebServer] 2026-10-04 20:47:32,074 INFO goatfarm [b57ebbd7a9b1407ab3e6269ba4cb0a08] request method=GET path=/api/team status=200 duration_ms=23.04
[WebServer] 2026-10-04 20:47:32,243 INFO goatfarm [874cbfaebd934547b06a2ec5f043cd89] request method=POST path=/api/auth/login status=200 duration_ms=162.58
[WebServer] 2026-10-04 20:47:32,325 INFO goatfarm.audit [152a847b8886485fb8e343022f0152e0] security_event event='team.worker.password_reset' farm_id=13 actor_id=27 membership_id=13 user_id=28 — reset provisioned worker credential and revoked sessions
[WebServer] 2026-10-04 20:47:32,326 INFO goatfarm [152a847b8886485fb8e343022f0152e0] request method=POST path=/api/team/workers/13/reset-password status=200 duration_ms=79.41
[WebServer] 2026-10-04 20:47:32,374 INFO goatfarm [8e6674f8f18940c2a777fa0a7c43061c] request method=POST path=/api/auth/login status=401 duration_ms=43.81
[WebServer] 2026-10-04 20:47:32,538 INFO goatfarm [c304f9e93592405c856be6d528e0f3b0] request method=POST path=/api/auth/login status=200 duration_ms=161.79
[WebServer] 2026-10-04 20:47:32,557 INFO goatfarm [5a7883d6c00c4eacb06c3432f3086a49] request method=GET path=/api/auth/me status=200 duration_ms=14.02
[WebServer] 2026-10-04 20:47:32,596 INFO goatfarm.audit [d86e99524b6e4775b060e64f00e22b1b] security_event event='team.role.create' farm_id=13 actor_id=27 role_id=123 — created custom role
[WebServer] 2026-10-04 20:47:32,597 INFO goatfarm [d86e99524b6e4775b060e64f00e22b1b] request method=POST path=/api/team/roles status=201 duration_ms=34.12
[WebServer] 2026-10-04 20:47:32,611 INFO goatfarm [8cf3c76cffd744a8a06303a5ad8caa01] request method=GET path=/api/team status=200 duration_ms=11.31
[WebServer] 2026-10-04 20:47:32,633 INFO goatfarm.audit [d175a6ee0f2844efb5a4d8c6c1223067] security_event event='team.role.update' farm_id=13 actor_id=27 role_id=123 revision=2 — updated role name/description/permissions
[WebServer] 2026-10-04 20:47:32,638 INFO goatfarm [d175a6ee0f2844efb5a4d8c6c1223067] request method=PUT path=/api/team/roles/123 status=200 duration_ms=22.69
[WebServer] 2026-10-04 20:47:32,655 INFO goatfarm [7449b47d6cb94e888cc6e5d7e2b6ff95] request method=GET path=/api/team status=200 duration_ms=13.88
[WebServer] 2026-10-04 20:47:32,678 INFO goatfarm.audit [a33a070db4324686876dcb6b9709416a] security_event event='team.role.delete' farm_id=13 actor_id=27 role_id=123 — tombstoned custom role
[WebServer] 2026-10-04 20:47:32,678 INFO goatfarm [a33a070db4324686876dcb6b9709416a] request method=DELETE path=/api/team/roles/123 status=204 duration_ms=19.47
[WebServer] 2026-10-04 20:47:32,693 INFO goatfarm [23cbdd0d987546038d2b5c0abbdd1080] request method=GET path=/api/team status=200 duration_ms=12.54
  ✓   58 [webkit] › e2e/api-contract-auth-team.spec.ts:403:3 › frontend proxy auth and team API contracts › persists worker resets and the full custom-role create/update/delete lifecycle (965ms)
[WebServer] 2026-10-04 20:47:32,862 INFO goatfarm [1c5a1fa2e54840fb80b73c1e67ae5ce3] request method=POST path=/api/auth/register status=201 duration_ms=152.96
[WebServer] 2026-10-04 20:47:32,898 INFO goatfarm [db26807c3d0d4b549e614eede006a42d] request method=POST path=/api/auth/farms status=201 duration_ms=31.37
[WebServer] 2026-10-04 20:47:32,943 INFO goatfarm [555360d303cb41d5bd9cd1976eb8e276] request method=POST path=/api/animals status=201 duration_ms=28.82
[WebServer] 2026-10-04 20:47:32,997 INFO goatfarm [881504d6908c4e5aaf56c9aa30db152f] request method=POST path=/api/animals/34/status status=200 duration_ms=42.85
[WebServer] 2026-10-04 20:47:33,024 INFO goatfarm [01ab921b18f047f6afd4e7c78ae73665] request method=GET path=/api/animals/34 status=200 duration_ms=22.44
  ✓   59 [webkit] › e2e/api-contract-domain.spec.ts:158:3 › frontend proxy domain API contracts › animal status mutation returns and persists the requested lifecycle facts (115ms)
[WebServer] 2026-10-04 20:47:33,063 INFO goatfarm [213d3fce58cb4669907aca52692370d1] request method=POST path=/api/animals status=201 duration_ms=28.81
[WebServer] 2026-10-04 20:47:33,095 INFO goatfarm [d7fee17727174c7d93d1d7797116f6c9] request method=POST path=/api/animals status=201 duration_ms=28.15
[WebServer] 2026-10-04 20:47:33,158 INFO goatfarm [cab8a5924a324f90b00a50b67bd99103] request method=POST path=/api/breeding status=201 duration_ms=59.25
[WebServer] 2026-10-04 20:47:33,178 INFO goatfarm [4826ea702bd34a5ca46bf4d644d266d5] request method=GET path=/api/breeding/8 status=200 duration_ms=16.42
[WebServer] 2026-10-04 20:47:33,242 INFO goatfarm [ad44e45f4952450fbd86c722259726b5] request method=POST path=/api/breeding/8/ultrasound status=200 duration_ms=60.65
[WebServer] 2026-10-04 20:47:33,262 INFO goatfarm [3269baba9d4246199ffa506372f89e70] request method=GET path=/api/kidding/pregnancies/8 status=200 duration_ms=17.05
[WebServer] 2026-10-04 20:47:33,313 INFO goatfarm [78b8bd28d2b74885b2f71cac144bdd8b] request method=POST path=/api/breeding/8/abort status=200 duration_ms=45.90
[WebServer] 2026-10-04 20:47:33,339 INFO goatfarm [88a657eeedce40c4b3878e931b3c3ab0] request method=GET path=/api/breeding/8 status=200 duration_ms=23.09
[WebServer] 2026-10-04 20:47:33,354 INFO goatfarm [d1695da6af804ab7818663fab3a92ab6] request method=GET path=/api/kidding/pregnancies/8 status=404 duration_ms=10.97
  ✓   60 [webkit] › e2e/api-contract-domain.spec.ts:206:3 › frontend proxy domain API contracts › breeding GET, live-pregnancy GET, and pregnancy abort agree on one record (327ms)
[WebServer] 2026-10-04 20:47:33,445 INFO goatfarm [d7e2a83311fc48b792dc58d11b945e87] request method=POST path=/api/animals status=201 duration_ms=75.11
[WebServer] 2026-10-04 20:47:33,463 INFO goatfarm [a887e924aa704e5d860a5d2330ca5b8b] request method=GET path=/api/health/purchase-batches status=200 duration_ms=13.47
[WebServer] 2026-10-04 20:47:33,482 INFO goatfarm [556af5737da6469c8dd0da6416142182] request method=POST path=/api/health/events/preview status=200 duration_ms=14.72
[WebServer] 2026-10-04 20:47:33,514 INFO goatfarm [61ceab50a6a14bf29d5ba7965fba4929] request method=POST path=/api/animals status=201 duration_ms=27.35
[WebServer] 2026-10-04 20:47:33,560 INFO goatfarm [1b01ad92b5e24424bf74f34b7b9aa77e] request method=POST path=/api/health/events status=201 duration_ms=43.42
[WebServer] 2026-10-04 20:47:33,590 INFO goatfarm [88a3d0bb9c3748608ffb84a85d70cee0] request method=GET path=/api/health/restrictions/38 status=200 duration_ms=25.48
[WebServer] 2026-10-04 20:47:33,629 INFO goatfarm [34ccbf156a6b423e9a20986d74b7612a] request method=POST path=/api/health/restrictions/38/clear status=204 duration_ms=30.70
[WebServer] 2026-10-04 20:47:33,643 INFO goatfarm [6a5f3785aa374b4fbf59618f8abab182] request method=GET path=/api/health/restrictions/38 status=200 duration_ms=10.70
[WebServer] 2026-10-04 20:47:33,672 INFO goatfarm [fa982c90d7344d929a5a58e3e043fdd5] request method=GET path=/api/animals/38 status=200 duration_ms=23.62
  ✓   61 [webkit] › e2e/api-contract-domain.spec.ts:328:3 › frontend proxy domain API contracts › health batch lookup/preview and restriction clearance round-trip their data (311ms)
[WebServer] 2026-10-04 20:47:33,712 INFO goatfarm [497e730139f94349952c0b872e6f7abf] request method=POST path=/api/tasks status=201 duration_ms=28.83
[WebServer] 2026-10-04 20:47:33,726 INFO goatfarm [ed3f6d5b7ce24b1cb84f0b155f6b07be] request method=GET path=/api/tasks/124 status=200 duration_ms=10.07
[WebServer] 2026-10-04 20:47:33,755 INFO goatfarm [8f29b7a2a03d4701abbeb867d469ef85] request method=POST path=/api/tasks/124/skip status=200 duration_ms=25.23
[WebServer] 2026-10-04 20:47:33,771 INFO goatfarm [537415ff076347058a3e05d81f63f987] request method=GET path=/api/tasks/124 status=200 duration_ms=11.00
  ✓   62 [webkit] › e2e/api-contract-domain.spec.ts:510:3 › frontend proxy domain API contracts › task GET returns the created duty and skip remains visible on readback (95ms)
[WebServer] 2026-10-04 20:47:33,820 INFO goatfarm [b819056fdbdb4fd6893a30f7ae56290e] request method=POST path=/api/animals status=201 duration_ms=38.49
[WebServer] 2026-10-04 20:47:33,902 INFO goatfarm [42fbade4c9444eeb8269bf4ff4707d7c] request method=POST path=/api/feeding/settings status=204 duration_ms=69.38
[WebServer] 2026-10-04 20:47:33,943 INFO goatfarm [750420ea57fa43e782312713d01d0048] request method=GET path=/api/feeding/plan status=200 duration_ms=35.59
[WebServer] 2026-10-04 20:47:33,960 INFO goatfarm [e5146a45bdf4471fb8e41e48921f7540] request method=GET path=/api/feeding/recipes status=200 duration_ms=12.00
[WebServer] 2026-10-04 20:47:33,976 INFO goatfarm [5488252d5683452f8662f6513a9f0289] request method=GET path=/api/feeding/inventory status=200 duration_ms=10.68
[WebServer] 2026-10-04 20:47:34,008 INFO goatfarm [b1e1f9abd6b84088a3b752e1d04e4c8b] request method=POST path=/api/feeding/inventory/134/add status=200 duration_ms=28.00
[WebServer] 2026-10-04 20:47:34,034 INFO goatfarm [7bef66ea13c94fa6849645052219a68e] request method=POST path=/api/feeding/inventory/136/add status=200 duration_ms=23.29
[WebServer] 2026-10-04 20:47:34,059 INFO goatfarm [592bc46ab56644d78ce431c60b50cb72] request method=POST path=/api/feeding/inventory/135/add status=200 duration_ms=20.62
[WebServer] 2026-10-04 20:47:34,082 INFO goatfarm [bf8f8b1329844f869f89a8a321eb9e5f] request method=POST path=/api/feeding/inventory/139/add status=200 duration_ms=19.55
[WebServer] 2026-10-04 20:47:34,116 INFO goatfarm [637d659308b3494a9bb5f11f78bacecd] request method=POST path=/api/feeding/mix status=200 duration_ms=30.38
[WebServer] 2026-10-04 20:47:34,128 INFO goatfarm [a5260652e1e048568e8160596987c53f] request method=GET path=/api/feeding/finished-stock status=200 duration_ms=9.71
[WebServer] 2026-10-04 20:47:34,141 INFO goatfarm [c312c5c118a84d15a60f49d2c63a429a] request method=GET path=/api/feeding/inventory status=200 duration_ms=9.33
  ✓   63 [webkit] › e2e/api-contract-domain.spec.ts:568:3 › frontend proxy domain API contracts › feeding setting and recipe mix are reflected by plan, inventory, and finished stock (370ms)
[WebServer] 2026-10-04 20:47:34,173 INFO goatfarm [efc00c8bd999437a98c09619fdf7428d] request method=POST path=/api/finance/new status=201 duration_ms=19.03
[WebServer] 2026-10-04 20:47:34,197 INFO goatfarm [df41c629cf63455bb98b8eb3ab321b53] request method=POST path=/api/finance/transactions/10/correct status=201 duration_ms=20.05
[WebServer] 2026-10-04 20:47:34,229 INFO goatfarm [bcff436cafea4f3e82f1738f742d299c] request method=GET path=/api/finance status=200 duration_ms=28.72
  ✓   64 [webkit] › e2e/api-contract-domain.spec.ts:669:3 › frontend proxy domain API contracts › finance correction returns the replacement and preserves the voided source audit (82ms)
[WebServer] 2026-10-04 20:47:34,253 INFO goatfarm [d267aa901006492292bea7ade1de0815] request method=GET path=/api/simulation/herd-snapshot status=200 duration_ms=14.04
[WebServer] 2026-10-04 20:47:34,281 INFO goatfarm [35ec50b58d3f43f5893ca353429133bf] request method=POST path=/api/animals status=201 duration_ms=25.25
[WebServer] 2026-10-04 20:47:34,296 INFO goatfarm [6e62e0b0f37542a9b9c24abed68745ab] request method=GET path=/api/simulation/herd-snapshot status=200 duration_ms=11.33
[WebServer] 2026-10-04 20:47:34,305 INFO goatfarm [d83357abc2f84f41a118401dab2c7651] request method=GET path=/api/simulation/defaults status=200 duration_ms=5.96
[WebServer] 2026-10-04 20:47:34,332 INFO goatfarm [8800335c5cb747ffb2c201d67760d4ff] request method=POST path=/api/simulation/scenarios status=201 duration_ms=23.40
[WebServer] 2026-10-04 20:47:34,355 INFO goatfarm [ba43c08e16c942b3adf83193dbe48234] request method=POST path=/api/simulation/scenarios status=201 duration_ms=19.81
[WebServer] 2026-10-04 20:47:34,369 INFO goatfarm [60f76cbde98c41f7948fd5984f10e25e] request method=GET path=/api/simulation/scenarios/4 status=200 duration_ms=10.22
[WebServer] 2026-10-04 20:47:34,392 INFO goatfarm [e5151ba5c1a043d88bc8d11b1f885907] request method=PATCH path=/api/simulation/scenarios/4 status=200 duration_ms=19.35
[WebServer] 2026-10-04 20:47:34,405 INFO goatfarm [9ec22c7fabd04cb283e9f9cddc92b0de] request method=GET path=/api/simulation/scenarios/4 status=200 duration_ms=9.04
[WebServer] 2026-10-04 20:47:34,539 INFO goatfarm [7b0f7c77cf4f4ab2a2cfbb967f293355] request method=GET path=/api/simulation/scenarios/compare status=200 duration_ms=130.46
[WebServer] 2026-10-04 20:47:34,563 INFO goatfarm [a6f6b8c3e9d34bc7986404088820f1a8] request method=DELETE path=/api/simulation/scenarios/5 status=204 duration_ms=17.17
[WebServer] 2026-10-04 20:47:34,575 INFO goatfarm [11c9f1005c344cd99c02b4e13522e331] request method=GET path=/api/simulation/scenarios/5 status=404 duration_ms=9.12
[WebServer] 2026-10-04 20:47:34,589 INFO goatfarm [c5608d282ba54b16b1511c3528925804] request method=GET path=/api/simulation/scenarios status=200 duration_ms=11.11
  ✓   65 [webkit] › e2e/api-contract-domain.spec.ts:748:3 › frontend proxy domain API contracts › herd snapshot and scenario GET/PATCH/compare/DELETE stay consistent (357ms)
[WebServer] 2026-10-04 20:47:35,016 INFO goatfarm [f6ac97d12d28422a8a4c79f67f150a11] request method=POST path=/api/auth/refresh status=401 duration_ms=0.67
[WebServer] 2026-10-04 20:47:35,329 INFO goatfarm [b9c41e23b2b340da814fb2ed05a122fc] request method=POST path=/api/auth/login status=200 duration_ms=171.57
[WebServer] 2026-10-04 20:47:35,348 INFO goatfarm [07952d57d6f14872b381fbd0d92ebc31] request method=GET path=/api/auth/farms status=200 duration_ms=14.75
[WebServer] 2026-10-04 20:47:35,363 INFO goatfarm [8384c206b55744acb7dad2372cbf8142] request method=GET path=/api/auth/permissions status=200 duration_ms=11.12
[WebServer] 2026-10-04 20:47:35,457 INFO goatfarm [0cabac23faff4b6a9a3815715a0dc52e] request method=GET path=/api/dashboard status=200 duration_ms=55.81
[WebServer] 2026-10-04 20:47:35,582 INFO goatfarm.audit [75b6c9ddf9c6413aac252b8f85936525] security_event event='auth.logout.completed' user_id=24 session_origin='PASSWORD' family_id='5b0d58e32f8b427a8edb140115fc6c87' revocation_scope='refresh_family_and_access_generation' — logout revoked authenticated session state
[WebServer] 2026-10-04 20:47:35,583 INFO goatfarm [75b6c9ddf9c6413aac252b8f85936525] request method=POST path=/api/auth/logout status=204 duration_ms=19.85
  ✓   66 [webkit] › e2e/auth.spec.ts:21:3 › auth › owner signs in, sees the full nav, and logout returns to /login (996ms)
[WebServer] 2026-10-04 20:47:35,966 INFO goatfarm [fffe15c89deb400a81c24adcf3dc7fb7] request method=POST path=/api/auth/refresh status=401 duration_ms=0.72
  ✓   67 [webkit] › e2e/auth.spec.ts:47:3 › auth › unauthenticated visit to an app page redirects to /login (431ms)
[WebServer] 2026-10-04 20:47:36,448 INFO goatfarm [4a49c2a98b5d4b3bb852f9af4bc4373c] request method=POST path=/api/auth/refresh status=401 duration_ms=0.70
[WebServer] 2026-10-04 20:47:36,606 INFO goatfarm [8b40a67017864b9394896232bdb59f81] request method=POST path=/api/auth/login status=401 duration_ms=50.18
  ✓   68 [webkit] › e2e/auth.spec.ts:52:3 › auth › wrong password shows an error and stays on /login (622ms)
[WebServer] 2026-10-04 20:47:37,037 INFO goatfarm [45670af38d7b4cac91427752ad0da954] request method=POST path=/api/auth/refresh status=401 duration_ms=0.63
[WebServer] 2026-10-04 20:47:37,360 INFO goatfarm [be99cebe04ad4d3585fb28c2344483c8] request method=POST path=/api/auth/login status=200 duration_ms=169.23
[WebServer] 2026-10-04 20:47:37,373 INFO goatfarm [ae8d860ba61b4987bdd67b679ef123c3] request method=GET path=/api/auth/farms status=200 duration_ms=9.29
[WebServer] 2026-10-04 20:47:37,387 INFO goatfarm [25b4f562d6714f20b37457a5a5855d78] request method=GET path=/api/auth/permissions status=200 duration_ms=9.79
[WebServer] 2026-10-04 20:47:37,478 INFO goatfarm [306088c054f345439b9151bddb504252] request method=GET path=/api/dashboard status=200 duration_ms=53.74
  ✓   69 [webkit] › e2e/auth.spec.ts:63:3 › auth › signIn helper lands on the dashboard (853ms)
[WebServer] 2026-10-04 20:47:37,907 INFO goatfarm [841b079fbd2d474d89cf082f5db68fa2] request method=POST path=/api/auth/refresh status=401 duration_ms=0.63
[WebServer] 2026-10-04 20:47:38,179 INFO goatfarm [41f98f325d4242dcbc5b815ad48bde85] request method=POST path=/api/auth/login status=200 duration_ms=166.58
[WebServer] 2026-10-04 20:47:38,193 INFO goatfarm [735d0ec95dd24fa4b8ba94fcd411f594] request method=GET path=/api/auth/farms status=200 duration_ms=9.64
[WebServer] 2026-10-04 20:47:38,205 INFO goatfarm [1e605c93075e485c9d355ecf38823b51] request method=GET path=/api/auth/permissions status=200 duration_ms=7.46
[WebServer] 2026-10-04 20:47:38,272 INFO goatfarm [523b464765a24aff87c5341bbbf56344] request method=GET path=/api/dashboard status=200 duration_ms=29.91
  ✓   70 [webkit] › e2e/auth.spec.ts:69:3 › auth › authenticated shell fits supported narrow widths and hands off navigation focus (1.1s)
[WebServer] 2026-10-04 20:47:38,962 INFO goatfarm [b57203d6347c40da8d707cd57d280812] request method=POST path=/api/auth/refresh status=401 duration_ms=0.63
[WebServer] 2026-10-04 20:47:39,238 INFO goatfarm [a02a8704cd30474592e56f8d3f87f921] request method=POST path=/api/auth/register status=201 duration_ms=166.16
[WebServer] 2026-10-04 20:47:39,253 INFO goatfarm [aca6621d42af4b5ebfa89910bffc7da4] request method=GET path=/api/auth/farms status=200 duration_ms=11.35
[WebServer] 2026-10-04 20:47:39,858 INFO goatfarm [aab9cffbff1b4fd0acc998f871aad2cf] request method=POST path=/api/auth/refresh status=200 duration_ms=119.93
[WebServer] 2026-10-04 20:47:39,873 INFO goatfarm [e85d21e51af8432797770d65121f06b2] request method=GET path=/api/auth/farms status=200 duration_ms=10.63
[WebServer] 2026-10-04 20:47:39,984 INFO goatfarm.audit [07af6e845c1f4a3e9d5856a846b03110] security_event event='auth.logout.completed' user_id=30 session_origin='PASSWORD' family_id='4958aff8b86548e9bdcac8bb4f0fe952' revocation_scope='refresh_family_and_access_generation' — logout revoked authenticated session state
[WebServer] 2026-10-04 20:47:39,985 INFO goatfarm [07af6e845c1f4a3e9d5856a846b03110] request method=POST path=/api/auth/logout status=204 duration_ms=22.35
  ✓   71 [webkit] › e2e/auth.spec.ts:105:3 › auth › sign-out propagates between farmless tabs without a farm storage key (1.4s)
[WebServer] 2026-10-04 20:47:40,395 INFO goatfarm [932b006bdaf94ebf8f6d49bff3b85e0e] request method=POST path=/api/auth/refresh status=401 duration_ms=0.60
[WebServer] 2026-10-04 20:47:40,692 INFO goatfarm [aea348e663594dc5af78c9a7933b7aaa] request method=POST path=/api/auth/login status=200 duration_ms=167.33
[WebServer] 2026-10-04 20:47:40,704 INFO goatfarm [a25b57ec86a04cd4b040938876eb0853] request method=GET path=/api/auth/farms status=200 duration_ms=8.06
[WebServer] 2026-10-04 20:47:40,715 INFO goatfarm [649eca2bf46a4c6399a4ada5415dddb9] request method=GET path=/api/auth/permissions status=200 duration_ms=7.21
[WebServer] 2026-10-04 20:47:40,779 INFO goatfarm [be0abe9662cb4914b913a23d0a53566c] request method=GET path=/api/dashboard status=200 duration_ms=28.24
[WebServer] 2026-10-04 20:47:40,980 INFO goatfarm [2cde01a306214fa6aba8903ae08bb112] request method=POST path=/api/auth/refresh status=200 duration_ms=114.53
[WebServer] 2026-10-04 20:47:40,990 INFO goatfarm [71d3b01053a84a17aef45a2919d5b819] request method=GET path=/api/auth/farms status=200 duration_ms=6.61
[WebServer] 2026-10-04 20:47:41,006 INFO goatfarm [2675f2fcc84f47cd88117674ba124868] request method=GET path=/api/auth/permissions status=200 duration_ms=6.32
[WebServer] 2026-10-04 20:47:41,042 INFO goatfarm [6f0b0476f6f540baafc0cd856ef388aa] request method=GET path=/api/animals status=200 duration_ms=16.98
[WebServer] 2026-10-04 20:47:41,688 INFO goatfarm [3ea6f2cfc33548429c681944a075822c] request method=POST path=/api/animals status=201 duration_ms=36.11
[WebServer] 2026-10-04 20:47:41,714 INFO goatfarm [a93b831d50064988915862f3ec53c63e] request method=GET path=/api/animals status=200 duration_ms=21.20
[WebServer] 2026-10-04 20:47:41,921 INFO goatfarm [6f3d49c273434c0eb11e3ff59e9e530f] request method=POST path=/api/auth/refresh status=200 duration_ms=120.29
[WebServer] 2026-10-04 20:47:41,934 INFO goatfarm [94ebf8d718514d958c477fa1dd3dcb2c] request method=GET path=/api/auth/farms status=200 duration_ms=9.71
[WebServer] 2026-10-04 20:47:41,954 INFO goatfarm [9b9ab439c71f40a4838d2843cea3b826] request method=GET path=/api/auth/permissions status=200 duration_ms=10.80
[WebServer] 2026-10-04 20:47:41,982 INFO goatfarm [2aecd7d2463e419eaa98cb26d25290a1] request method=GET path=/api/animals status=200 duration_ms=15.15
[WebServer] 2026-10-04 20:47:42,656 INFO goatfarm [e52c82b5162f43e7ae9a901de4b691f1] request method=POST path=/api/animals status=201 duration_ms=55.11
[WebServer] 2026-10-04 20:47:42,681 INFO goatfarm [4ad3c552d0224c8ba0a8a9ded46eaa7c] request method=GET path=/api/animals status=200 duration_ms=20.40
[WebServer] 2026-10-04 20:47:42,870 INFO goatfarm [000cddb717764f59a3a653b24ef4ee2b] request method=POST path=/api/auth/refresh status=200 duration_ms=116.89
[WebServer] 2026-10-04 20:47:42,881 INFO goatfarm [36e7c8eca0a6424c9c2a39b0c9aa87c3] request method=GET path=/api/auth/farms status=200 duration_ms=7.22
[WebServer] 2026-10-04 20:47:42,898 INFO goatfarm [0dd4283be9dd47bea1aec893dfaaf7f3] request method=GET path=/api/auth/permissions status=200 duration_ms=7.41
[WebServer] 2026-10-04 20:47:42,934 INFO goatfarm [7993370c1ebd4d28967a8ae649cba8f2] request method=GET path=/api/breeding status=200 duration_ms=14.49
[WebServer] 2026-10-04 20:47:43,171 INFO goatfarm [65073f39d56542888de0dfc40f6fe02a] request method=GET path=/api/breeding/candidates status=200 duration_ms=20.82
[WebServer] 2026-10-04 20:47:43,374 INFO goatfarm [17a57e3da33d4887b601009258d3e7f1] request method=GET path=/api/breeding/candidates status=200 duration_ms=16.16
[WebServer] 2026-10-04 20:47:43,664 INFO goatfarm [18086b703cbe4f6a9b803bd2e2d5a12d] request method=POST path=/api/breeding status=201 duration_ms=81.93
[WebServer] 2026-10-04 20:47:43,684 INFO goatfarm [38e008c72d34434e9b07552e35f4f220] request method=GET path=/api/breeding status=200 duration_ms=16.54
[WebServer] 2026-10-04 20:47:43,847 INFO goatfarm [7dc04333955848e3b53ae40a2a92dd1e] request method=POST path=/api/auth/refresh status=200 duration_ms=110.60
[WebServer] 2026-10-04 20:47:43,858 INFO goatfarm [96b3afb37386408c800816352e3cce49] request method=GET path=/api/auth/farms status=200 duration_ms=7.61
[WebServer] 2026-10-04 20:47:43,873 INFO goatfarm [f059bf9192544378a0b489e63a798df6] request method=GET path=/api/auth/permissions status=200 duration_ms=6.87
[WebServer] 2026-10-04 20:47:43,902 INFO goatfarm [37ab9e78c5e14664b3080a9f889fff9e] request method=GET path=/api/breeding status=200 duration_ms=18.67
[WebServer] 2026-10-04 20:47:44,230 INFO goatfarm [d1f4e7dd32594525b0944091a24019f3] request method=POST path=/api/breeding/9/ultrasound status=200 duration_ms=50.81
[WebServer] 2026-10-04 20:47:44,251 INFO goatfarm [1bc6061d8fd0427cbf46ae92c6d004f2] request method=GET path=/api/breeding status=200 duration_ms=16.29
[WebServer] 2026-10-04 20:47:44,429 INFO goatfarm [49857b5f68ea40e4bc775a42904b0497] request method=POST path=/api/auth/refresh status=200 duration_ms=108.92
[WebServer] 2026-10-04 20:47:44,438 INFO goatfarm [425aa0cf8efe447db292b63c13ab3179] request method=GET path=/api/auth/farms status=200 duration_ms=6.67
[WebServer] 2026-10-04 20:47:44,454 INFO goatfarm [7f08dd66c80f4fddb99a8e82c9f80c8e] request method=GET path=/api/auth/permissions status=200 duration_ms=7.41
[WebServer] 2026-10-04 20:47:44,483 INFO goatfarm [a38ca2397765441193db1b9170ce6b4c] request method=GET path=/api/animals status=200 duration_ms=15.98
[WebServer] 2026-10-04 20:47:44,840 INFO goatfarm [6f4dc80c78124fa2af17d164752cdc70] request method=GET path=/api/animals status=200 duration_ms=14.06
[WebServer] 2026-10-04 20:47:45,406 INFO goatfarm [d261b39365a3480aaffa0867ede4e226] request method=GET path=/api/animals/41 status=200 duration_ms=19.85
[WebServer] 2026-10-04 20:47:45,428 INFO goatfarm [7c0dc92ce4fb4ade8a68de31f45f9286] request method=GET path=/api/health/restrictions/41 status=200 duration_ms=11.46
[WebServer] 2026-10-04 20:47:45,430 INFO goatfarm [f9b296d9318c447091399b17c2fde9d3] request method=GET path=/api/finance/animals/41/lifetime-pnl status=200 duration_ms=14.35
  ✓   72 [webkit] › e2e/breeding-flow.spec.ts:16:3 › breeding flow › doe is bred, confirmed pregnant via ultrasound, moves to PREGNANCY_EARLY (5.4s)
[WebServer] 2026-10-04 20:47:45,906 INFO goatfarm [1c131d2de183441b936a4c28136b4534] request method=POST path=/api/auth/register status=201 duration_ms=146.50
[WebServer] 2026-10-04 20:47:45,934 INFO goatfarm [c403b7d878dd49b99e0835edc6c1fcef] request method=POST path=/api/auth/farms status=201 duration_ms=25.66
[WebServer] 2026-10-04 20:47:45,947 INFO goatfarm [5a121102c1a0463594e992eab72ce704] request method=GET path=/api/team status=200 duration_ms=9.49
[WebServer] 2026-10-04 20:47:46,026 INFO goatfarm.audit [5b45e322452849ec9978a7dc873af51f] security_event event='team.worker.create' farm_id=15 actor_id=31 membership_id=14 user_id=32 role_id=138 — provisioned worker account with must-change credential
[WebServer] 2026-10-04 20:47:46,026 INFO goatfarm [5b45e322452849ec9978a7dc873af51f] request method=POST path=/api/team/workers status=201 duration_ms=76.08
[WebServer] 2026-10-04 20:47:46,179 INFO goatfarm [71a0188db7204037b633f46d5c34f6f0] request method=POST path=/api/auth/login status=200 duration_ms=149.56
[WebServer] 2026-10-04 20:47:46,366 INFO goatfarm.audit [9d624b6287f8476fa4ce2ad9886a152f] security_event event='auth.password.changed' user_id=32 — Password changed (all sessions revoked)
[WebServer] 2026-10-04 20:47:46,366 INFO goatfarm [9d624b6287f8476fa4ce2ad9886a152f] request method=POST path=/api/auth/change-password status=200 duration_ms=184.89
[WebServer] 2026-10-04 20:47:46,386 WARNING goatfarm.audit [72f2e46d33f745178da645e5d4604f74] security_signal_started event='rbac.denied' aggregation='process-memory' — authenticated requests missing a required permission
[WebServer] 2026-10-04 20:47:46,386 INFO goatfarm [72f2e46d33f745178da645e5d4604f74] request method=GET path=/api/finance status=403 duration_ms=15.82
  ✓   73 [webkit] › e2e/cross-tenant.spec.ts:94:3 › cross-tenant and horizontal authorization negatives › a provisioned worker without finance.view is refused 403 on the finance API (935ms)
[WebServer] 2026-10-04 20:47:46,533 INFO goatfarm [1a42a76d861a4dd991b5a03ca40e3f47] request method=POST path=/api/auth/register status=201 duration_ms=139.50
[WebServer] 2026-10-04 20:47:46,563 INFO goatfarm [3d99a45eb7c9486ab54e063a857b8f7d] request method=POST path=/api/auth/farms status=201 duration_ms=27.10
[WebServer] 2026-10-04 20:47:46,706 INFO goatfarm [7745d61045914c57b7419e19bc4ad720] request method=POST path=/api/auth/register status=201 duration_ms=139.31
[WebServer] 2026-10-04 20:47:46,729 INFO goatfarm [e47a24b4de0c4b3bb9598d3c8b5d6bae] request method=POST path=/api/auth/farms status=201 duration_ms=20.70
[WebServer] 2026-10-04 20:47:46,754 INFO goatfarm [07cc153595e341e78d87051a7af9bba1] request method=POST path=/api/animals status=201 duration_ms=21.06
[WebServer] 2026-10-04 20:47:46,773 INFO goatfarm [400552607755497f873af2dfefa6c85a] request method=GET path=/api/animals/43 status=200 duration_ms=16.51
[WebServer] 2026-10-04 20:47:46,783 INFO goatfarm [a07c791b60c248e8b3b5a24356789b7b] request method=GET path=/api/animals/43 status=404 duration_ms=7.37
[WebServer] 2026-10-04 20:47:46,794 INFO goatfarm [472b8435614e496db62335f3816b3de0] request method=GET path=/api/animals/43 status=404 duration_ms=7.81
  ✓   74 [webkit] › e2e/cross-tenant.spec.ts:157:3 › cross-tenant and horizontal authorization negatives › another farm's owner cannot read this farm's animal: uniform 404s (405ms)
[WebServer] 2026-10-04 20:47:46,802 INFO goatfarm [73c318d4150c4bf09b70d7fb50e399cd] request method=GET path=/api/animals status=401 duration_ms=0.67
  ✓   75 [webkit] › e2e/cross-tenant.spec.ts:202:3 › cross-tenant and horizontal authorization negatives › logged-out API access is refused 401 (5ms)
[WebServer] 2026-10-04 20:47:47,204 INFO goatfarm [1afd2e5efb884c6db91bbb761c6305e2] request method=POST path=/api/auth/refresh status=401 duration_ms=0.63
[WebServer] 2026-10-04 20:47:47,474 INFO goatfarm [fdebae78120d419c80a9ee208c20857d] request method=POST path=/api/auth/login status=200 duration_ms=166.32
[WebServer] 2026-10-04 20:47:47,488 INFO goatfarm [a95b2d6e16da4b6f99f2337c57298ddf] request method=GET path=/api/auth/farms status=200 duration_ms=9.51
[WebServer] 2026-10-04 20:47:47,501 INFO goatfarm [d28c6e7c043b489881249ccf2f4fba70] request method=GET path=/api/auth/permissions status=200 duration_ms=8.53
[WebServer] 2026-10-04 20:47:47,590 INFO goatfarm [6d64657f1430435c9cf8c83ebf0cce96] request method=GET path=/api/dashboard status=200 duration_ms=49.36
[WebServer] 2026-10-04 20:47:47,772 INFO goatfarm [897eef3a098d4e7ba2ea10c4356b0687] request method=POST path=/api/auth/refresh status=200 duration_ms=109.05
[WebServer] 2026-10-04 20:47:47,782 INFO goatfarm [64e7b0543cde404195919ea36e0f907a] request method=GET path=/api/auth/farms status=200 duration_ms=7.12
[WebServer] 2026-10-04 20:47:47,799 INFO goatfarm [c6c83a8f043748439313f328e7faa22d] request method=GET path=/api/auth/permissions status=200 duration_ms=6.87
[WebServer] 2026-10-04 20:47:47,830 INFO goatfarm [cfd7fc34991442c8b0f3d8d649eb6b48] request method=GET path=/api/animals status=200 duration_ms=14.01
[WebServer] 2026-10-04 20:47:48,233 INFO goatfarm [380f2326e674447794cd73320ada595c] request method=POST path=/api/animals status=201 duration_ms=24.43
[WebServer] 2026-10-04 20:47:48,253 INFO goatfarm [13004bafd2d8443ea654c0137df687d0] request method=GET path=/api/animals status=200 duration_ms=15.78
[WebServer] 2026-10-04 20:47:52,717 INFO goatfarm [50dfe5b41fc94e45b62d3c177770ffe3] request method=POST path=/api/auth/farms status=201 duration_ms=21.76
[WebServer] 2026-10-04 20:47:52,728 INFO goatfarm [f4b64d129fb443798a412b4f5350600d] request method=GET path=/api/auth/farms status=200 duration_ms=7.94
[WebServer] 2026-10-04 20:47:52,738 INFO goatfarm [bb9a492afb8c46639ccea3df7bf2907f] request method=GET path=/api/auth/permissions status=200 duration_ms=6.72
[WebServer] 2026-10-04 20:47:52,768 INFO goatfarm [5691c4ca3606407188f6553d36bffec6] request method=GET path=/api/animals status=200 duration_ms=9.58
[WebServer] 2026-10-04 20:47:52,933 INFO goatfarm [b1402bbd2b354d22b00847f24617a13d] request method=GET path=/api/auth/permissions status=200 duration_ms=7.00
[WebServer] 2026-10-04 20:47:52,970 INFO goatfarm [472e3af6ca0a40f7a0e40dda6463b0e9] request method=GET path=/api/animals status=200 duration_ms=16.80
[WebServer] 2026-10-04 20:47:53,303 INFO goatfarm [0627c58535e248dbbedd53d282141f12] request method=GET path=/api/animals status=200 duration_ms=13.23
  ✓   76 [webkit] › e2e/farm-switch.spec.ts:22:3 › farm switching › switching farms renders none of the previous farm's cached data (7.0s)
[WebServer] 2026-10-04 20:47:54,187 INFO goatfarm [fa2e4c6988064df8b4ee111f15361b5a] request method=POST path=/api/auth/refresh status=401 duration_ms=0.53
[WebServer] 2026-10-04 20:47:54,487 INFO goatfarm [c50a4fa8d97b4106afcb13d7bf3fea07] request method=POST path=/api/auth/login status=200 duration_ms=167.86
[WebServer] 2026-10-04 20:47:54,500 INFO goatfarm [6f42b647ef9849d98325696cc845caa5] request method=GET path=/api/auth/farms status=200 duration_ms=8.88
[WebServer] 2026-10-04 20:47:54,512 INFO goatfarm [2bf6fca616924dab90253af6f22a68e4] request method=GET path=/api/auth/permissions status=200 duration_ms=7.25
[WebServer] 2026-10-04 20:47:54,593 INFO goatfarm [7d444381a7bb4cad9c204e62c24891cb] request method=GET path=/api/dashboard status=200 duration_ms=41.44
[WebServer] 2026-10-04 20:47:54,770 INFO goatfarm [c930610760d7448dafff26a30e7eb302] request method=POST path=/api/auth/refresh status=200 duration_ms=109.40
[WebServer] 2026-10-04 20:47:54,780 INFO goatfarm [d55d3691fbd74e0ba94df8a537f83613] request method=GET path=/api/auth/farms status=200 duration_ms=6.24
[WebServer] 2026-10-04 20:47:54,796 INFO goatfarm [aac9f21496594c53af0a85c61e2f5c9c] request method=GET path=/api/auth/permissions status=200 duration_ms=5.95
[WebServer] 2026-10-04 20:47:54,827 INFO goatfarm [2d90348117e14375ad398398749c3d45] request method=GET path=/api/animals status=200 duration_ms=13.14
[WebServer] 2026-10-04 20:47:55,348 INFO goatfarm [b0eb5f1f574e4a639e023f46cc3fb434] request method=POST path=/api/animals status=201 duration_ms=26.82
[WebServer] 2026-10-04 20:47:55,368 INFO goatfarm [5dace8a673424ceca04c33c9e56411ae] request method=GET path=/api/animals status=200 duration_ms=16.16
[WebServer] 2026-10-04 20:47:55,543 INFO goatfarm [a03d0c660c54478ebb5d0aab71f77cf9] request method=POST path=/api/auth/refresh status=200 duration_ms=107.39
[WebServer] 2026-10-04 20:47:55,554 INFO goatfarm [e4d21bbbf21146f1ac2da935b5f2c8cd] request method=GET path=/api/auth/farms status=200 duration_ms=7.67
[WebServer] 2026-10-04 20:47:55,569 INFO goatfarm [4df3db55f4b142f9a240d9e06edf0f22] request method=GET path=/api/auth/permissions status=200 duration_ms=6.78
[WebServer] 2026-10-04 20:47:55,588 INFO goatfarm [c457c77585054687bd5ef53a5e9d900d] request method=GET path=/api/feeding/inventory status=200 duration_ms=9.35
[WebServer] 2026-10-04 20:47:55,589 INFO goatfarm [efc70b7f73954d1e90b4eafc66c5e0bb] request method=GET path=/api/feeding/finished-stock status=200 duration_ms=9.37
[WebServer] 2026-10-04 20:47:55,859 INFO goatfarm [945c7fb11008458fbb91a8e6b67b6df2] request method=POST path=/api/feeding/inventory/102/add status=200 duration_ms=20.29
[WebServer] 2026-10-04 20:47:55,871 INFO goatfarm [cdded12168674d6785ddc694f7ba1e77] request method=GET path=/api/feeding/inventory status=200 duration_ms=8.15
[WebServer] 2026-10-04 20:47:55,872 INFO goatfarm [bafe23370ddf4cb8871b1563fde05ef5] request method=GET path=/api/feeding/finished-stock status=200 duration_ms=8.06
[WebServer] 2026-10-04 20:47:56,029 INFO goatfarm [31ddff23ac0d48feb3eb60cc79613bf9] request method=POST path=/api/auth/refresh status=200 duration_ms=113.73
[WebServer] 2026-10-04 20:47:56,040 INFO goatfarm [f70209ca53744dff850ceefd5fd5365f] request method=GET path=/api/auth/farms status=200 duration_ms=7.47
[WebServer] 2026-10-04 20:47:56,053 INFO goatfarm [9a861ad9cfa74df1a51c2b29633a17a4] request method=GET path=/api/auth/permissions status=200 duration_ms=5.54
[WebServer] 2026-10-04 20:47:56,077 INFO goatfarm [de218ca359944ff4acf675c59d29088e] request method=GET path=/api/feeding/records status=200 duration_ms=13.35
[WebServer] 2026-10-04 20:47:56,082 INFO goatfarm [875290546e0749c49aeb13cbd5a6f6a5] request method=GET path=/api/feeding/recipes status=200 duration_ms=17.26
[WebServer] 2026-10-04 20:47:56,084 INFO goatfarm [2dd59d81c6ce4a93abee4bef1380db64] request method=GET path=/api/feeding/plan status=200 duration_ms=21.54
[WebServer] 2026-10-04 20:47:56,686 INFO goatfarm [3cdd43a70f2f49ca81472b667c507064] request method=POST path=/api/feeding/dispense status=201 duration_ms=22.46
[WebServer] 2026-10-04 20:47:56,704 INFO goatfarm [6ca8c03222384b3686b307605380d3cd] request method=GET path=/api/feeding/records status=200 duration_ms=14.17
[WebServer] 2026-10-04 20:47:56,710 INFO goatfarm [c99c0860965f4799b78ed88938565388] request method=GET path=/api/feeding/recipes status=200 duration_ms=19.26
[WebServer] 2026-10-04 20:47:56,724 INFO goatfarm [4a3264172b904b24886af587bc81acb4] request method=GET path=/api/feeding/plan status=200 duration_ms=35.13
  ✓   77 [webkit] › e2e/feeding-finance.spec.ts:6:3 › feeding and finance › feeding plan shows the 40/20/40 shift split and records a dispense (2.9s)
[WebServer] 2026-10-04 20:47:57,097 INFO goatfarm [b142860d04c6411aa2f2c08cbb1b1c70] request method=POST path=/api/auth/refresh status=401 duration_ms=0.56
[WebServer] 2026-10-04 20:47:57,405 INFO goatfarm [95ad828cf9a64f61b04784580b94bbc4] request method=POST path=/api/auth/login status=200 duration_ms=163.98
[WebServer] 2026-10-04 20:47:57,419 INFO goatfarm [66d27814cb934b70bb0c6ea22b84cc16] request method=GET path=/api/auth/farms status=200 duration_ms=10.20
[WebServer] 2026-10-04 20:47:57,434 INFO goatfarm [1dcfa8de4a56419d847709e0d6f25625] request method=GET path=/api/auth/permissions status=200 duration_ms=10.45
[WebServer] 2026-10-04 20:47:57,507 INFO goatfarm [4bb069650b1943b3b6e22f60351f9cae] request method=GET path=/api/dashboard status=200 duration_ms=34.23
[WebServer] 2026-10-04 20:47:57,693 INFO goatfarm [cec0d4b3adac46aeb25946c0a50eae2d] request method=POST path=/api/auth/refresh status=200 duration_ms=110.56
[WebServer] 2026-10-04 20:47:57,704 INFO goatfarm [feac73adfd6a41a39a0f16e074636371] request method=GET path=/api/auth/farms status=200 duration_ms=7.47
[WebServer] 2026-10-04 20:47:57,721 INFO goatfarm [04bd551e597e41d0ad8c35a6972b5a79] request method=GET path=/api/auth/permissions status=200 duration_ms=7.39
[WebServer] 2026-10-04 20:47:57,754 INFO goatfarm [42a750bf6fd64a8ca2caf9e3c5629615] request method=GET path=/api/finance status=200 duration_ms=19.94
[WebServer] 2026-10-04 20:47:58,153 INFO goatfarm [d578cbc1032f4053a527ba7e6d8812fd] request method=POST path=/api/finance/new status=201 duration_ms=16.93
[WebServer] 2026-10-04 20:47:58,180 INFO goatfarm [4979b7a00cf040a086e24d263492c441] request method=GET path=/api/finance status=200 duration_ms=23.10
  ✓   78 [webkit] › e2e/feeding-finance.spec.ts:77:3 › feeding and finance › adding an expense transaction lists it in the ledger (1.5s)
[WebServer] 2026-10-04 20:47:58,581 INFO goatfarm [b660144f51944af4824d676fd50bf6d5] request method=POST path=/api/auth/refresh status=401 duration_ms=0.71
[WebServer] 2026-10-04 20:47:58,878 INFO goatfarm [fcd9111f2759406abffbad055e58958b] request method=POST path=/api/auth/login status=200 duration_ms=163.50
[WebServer] 2026-10-04 20:47:58,890 INFO goatfarm [76e20ef48f5c4f1bbfefd699d982822c] request method=GET path=/api/auth/farms status=200 duration_ms=9.07
[WebServer] 2026-10-04 20:47:58,902 INFO goatfarm [2028d652eadd4963b4fa1a6dbf63733a] request method=GET path=/api/auth/permissions status=200 duration_ms=7.58
[WebServer] 2026-10-04 20:47:58,986 INFO goatfarm [c1046fdf27804246ba3f27d1a2f5acbb] request method=GET path=/api/dashboard status=200 duration_ms=45.06
[WebServer] 2026-10-04 20:47:59,165 INFO goatfarm [0a99d9b43b8846d0bffca95766d1b341] request method=POST path=/api/auth/refresh status=200 duration_ms=111.46
[WebServer] 2026-10-04 20:47:59,176 INFO goatfarm [aa2d4abeec8f486b8e646bcba933d48f] request method=GET path=/api/auth/farms status=200 duration_ms=8.06
[WebServer] 2026-10-04 20:47:59,193 INFO goatfarm [7ec4278799b240af957b3bd66bcba92e] request method=GET path=/api/auth/permissions status=200 duration_ms=6.71
[WebServer] 2026-10-04 20:47:59,227 INFO goatfarm [31d6c25337074e2bb93d6b31785e7691] request method=GET path=/api/animals status=200 duration_ms=16.55
[WebServer] 2026-10-04 20:47:59,885 INFO goatfarm [e7c6c12038f2407bbe02eff81b18d3f8] request method=POST path=/api/animals status=201 duration_ms=32.03
[WebServer] 2026-10-04 20:47:59,905 INFO goatfarm [a98c6e85562341a8832fdf7020a8d9bd] request method=GET path=/api/animals status=200 duration_ms=15.21
[WebServer] 2026-10-04 20:48:00,101 INFO goatfarm [f9ce02cd44cc40389309b754fe442c78] request method=POST path=/api/auth/refresh status=200 duration_ms=112.60
[WebServer] 2026-10-04 20:48:00,111 INFO goatfarm [1bae235475a64ffaa1c3ba1e48bbb28c] request method=GET path=/api/auth/farms status=200 duration_ms=6.70
[WebServer] 2026-10-04 20:48:00,127 INFO goatfarm [20dcf37a86934c6c87d8b7b2b7181d76] request method=GET path=/api/auth/permissions status=200 duration_ms=7.30
[WebServer] 2026-10-04 20:48:00,164 INFO goatfarm [de5c3b106fa54987893b6056f30c44d6] request method=GET path=/api/dashboard/reports status=200 duration_ms=27.36
  ✓   79 [webkit] › e2e/feeding-finance.spec.ts:113:3 › feeding and finance › reports page renders herd summary, breeding performance and mortality (2.0s)
[WebServer] 2026-10-04 20:48:00,571 INFO goatfarm [b11355f439844e58ba46712915a1c96a] request method=POST path=/api/auth/refresh status=401 duration_ms=0.70
[WebServer] 2026-10-04 20:48:00,872 INFO goatfarm [4c32f42ae2814921a7f329e32e863e2d] request method=POST path=/api/auth/login status=200 duration_ms=160.11
[WebServer] 2026-10-04 20:48:00,884 INFO goatfarm [8ead3f90752346728c5c6cd0f119f8fe] request method=GET path=/api/auth/farms status=200 duration_ms=7.81
[WebServer] 2026-10-04 20:48:00,896 INFO goatfarm [1efe903613ae4672905e917c81f41769] request method=GET path=/api/auth/permissions status=200 duration_ms=7.12
[WebServer] 2026-10-04 20:48:00,967 INFO goatfarm [960d59e16578417b998f6165439f3fa0] request method=GET path=/api/dashboard status=200 duration_ms=34.02
[WebServer] 2026-10-04 20:48:01,162 INFO goatfarm [166182de1d2b4655aba8c80e905cc0a1] request method=POST path=/api/auth/refresh status=200 duration_ms=112.95
[WebServer] 2026-10-04 20:48:01,173 INFO goatfarm [75f2414538f341cca123e2cf9a644f6a] request method=GET path=/api/auth/farms status=200 duration_ms=7.13
[WebServer] 2026-10-04 20:48:01,190 INFO goatfarm [aaa786b5edc348f0a6c8b5bcff151b0a] request method=GET path=/api/auth/permissions status=200 duration_ms=7.27
[WebServer] 2026-10-04 20:48:01,224 INFO goatfarm [3fc1e6213a8b4bfc9fca22f7bf82737f] request method=GET path=/api/animals status=200 duration_ms=16.59
[WebServer] 2026-10-04 20:48:01,626 INFO goatfarm [15324c1c6bb84ef9a4f4017b02deffff] request method=POST path=/api/animals status=201 duration_ms=28.89
[WebServer] 2026-10-04 20:48:01,648 INFO goatfarm [caa4afdbe9944cf5b441d1a679aa78bd] request method=GET path=/api/animals status=200 duration_ms=15.83
[WebServer] 2026-10-04 20:48:01,851 INFO goatfarm [b07966afe2844eb8b7f451f0919b6846] request method=POST path=/api/auth/refresh status=200 duration_ms=113.98
[WebServer] 2026-10-04 20:48:01,860 INFO goatfarm [5b6a9cd3e3ee40709f222b995959cfbd] request method=GET path=/api/auth/farms status=200 duration_ms=6.60
[WebServer] 2026-10-04 20:48:01,877 INFO goatfarm [020dc282c6a64f9e8f80e8755f10c958] request method=GET path=/api/auth/permissions status=200 duration_ms=8.15
[WebServer] 2026-10-04 20:48:01,909 INFO goatfarm [834dddefdcef4ebfaed90c1b7883dfa9] request method=GET path=/api/health/schedule-templates status=200 duration_ms=17.55
[WebServer] 2026-10-04 20:48:01,910 INFO goatfarm [3f5de495793a4452b920d3b3405d6796] request method=GET path=/api/health/events status=200 duration_ms=20.32
[WebServer] 2026-10-04 20:48:01,996 INFO goatfarm [0fa0ce7c5bbd4782bf188bef7adea6c6] request method=GET path=/api/tasks status=200 duration_ms=17.04
[WebServer] 2026-10-04 20:48:02,170 INFO goatfarm [15e4fbabe5604fb6b3bb078821b0918a] request method=GET path=/api/health/animals status=200 duration_ms=16.55
[WebServer] 2026-10-04 20:48:02,575 INFO goatfarm [c018672148dc4072add8ea131b589aba] request method=POST path=/api/health/events status=201 duration_ms=35.86
[WebServer] 2026-10-04 20:48:02,593 INFO goatfarm [9670dedb4dce438493157d12fc5a1235] request method=GET path=/api/health/schedule-templates status=200 duration_ms=10.57
[WebServer] 2026-10-04 20:48:02,597 INFO goatfarm [e47c9f85f34348d781a83bc73cb6b0d9] request method=GET path=/api/health/events status=200 duration_ms=16.98
[WebServer] 2026-10-04 20:48:02,599 INFO goatfarm [97695fd87bab477da0b6fde6389c8ea0] request method=GET path=/api/tasks status=200 duration_ms=18.33
[WebServer] 2026-10-04 20:48:02,797 INFO goatfarm [9a95cb4a0994438c806bfa87db8455ac] request method=POST path=/api/auth/refresh status=200 duration_ms=109.85
[WebServer] 2026-10-04 20:48:02,806 INFO goatfarm [318c711eea4748f18a6cf92ce27b1f2f] request method=GET path=/api/auth/farms status=200 duration_ms=5.34
[WebServer] 2026-10-04 20:48:02,821 INFO goatfarm [d916a6a682f144f3a87e2cfee24936b8] request method=GET path=/api/auth/permissions status=200 duration_ms=6.13
[WebServer] 2026-10-04 20:48:02,863 INFO goatfarm [65dc98cfc2444aa69bfd545f59ba1033] request method=GET path=/api/animals status=200 duration_ms=14.81
[WebServer] 2026-10-04 20:48:03,235 INFO goatfarm [4ca37eeafdab4cb487de41fc6e9998ed] request method=GET path=/api/animals status=200 duration_ms=36.82
[WebServer] 2026-10-04 20:48:03,754 INFO goatfarm [1244bc39dfad4ce58ffa210a4dc6eab5] request method=GET path=/api/animals/47 status=200 duration_ms=21.06
[WebServer] 2026-10-04 20:48:03,777 INFO goatfarm [41cf975f4e3e43f6ba266c37865bf8d0] request method=GET path=/api/health/restrictions/47 status=200 duration_ms=11.81
[WebServer] 2026-10-04 20:48:03,793 INFO goatfarm [a5455fc6e9134ecc9da54b82b4df7929] request method=GET path=/api/finance/animals/47/lifetime-pnl status=200 duration_ms=28.59
[WebServer] 2026-10-04 20:48:03,942 INFO goatfarm [e28f8add6abc42b5a552ce56136a0d17] request method=POST path=/api/auth/refresh status=200 duration_ms=109.82
[WebServer] 2026-10-04 20:48:03,953 INFO goatfarm [7f557a4b158349f8afce8c84a662b88f] request method=GET path=/api/auth/farms status=200 duration_ms=8.31
[WebServer] 2026-10-04 20:48:03,967 INFO goatfarm [d6d8bcdd30ec4cb182505a8bce610e9c] request method=GET path=/api/auth/permissions status=200 duration_ms=5.77
[WebServer] 2026-10-04 20:48:03,986 INFO goatfarm [685d84be15ab4467b6de38b497c13fac] request method=GET path=/api/health/schedule-templates status=200 duration_ms=7.71
[WebServer] 2026-10-04 20:48:03,994 INFO goatfarm [8975da5a688d48778b4b9e1ca2823ca4] request method=GET path=/api/health/events status=200 duration_ms=16.76
[WebServer] 2026-10-04 20:48:04,083 INFO goatfarm [bd1a404532274c4e84b13ec012a6febc] request method=GET path=/api/health/animals status=200 duration_ms=14.65
[WebServer] 2026-10-04 20:48:04,354 INFO goatfarm [ee0cda62dfa24371a236efbfd44b9f67] request method=GET path=/api/health/schedule/47 status=200 duration_ms=34.92
  ✓   80 [webkit] › e2e/health-flow.spec.ts:14:3 › health flow › record a vaccine event — event log, profile health card, schedule badge (4.2s)
[WebServer] 2026-10-04 20:48:04,786 INFO goatfarm [978939bfe0cd4193bade8d02eb9ec63f] request method=POST path=/api/auth/refresh status=401 duration_ms=0.73
[WebServer] 2026-10-04 20:48:05,096 INFO goatfarm [a0750099b6b14a5eae5716cb596f6e54] request method=POST path=/api/auth/login status=200 duration_ms=168.38
[WebServer] 2026-10-04 20:48:05,110 INFO goatfarm [b4f1662f26f0428f8498942a7d100f16] request method=GET path=/api/auth/farms status=200 duration_ms=9.63
[WebServer] 2026-10-04 20:48:05,121 INFO goatfarm [52e581f9997648c38946462fcbf3aae0] request method=GET path=/api/auth/permissions status=200 duration_ms=6.94
[WebServer] 2026-10-04 20:48:05,204 INFO goatfarm [926eaf72fa3746f6b72e1039082791d0] request method=GET path=/api/dashboard status=200 duration_ms=39.40
[WebServer] 2026-10-04 20:48:05,412 INFO goatfarm [68eba383996a49c380e478998ba43f49] request method=POST path=/api/auth/refresh status=200 duration_ms=119.30
[WebServer] 2026-10-04 20:48:05,422 INFO goatfarm [abd79b83d65c40ca9ce6c32baca30ae9] request method=GET path=/api/auth/farms status=200 duration_ms=6.72
[WebServer] 2026-10-04 20:48:05,442 INFO goatfarm [6a207441d85545a491bc8af9f5261fae] request method=GET path=/api/auth/permissions status=200 duration_ms=9.84
[WebServer] 2026-10-04 20:48:05,479 INFO goatfarm [d855e8dbc1944ec795662cc358ac261a] request method=GET path=/api/animals status=200 duration_ms=18.47
[WebServer] 2026-10-04 20:48:06,189 INFO goatfarm [ae8dadb9800545aa8f4b48e38dfecab4] request method=POST path=/api/animals status=201 duration_ms=34.87
[WebServer] 2026-10-04 20:48:06,207 INFO goatfarm [9e849273e5be4e339f76c8fb71420d3f] request method=GET path=/api/animals status=200 duration_ms=13.20
[WebServer] 2026-10-04 20:48:06,413 INFO goatfarm [e05f1ec63ea24eb3b6bbd9386dccdb9d] request method=POST path=/api/auth/refresh status=200 duration_ms=114.86
[WebServer] 2026-10-04 20:48:06,423 INFO goatfarm [844370aede134b4f9b9bc10ff45aaba0] request method=GET path=/api/auth/farms status=200 duration_ms=7.01
[WebServer] 2026-10-04 20:48:06,447 INFO goatfarm [e799557785294678bfed77bb9034a5ee] request method=GET path=/api/auth/permissions status=200 duration_ms=14.68
[WebServer] 2026-10-04 20:48:06,487 INFO goatfarm [02705b6d3b584190817e9a6acd0956f3] request method=GET path=/api/animals status=200 duration_ms=25.44
[WebServer] 2026-10-04 20:48:07,126 INFO goatfarm [19d949d77112432ca3691ae0b6a97aea] request method=POST path=/api/animals status=201 duration_ms=25.07
[WebServer] 2026-10-04 20:48:07,143 INFO goatfarm [2b7e4475801d4749899794a18bda665e] request method=GET path=/api/animals status=200 duration_ms=14.01
[WebServer] 2026-10-04 20:48:07,332 INFO goatfarm [99bc00fb68bc43678b6e6b77a1363f57] request method=POST path=/api/auth/refresh status=200 duration_ms=115.54
[WebServer] 2026-10-04 20:48:07,342 INFO goatfarm [0b0a6e9f6c964587a8ebc1dcad9e240c] request method=GET path=/api/auth/farms status=200 duration_ms=7.36
[WebServer] 2026-10-04 20:48:07,359 INFO goatfarm [423fb35d8d7d48188bf92db826e4319e] request method=GET path=/api/auth/permissions status=200 duration_ms=6.57
[WebServer] 2026-10-04 20:48:07,402 INFO goatfarm [a649596decd24866a20a98fd2384ab25] request method=GET path=/api/breeding status=200 duration_ms=19.02
[WebServer] 2026-10-04 20:48:07,620 INFO goatfarm [88981bce907040278f09e726890f4cbe] request method=GET path=/api/breeding/candidates status=200 duration_ms=16.83
[WebServer] 2026-10-04 20:48:07,866 INFO goatfarm [501fec26b341422494a9bc1fcc2aa08c] request method=GET path=/api/breeding/candidates status=200 duration_ms=41.32
[WebServer] 2026-10-04 20:48:08,142 INFO goatfarm [17223c5020f3469d846cdeeb332b52b2] request method=POST path=/api/breeding status=201 duration_ms=86.03
[WebServer] 2026-10-04 20:48:08,165 INFO goatfarm [f09ecaf7f6074ea98eb7a1533b99f309] request method=GET path=/api/breeding status=200 duration_ms=18.68
[WebServer] 2026-10-04 20:48:08,417 INFO goatfarm [7a3593fe6a924bbd87dab83ba8dd1bb7] request method=POST path=/api/auth/refresh status=200 duration_ms=116.88
[WebServer] 2026-10-04 20:48:08,427 INFO goatfarm [01afd18620b54b129f307a046cc59e7f] request method=GET path=/api/auth/farms status=200 duration_ms=6.60
[WebServer] 2026-10-04 20:48:08,446 INFO goatfarm [0667a1ae542a41fbbb8c00ca43d9a030] request method=GET path=/api/auth/permissions status=200 duration_ms=10.31
[WebServer] 2026-10-04 20:48:08,478 INFO goatfarm [a0e424785dfd4023b274f12fd9935d42] request method=GET path=/api/breeding status=200 duration_ms=21.70
[WebServer] 2026-10-04 20:48:08,820 INFO goatfarm [1afb39a2d6f24a478e9d090741d0791e] request method=POST path=/api/breeding/10/ultrasound status=200 duration_ms=51.14
[WebServer] 2026-10-04 20:48:08,863 INFO goatfarm [497fc11e440343e29c2835ddf80b5ff2] request method=GET path=/api/breeding status=200 duration_ms=39.64
[WebServer] 2026-10-04 20:48:09,018 INFO goatfarm [3c0b52675bbd41f8b037af2da8c60f59] request method=POST path=/api/auth/refresh status=200 duration_ms=113.25
[WebServer] 2026-10-04 20:48:09,027 INFO goatfarm [b0877c71de184ca8a4aaf32a93853230] request method=GET path=/api/auth/farms status=200 duration_ms=6.59
[WebServer] 2026-10-04 20:48:09,043 INFO goatfarm [368cd11f4a854fabb0b5c925e9756e50] request method=GET path=/api/auth/permissions status=200 duration_ms=7.24
[WebServer] 2026-10-04 20:48:09,077 INFO goatfarm [08e06730c7bc4b36a9493d3a288986d0] request method=GET path=/api/kidding status=200 duration_ms=24.54
[WebServer] 2026-10-04 20:48:09,407 INFO goatfarm [afa80d874ed04d03afed08df86c694c7] request method=POST path=/api/kidding status=201 duration_ms=95.45
[WebServer] 2026-10-04 20:48:09,438 INFO goatfarm [48386e7fa9fb4b9aabf2779c77f8403c] request method=GET path=/api/kidding status=200 duration_ms=27.41
[WebServer] 2026-10-04 20:48:09,670 INFO goatfarm [9138de88ae75461eb944a4fd10160115] request method=POST path=/api/auth/refresh status=200 duration_ms=115.83
[WebServer] 2026-10-04 20:48:09,680 INFO goatfarm [bffd28c4604a417ea74370693008bfba] request method=GET path=/api/auth/farms status=200 duration_ms=7.00
[WebServer] 2026-10-04 20:48:09,698 INFO goatfarm [3612d4a33e8a4c6cb380af53aa668393] request method=GET path=/api/auth/permissions status=200 duration_ms=7.60
[WebServer] 2026-10-04 20:48:09,741 INFO goatfarm [43375878cf2944bf98ab9039c06a274f] request method=GET path=/api/animals status=200 duration_ms=16.75
[WebServer] 2026-10-04 20:48:10,089 INFO goatfarm [931f042153ca4738af84a3b2c0d6a714] request method=GET path=/api/animals status=200 duration_ms=20.99
[WebServer] 2026-10-04 20:48:10,915 INFO goatfarm [e25afcca0a7848eb840a3fb2bbf8a3bd] request method=GET path=/api/animals status=200 duration_ms=15.46
[WebServer] 2026-10-04 20:48:11,567 INFO goatfarm [e8c5041da6b248018f17daa2ef441235] request method=POST path=/api/auth/refresh status=200 duration_ms=120.39
[WebServer] 2026-10-04 20:48:11,579 INFO goatfarm [7c650559e1584210b3a20845e8cc1752] request method=GET path=/api/auth/farms status=200 duration_ms=7.09
[WebServer] 2026-10-04 20:48:11,593 INFO goatfarm [8bd23281685f4c3f8102bbcb408ba703] request method=GET path=/api/auth/permissions status=200 duration_ms=6.10
[WebServer] 2026-10-04 20:48:11,625 INFO goatfarm [50cc2faff79646908a7b5da5b5437e1d] request method=GET path=/api/animals status=200 duration_ms=19.12
[WebServer] 2026-10-04 20:48:11,969 INFO goatfarm [c019011c3ece493bbf4344a61a812bc4] request method=GET path=/api/animals status=200 duration_ms=14.91
[WebServer] 2026-10-04 20:48:12,511 INFO goatfarm [c61438fd6c5447bf83d2766abc4bf938] request method=GET path=/api/animals/50 status=200 duration_ms=20.15
[WebServer] 2026-10-04 20:48:12,546 INFO goatfarm [2b05326778c8483881670b4cd59e70b6] request method=GET path=/api/finance/animals/50/lifetime-pnl status=200 duration_ms=26.02
[WebServer] 2026-10-04 20:48:12,546 INFO goatfarm [d6965e3bb5e949f3aff59cac90bc3350] request method=GET path=/api/health/restrictions/50 status=200 duration_ms=25.24
[WebServer] 2026-10-04 20:48:12,697 INFO goatfarm [14ce58056c5d4fbaa481af88e5d6e2a5] request method=POST path=/api/auth/refresh status=200 duration_ms=113.15
[WebServer] 2026-10-04 20:48:12,708 INFO goatfarm [979e230c06ac426ba2c72ff0201c3ec9] request method=GET path=/api/auth/farms status=200 duration_ms=7.30
[WebServer] 2026-10-04 20:48:12,724 INFO goatfarm [8d8a348e59754abc931948b217fd3d8e] request method=GET path=/api/auth/permissions status=200 duration_ms=7.37
[WebServer] 2026-10-04 20:48:12,767 INFO goatfarm [a3f77d112899461ca7249cd40755c016] request method=GET path=/api/animals status=200 duration_ms=27.26
[WebServer] 2026-10-04 20:48:13,119 INFO goatfarm [9733d3ee3006493c8d63ca531e87412f] request method=GET path=/api/animals status=200 duration_ms=12.24
[WebServer] 2026-10-04 20:48:13,654 INFO goatfarm [b22f4b3bfb964fd2a051b9ae6e97043e] request method=GET path=/api/animals/48 status=200 duration_ms=20.62
[WebServer] 2026-10-04 20:48:13,676 INFO goatfarm [bb71d101d4724123bbf590c71c59397d] request method=GET path=/api/health/restrictions/48 status=200 duration_ms=12.81
[WebServer] 2026-10-04 20:48:13,681 INFO goatfarm [d6fbcba53e9949488f4e45b87eb1a518] request method=GET path=/api/finance/animals/48/lifetime-pnl status=200 duration_ms=19.02
  ✓   81 [webkit] › e2e/kidding-flow.spec.ts:16:3 › kidding flow › overdue pregnancy is kidded with twins — kids become animals, doe moves to RECOVERY (9.3s)
[WebServer] 2026-10-04 20:48:14,095 INFO goatfarm [a4c53d3e67c7485db61c4c751055f659] request method=POST path=/api/auth/refresh status=401 duration_ms=0.78
[WebServer] 2026-10-04 20:48:14,395 INFO goatfarm [3ad473e65be041a5a386be725ace906d] request method=POST path=/api/auth/login status=200 duration_ms=165.61
[WebServer] 2026-10-04 20:48:14,407 INFO goatfarm [d466256cc82d449985bd139b7de18127] request method=GET path=/api/auth/farms status=200 duration_ms=8.35
[WebServer] 2026-10-04 20:48:14,420 INFO goatfarm [b361a3fd7db84897bf1d02cdd2f1575a] request method=GET path=/api/auth/permissions status=200 duration_ms=8.47
[WebServer] 2026-10-04 20:48:14,503 INFO goatfarm [98a3818e84894e52a663ccc4cecf0f0d] request method=GET path=/api/dashboard status=200 duration_ms=47.40
[WebServer] 2026-10-04 20:48:14,705 INFO goatfarm [45f3a09091cd4ba792d2c98fbdfcf056] request method=GET path=/api/animals status=200 duration_ms=13.82
[WebServer] 2026-10-04 20:48:14,792 INFO goatfarm [46727e04df1d40d091624d867b40f89c] request method=GET path=/api/buckets status=200 duration_ms=14.42
[WebServer] 2026-10-04 20:48:14,899 INFO goatfarm [8087d1b806f14d0c84ad2e220877e8a0] request method=GET path=/api/breeding status=200 duration_ms=42.30
[WebServer] 2026-10-04 20:48:15,248 INFO goatfarm [359c5e2fd6cd4e97964690015a822e89] request method=GET path=/api/kidding status=200 duration_ms=19.26
[WebServer] 2026-10-04 20:48:15,783 INFO goatfarm [deb2c333285343d789b399ed2b1adcc2] request method=GET path=/api/health/schedule-templates status=200 duration_ms=9.08
[WebServer] 2026-10-04 20:48:15,784 INFO goatfarm [2470e3e554f04cd6a96d7538c90b7280] request method=GET path=/api/health/events status=200 duration_ms=11.03
[WebServer] 2026-10-04 20:48:16,147 INFO goatfarm [f66576b52b5248b2ab65933952aeb3f7] request method=GET path=/api/purchases status=200 duration_ms=11.38
[WebServer] 2026-10-04 20:48:16,992 INFO goatfarm [71d484199e0e4ec58723fa7870c28db1] request method=GET path=/api/feeding/records status=200 duration_ms=13.83
[WebServer] 2026-10-04 20:48:16,993 INFO goatfarm [1ea3203980c648b7ae665fc117ad3fff] request method=GET path=/api/feeding/recipes status=200 duration_ms=14.71
[WebServer] 2026-10-04 20:48:16,996 INFO goatfarm [514ad6113dca437dbad8c674ff8c12d4] request method=GET path=/api/feeding/plan status=200 duration_ms=18.70
[WebServer] 2026-10-04 20:48:17,353 INFO goatfarm [3527dae7613f4bb59323ae0b7f5e79fc] request method=GET path=/api/tasks status=200 duration_ms=11.24
[WebServer] 2026-10-04 20:48:17,713 INFO goatfarm [a79d2857e69e4bbba2e8676c99a29f01] request method=GET path=/api/finance status=200 duration_ms=18.53
[WebServer] 2026-10-04 20:48:18,261 INFO goatfarm [19ce81ffad4f4d3487a64ff0fab82fd1] request method=GET path=/api/simulation/defaults/breeds status=200 duration_ms=8.11
[WebServer] 2026-10-04 20:48:18,263 INFO goatfarm [15228a306b6249c09a7698cccb9a7c03] request method=GET path=/api/simulation/defaults status=200 duration_ms=8.62
[WebServer] 2026-10-04 20:48:18,266 INFO goatfarm [d0c2de12e34248a38892a46377e40442] request method=GET path=/api/planner/plans status=200 duration_ms=12.40
[WebServer] 2026-10-04 20:48:18,655 INFO goatfarm [886a1bdc6b7c4cdaaf9be3be58a5531b] request method=GET path=/api/simulation/scenarios status=200 duration_ms=10.82
[WebServer] 2026-10-04 20:48:18,976 INFO goatfarm [474fed0ba0f04cb9ab08e90150dcca24] request method=GET path=/api/dashboard/reports status=200 duration_ms=23.85
[WebServer] 2026-10-04 20:48:19,350 INFO goatfarm [85e0e04337344342978ac056c2ded3d7] request method=GET path=/api/team status=200 duration_ms=10.61
  ✓   82 [webkit] › e2e/navigation-rbac.spec.ts:25:3 › navigation and access control › every nav item loads its page without errors (5.7s)
[WebServer] 2026-10-04 20:48:19,824 INFO goatfarm [3d9e58d3461946dbb5645aec39bdd9a1] request method=POST path=/api/auth/refresh status=401 duration_ms=0.60
[WebServer] 2026-10-04 20:48:19,929 INFO goatfarm [ff32193a17634d578d47264ee74de7ef] request method=POST path=/api/auth/refresh status=401 duration_ms=0.71
[WebServer] 2026-10-04 20:48:20,011 INFO goatfarm [e2d48472be1447f388fcd20ef8cb2164] request method=POST path=/api/auth/refresh status=401 duration_ms=0.62
[WebServer] 2026-10-04 20:48:20,108 INFO goatfarm [6aac93c0586f4e48869893a81cd7a929] request method=POST path=/api/auth/refresh status=401 duration_ms=0.74
[WebServer] 2026-10-04 20:48:20,200 INFO goatfarm [3170f02fe56a4e8a88377ea14d18909f] request method=POST path=/api/auth/refresh status=401 duration_ms=0.58
[WebServer] 2026-10-04 20:48:20,279 INFO goatfarm [7c5d8e6758814c2db01bdc1411151e21] request method=POST path=/api/auth/refresh status=401 duration_ms=0.88
[WebServer] 2026-10-04 20:48:20,378 INFO goatfarm [58528e2f9d644b1c92f3dae59f3be60a] request method=POST path=/api/auth/refresh status=401 duration_ms=0.96
[WebServer] 2026-10-04 20:48:20,475 INFO goatfarm [f1cdd11b8b2142fa94ac678dbd493989] request method=POST path=/api/auth/refresh status=401 duration_ms=0.60
[WebServer] 2026-10-04 20:48:20,573 INFO goatfarm [a08fb0db02084f90bfc0992224d542d8] request method=POST path=/api/auth/refresh status=401 duration_ms=0.57
[WebServer] 2026-10-04 20:48:20,673 INFO goatfarm [3790b16e30504ca39195d2766681440a] request method=POST path=/api/auth/refresh status=401 duration_ms=0.60
[WebServer] 2026-10-04 20:48:20,771 INFO goatfarm [62ad4d854dac4e9382464213b743e278] request method=POST path=/api/auth/refresh status=401 duration_ms=0.63
[WebServer] 2026-10-04 20:48:20,852 INFO goatfarm [80386334a3194cc3b5b9315895043681] request method=POST path=/api/auth/refresh status=401 duration_ms=0.82
[WebServer] 2026-10-04 20:48:20,966 INFO goatfarm [3dc1ad3ba1574ae291b270b7b9496355] request method=POST path=/api/auth/refresh status=401 duration_ms=0.60
[WebServer] 2026-10-04 20:48:21,066 INFO goatfarm [15002cf0349c4c0090eb9dc68dac2a30] request method=POST path=/api/auth/refresh status=401 duration_ms=0.61
[WebServer] 2026-10-04 20:48:21,143 INFO goatfarm [424b9bde666f435480708efd5a7e2a84] request method=POST path=/api/auth/refresh status=401 duration_ms=0.67
  ✓   83 [webkit] › e2e/navigation-rbac.spec.ts:42:3 › navigation and access control › logged-out direct-URL access redirects every app page to /login (1.8s)
[WebServer] 2026-10-04 20:48:21,534 INFO goatfarm [590a3517170046f8a9a35895cef6cbd8] request method=POST path=/api/auth/refresh status=401 duration_ms=0.59
[WebServer] 2026-10-04 20:48:21,839 INFO goatfarm [4676b06ba54e44889d77db9705dcd6d2] request method=POST path=/api/auth/login status=200 duration_ms=160.65
[WebServer] 2026-10-04 20:48:21,851 INFO goatfarm [8ba2580931a7408da2b5c767aec4cf86] request method=GET path=/api/auth/farms status=200 duration_ms=8.51
[WebServer] 2026-10-04 20:48:21,863 INFO goatfarm [cf5cbfc1c9964889a61f6f2ae5b6ad69] request method=GET path=/api/auth/permissions status=200 duration_ms=7.59
[WebServer] 2026-10-04 20:48:21,961 INFO goatfarm [162e58ab14ea48a9a9708bd2b0d65b46] request method=GET path=/api/dashboard status=200 duration_ms=59.48
[WebServer] 2026-10-04 20:48:22,135 INFO goatfarm [0f2649e615e9496e9888dabea333512c] request method=POST path=/api/auth/refresh status=200 duration_ms=106.68
[WebServer] 2026-10-04 20:48:22,145 INFO goatfarm [8746e3866c574a6b9bbdb5af6fc09d6a] request method=GET path=/api/auth/farms status=200 duration_ms=6.57
[WebServer] 2026-10-04 20:48:22,160 INFO goatfarm [8fa3ab33006d40038ca5c658ce4cb924] request method=GET path=/api/auth/permissions status=200 duration_ms=6.50
[WebServer] 2026-10-04 20:48:22,341 INFO goatfarm [37399a6725ea4103aa35da0176ec2541] request method=POST path=/api/ops-sim/run status=200 duration_ms=17.07
  ✓   84 [webkit] › e2e/ops-simulation.spec.ts:17:3 › ops simulation › renders its sections and replays the toy herd for one week (1.2s)
[WebServer] 2026-10-04 20:48:22,801 INFO goatfarm [4e4515a3383748bfa1427650685f7550] request method=POST path=/api/auth/refresh status=401 duration_ms=0.60
[WebServer] 2026-10-04 20:48:23,094 INFO goatfarm [e2c415f4c6e14f4a934dc005af43eada] request method=POST path=/api/auth/login status=200 duration_ms=160.26
[WebServer] 2026-10-04 20:48:23,105 INFO goatfarm [f2173b251cf646b79fcb9f40229ce3dd] request method=GET path=/api/auth/farms status=200 duration_ms=7.76
[WebServer] 2026-10-04 20:48:23,116 INFO goatfarm [8308a0397ff248a9b7ed7e23dc003259] request method=GET path=/api/auth/permissions status=200 duration_ms=7.41
[WebServer] 2026-10-04 20:48:23,195 INFO goatfarm [d0b4ae796c9a42ae925e43c8783964a3] request method=GET path=/api/dashboard status=200 duration_ms=42.00
[WebServer] 2026-10-04 20:48:23,379 INFO goatfarm [c3c2847b78174dc6b2001f1ffa50726d] request method=POST path=/api/auth/refresh status=200 duration_ms=107.63
[WebServer] 2026-10-04 20:48:23,390 INFO goatfarm [fc9a61113c7b4dddb0bf0b772dadd652] request method=GET path=/api/auth/farms status=200 duration_ms=7.12
[WebServer] 2026-10-04 20:48:23,405 INFO goatfarm [a19d0623ac7543cd873b6def268959b1] request method=GET path=/api/auth/permissions status=200 duration_ms=5.93
  ✓   85 [webkit] › e2e/ops-simulation.spec.ts:62:3 › ops simulation › a row without a tag is reported inline, blocks the run, and never reaches the API (1.1s)
[WebServer] 2026-10-04 20:48:24,164 INFO goatfarm [28e3733adab9405c82d3a5cc0dba2498] request method=POST path=/api/auth/register status=201 duration_ms=136.88
[WebServer] 2026-10-04 20:48:24,186 INFO goatfarm [56e039f9e46848e8a904f6c492188a42] request method=POST path=/api/auth/farms status=201 duration_ms=18.55
[WebServer] 2026-10-04 20:48:24,197 INFO goatfarm [932bcd7a5d9147808cf11d09e12e0dac] request method=GET path=/api/team status=200 duration_ms=8.36
[WebServer] 2026-10-04 20:48:24,272 INFO goatfarm.audit [c30c1d31dedb4a1bb8f2349473cc1ccc] security_event event='team.worker.create' farm_id=19 actor_id=35 membership_id=15 user_id=36 role_id=174 — provisioned worker account with must-change credential
[WebServer] 2026-10-04 20:48:24,272 INFO goatfarm [c30c1d31dedb4a1bb8f2349473cc1ccc] request method=POST path=/api/team/workers status=201 duration_ms=71.81
[WebServer] 2026-10-04 20:48:24,420 INFO goatfarm [9810918c504249f8845fa8c4c158ac82] request method=POST path=/api/auth/login status=200 duration_ms=144.68
[WebServer] 2026-10-04 20:48:24,599 INFO goatfarm.audit [51c24617adcf4933a29b37d0b27cd02b] security_event event='auth.password.changed' user_id=36 — Password changed (all sessions revoked)
[WebServer] 2026-10-04 20:48:24,599 INFO goatfarm [51c24617adcf4933a29b37d0b27cd02b] request method=POST path=/api/auth/change-password status=200 duration_ms=176.07
[WebServer] 2026-10-04 20:48:24,613 INFO goatfarm [1613d6d3e0624458aa3147cbdf8b622c] request method=GET path=/api/auth/permissions status=200 duration_ms=8.45
[WebServer] 2026-10-04 20:48:24,843 INFO goatfarm [46fe4e60a7e44140ab2ae1d4ffad83fd] request method=POST path=/api/auth/refresh status=401 duration_ms=0.75
[WebServer] 2026-10-04 20:48:25,141 INFO goatfarm [b50ea22a4eca451d9fc4aeb9b12b0047] request method=POST path=/api/auth/login status=200 duration_ms=153.49
[WebServer] 2026-10-04 20:48:25,151 INFO goatfarm [dc436e753de3412a9f75018d70912610] request method=GET path=/api/auth/farms status=200 duration_ms=6.82
[WebServer] 2026-10-04 20:48:25,162 INFO goatfarm [9e52550494414c8c89549e291a61a900] request method=GET path=/api/auth/permissions status=200 duration_ms=5.81
[WebServer] 2026-10-04 20:48:25,230 INFO goatfarm [45184ac6560744d2b6ebd66154a90843] request method=GET path=/api/dashboard status=200 duration_ms=30.11
[WebServer] 2026-10-04 20:48:25,436 INFO goatfarm [69a3d2b9fdca46108145dca52eafe3f2] request method=POST path=/api/auth/refresh status=200 duration_ms=108.54
[WebServer] 2026-10-04 20:48:25,447 INFO goatfarm [90c850cad5e84863aac1b18df4bf181d] request method=GET path=/api/auth/farms status=200 duration_ms=6.77
[WebServer] 2026-10-04 20:48:25,463 INFO goatfarm [3c9b8331e71146069aaac8222e3a15b0] request method=GET path=/api/auth/permissions status=200 duration_ms=6.78
[WebServer] 2026-10-04 20:48:25,488 INFO goatfarm [49645413b0614510a73ad3716bc0e133] request method=GET path=/api/team status=200 duration_ms=15.77
[WebServer] 2026-10-04 20:48:25,964 INFO goatfarm.audit [ae1771262054432eaac146b62dabf03c] security_event event='auth.farm.ownership_transferred' farm_id=19 user_id=35 new_owner_id=36 — Farm ownership transferred
[WebServer] 2026-10-04 20:48:25,964 INFO goatfarm [ae1771262054432eaac146b62dabf03c] request method=POST path=/api/auth/farms/19/transfer-ownership status=200 duration_ms=59.12
[WebServer] 2026-10-04 20:48:25,975 INFO goatfarm [163149af83e644a486746d68c7c85c8a] request method=GET path=/api/auth/farms status=200 duration_ms=7.21
[WebServer] 2026-10-04 20:48:26,019 INFO goatfarm [0cb1ba3b287b476abbf8c472c2e0217d] request method=GET path=/api/auth/permissions status=404 duration_ms=7.83
[WebServer] 2026-10-04 20:48:26,027 INFO goatfarm [4ee2e83eb41c4857b4a33d5fc8d79a8e] request method=GET path=/api/auth/farms status=200 duration_ms=6.01
[WebServer] 2026-10-04 20:48:26,034 WARNING goatfarm.audit [9b6fe0ffce9f4abb9ecf9091b6cb57a1] security_signal_started event='auth.token.version_mismatch' aggregation='process-memory' — revoked-generation access tokens presented
[WebServer] 2026-10-04 20:48:26,034 INFO goatfarm [9b6fe0ffce9f4abb9ecf9091b6cb57a1] request method=GET path=/api/auth/farms status=401 duration_ms=4.38
[WebServer] 2026-10-04 20:48:26,185 INFO goatfarm [629431e1371140d8949244c11e81b473] request method=POST path=/api/auth/login status=200 duration_ms=144.60
[WebServer] 2026-10-04 20:48:26,194 INFO goatfarm [70c483099ac0418c935348e88c99a539] request method=GET path=/api/auth/permissions status=200 duration_ms=6.48
[WebServer] 2026-10-04 20:48:26,210 INFO goatfarm [ab73e61f61644f229d6103b7a9e72b2d] request method=GET path=/api/auth/farms status=200 duration_ms=12.12
  ✓   86 [webkit] › e2e/ownership-transfer.spec.ts:18:1 › an owner transfers a separate farm to a password-rotated member through Team (2.6s)
[WebServer] 2026-10-04 20:48:26,601 INFO goatfarm [c5ef250e55b54b0fbca829b052cc8374] request method=POST path=/api/auth/refresh status=401 duration_ms=0.73
[WebServer] 2026-10-04 20:48:26,895 INFO goatfarm [806a9c1f03774bf5b292ff41db1e263b] request method=POST path=/api/auth/login status=200 duration_ms=163.62
[WebServer] 2026-10-04 20:48:26,907 INFO goatfarm [d7c9c841f2684c94a79fbd0f195bee8a] request method=GET path=/api/auth/farms status=200 duration_ms=8.32
[WebServer] 2026-10-04 20:48:26,919 INFO goatfarm [c545344aae5a43608375884e15af3e00] request method=GET path=/api/auth/permissions status=200 duration_ms=7.49
[WebServer] 2026-10-04 20:48:27,003 INFO goatfarm [a1cad7dafd1f4c2fa929d33d2d69ca6f] request method=GET path=/api/dashboard status=200 duration_ms=47.14
[WebServer] 2026-10-04 20:48:27,205 INFO goatfarm [65ce54fc16ac4e25a73ef9396ebc2f53] request method=POST path=/api/auth/refresh status=200 duration_ms=116.40
[WebServer] 2026-10-04 20:48:27,216 INFO goatfarm [47273889da664f169898f7e2ee27f6cb] request method=GET path=/api/auth/farms status=200 duration_ms=7.62
[WebServer] 2026-10-04 20:48:27,233 INFO goatfarm [57366b2e9a2e4d1d8476fe0f19b98b27] request method=GET path=/api/auth/permissions status=200 duration_ms=7.36
[WebServer] 2026-10-04 20:48:27,264 INFO goatfarm [06c9bea5755146ca805d42e92a9fcd21] request method=GET path=/api/simulation/defaults/breeds status=200 duration_ms=11.84
[WebServer] 2026-10-04 20:48:27,265 INFO goatfarm [a4ec9d769e1f4d4bbaba309dc90fac18] request method=GET path=/api/simulation/defaults status=200 duration_ms=13.73
[WebServer] 2026-10-04 20:48:27,272 INFO goatfarm [6477a256cda6490da900368434e116f2] request method=GET path=/api/planner/plans status=200 duration_ms=19.53
[WebServer] 2026-10-04 20:48:28,413 INFO goatfarm [6c08529bfbe147968dc27d424d5131c4] request method=POST path=/api/planner/plan status=200 duration_ms=970.09
  ✓   87 [webkit] › e2e/planner.spec.ts:23:3 › planner › renders its sections, plans a sale target, and keeps owner access (2.6s)
[WebServer] 2026-10-04 20:48:29,171 INFO goatfarm [340229a540c544129e142368f8bf258c] request method=POST path=/api/auth/refresh status=401 duration_ms=0.74
[WebServer] 2026-10-04 20:48:29,467 INFO goatfarm [f61edade5eb34a36894bb053910863ac] request method=POST path=/api/auth/login status=200 duration_ms=163.73
[WebServer] 2026-10-04 20:48:29,479 INFO goatfarm [5606d1441da04b449deef0e5ed77c9d4] request method=GET path=/api/auth/farms status=200 duration_ms=7.98
[WebServer] 2026-10-04 20:48:29,491 INFO goatfarm [ee2d8539ead844c0b199e0891214e28c] request method=GET path=/api/auth/permissions status=200 duration_ms=7.76
[WebServer] 2026-10-04 20:48:29,559 INFO goatfarm [4539ab78eb8e4512a3565811c042a7e7] request method=GET path=/api/dashboard status=200 duration_ms=30.67
[WebServer] 2026-10-04 20:48:29,746 INFO goatfarm [8757038597864a01acc745eb28bb8aa3] request method=POST path=/api/auth/refresh status=200 duration_ms=105.98
[WebServer] 2026-10-04 20:48:29,756 INFO goatfarm [2884f818ecae4308a166933baca24260] request method=GET path=/api/auth/farms status=200 duration_ms=6.67
[WebServer] 2026-10-04 20:48:29,773 INFO goatfarm [9ca136a0890c463b8d1d760a7523d6f8] request method=GET path=/api/auth/permissions status=200 duration_ms=5.98
[WebServer] 2026-10-04 20:48:29,797 INFO goatfarm [c71f8c7c18ed4064a3ab6d3df7637262] request method=GET path=/api/simulation/defaults/breeds status=200 duration_ms=6.33
[WebServer] 2026-10-04 20:48:29,798 INFO goatfarm [225fd92341e140b59bcc90dc5700f80a] request method=GET path=/api/simulation/defaults status=200 duration_ms=8.12
[WebServer] 2026-10-04 20:48:29,804 INFO goatfarm [b2827a8f50f84e4cb445c8bf1ea74f49] request method=GET path=/api/planner/plans status=200 duration_ms=12.87
  ✓   88 [webkit] › e2e/planner.spec.ts:68:3 › planner › a target in the plan's start month is rejected inline and blocks the run (1.1s)
[WebServer] 2026-10-04 20:48:30,328 INFO goatfarm [27f30b4c5e354fc785f52739ccfad2bc] request method=POST path=/api/auth/refresh status=401 duration_ms=0.65
[WebServer] 2026-10-04 20:48:30,598 INFO goatfarm [29fe916bc2d8424588ff0fc614a68679] request method=POST path=/api/auth/login status=200 duration_ms=160.56
[WebServer] 2026-10-04 20:48:30,609 INFO goatfarm [ad9fca954c9d4cfca1d5c6f0c951d628] request method=GET path=/api/auth/farms status=200 duration_ms=7.42
[WebServer] 2026-10-04 20:48:30,622 INFO goatfarm [43cf47bf1ec54e6cb0c4ab61b8348e05] request method=GET path=/api/auth/permissions status=200 duration_ms=7.13
[WebServer] 2026-10-04 20:48:30,689 INFO goatfarm [dadd0a37315b424da41972bb5aae5682] request method=GET path=/api/dashboard status=200 duration_ms=30.70
[WebServer] 2026-10-04 20:48:30,892 INFO goatfarm [295b90cd6f41460b93c31039d28b408a] request method=POST path=/api/auth/refresh status=200 duration_ms=114.34
[WebServer] 2026-10-04 20:48:30,902 INFO goatfarm [6e05803c71ee44ec8f3b67bb6a748d8c] request method=GET path=/api/auth/farms status=200 duration_ms=6.79
[WebServer] 2026-10-04 20:48:30,919 INFO goatfarm [b72e7d5543b24451ba565f8712da4e1e] request method=GET path=/api/auth/permissions status=200 duration_ms=7.32
[WebServer] 2026-10-04 20:48:30,941 INFO goatfarm [5ffeeb8762ab4ea29d6e0a38cd612c2f] request method=GET path=/api/purchases status=200 duration_ms=11.24
[WebServer] 2026-10-04 20:48:31,304 INFO goatfarm [50e3442c223b4d63ae2a0394519b84ea] request method=POST path=/api/purchases/new status=201 duration_ms=67.82
[WebServer] 2026-10-04 20:48:31,320 INFO goatfarm [59919cc7725e45438807c926c43458b0] request method=GET path=/api/purchases status=200 duration_ms=12.77
[WebServer] 2026-10-04 20:48:31,417 INFO goatfarm [7f8c6d78abde48ff9a953ecab478eb5c] request method=GET path=/api/purchases/4 status=200 duration_ms=29.99
[WebServer] 2026-10-04 20:48:31,644 INFO goatfarm [b2cdf5652f8643f4aaaa877503e00508] request method=POST path=/api/auth/refresh status=200 duration_ms=119.24
[WebServer] 2026-10-04 20:48:31,654 INFO goatfarm [a5c1e3a991814543b7e381bcf4c5ab12] request method=GET path=/api/auth/farms status=200 duration_ms=6.98
[WebServer] 2026-10-04 20:48:31,670 INFO goatfarm [e34ee228fa6c4ba4b5eedb51664716a0] request method=GET path=/api/auth/permissions status=200 duration_ms=6.86
[WebServer] 2026-10-04 20:48:31,703 INFO goatfarm [10fe0458c37545eeb9f25b885a3b987a] request method=GET path=/api/animals status=200 duration_ms=17.67
[WebServer] 2026-10-04 20:48:32,053 INFO goatfarm [50c4908f141f4b168ba952cbd7c41956] request method=GET path=/api/animals status=200 duration_ms=13.57
  ✓   89 [webkit] › e2e/purchases.spec.ts:6:3 › purchases › a new batch stubs animals into QUARANTINE with the 45-day task schedule (2.6s)
[WebServer] 2026-10-04 20:48:32,928 INFO goatfarm [f70cd32b8be24d42960d751a9c91aa6e] request method=POST path=/api/auth/refresh status=401 duration_ms=0.67
[WebServer] 2026-10-04 20:48:33,205 INFO goatfarm [d9feced6072841bdb62f5cd713394592] request method=POST path=/api/auth/register status=201 duration_ms=166.17
[WebServer] 2026-10-04 20:48:33,217 INFO goatfarm [1e5454f26bdc47fab60634d9d556fe19] request method=GET path=/api/auth/farms status=200 duration_ms=7.77
[WebServer] 2026-10-04 20:48:33,397 INFO goatfarm [03c6dbafc45a4e19ae863520f80e2cda] request method=POST path=/api/auth/farms status=201 duration_ms=19.78
[WebServer] 2026-10-04 20:48:33,408 INFO goatfarm [fba6b8233e984a2c94db36ffca356a49] request method=GET path=/api/auth/farms status=200 duration_ms=6.96
[WebServer] 2026-10-04 20:48:33,417 INFO goatfarm [4806ef1d33054dd5b1276e3e9d29cf9d] request method=GET path=/api/auth/permissions status=200 duration_ms=6.03
[WebServer] 2026-10-04 20:48:33,492 INFO goatfarm [ddf376dd835348fab18c3d412db6c944] request method=GET path=/api/dashboard status=200 duration_ms=36.38
[WebServer] 2026-10-04 20:48:33,934 INFO goatfarm [0a13d22c757740ca8ca7e21833c92f6e] request method=GET path=/api/animals status=200 duration_ms=8.22
  ✓   90 [webkit] › e2e/register.spec.ts:6:3 › registration › a new user registers, creates a farm and reaches its dashboard (1.9s)
[WebServer] 2026-10-04 20:48:34,800 INFO goatfarm [ef76b58781fd49708a8aca90acf87f75] request method=POST path=/api/auth/refresh status=401 duration_ms=0.63
[WebServer] 2026-10-04 20:48:35,089 INFO goatfarm [3d9f702cc5c24961bd4d016d4b65379d] request method=POST path=/api/auth/login status=200 duration_ms=161.98
[WebServer] 2026-10-04 20:48:35,101 INFO goatfarm [c8a52f3d01284bbba5dc9b4ca85336ee] request method=GET path=/api/auth/farms status=200 duration_ms=7.51
[WebServer] 2026-10-04 20:48:35,113 INFO goatfarm [01ec6f5ad5c3472391c3e9cae00a759c] request method=GET path=/api/auth/permissions status=200 duration_ms=6.95
[WebServer] 2026-10-04 20:48:35,190 INFO goatfarm [f366f0b698cd4184983995c1a6c47074] request method=GET path=/api/dashboard status=200 duration_ms=35.80
[WebServer] 2026-10-04 20:48:35,398 INFO goatfarm [406da5055d614ba1909add4cf033edb3] request method=POST path=/api/auth/refresh status=200 duration_ms=115.66
[WebServer] 2026-10-04 20:48:35,407 INFO goatfarm [b0322d9822a445c8b4c45f15b86efc45] request method=GET path=/api/auth/farms status=200 duration_ms=5.91
[WebServer] 2026-10-04 20:48:35,424 INFO goatfarm [dd8f61d6d3624e32a380bb52c6ebd3c7] request method=GET path=/api/auth/permissions status=200 duration_ms=6.53
  ✓   91 [webkit] › e2e/screening.spec.ts:161:3 › screening review › scoreboard → queue → detail → confirm → conflict toast, all stubbed at the API (1.3s)
[WebServer] 2026-10-04 20:48:36,117 INFO goatfarm [e4a119e3cf64469a810b9c990629f1e3] request method=POST path=/api/auth/refresh status=401 duration_ms=0.64
[WebServer] 2026-10-04 20:48:36,411 INFO goatfarm [afa436ced9184e129ac99ea15b43e109] request method=POST path=/api/auth/login status=200 duration_ms=161.51
[WebServer] 2026-10-04 20:48:36,426 INFO goatfarm [58f9c5feb9f84a7c97bd4dc7bb392219] request method=GET path=/api/auth/farms status=200 duration_ms=10.15
[WebServer] 2026-10-04 20:48:36,439 INFO goatfarm [c8654d68a9f84a99aa6cef35721153a8] request method=GET path=/api/auth/permissions status=200 duration_ms=7.71
[WebServer] 2026-10-04 20:48:36,515 INFO goatfarm [aec6a1ed80e4408aa7e37ae10e3cca8b] request method=GET path=/api/dashboard status=200 duration_ms=38.79
[WebServer] 2026-10-04 20:48:36,710 INFO goatfarm [01a1306f65c3455a8841e4c44031984a] request method=POST path=/api/auth/refresh status=200 duration_ms=113.82
[WebServer] 2026-10-04 20:48:36,720 INFO goatfarm [2def7494cb4445eea171bf8cde1ed763] request method=GET path=/api/auth/farms status=200 duration_ms=7.15
[WebServer] 2026-10-04 20:48:36,736 INFO goatfarm [4c77c69cc9d64e21a5e613645af43185] request method=GET path=/api/auth/permissions status=200 duration_ms=5.97
[WebServer] 2026-10-04 20:48:36,760 INFO goatfarm [542e0ef81c544cb994937eb73434892a] request method=GET path=/api/simulation/defaults status=200 duration_ms=6.24
[WebServer] 2026-10-04 20:48:36,761 INFO goatfarm [6cb9153c447046359e1556add35c7b50] request method=GET path=/api/simulation/defaults/breeds status=200 duration_ms=8.69
[WebServer] 2026-10-04 20:48:36,768 INFO goatfarm [5ada493a05ab4a4283bdec09acf6b72e] request method=GET path=/api/simulation/scenarios status=200 duration_ms=13.45
[WebServer] 2026-10-04 20:48:38,085 INFO goatfarm [288f75e120ba421a8929bdc7bfa154e6] request method=POST path=/api/simulation/run status=200 duration_ms=493.56
[WebServer] 2026-10-04 20:48:39,652 INFO goatfarm [571e1a653f2940648a9e9db41e7fe8e3] request method=POST path=/api/simulation/scenarios status=201 duration_ms=26.26
[WebServer] 2026-10-04 20:48:39,670 INFO goatfarm [161320a6221a402bbac766aa7ff8a747] request method=GET path=/api/simulation/scenarios status=200 duration_ms=12.03
[WebServer] 2026-10-04 20:48:40,362 INFO goatfarm [bbbc1a0835884cd5a5253cb67f610f1e] request method=POST path=/api/simulation/scenarios/6/run status=200 duration_ms=497.53
  ✓   92 [webkit] › e2e/simulation.spec.ts:74:3 › simulation › defaults + herd events run end-to-end; save and re-run as a scenario (4.7s)
[WebServer] 2026-10-04 20:48:40,832 INFO goatfarm [51785d6569c84f7b95418ac1ff46bcc9] request method=POST path=/api/auth/refresh status=401 duration_ms=0.62
[WebServer] 2026-10-04 20:48:41,120 INFO goatfarm [2ebf6d6c97d54b95bc9b5c36672b046e] request method=POST path=/api/auth/login status=200 duration_ms=155.40
[WebServer] 2026-10-04 20:48:41,133 INFO goatfarm [13bd6a54eb1240fdb53e568c20130408] request method=GET path=/api/auth/farms status=200 duration_ms=8.62
[WebServer] 2026-10-04 20:48:41,145 INFO goatfarm [0c52313e0ffa4f12ba5fc1417641aa1a] request method=GET path=/api/auth/permissions status=200 duration_ms=7.40
[WebServer] 2026-10-04 20:48:41,219 INFO goatfarm [55b66e768a42435e8662f33054b4e1e4] request method=GET path=/api/dashboard status=200 duration_ms=35.88
[WebServer] 2026-10-04 20:48:41,435 INFO goatfarm [956f774eea3a43f18b09ca4237d7bd46] request method=POST path=/api/auth/refresh status=200 duration_ms=110.08
[WebServer] 2026-10-04 20:48:41,446 INFO goatfarm [549687810f5a4589a604e11689ab0fc9] request method=GET path=/api/auth/farms status=200 duration_ms=7.49
[WebServer] 2026-10-04 20:48:41,463 INFO goatfarm [f27e73bc41cb478b9f80ccd6db5b9f2a] request method=GET path=/api/auth/permissions status=200 duration_ms=7.24
[WebServer] 2026-10-04 20:48:41,490 INFO goatfarm [83cf6c3bbb064186b4dbebd4227013b4] request method=GET path=/api/simulation/defaults/breeds status=200 duration_ms=7.57
[WebServer] 2026-10-04 20:48:41,490 INFO goatfarm [4c5362c833d74113bf1b2cf38517ccda] request method=GET path=/api/simulation/defaults status=200 duration_ms=6.74
[WebServer] 2026-10-04 20:48:41,496 INFO goatfarm [ca6d51ce42f54248a9a76ddafbcec6ed] request method=GET path=/api/simulation/scenarios status=200 duration_ms=11.89
  ✓   93 [webkit] › e2e/simulation.spec.ts:183:3 › simulation › an event month beyond the horizon blocks the run with an inline error (1.5s)
[WebServer] 2026-10-04 20:48:42,328 INFO goatfarm [c2a948192bb1411f8618b5b6ef029f8c] request method=POST path=/api/auth/refresh status=401 duration_ms=0.75
[WebServer] 2026-10-04 20:48:42,601 INFO goatfarm [54ac2349a6db42438937bc56ed049a0f] request method=POST path=/api/auth/login status=200 duration_ms=162.29
[WebServer] 2026-10-04 20:48:42,615 INFO goatfarm [4cb7ec19e4be45b4b537a9a84047c23a] request method=GET path=/api/auth/farms status=200 duration_ms=10.32
[WebServer] 2026-10-04 20:48:42,629 INFO goatfarm [0b16b6e225564677b4feebb698a12745] request method=GET path=/api/auth/permissions status=200 duration_ms=8.74
[WebServer] 2026-10-04 20:48:42,699 INFO goatfarm [bb2c130756c1453cb21bbfe825803384] request method=GET path=/api/dashboard status=200 duration_ms=33.81
[WebServer] 2026-10-04 20:48:42,895 INFO goatfarm [1770051b27284b4da7cf26e3baeb8ef3] request method=POST path=/api/auth/refresh status=200 duration_ms=116.16
[WebServer] 2026-10-04 20:48:42,905 INFO goatfarm [527488aaef7547e187ea8d0ded5eb7b7] request method=GET path=/api/auth/farms status=200 duration_ms=6.85
[WebServer] 2026-10-04 20:48:42,921 INFO goatfarm [edf5da3008e743c6b86b7d4b139e31f1] request method=GET path=/api/auth/permissions status=200 duration_ms=6.41
[WebServer] 2026-10-04 20:48:42,947 INFO goatfarm [54a60fe156ca4ee48b3f280755716958] request method=GET path=/api/simulation/defaults/breeds status=200 duration_ms=7.23
[WebServer] 2026-10-04 20:48:42,947 INFO goatfarm [cf7b6ee72cb14c51877de324dd9f5fc2] request method=GET path=/api/simulation/defaults status=200 duration_ms=6.35
[WebServer] 2026-10-04 20:48:42,954 INFO goatfarm [c44b9ea513c74c18921571b368f75b64] request method=GET path=/api/simulation/scenarios status=200 duration_ms=12.17
[WebServer] 2026-10-04 20:48:43,241 INFO goatfarm [53ed220f74a445a28d0ed237e0051190] request method=GET path=/api/simulation/calibration status=200 duration_ms=27.11
[WebServer] 2026-10-04 20:48:44,420 INFO goatfarm [c9f3dc1802224b448cc9ee184048df87] request method=POST path=/api/simulation/run status=200 duration_ms=204.17
  ✓   94 [webkit] › e2e/simulation.spec.ts:202:3 › simulation › farm calibration and all decision analyses render responsively (3.7s)
[WebServer] 2026-10-04 20:48:45,983 INFO goatfarm [045a05cf60684add8d094433342555a5] request method=POST path=/api/auth/refresh status=401 duration_ms=0.69
[WebServer] 2026-10-04 20:48:46,274 INFO goatfarm [bd7fee66a7a04af489bbb871e8f13c03] request method=POST path=/api/auth/login status=200 duration_ms=162.25
[WebServer] 2026-10-04 20:48:46,285 INFO goatfarm [ca044e26c5f94e498056ad0cf84942e9] request method=GET path=/api/auth/farms status=200 duration_ms=7.70
[WebServer] 2026-10-04 20:48:46,298 INFO goatfarm [3abbdf68be3844f4a93f23d1ff089983] request method=GET path=/api/auth/permissions status=200 duration_ms=7.85
[WebServer] 2026-10-04 20:48:46,376 INFO goatfarm [74c1f55b5617426aa73973b08bfb3e79] request method=GET path=/api/dashboard status=200 duration_ms=40.43
[WebServer] 2026-10-04 20:48:46,561 INFO goatfarm [fd281d60255948d388263958c59bea3c] request method=POST path=/api/auth/refresh status=200 duration_ms=110.71
[WebServer] 2026-10-04 20:48:46,572 INFO goatfarm [7059aa1d451f44b8a37a8bfe6ed57b37] request method=GET path=/api/auth/farms status=200 duration_ms=8.17
[WebServer] 2026-10-04 20:48:46,590 INFO goatfarm [6cef672608534446982873daaccad017] request method=GET path=/api/auth/permissions status=200 duration_ms=7.59
[WebServer] 2026-10-04 20:48:46,631 INFO goatfarm [deae1181a0f54e33863e7d0c83c398b5] request method=GET path=/api/animals status=200 duration_ms=24.56
[WebServer] 2026-10-04 20:48:47,295 INFO goatfarm [097f38c19a2d45a9af107aebdadb6a4e] request method=POST path=/api/animals status=201 duration_ms=57.86
[WebServer] 2026-10-04 20:48:47,315 INFO goatfarm [5dcae1c75f1644c6ab885c62205d2a76] request method=GET path=/api/animals status=200 duration_ms=15.70
[WebServer] 2026-10-04 20:48:47,503 INFO goatfarm [29a2dcb89fe846718638ab5873e245b8] request method=POST path=/api/auth/refresh status=200 duration_ms=106.26
[WebServer] 2026-10-04 20:48:47,512 INFO goatfarm [363b7951fb3c4e5db05d079a208eb9a9] request method=GET path=/api/auth/farms status=200 duration_ms=6.24
[WebServer] 2026-10-04 20:48:47,526 INFO goatfarm [d8e32007bdda409592b30cb9fd642ce1] request method=GET path=/api/auth/permissions status=200 duration_ms=6.31
[WebServer] 2026-10-04 20:48:47,560 INFO goatfarm [a09a4360d7c643eaa6cfa739baffeb8c] request method=GET path=/api/animals status=200 duration_ms=20.66
[WebServer] 2026-10-04 20:48:48,232 INFO goatfarm [2ab7d9a53c514e01997fc3195fe7ecd7] request method=POST path=/api/animals status=201 duration_ms=24.18
[WebServer] 2026-10-04 20:48:48,250 INFO goatfarm [98d91c38a529445589932cc7924a3113] request method=GET path=/api/animals status=200 duration_ms=13.78
[WebServer] 2026-10-04 20:48:48,429 INFO goatfarm [bd8b80a9f79346d5b3a5c161831f30a1] request method=POST path=/api/auth/refresh status=200 duration_ms=107.88
[WebServer] 2026-10-04 20:48:48,440 INFO goatfarm [1a1ab0345d28413f846e17f64f362cdf] request method=GET path=/api/auth/farms status=200 duration_ms=7.51
[WebServer] 2026-10-04 20:48:48,458 INFO goatfarm [63736d767ba64080acf017d69026c587] request method=GET path=/api/auth/permissions status=200 duration_ms=7.67
[WebServer] 2026-10-04 20:48:48,495 INFO goatfarm [8849c3d6445f4401a32bca07b5152d6f] request method=GET path=/api/breeding status=200 duration_ms=18.69
[WebServer] 2026-10-04 20:48:48,726 INFO goatfarm [b2994a8d9552450097eec21aa19540ab] request method=GET path=/api/breeding/candidates status=200 duration_ms=16.05
[WebServer] 2026-10-04 20:48:48,958 INFO goatfarm [e9398711ffe2476d9feaee17003d6a08] request method=GET path=/api/breeding/candidates status=200 duration_ms=12.20
[WebServer] 2026-10-04 20:48:49,324 INFO goatfarm [cbf1a08e03f145ecb53745595344f93c] request method=POST path=/api/breeding status=201 duration_ms=172.49
[WebServer] 2026-10-04 20:48:49,343 INFO goatfarm [e2d977f7f73f4f2eac3ce0ac27972561] request method=GET path=/api/breeding status=200 duration_ms=15.89
[WebServer] 2026-10-04 20:48:49,505 INFO goatfarm [8bcc77e704454f21910e88cc460f191f] request method=POST path=/api/auth/refresh status=200 duration_ms=113.12
[WebServer] 2026-10-04 20:48:49,514 INFO goatfarm [f7f78bb1c810429b98b4c160b4edd1c0] request method=GET path=/api/auth/farms status=200 duration_ms=6.21
[WebServer] 2026-10-04 20:48:49,529 INFO goatfarm [d325b842ad304029af309378fe7e691c] request method=GET path=/api/auth/permissions status=200 duration_ms=6.07
[WebServer] 2026-10-04 20:48:49,554 INFO goatfarm [4a2f0d24c36f4a4a953cc262fca94740] request method=GET path=/api/tasks status=200 duration_ms=15.02
[WebServer] 2026-10-04 20:48:49,650 INFO goatfarm [fc7344fdb37940a59b426ce405dfdb8d] request method=GET path=/api/tasks status=200 duration_ms=19.55
[WebServer] 2026-10-04 20:48:49,849 INFO goatfarm [ae6924252a764f3f809a3d9b03a14d26] request method=POST path=/api/auth/refresh status=200 duration_ms=111.43
[WebServer] 2026-10-04 20:48:49,860 INFO goatfarm [1fe04b0751bc4e919ffbbaac6a2982e7] request method=GET path=/api/auth/farms status=200 duration_ms=7.65
[WebServer] 2026-10-04 20:48:49,876 INFO goatfarm [9e17dc0039fa43a892e693195eb5d161] request method=GET path=/api/auth/permissions status=200 duration_ms=6.95
[WebServer] 2026-10-04 20:48:49,920 INFO goatfarm [42b9ec9bbb8e440bae8f80c2606ed9d8] request method=GET path=/api/breeding status=200 duration_ms=21.24
[WebServer] 2026-10-04 20:48:50,235 INFO goatfarm [50f9b3fccc2c435d915a4ef71270be73] request method=POST path=/api/breeding/11/ultrasound status=200 duration_ms=48.36
[WebServer] 2026-10-04 20:48:50,257 INFO goatfarm [c77df598590f45e3b6e91ae1d1c06adb] request method=GET path=/api/breeding status=200 duration_ms=18.39
[WebServer] 2026-10-04 20:48:50,427 INFO goatfarm [ebf6c89cbaa94fdd94c034b9c0dacf3c] request method=POST path=/api/auth/refresh status=200 duration_ms=108.21
[WebServer] 2026-10-04 20:48:50,437 INFO goatfarm [4e389dc52320460cbd91d52861bbc854] request method=GET path=/api/auth/farms status=200 duration_ms=6.97
[WebServer] 2026-10-04 20:48:50,452 INFO goatfarm [6938731e7efe40e08469f40d8ba63082] request method=GET path=/api/auth/permissions status=200 duration_ms=6.63
[WebServer] 2026-10-04 20:48:50,477 INFO goatfarm [befddeb076344ba89f52e3b18706c000] request method=GET path=/api/tasks status=200 duration_ms=15.39
[WebServer] 2026-10-04 20:48:50,567 INFO goatfarm [63068d5915a94ba6aa5060be5b71d156] request method=GET path=/api/tasks status=200 duration_ms=20.32
[WebServer] 2026-10-04 20:48:50,679 INFO goatfarm [679780193a3841dfb9e9db7c30d47ee6] request method=GET path=/api/team status=200 duration_ms=14.16
[WebServer] 2026-10-04 20:48:50,994 INFO goatfarm [dd642802ac7c45e4b146189557149a50] request method=POST path=/api/tasks status=201 duration_ms=21.75
[WebServer] 2026-10-04 20:48:51,013 INFO goatfarm [b4503e342cf2473fa0014fdadac1de60] request method=GET path=/api/team status=200 duration_ms=16.38
[WebServer] 2026-10-04 20:48:51,018 INFO goatfarm [80cdf683284e4cccbfea1e3af8800eeb] request method=GET path=/api/tasks status=200 duration_ms=19.71
[WebServer] 2026-10-04 20:48:51,100 INFO goatfarm [165209516c1b4ab3ac8c9793d30bfa47] request method=GET path=/api/tasks status=200 duration_ms=15.32
[WebServer] 2026-10-04 20:48:51,183 INFO goatfarm [4ff3c6ede12d4958872bfe7bf5c2685b] request method=POST path=/api/tasks/181/complete status=200 duration_ms=21.09
[WebServer] 2026-10-04 20:48:51,200 INFO goatfarm [fb631ecc600b4576bdc961c986fb938d] request method=GET path=/api/tasks status=200 duration_ms=13.55
[WebServer] 2026-10-04 20:48:51,257 INFO goatfarm [f2544cf055fd43acba97b8b56d130549] request method=GET path=/api/tasks status=200 duration_ms=13.24
[WebServer] 2026-10-04 20:48:51,358 INFO goatfarm [34954ad804974e309054602ef7a9e164] request method=POST path=/api/tasks/181/verify status=200 duration_ms=23.05
[WebServer] 2026-10-04 20:48:51,375 INFO goatfarm [144a3cbda2474606a24129c99eecbaba] request method=GET path=/api/tasks status=200 duration_ms=12.89
  ✓   95 [webkit] › e2e/tasks-guards.spec.ts:15:3 › tasks guards › auto duties are form-linked; a completed duty lands in awaiting verification (5.8s)
[WebServer] 2026-10-04 20:48:51,776 INFO goatfarm [38f4ed62fe324f7892804317706379b9] request method=POST path=/api/auth/refresh status=401 duration_ms=0.53
[WebServer] 2026-10-04 20:48:52,041 INFO goatfarm [3f1f78d1d715457786efc302c1e33ea0] request method=POST path=/api/auth/login status=200 duration_ms=157.03
[WebServer] 2026-10-04 20:48:52,055 INFO goatfarm [e946711a9b5d459083f7e8379dee9f55] request method=GET path=/api/auth/farms status=200 duration_ms=9.35
[WebServer] 2026-10-04 20:48:52,068 INFO goatfarm [65dfb6369c374ecd99b0f75f84690515] request method=GET path=/api/auth/permissions status=200 duration_ms=7.77
[WebServer] 2026-10-04 20:48:52,139 INFO goatfarm [173354d77d83452dba83762339d5723c] request method=GET path=/api/dashboard status=200 duration_ms=32.71
[WebServer] 2026-10-04 20:48:52,331 INFO goatfarm [45f24ebaac8e47db9cc5f295e498e933] request method=POST path=/api/auth/refresh status=200 duration_ms=110.09
[WebServer] 2026-10-04 20:48:52,341 INFO goatfarm [ba589fe4f4994c7ba6ab97be2dc2fa3a] request method=GET path=/api/auth/farms status=200 duration_ms=6.69
[WebServer] 2026-10-04 20:48:52,357 INFO goatfarm [59188c08406f4a2ebbf9db131b3739e5] request method=GET path=/api/auth/permissions status=200 duration_ms=6.74
[WebServer] 2026-10-04 20:48:52,383 INFO goatfarm [b3c9d1df83f4464ba39e14574910ae00] request method=GET path=/api/tasks status=200 duration_ms=15.24
[WebServer] 2026-10-04 20:48:52,468 INFO goatfarm [21f82b273e1345a2ab9b557c4e6b8b44] request method=GET path=/api/team status=200 duration_ms=12.11
[WebServer] 2026-10-04 20:48:52,756 INFO goatfarm [5a8d8ddedb8942b38018244f98891bb1] request method=POST path=/api/tasks status=201 duration_ms=22.55
[WebServer] 2026-10-04 20:48:52,772 INFO goatfarm [deeed70387434cd9a51ebe9fdf7f4131] request method=GET path=/api/team status=200 duration_ms=11.28
[WebServer] 2026-10-04 20:48:52,773 INFO goatfarm [bb6a148f23ac4e60b550ad4778266f59] request method=GET path=/api/tasks status=200 duration_ms=13.22
[WebServer] 2026-10-04 20:48:52,903 INFO goatfarm [7bfa75fca3a14ab5984ad903fe377cd4] request method=POST path=/api/tasks/182/complete status=200 duration_ms=22.87
[WebServer] 2026-10-04 20:48:52,920 INFO goatfarm [abb4232767b9435ab419922fc4716101] request method=GET path=/api/tasks status=200 duration_ms=14.02
[WebServer] 2026-10-04 20:48:52,984 INFO goatfarm [c823a45511884b07b656227db6b293be] request method=GET path=/api/tasks status=200 duration_ms=14.59
[WebServer] 2026-10-04 20:48:53,059 INFO goatfarm [6979bace0baf44e5adde1cdfaf42f10b] request method=POST path=/api/tasks/182/verify status=200 duration_ms=22.89
[WebServer] 2026-10-04 20:48:53,073 INFO goatfarm [7fb621d315f042a1975b8baf86a652d3] request method=GET path=/api/tasks status=200 duration_ms=11.82
[WebServer] 2026-10-04 20:48:53,152 INFO goatfarm [91728604ff7640c3a3cac42f03da62f0] request method=GET path=/api/tasks status=200 duration_ms=17.59
[WebServer] 2026-10-04 20:48:53,173 INFO goatfarm [2a5f687fc50149ee8557dbcc06c8f1f7] request method=GET path=/api/team status=200 duration_ms=11.08
  ✓   96 [webkit] › e2e/tasks-verify.spec.ts:32:3 › tasks verification › owner completes and verifies a cleaning duty — it lands in Completed as VERIFIED (1.8s)
[WebServer] 2026-10-04 20:48:53,582 INFO goatfarm [2f7e2436fad24986b3683fa00062c173] request method=POST path=/api/auth/refresh status=401 duration_ms=0.72
[WebServer] 2026-10-04 20:48:53,858 INFO goatfarm [c1d06bef6f0547d694df2ab219d60739] request method=POST path=/api/auth/login status=200 duration_ms=162.46
[WebServer] 2026-10-04 20:48:53,870 INFO goatfarm [abf3b72c59344afd8f80a323a841b18c] request method=GET path=/api/auth/farms status=200 duration_ms=8.52
[WebServer] 2026-10-04 20:48:53,882 INFO goatfarm [72cf89c1d1a6457fabcc9c96686d2698] request method=GET path=/api/auth/permissions status=200 duration_ms=7.56
[WebServer] 2026-10-04 20:48:53,964 INFO goatfarm [914ec026d48c4fdb846a243b21dbd9f6] request method=GET path=/api/dashboard status=200 duration_ms=42.79
[WebServer] 2026-10-04 20:48:54,144 INFO goatfarm [8164226ae1e54af187f18c37645002d7] request method=POST path=/api/auth/refresh status=200 duration_ms=109.02
[WebServer] 2026-10-04 20:48:54,153 INFO goatfarm [dad39b3d67bd41578e08dc9e9b9f80a8] request method=GET path=/api/auth/farms status=200 duration_ms=5.52
[WebServer] 2026-10-04 20:48:54,169 INFO goatfarm [1c72c4c9039844e1ae267e99ffc9122c] request method=GET path=/api/auth/permissions status=200 duration_ms=6.44
[WebServer] 2026-10-04 20:48:54,195 INFO goatfarm [3befee8aa0f745d7afcda5eec92f6ad7] request method=GET path=/api/tasks status=200 duration_ms=14.47
[WebServer] 2026-10-04 20:48:54,273 INFO goatfarm [1792e0eb0d944844b1934362652551d1] request method=GET path=/api/team status=200 duration_ms=10.92
[WebServer] 2026-10-04 20:48:54,560 INFO goatfarm [b49c8f66ff2042d583bc8ee19eb71579] request method=POST path=/api/tasks status=201 duration_ms=19.74
[WebServer] 2026-10-04 20:48:54,575 INFO goatfarm [2b2ca43c46ff49e09805a49a8d590586] request method=GET path=/api/team status=200 duration_ms=10.52
[WebServer] 2026-10-04 20:48:54,576 INFO goatfarm [f2611f880ac242bea786ba22bc17021b] request method=GET path=/api/tasks status=200 duration_ms=12.39
[WebServer] 2026-10-04 20:48:54,705 INFO goatfarm [6b23a2086433464cbaecf45a64ea8fd8] request method=POST path=/api/tasks/183/complete status=200 duration_ms=20.21
[WebServer] 2026-10-04 20:48:54,721 INFO goatfarm [c6eee67820994f15bb8bbb2a6817ad2b] request method=GET path=/api/tasks status=200 duration_ms=12.87
[WebServer] 2026-10-04 20:48:54,773 INFO goatfarm [9d9286fdb90a4f6fbe1670742b423948] request method=GET path=/api/tasks status=200 duration_ms=12.57
[WebServer] 2026-10-04 20:48:55,114 INFO goatfarm [1908297dc08644829943885ddfbee6c3] request method=POST path=/api/tasks/183/reject status=200 duration_ms=21.01
[WebServer] 2026-10-04 20:48:55,129 INFO goatfarm [aa1f9a741bc84fcaabf4bfc3e199a57b] request method=GET path=/api/tasks status=200 duration_ms=11.75
[WebServer] 2026-10-04 20:48:55,196 INFO goatfarm [75a373bc159643429708dafdc4390363] request method=GET path=/api/tasks status=200 duration_ms=15.44
  ✓   97 [webkit] › e2e/tasks-verify.spec.ts:58:3 › tasks verification › rejected duty is sent back to pending with the note visible (2.0s)
[WebServer] 2026-10-04 20:48:55,598 INFO goatfarm [fc2ea9e386e845969852589ca15f4f8c] request method=POST path=/api/auth/refresh status=401 duration_ms=0.65
[WebServer] 2026-10-04 20:48:55,907 INFO goatfarm [69df2c87a485455ebdd010f27bcd81de] request method=POST path=/api/auth/login status=200 duration_ms=174.57
[WebServer] 2026-10-04 20:48:55,919 INFO goatfarm [912fe650d3de45ce874ea3a391c2dd7a] request method=GET path=/api/auth/farms status=200 duration_ms=8.29
[WebServer] 2026-10-04 20:48:55,932 INFO goatfarm [02aeca587e2b4ea5a837c9e2e306744d] request method=GET path=/api/auth/permissions status=200 duration_ms=7.77
[WebServer] 2026-10-04 20:48:56,015 INFO goatfarm [170ed6e1141e4b628cef64469dd8ed69] request method=GET path=/api/dashboard status=200 duration_ms=41.87
[WebServer] 2026-10-04 20:48:56,216 INFO goatfarm [14f4574930ac420e9f00d41e12ffbb71] request method=POST path=/api/auth/refresh status=200 duration_ms=118.16
[WebServer] 2026-10-04 20:48:56,226 INFO goatfarm [00e596c23e7d486c8dbcadb4e618946c] request method=GET path=/api/auth/farms status=200 duration_ms=6.29
[WebServer] 2026-10-04 20:48:56,243 INFO goatfarm [c2a8c401da444123bd6819da13db82b4] request method=GET path=/api/auth/permissions status=200 duration_ms=6.85
[WebServer] 2026-10-04 20:48:56,264 INFO goatfarm [511a959cbe5e4a83a3b56fa9f2cb3f58] request method=GET path=/api/team status=200 duration_ms=10.42
[WebServer] 2026-10-04 20:48:56,731 INFO goatfarm.audit [770a2f66dbc443d6bf31690a724dfffe] security_event event='team.worker.create' farm_id=11 actor_id=24 membership_id=16 user_id=38 role_id=98 — provisioned worker account with must-change credential
[WebServer] 2026-10-04 20:48:56,731 INFO goatfarm [770a2f66dbc443d6bf31690a724dfffe] request method=POST path=/api/team/workers status=201 duration_ms=82.24
[WebServer] 2026-10-04 20:48:56,743 INFO goatfarm [66b8b701cffb4f7cb40e2410dbe6ef40] request method=GET path=/api/auth/permissions status=200 duration_ms=7.17
[WebServer] 2026-10-04 20:48:56,749 INFO goatfarm [31f6ad2bef5347209ca7c3487efe8052] request method=GET path=/api/team status=200 duration_ms=13.55
[WebServer] 2026-10-04 20:48:56,949 INFO goatfarm.audit [a4e7ca4c573b49a58bcd41c8cf52f356] security_event event='team.worker.role_change' farm_id=11 actor_id=24 membership_id=16 user_id=38 from_role_id=98 to_role_id=100 — reassigned worker role
[WebServer] 2026-10-04 20:48:56,954 INFO goatfarm [a4e7ca4c573b49a58bcd41c8cf52f356] request method=POST path=/api/team/workers/16/role status=200 duration_ms=36.28
[WebServer] 2026-10-04 20:48:56,969 INFO goatfarm [4206a902d84749a992b407f3808129a9] request method=GET path=/api/auth/permissions status=200 duration_ms=9.68
[WebServer] 2026-10-04 20:48:56,973 INFO goatfarm [c1d5c59902ea4b80953f94b40d1545a3] request method=GET path=/api/team status=200 duration_ms=15.46
[WebServer] 2026-10-04 20:48:57,358 INFO goatfarm.audit [e4b476cc59bb48d481523c7fc82b18ab] security_event event='team.worker.status_change' farm_id=11 actor_id=24 membership_id=16 user_id=38 from_is_active=True to_is_active=False — set worker membership active flag
[WebServer] 2026-10-04 20:48:57,358 INFO goatfarm [e4b476cc59bb48d481523c7fc82b18ab] request method=PUT path=/api/team/workers/16/status status=200 duration_ms=27.90
[WebServer] 2026-10-04 20:48:57,372 INFO goatfarm [2d6ac7a0df574575959ddf9d2d8eec64] request method=GET path=/api/auth/permissions status=200 duration_ms=9.79
[WebServer] 2026-10-04 20:48:57,378 INFO goatfarm [b9c6132a7a124063b2eb92a1a602dcd1] request method=GET path=/api/team status=200 duration_ms=16.82
[WebServer] 2026-10-04 20:48:57,494 INFO goatfarm.audit [d7252cdf95f8422781334905c760f2e6] security_event event='team.worker.status_change' farm_id=11 actor_id=24 membership_id=16 user_id=38 from_is_active=False to_is_active=True — set worker membership active flag
[WebServer] 2026-10-04 20:48:57,499 INFO goatfarm [d7252cdf95f8422781334905c760f2e6] request method=PUT path=/api/team/workers/16/status status=200 duration_ms=27.35
[WebServer] 2026-10-04 20:48:57,513 INFO goatfarm [3a1fcb7ed2b3448a8619efcdd669e321] request method=GET path=/api/auth/permissions status=200 duration_ms=9.44
[WebServer] 2026-10-04 20:48:57,516 INFO goatfarm [5b6f71ad6a664b2b976170abc481f393] request method=GET path=/api/team status=200 duration_ms=14.24
  ✓   98 [webkit] › e2e/team.spec.ts:6:3 › team management › owner adds a worker, changes their role and toggles them inactive/active (2.3s)
[WebServer] 2026-10-04 20:48:57,909 INFO goatfarm [68f6937a829c463c9ff14dd42c559ec9] request method=POST path=/api/auth/refresh status=401 duration_ms=0.69
[WebServer] 2026-10-04 20:48:58,010 INFO goatfarm [7305fdd3e5a24a948d2b8495468780d0] request method=POST path=/api/auth/refresh status=401 duration_ms=0.68
  ✓   99 [webkit] › e2e/worker-offline-regressions.spec.ts:4:1 › fresh worker is Telugu-first and the offline route owns one primary landmark (724ms)
  -  100 [webkit] › e2e/worker-offline-regressions.spec.ts:19:1 › Telugu cold reload survives same-build shell refreshes without the HTTP cache
[WebServer] 2026-10-04 20:48:58,995 INFO goatfarm [e7b05df3f2a442c9b8af6ba981ce6841] request method=POST path=/api/auth/login status=200 duration_ms=140.75
[WebServer] 2026-10-04 20:48:59,006 INFO goatfarm [ea09af1aefc0431f9cc2db902edb128b] request method=GET path=/api/auth/farms status=200 duration_ms=6.56
[WebServer] 2026-10-04 20:48:59,048 INFO goatfarm.audit [346db03208554af880b0e59baf043620] security_event event='team.role.create' farm_id=11 actor_id=24 role_id=187 — created custom role
[WebServer] 2026-10-04 20:48:59,048 INFO goatfarm [346db03208554af880b0e59baf043620] request method=POST path=/api/team/roles status=201 duration_ms=39.55
[WebServer] 2026-10-04 20:48:59,284 INFO goatfarm [6bb49b608e04468192d953cd0ce75ed4] request method=POST path=/api/auth/refresh status=401 duration_ms=0.58
[WebServer] 2026-10-04 20:48:59,573 INFO goatfarm [5b0383e477944683842cbb249381a420] request method=POST path=/api/auth/login status=200 duration_ms=161.12
[WebServer] 2026-10-04 20:48:59,584 INFO goatfarm [69f9a4f8681e475892ab0fd9c172efde] request method=GET path=/api/auth/farms status=200 duration_ms=7.27
[WebServer] 2026-10-04 20:48:59,595 INFO goatfarm [f22bc3a920144102a5b1abd36f97d40e] request method=GET path=/api/auth/permissions status=200 duration_ms=6.15
[WebServer] 2026-10-04 20:48:59,661 INFO goatfarm [15cd2402342f42838f8e7ac502257b1c] request method=GET path=/api/dashboard status=200 duration_ms=30.21
[WebServer] 2026-10-04 20:48:59,877 INFO goatfarm [fef98538371c4128b776124292a6ce0f] request method=POST path=/api/auth/refresh status=200 duration_ms=109.32
[WebServer] 2026-10-04 20:48:59,888 INFO goatfarm [f932e4dc27f94d22b9108b1ec7833d3b] request method=GET path=/api/auth/farms status=200 duration_ms=7.27
[WebServer] 2026-10-04 20:48:59,905 INFO goatfarm [88f529ad215e4f278d90c19aae5fd1f9] request method=GET path=/api/auth/permissions status=200 duration_ms=7.68
[WebServer] 2026-10-04 20:48:59,929 INFO goatfarm [18e40ba9cacb48698ae2de00ff34652d] request method=GET path=/api/team status=200 duration_ms=14.56
[WebServer] 2026-10-04 20:49:00,394 INFO goatfarm.audit [1b93ac88077042de88dad34ea2b0a943] security_event event='team.worker.create' farm_id=11 actor_id=24 membership_id=17 user_id=39 role_id=187 — provisioned worker account with must-change credential
[WebServer] 2026-10-04 20:49:00,394 INFO goatfarm [1b93ac88077042de88dad34ea2b0a943] request method=POST path=/api/team/workers status=201 duration_ms=78.30
[WebServer] 2026-10-04 20:49:00,406 INFO goatfarm [9f8c768926e148d38eff1a18df3c8efb] request method=GET path=/api/auth/permissions status=200 duration_ms=7.37
[WebServer] 2026-10-04 20:49:00,442 INFO goatfarm [ad6856b6893a421390029ddfea01b0da] request method=GET path=/api/team status=200 duration_ms=44.57
[WebServer] 2026-10-04 20:49:00,525 INFO goatfarm.audit [f7ff9e8a18ac459d977d3f3a00045e40] security_event event='auth.logout.completed' user_id=24 session_origin='PASSWORD' family_id='d98b4978f265409ca37eb00902b0bffd' revocation_scope='refresh_family_and_access_generation' — logout revoked authenticated session state
[WebServer] 2026-10-04 20:49:00,526 INFO goatfarm [f7ff9e8a18ac459d977d3f3a00045e40] request method=POST path=/api/auth/logout status=204 duration_ms=13.22
[WebServer] 2026-10-04 20:49:00,788 INFO goatfarm [c46832c87187469981fc568961cc864b] request method=POST path=/api/auth/login status=200 duration_ms=157.86
[WebServer] 2026-10-04 20:49:00,803 INFO goatfarm [a4da91ad90834b83947cd0a9ef63a328] request method=GET path=/api/auth/farms status=200 duration_ms=11.73
[WebServer] 2026-10-04 20:49:00,817 INFO goatfarm [03f1d450eb7f4639831f5e00c456958b] request method=GET path=/api/auth/permissions status=200 duration_ms=11.41
[WebServer] 2026-10-04 20:49:01,273 INFO goatfarm.audit [12796f2ee7bc4f849bb6b5b15e0ddef0] security_event event='auth.password.changed' user_id=39 — Password changed (all sessions revoked)
[WebServer] 2026-10-04 20:49:01,273 INFO goatfarm [12796f2ee7bc4f849bb6b5b15e0ddef0] request method=POST path=/api/auth/change-password status=200 duration_ms=176.66
[WebServer] 2026-10-04 20:49:01,383 INFO goatfarm [53ce6bcfde2d49ff8f5707615bed0166] request method=POST path=/api/auth/refresh status=200 duration_ms=106.02
[WebServer] 2026-10-04 20:49:01,416 INFO goatfarm [dfc8510d5a12486ea1688a29148c1700] request method=GET path=/api/tasks status=200 duration_ms=24.36
  ✓  101 [webkit] › e2e/worker-onboarding.spec.ts:44:1 › task-only password worker completes first password rotation on the worker board (3.5s)
[WebServer] 2026-10-04 20:49:02,165 INFO goatfarm [fdc6df3d9089490194e50bb3f7793738] request method=POST path=/api/auth/login status=200 duration_ms=140.01
[WebServer] 2026-10-04 20:49:02,174 INFO goatfarm [c8324db665084a3698ff887ac2f8baaa] request method=GET path=/api/auth/farms status=200 duration_ms=6.59
[WebServer] 2026-10-04 20:49:02,193 INFO goatfarm.audit [6dece0829a1848b582b70b58636dd7eb] security_event event='team.role.create' farm_id=11 actor_id=24 role_id=188 — created custom role
[WebServer] 2026-10-04 20:49:02,194 INFO goatfarm [6dece0829a1848b582b70b58636dd7eb] request method=POST path=/api/team/roles status=201 duration_ms=17.09
[WebServer] 2026-10-04 20:49:02,447 INFO goatfarm [e3ed3dede44940858e4c6622cd797070] request method=POST path=/api/auth/refresh status=401 duration_ms=0.53
[WebServer] 2026-10-04 20:49:02,711 INFO goatfarm [572398fb3da045c78aa9d1e24bc869f2] request method=POST path=/api/auth/login status=200 duration_ms=152.37
[WebServer] 2026-10-04 20:49:02,723 INFO goatfarm [b2096e7ad6f2479c986800bf11d7e2d9] request method=GET path=/api/auth/farms status=200 duration_ms=8.19
[WebServer] 2026-10-04 20:49:02,733 INFO goatfarm [2c31b70be65e41efa0aba74302df6405] request method=GET path=/api/auth/permissions status=200 duration_ms=6.48
[WebServer] 2026-10-04 20:49:02,807 INFO goatfarm [509a1499a97c430eb146c9d28fcc4c58] request method=GET path=/api/dashboard status=200 duration_ms=37.96
[WebServer] 2026-10-04 20:49:03,012 INFO goatfarm [2254cbe7f09c4ac88ba4928c2f6e826a] request method=POST path=/api/auth/refresh status=200 duration_ms=105.84
[WebServer] 2026-10-04 20:49:03,022 INFO goatfarm [dd2784213e7642d6970269cbd272c995] request method=GET path=/api/auth/farms status=200 duration_ms=6.74
[WebServer] 2026-10-04 20:49:03,038 INFO goatfarm [06b4b0d0a73b4effad9f583374efcb2c] request method=GET path=/api/auth/permissions status=200 duration_ms=6.42
[WebServer] 2026-10-04 20:49:03,060 INFO goatfarm [424143d0d6e341189573ebf7b4e840da] request method=GET path=/api/team status=200 duration_ms=14.05
[WebServer] 2026-10-04 20:49:03,622 INFO goatfarm.audit [9111b1fc6fa74b14b5ea193192da60a9] security_event event='team.worker.create' farm_id=11 actor_id=24 membership_id=18 user_id=40 role_id=188 — provisioned worker account with must-change credential
[WebServer] 2026-10-04 20:49:03,622 INFO goatfarm [9111b1fc6fa74b14b5ea193192da60a9] request method=POST path=/api/team/workers status=201 duration_ms=108.41
[WebServer] 2026-10-04 20:49:03,635 INFO goatfarm [99f139c669df49558c3842667a5eb5bc] request method=GET path=/api/auth/permissions status=200 duration_ms=7.94
[WebServer] 2026-10-04 20:49:03,642 INFO goatfarm [d11d2e5c20054e7fb8aaff22310f8013] request method=GET path=/api/team status=200 duration_ms=15.91
[WebServer] 2026-10-04 20:49:04,004 INFO goatfarm.audit [d48b35d943d2480291150efdf1c9bdd8] security_event event='team.worker.pin_reset' farm_id=11 actor_id=24 membership_id=18 user_id=40 — rotated worker tablet PIN and revoked sessions
[WebServer] 2026-10-04 20:49:04,004 INFO goatfarm [d48b35d943d2480291150efdf1c9bdd8] request method=POST path=/api/team/workers/18/reset-pin status=200 duration_ms=100.63
[WebServer] 2026-10-04 20:49:04,014 INFO goatfarm [4aa5bd5e94e04617aebb15540dc8af86] request method=GET path=/api/auth/permissions status=200 duration_ms=6.33
[WebServer] 2026-10-04 20:49:04,020 INFO goatfarm [0d729d20897d4ec7bf0fb5438f008dfb] request method=GET path=/api/team status=200 duration_ms=13.49
[WebServer] 2026-10-04 20:49:04,148 INFO goatfarm.audit [cbcd1957e390427b894a61aaec43ce1e] security_event event='auth.logout.completed' user_id=24 session_origin='PASSWORD' family_id='78c48da0c1784df98d996920775b943e' revocation_scope='refresh_family_and_access_generation' — logout revoked authenticated session state
[WebServer] 2026-10-04 20:49:04,149 INFO goatfarm [cbcd1957e390427b894a61aaec43ce1e] request method=POST path=/api/auth/logout status=204 duration_ms=11.39
[WebServer] 2026-10-04 20:49:04,202 INFO goatfarm [7a42e2cb7a474cf692c096c775c8ae49] request method=POST path=/api/auth/refresh status=401 duration_ms=0.71
[WebServer] 2026-10-04 20:49:04,404 INFO goatfarm [94866c7508334002b0f3c63acc1b97e0] request method=POST path=/api/auth/login status=200 duration_ms=93.48
[WebServer] 2026-10-04 20:49:04,414 INFO goatfarm [85741317944d40b9accb29e60c2adeaf] request method=GET path=/api/auth/farms status=200 duration_ms=6.81
[WebServer] 2026-10-04 20:49:04,426 INFO goatfarm [0cc491998cd74e81a6ba3220a179cf9a] request method=GET path=/api/auth/permissions status=200 duration_ms=6.82
[WebServer] 2026-10-04 20:49:04,519 INFO goatfarm [bb8b3f558e004d0fbda218ca31c87afb] request method=GET path=/api/auth/worker-roster status=200 duration_ms=7.26
[WebServer] 2026-10-04 20:49:04,520 INFO goatfarm.audit [1ce953d2c20d42c7bca89a66c11ec68c] security_event event='auth.logout.session_revoked' user_id=24 family_id='6b348707fb314da2ba6238223b39c9d8' revoked_sessions=1 — exact-session logout revoked the refresh family
[WebServer] 2026-10-04 20:49:04,520 INFO goatfarm [1ce953d2c20d42c7bca89a66c11ec68c] request method=POST path=/api/auth/logout-session status=204 duration_ms=13.63
[WebServer] 2026-10-04 20:49:05,164 INFO goatfarm.audit [875ab6ecbe414ce7a73b2e7399172ada] security_event event='auth.worker_pin.login_succeeded' farm_id=11 membership_id=18 user_id=40 — worker signed in on the tablet by PIN
[WebServer] 2026-10-04 20:49:05,164 INFO goatfarm [875ab6ecbe414ce7a73b2e7399172ada] request method=POST path=/api/auth/worker-login status=200 duration_ms=148.23
[WebServer] 2026-10-04 20:49:05,181 INFO goatfarm [40f5e9d8835542ed8fb5c0d57f901375] request method=GET path=/api/auth/farms status=200 duration_ms=13.35
[WebServer] 2026-10-04 20:49:05,194 INFO goatfarm [a9cf1080375b4e81a4e470fcc5ef9e95] request method=GET path=/api/auth/worker-roster status=200 duration_ms=6.67
[WebServer] 2026-10-04 20:49:05,206 INFO goatfarm [0986154aa1fa49e7a7b74a9d77ab9524] request method=GET path=/api/auth/permissions status=200 duration_ms=16.92
  ✓  102 [webkit] › e2e/worker-onboarding.spec.ts:71:1 › owner creates and resets a PIN worker through Team and pins the tablet through the UI (3.3s)
[WebServer] 2026-10-04 20:49:05,241 INFO goatfarm [c4a08a02f2164906ba0448297fbd6b6e] request method=GET path=/api/tasks status=200 duration_ms=30.08
(node:7786) Warning: The 'NO_COLOR' env is ignored due to the 'FORCE_COLOR' env being set.
(Use `node --trace-warnings ...` to show where the warning was created)
[WebServer] 2026-10-04 20:49:06,596 INFO goatfarm [6a0220ff455a4e2c81aaf4c0b2806448] request method=POST path=/api/auth/login status=200 duration_ms=149.45
[WebServer] 2026-10-04 20:49:06,610 INFO goatfarm [7913ef038b934d17b3149bf8c29bafc2] request method=GET path=/api/auth/farms status=200 duration_ms=7.07
[WebServer] 2026-10-04 20:49:06,627 INFO goatfarm [b793bac6543846b2bac94e8ea991c289] request method=GET path=/api/auth/farms status=200 duration_ms=12.25
[WebServer] 2026-10-04 20:49:06,780 INFO goatfarm [1b89eb3bde934a74ad13d239832575eb] request method=POST path=/api/auth/login status=200 duration_ms=150.11
[WebServer] 2026-10-04 20:49:06,811 INFO goatfarm.audit [c3ed4fbded5d4e2da25f537aade082b8] security_event event='team.role.create' farm_id=11 actor_id=24 role_id=189 — created custom role
[WebServer] 2026-10-04 20:49:06,812 INFO goatfarm [c3ed4fbded5d4e2da25f537aade082b8] request method=POST path=/api/team/roles status=201 duration_ms=25.65
[WebServer] 2026-10-04 20:49:06,966 INFO goatfarm [f8fa8a0a7e3845fdbda24fd37a2e0199] request method=POST path=/api/auth/login status=200 duration_ms=151.08
[WebServer] 2026-10-04 20:49:07,074 INFO goatfarm.audit [960bab9704804a2cb4b8ca847fd56617] security_event event='team.worker.create' farm_id=11 actor_id=24 membership_id=19 user_id=41 role_id=189 — provisioned worker account with must-change credential
[WebServer] 2026-10-04 20:49:07,074 INFO goatfarm [960bab9704804a2cb4b8ca847fd56617] request method=POST path=/api/team/workers status=201 duration_ms=105.43
[WebServer] 2026-10-04 20:49:07,221 INFO goatfarm [3c14f8f25b8c43e592505e7e09362135] request method=POST path=/api/auth/login status=200 duration_ms=144.38
[WebServer] 2026-10-04 20:49:07,290 INFO goatfarm.audit [9b99b24ca1534e6a83e7c6c08bb22aad] security_event event='team.worker.create' farm_id=11 actor_id=24 membership_id=20 user_id=42 role_id=189 — provisioned worker account with must-change credential
[WebServer] 2026-10-04 20:49:07,291 INFO goatfarm [9b99b24ca1534e6a83e7c6c08bb22aad] request method=POST path=/api/team/workers status=201 duration_ms=67.59
[WebServer] 2026-10-04 20:49:07,297 INFO goatfarm [9c79d71dba944b0e90f210c39a34d0e7] request method=GET path=/api/auth/worker-roster status=200 duration_ms=3.74
[WebServer] 2026-10-04 20:49:07,443 INFO goatfarm [15b923d9d1ed456ea7e9a22f4c733039] request method=POST path=/api/auth/login status=200 duration_ms=144.01
[WebServer] 2026-10-04 20:49:07,460 INFO goatfarm [603d723d66254ee089079fb122726368] request method=GET path=/api/team status=200 duration_ms=14.46
[WebServer] 2026-10-04 20:49:07,605 INFO goatfarm [cbf8f42e3b9b4cb797ac1bbe8eef3a65] request method=POST path=/api/auth/login status=200 duration_ms=142.48
[WebServer] 2026-10-04 20:49:07,651 INFO goatfarm [bf8c0a7178424421bc33efae05f3b4fc] request method=POST path=/api/tasks status=201 duration_ms=43.57
[WebServer] 2026-10-04 20:49:07,800 INFO goatfarm [6c72f7d187974d59be6513c1a5fb5a36] request method=POST path=/api/auth/login status=200 duration_ms=146.41
[WebServer] 2026-10-04 20:49:07,828 INFO goatfarm [055fd6ddde8345c0b8b97b811b34d073] request method=POST path=/api/tasks status=201 duration_ms=25.91
[WebServer] 2026-10-04 20:49:08,079 INFO goatfarm [c0e7dfcc2432448aaca9e7653f099a2d] request method=POST path=/api/auth/refresh status=401 duration_ms=0.66
[WebServer] 2026-10-04 20:49:08,145 INFO goatfarm [4fa14cb03c7c408d96f7960150249eab] request method=GET path=/api/auth/worker-roster status=200 duration_ms=5.93
[WebServer] 2026-10-04 20:49:08,620 INFO goatfarm.audit [504025c97c6d4b88a9dd58edc60e67a2] security_event event='auth.worker_pin.login_succeeded' farm_id=11 membership_id=19 user_id=41 — worker signed in on the tablet by PIN
[WebServer] 2026-10-04 20:49:08,620 INFO goatfarm [504025c97c6d4b88a9dd58edc60e67a2] request method=POST path=/api/auth/worker-login status=200 duration_ms=151.53
[WebServer] 2026-10-04 20:49:08,636 INFO goatfarm [362e564b08cf4ace8597f056ac1d841b] request method=GET path=/api/auth/farms status=200 duration_ms=12.40
[WebServer] 2026-10-04 20:49:08,651 INFO goatfarm [b9b03fca82224e33befa532e8f4bdf6d] request method=GET path=/api/auth/worker-roster status=200 duration_ms=6.16
[WebServer] 2026-10-04 20:49:08,660 INFO goatfarm [79edcc44ab434186be6ad624b51f6817] request method=GET path=/api/auth/permissions status=200 duration_ms=14.03
[WebServer] 2026-10-04 20:49:08,698 INFO goatfarm [557157a095b94bd789f2006dde5f4e5e] request method=GET path=/api/tasks status=200 duration_ms=29.37
[WebServer] 2026-10-04 20:49:09,134 INFO goatfarm [5d73c04a92f84410836139f95b86f2da] request method=POST path=/api/auth/refresh status=200 duration_ms=108.25
[WebServer] 2026-10-04 20:49:09,147 INFO goatfarm [0dcc8fbe340b4700be7c643e6861cf86] request method=GET path=/api/auth/farms status=200 duration_ms=9.48
[WebServer] 2026-10-04 20:49:09,172 INFO goatfarm [7b932c1ff08d47cd89667d3ce3477227] request method=GET path=/api/auth/permissions status=200 duration_ms=10.83
[WebServer] 2026-10-04 20:49:09,204 INFO goatfarm [489230a2fc18437ea0817273beda7c15] request method=GET path=/api/tasks status=200 duration_ms=25.97
[WebServer] 2026-10-04 20:49:09,393 INFO goatfarm [8899a8fac0f944838115d96ca9342db3] request method=POST path=/api/auth/login status=200 duration_ms=137.86
[WebServer] 2026-10-04 20:49:09,404 INFO goatfarm [b14d8554c53844c38aa4cb090bb5c864] request method=GET path=/api/tasks/184 status=200 duration_ms=8.86
[WebServer] 2026-10-04 20:49:09,451 INFO goatfarm [ef95f064230a43e8b5d6c93d560a4d77] request method=POST path=/api/tasks/184/complete status=200 duration_ms=26.86
[WebServer] 2026-10-04 20:49:09,644 INFO goatfarm [c64c38d96e5845278e0adb515f585fa6] request method=POST path=/api/auth/login status=200 duration_ms=140.31
[WebServer] 2026-10-04 20:49:09,655 INFO goatfarm [2e850bc62ebd4e50a0ce3a0aa4f6fa0d] request method=GET path=/api/tasks/184 status=200 duration_ms=8.96
[WebServer] 2026-10-04 20:49:09,683 INFO goatfarm.audit [fa8cc3c90ec94591877b6003ba535531] security_event event='auth.logout.completed' user_id=41 session_origin='PIN' family_id='6ae206e91df34c099112b96c56edc958' revocation_scope='refresh_family' — logout revoked authenticated session state
[WebServer] 2026-10-04 20:49:09,683 INFO goatfarm [fa8cc3c90ec94591877b6003ba535531] request method=POST path=/api/auth/logout status=204 duration_ms=13.33
[WebServer] 2026-10-04 20:49:09,692 INFO goatfarm [379c43fff6e5456191f1de85144421c8] request method=GET path=/api/auth/worker-roster status=200 duration_ms=3.89
  ✓  103 [Mobile Safari] › e2e/worker-tablet-journey.spec.ts:57:3 › worker tablet › PIN login, offline completion, sync with attribution (3.8s)
[WebServer] 2026-10-04 20:49:09,985 INFO goatfarm [3768423799614955902824cadd474728] request method=POST path=/api/auth/login status=200 duration_ms=142.01
[WebServer] 2026-10-04 20:49:09,993 INFO goatfarm [4545a3bcc1f44f4a9ccb135cafbe1f99] request method=GET path=/api/auth/farms status=200 duration_ms=5.46
[WebServer] 2026-10-04 20:49:10,134 INFO goatfarm [d6207296326f4a40b6cce77955747293] request method=POST path=/api/auth/login status=200 duration_ms=139.65
[WebServer] 2026-10-04 20:49:10,150 INFO goatfarm [a5601b2bc64f48808e57a678199294d9] request method=GET path=/api/team status=200 duration_ms=13.99
[WebServer] 2026-10-04 20:49:10,291 INFO goatfarm [f546300c8837413ebe638acab4cf8717] request method=POST path=/api/auth/login status=200 duration_ms=138.90
[WebServer] 2026-10-04 20:49:10,397 INFO goatfarm.audit [e5bd64bab87940d7bb74448141e897a8] security_event event='team.worker.create' farm_id=11 actor_id=24 membership_id=21 user_id=43 role_id=98 — provisioned worker account with must-change credential
[WebServer] 2026-10-04 20:49:10,398 INFO goatfarm [e5bd64bab87940d7bb74448141e897a8] request method=POST path=/api/team/workers status=201 duration_ms=103.61
[WebServer] 2026-10-04 20:49:10,542 INFO goatfarm [c1384aba65d04a75bcf658f5ab3b73fa] request method=POST path=/api/auth/login status=200 duration_ms=142.20
[WebServer] 2026-10-04 20:49:10,592 INFO goatfarm [a8cf10346405451098d8992f5c383709] request method=POST path=/api/animals status=201 duration_ms=47.82
[WebServer] 2026-10-04 20:49:10,732 INFO goatfarm [86ba88babf6747b2bd71924a72ac8886] request method=POST path=/api/auth/login status=200 duration_ms=138.27
[WebServer] 2026-10-04 20:49:10,753 INFO goatfarm [a9f6841df655449489b54df62692631a] request method=POST path=/api/animals status=201 duration_ms=18.38
[WebServer] 2026-10-04 20:49:10,898 INFO goatfarm [c0054996ae8a45b58cdf39fa12896c64] request method=POST path=/api/auth/login status=200 duration_ms=142.32
[WebServer] 2026-10-04 20:49:10,932 INFO goatfarm [50aa84506f0946968fc2e4933d2431e2] request method=POST path=/api/breeding status=201 duration_ms=32.68
[WebServer] 2026-10-04 20:49:11,071 INFO goatfarm [0cdaff1ea79d4e638d09e5b0c8cd52e7] request method=POST path=/api/auth/login status=200 duration_ms=137.18
[WebServer] 2026-10-04 20:49:11,103 INFO goatfarm [b3c565bad204481381fe751cd13c168e] request method=GET path=/api/tasks status=200 duration_ms=29.02
[WebServer] 2026-10-04 20:49:11,316 INFO goatfarm [3fea5300c9c7485694dd8efbf207413e] request method=POST path=/api/auth/refresh status=401 duration_ms=0.59
[WebServer] 2026-10-04 20:49:11,382 INFO goatfarm [cdf1e4e5f5eb489fa3ce8ea79e3bdcdc] request method=GET path=/api/auth/worker-roster status=200 duration_ms=8.18
[WebServer] 2026-10-04 20:49:11,826 INFO goatfarm.audit [ff44566809f94ae4af573bb63bb7d77c] security_event event='auth.worker_pin.login_succeeded' farm_id=11 membership_id=21 user_id=43 — worker signed in on the tablet by PIN
[WebServer] 2026-10-04 20:49:11,826 INFO goatfarm [ff44566809f94ae4af573bb63bb7d77c] request method=POST path=/api/auth/worker-login status=200 duration_ms=148.81
[WebServer] 2026-10-04 20:49:11,840 INFO goatfarm [827cfe307bc74ea888a90a2177cd7a11] request method=GET path=/api/auth/farms status=200 duration_ms=10.30
[WebServer] 2026-10-04 20:49:11,853 INFO goatfarm [5fe2fab8d01340d7aa49b287b1377b9b] request method=GET path=/api/auth/worker-roster status=200 duration_ms=6.32
[WebServer] 2026-10-04 20:49:11,861 INFO goatfarm [33ca5987fc904cd993b3d659c605d3d9] request method=GET path=/api/auth/permissions status=200 duration_ms=13.58
[WebServer] 2026-10-04 20:49:11,895 INFO goatfarm [62305fde708f4db8985f987523991943] request method=GET path=/api/tasks status=200 duration_ms=24.88
  ✓  104 [Mobile Safari] › e2e/worker-tablet-journey.spec.ts:248:3 › worker tablet › form-linked duty deep-links to its form and carries returnTo=/worker (2.3s)
[WebServer] 2026-10-04 20:49:12,004 INFO goatfarm [52cdd43b17ed41e5bcfbd2d72b87ffca] request method=GET path=/api/breeding status=200 duration_ms=23.28

  1 skipped
  103 passed (3.7m)
