path,category,inventory_bytes,inventory_newline_count,sha256,semantic_review_depth,reviewers,mechanical_and_test_verification,review_notes
.dockerignore,build_tooling_or_repository_configuration,1247,53,23215dcea7f284a896c79620a538ad6e09cf0f5b30f08b59d393b045071a11e3,complete_semantic_source_review,platform_quality,Content/metadata inventory; no dedicated execution verification asserted,Read ranges 1-53
.env.example,deployment_configuration,12394,199,596908d662e467ea39b172a97461edfd7388668af11f9babce53e273e4343c0d,complete_semantic_source_review,platform_quality,Content/metadata inventory; no dedicated execution verification asserted,Read ranges 1-199
.github/dependabot.yml,deployment_configuration,529,24,92c2f137e23e542fcf1b676d5cb4440792cfcd00fe98a7fe09a5b6a54895ac8e,complete_semantic_source_review,platform_quality,Content/metadata inventory; no dedicated execution verification asserted,Read ranges 1-24
.github/scripts/gate_sarif.py,operational_script_or_template,5755,156,bc4e5f1e9ff036675bd303d0f69dff4dc4bd4a6a0ace3b825db2423bfcb19541,complete_semantic_source_review,platform_quality,Full Python syntax/AST parse using Python 3.13.15; Ruff project checks passed,Read ranges 1-156
.github/workflows/ci.yml,deployment_configuration,24548,545,eddd910c34c9835d13436c66f0324a16a0e6a4721726593289dc08bd7c6c943b,complete_semantic_source_review,platform_quality,Content/metadata inventory; no dedicated execution verification asserted,Read ranges 1-545
.github/workflows/release.yml,deployment_configuration,21068,461,7deb8c710b5529a4b8529f3174064f2a9c9e2bc6e516a66983fe0aa2edc05f27,complete_semantic_source_review,platform_quality,Content/metadata inventory; no dedicated execution verification asserted,Read ranges 1-461
.github/workflows/security.yml,deployment_configuration,10399,239,ea7258e88ac9f4565b78e409233d3a7ab8bae3fc8eeca683e4253e83fc0b32f5,complete_semantic_source_review,platform_quality,Content/metadata inventory; no dedicated execution verification asserted,Read ranges 1-239
.gitignore,build_tooling_or_repository_configuration,906,49,12dcd5bfd1a0f13048d90b87d1d70e19a623df2aac540c92d5c12762f2c22bf7,complete_semantic_source_review,platform_quality,Content/metadata inventory; no dedicated execution verification asserted,Read ranges 1-49
.gitleaks.toml,build_tooling_or_repository_configuration,1186,25,a8a9d06e7c8718e77e506ea29b8e7c6eda4fd76687202097df18b916650bf399,complete_semantic_source_review,platform_quality,Content/metadata inventory; no dedicated execution verification asserted,Read ranges 1-25
.trivyignore.compose-images,build_tooling_or_repository_configuration,2874,82,9cf85855d80f865b6a77b3fad87acb0edb1a7d355cb790f274e4b0e1a40a9f81,complete_semantic_source_review,platform_quality,Content/metadata inventory; no dedicated execution verification asserted,Read ranges 1-82
AUDIT_2026-10-01/00-MASTER.md,documentation,28913,475,8f160c0384786a4facd0ed53ebe01b798bcd4e0064e79fdc70a5ed3c1ca01b32,inventory_only,,Content/metadata inventory; no dedicated execution verification asserted,
AUDIT_2026-10-01/01-security-access-control.md,documentation,16196,141,9ab8a299b5dcd929bda0e13d7b04f3133358c683d14b72cef807ec4ad5acfb7c,inventory_only,,Content/metadata inventory; no dedicated execution verification asserted,
AUDIT_2026-10-01/02-livestock-domain-logic.md,documentation,19122,348,7eaee5fad73e547028c30bfc78f5e62129c524b455a6968ec8d6ef9fe0d3a79a,inventory_only,,Content/metadata inventory; no dedicated execution verification asserted,
AUDIT_2026-10-01/03-operations-domain-logic.md,documentation,16341,288,4356c6192bf140d89cf1abd8bcfb5beba0e5801e6a280a34c4fdee0c36c74381,inventory_only,,Content/metadata inventory; no dedicated execution verification asserted,
AUDIT_2026-10-01/04-data-layer-contract.md,documentation,26586,225,b36a9144f072d1919e532671e1bd837d3906d77295f5d3eef4fb16b85b1d6c98,inventory_only,,Content/metadata inventory; no dedicated execution verification asserted,
AUDIT_2026-10-01/05-frontend-livestock-journeys.md,documentation,16262,139,cb664ec2d96c34b4997af6bc61ca821888f91564ae8e5bca141da4881d39a433,inventory_only,,Content/metadata inventory; no dedicated execution verification asserted,
AUDIT_2026-10-01/06-frontend-ops-components.md,documentation,17813,218,88e7a19346308e6730706eaed277ef86a3903fca87b482a7f53a12e263ecac29,inventory_only,,Content/metadata inventory; no dedicated execution verification asserted,
AUDIT_2026-10-01/07-offline-client-data-layer.md,documentation,23050,169,90eadedb7aa2acc902ea5799da58c0b2cd27aaf4f718ce9d842578831301292a,inventory_only,,Content/metadata inventory; no dedicated execution verification asserted,
AUDIT_2026-10-01/08-simulation-concurrency.md,documentation,25094,160,d0b815e3f36a6320bcbeefbfcf2e54c318f23a916657c8f785cea991986ccc2c,inventory_only,,Content/metadata inventory; no dedicated execution verification asserted,
AUDIT_2026-10-01/09-infrastructure-supply-chain.md,documentation,23267,302,4163218ffbfb903703416d6548e1df848fe77db54fc49b9e9cde370bf7de151b,inventory_only,,Content/metadata inventory; no dedicated execution verification asserted,
AUDIT_2026-10-01/10-test-integrity.md,documentation,40500,565,5b5e62c3768710e81e939eceabce28698fbdb8a115e0d22ffaab1d8fa21b784e,inventory_only,,Content/metadata inventory; no dedicated execution verification asserted,
AUDIT_AND_IMPLEMENTATION_PLAYBOOK.md,documentation,31057,252,8c25c51242b3fdf7805000fda10b4d824d5cf6821cd2a7f2b585edaf004fd49f,inventory_only,,Content/metadata inventory; no dedicated execution verification asserted,
AUDIT_REPORT_2026-09-28.md,documentation,46257,205,efd68bf58692f403db48a200e58e46b60f151656594744a3153eb79ed9fa48cf,inventory_only,,Content/metadata inventory; no dedicated execution verification asserted,
Dockerfile,deployment_configuration,4568,86,bcbfb55687c083708ec15d7c7e188a34277d3720c0e16526708361ce64fb16f3,complete_semantic_source_review,platform_quality,Content/metadata inventory; no dedicated execution verification asserted,Read ranges 1-86
MUTATION_TESTING_REPORT.md,documentation,11557,212,b0bb23d81817299bc256252a579eb626e01eb2ab2308b3c82e73efbafa25dcd2,inventory_only,,Content/metadata inventory; no dedicated execution verification asserted,
README.md,documentation,94844,1576,ef708f4147c9edd3ce0956e68a88a18bc992e24d71470853eb408ade4bde41dc,sampled_semantic_review,database_quality,Content/metadata inventory; no dedicated execution verification asserted,"Semantically read deployment/migration/backup/retention context at140-178,741-778,980-1008,1140-1168; later repeated140-161,741-775. Full-file targeted searches only outside samples."
backend/.env.example,deployment_configuration,20615,356,decbb4f7adba8f245f99785be8dc3a47f1d6fb52b73a689aa60b47aaf6784643,complete_semantic_source_review,coverage_ledger,Content/metadata inventory; no dedicated execution verification asserted,"Complete displayed source read: configuration/documentation control meanings, defaults and reproducibility assessed; no source edits"
backend/.python-version,build_tooling_or_repository_configuration,5,1,02e735b3dfe1c32833eb550b7ff8ffa17f5f2bc3fa1e7bae61a8f5a3883ce398,complete_semantic_source_review,coverage_ledger,Content/metadata inventory; no dedicated execution verification asserted,"Complete displayed source read: configuration/documentation control meanings, defaults and reproducibility assessed; no source edits"
backend/alembic.ini,build_tooling_or_repository_configuration,556,38,9d1449da4aa9bdc921cce7c36ea979c4f0c15a5a5790315de9f9120c2a3ce17b,complete_semantic_source_review,coverage_ledger,Content/metadata inventory; no dedicated execution verification asserted,"Complete displayed source read: configuration/documentation control meanings, defaults and reproducibility assessed; no source edits"
backend/alembic/env.py,database_migration,5709,122,ec7b71dce4cd31d2230a7c1dfcae7b73682986cd1f890f2ff4ad84b6f595de93,complete_semantic_source_review,database_quality,Full Python syntax/AST parse using Python 3.13.15; Ruff project checks passed; Complete online upgrade to sole head on isolated E2E DB; alembic check found no schema operations; offline SQL rendering has findings,"Complete online/offline engine, transaction and lock semantic reading; offline render exercised with dummy URL."
backend/alembic/script.py.mako,database_migration,596,25,6c5bb3c951e440a66a839651897568cd166a7f51a66323c79261310c3a963708,complete_semantic_source_review,database_quality,Complete online upgrade to sole head on isolated E2E DB; alembic check found no schema operations; offline SQL rendering has findings,Complete migration-generation template reading.
backend/alembic/versions/91a712b0367b_tasks_skipped_by_id.py,database_migration,1138,35,a94a248d7640d5c87b001daafaf13e357bea54353662c9da155d0596d605c267,complete_semantic_source_review,database_quality,Full Python syntax/AST parse using Python 3.13.15; Ruff project checks passed; Complete online upgrade to sole head on isolated E2E DB; alembic check found no schema operations; offline SQL rendering has findings,Complete semantic upgrade/downgrade/data/trigger reading; also full-source AST revision-graph/import inspection. No online apply.
backend/alembic/versions/a19b2569d466_users_totp_columns.py,database_migration,2016,58,3210beda9bbcd5fe9036aca7f73eb79e22f31bdb0a44dd9a54e5ec476fdc576f,complete_semantic_source_review,database_quality,Full Python syntax/AST parse using Python 3.13.15; Ruff project checks passed; Complete online upgrade to sole head on isolated E2E DB; alembic check found no schema operations; offline SQL rendering has findings,Complete semantic upgrade/downgrade/data/trigger reading; also full-source AST revision-graph/import inspection. No online apply.
backend/alembic/versions/a1b2c3d4e5f6_planner_plans.py,database_migration,1815,52,5bf600e5242fb5a4687a382df620385bdcbd0f3d00eb15504c22d33d506bea72,complete_semantic_source_review,database_quality,Full Python syntax/AST parse using Python 3.13.15; Ruff project checks passed; Complete online upgrade to sole head on isolated E2E DB; alembic check found no schema operations; offline SQL rendering has findings,Complete semantic upgrade/downgrade/data/trigger reading; also full-source AST revision-graph/import inspection. No online apply.
backend/alembic/versions/a1b2c3d4e5f7_repair_non_pending_personal_task_roles.py,database_migration,2503,62,077ef0159215c76d547a919f834b17cf7bd836702bbe7c1f05d3ec65aa8a7c50,complete_semantic_source_review,database_quality,Full Python syntax/AST parse using Python 3.13.15; Ruff project checks passed; Complete online upgrade to sole head on isolated E2E DB; alembic check found no schema operations; offline SQL rendering has findings,Complete semantic upgrade/downgrade/data/trigger reading; also full-source AST revision-graph/import inspection. No online apply.
backend/alembic/versions/a4b5c6d7e8f9_screening_join_indexes.py,database_migration,4386,115,504e811cf27fb5d27f0442bf490109e09333ab4edad992e6f2856ad421e8c745,complete_semantic_source_review,database_quality,Full Python syntax/AST parse using Python 3.13.15; Ruff project checks passed; Complete online upgrade to sole head on isolated E2E DB; alembic check found no schema operations; offline SQL rendering has findings,Complete semantic upgrade/downgrade/data/trigger reading; also full-source AST revision-graph/import inspection. No online apply.
backend/alembic/versions/a4d9e6f2b701_domain_integrity_traceability.py,database_migration,4317,106,d4f1fe3f1285453348b2de6051b78ce36bf4ad73086b24662f4722060956535d,complete_semantic_source_review,database_quality,Full Python syntax/AST parse using Python 3.13.15; Ruff project checks passed; Complete online upgrade to sole head on isolated E2E DB; alembic check found no schema operations; offline SQL rendering has findings,Complete semantic upgrade/downgrade/data/trigger reading; also full-source AST revision-graph/import inspection. No online apply.
backend/alembic/versions/a6c9e2f4b7d1_ops_and_feed_provenance_corrections.py,database_migration,5527,154,5380e1af30bde716326af739e0bc41ed7eed010b8685a3bd13a581c38d1f3f06,complete_semantic_source_review,database_quality,Full Python syntax/AST parse using Python 3.13.15; Ruff project checks passed; Complete online upgrade to sole head on isolated E2E DB; alembic check found no schema operations; offline SQL rendering has findings,Complete semantic upgrade/downgrade/data/trigger reading; also full-source AST revision-graph/import inspection. No online apply.
backend/alembic/versions/a6d4e2f9c8b7_insurance_audit_finance_planner_integrity.py,database_migration,7113,196,ac16f8a8de036624932e40c9cdaf160da6cbdf16688c8021ac536a1bff9330b8,complete_semantic_source_review,database_quality,Full Python syntax/AST parse using Python 3.13.15; Ruff project checks passed; Complete online upgrade to sole head on isolated E2E DB; alembic check found no schema operations; offline SQL rendering has findings,Complete semantic upgrade/downgrade/data/trigger reading; also full-source AST revision-graph/import inspection. No online apply.
backend/alembic/versions/a7b8c9d0e1f2_kidding_husbandry_care_fields.py,database_migration,2308,59,c3f77aa6fc31d7d333ef70ace2537de8ba494c0f797d473e8b268dfa24db102f,complete_semantic_source_review,database_quality,Full Python syntax/AST parse using Python 3.13.15; Ruff project checks passed; Complete online upgrade to sole head on isolated E2E DB; alembic check found no schema operations; offline SQL rendering has findings,Complete semantic upgrade/downgrade/data/trigger reading; also full-source AST revision-graph/import inspection. No online apply.
backend/alembic/versions/a7c8d9e0f1b2_add_disease_screening.py,database_migration,7673,188,07f51f69086e988293a8804f863cf0e3ae23a487617df9779b257cddaa3def78,complete_semantic_source_review,database_quality,Full Python syntax/AST parse using Python 3.13.15; Ruff project checks passed; Complete online upgrade to sole head on isolated E2E DB; alembic check found no schema operations; offline SQL rendering has findings,Complete semantic upgrade/downgrade/data/trigger reading; also full-source AST revision-graph/import inspection. No online apply.
backend/alembic/versions/a7c9e2f4b1d8_auth_session_and_team_hardening.py,database_migration,1985,71,b3b318d7d7961263415633c684ed54d3989f5500022a920d378946694557493d,complete_semantic_source_review,database_quality,Full Python syntax/AST parse using Python 3.13.15; Ruff project checks passed; Complete online upgrade to sole head on isolated E2E DB; alembic check found no schema operations; offline SQL rendering has findings,Complete semantic upgrade/downgrade/data/trigger reading; also full-source AST revision-graph/import inspection. No online apply.
backend/alembic/versions/a8c0e2f4b6d8_movement_restriction_alert.py,database_migration,848,32,4672b30fd85a4e1baeac5d0be3e4e29cc9c9adb1b1a076d25606774f15ac147c,complete_semantic_source_review,database_quality,Full Python syntax/AST parse using Python 3.13.15; Ruff project checks passed; Complete online upgrade to sole head on isolated E2E DB; alembic check found no schema operations; offline SQL rendering has findings,Complete semantic upgrade/downgrade/data/trigger reading; also full-source AST revision-graph/import inspection. No online apply.
backend/alembic/versions/b1c2d3e4f5a6_integrity_concurrency_hardening.py,database_migration,9648,267,6d78e2bee4d25100449692d73dae7b5c906825e1d36d5844f4712d6fa3ac9122,complete_semantic_source_review,database_quality,Full Python syntax/AST parse using Python 3.13.15; Ruff project checks passed; Complete online upgrade to sole head on isolated E2E DB; alembic check found no schema operations; offline SQL rendering has findings,Complete semantic upgrade/downgrade/data/trigger reading; also full-source AST revision-graph/import inspection. No online apply.
backend/alembic/versions/b1c3d5e7f9a2_drop_redundant_single_column_indexes.py,database_migration,2139,53,c4e22a049c63298c1df220ca092d9f2b6ba97fc4c4945c1589a6ec3b42f8e790,complete_semantic_source_review,database_quality,Full Python syntax/AST parse using Python 3.13.15; Ruff project checks passed; Complete online upgrade to sole head on isolated E2E DB; alembic check found no schema operations; offline SQL rendering has findings,Complete semantic upgrade/downgrade/data/trigger reading; also full-source AST revision-graph/import inspection. No online apply.
backend/alembic/versions/b2c3d4e5f6a8_utc_transaction_created_at_default.py,database_migration,1641,40,738ebc6155e498274d71e1f3371a8347122b8a42b34cc29d30ec716dabf8c35f,complete_semantic_source_review,database_quality,Full Python syntax/AST parse using Python 3.13.15; Ruff project checks passed; Complete online upgrade to sole head on isolated E2E DB; alembic check found no schema operations; offline SQL rendering has findings,Complete semantic upgrade/downgrade/data/trigger reading; also full-source AST revision-graph/import inspection. No online apply.
backend/alembic/versions/b3d7f1a5c9e2_farm_type_and_dairy_support.py,database_migration,9379,207,7c8b833915f5fd6adb48ccb4737158ca94b1e11a82b2bc464c2af3b92629e5be,complete_semantic_source_review,database_quality,Full Python syntax/AST parse using Python 3.13.15; Ruff project checks passed; Complete online upgrade to sole head on isolated E2E DB; alembic check found no schema operations; offline SQL rendering has findings,Complete semantic upgrade/downgrade/data/trigger reading; also full-source AST revision-graph/import inspection. No online apply.
backend/alembic/versions/b3e91c47a2f5_refresh_sessions.py,database_migration,2204,51,156ab938ae4ca50a20cd0d71b5552ecd03828b7170d1317b85b69073ac6225ba,complete_semantic_source_review,database_quality,Full Python syntax/AST parse using Python 3.13.15; Ruff project checks passed; Complete online upgrade to sole head on isolated E2E DB; alembic check found no schema operations; offline SQL rendering has findings,Complete semantic upgrade/downgrade/data/trigger reading; also full-source AST revision-graph/import inspection. No online apply.
backend/alembic/versions/b5c6d7e8f9a0_timestamp_server_defaults.py,database_migration,1896,57,174f53729a1810e6f165d3afcc3e2d53e76afb0d437f40dbb4f0987b81c08e7c,complete_semantic_source_review,database_quality,Full Python syntax/AST parse using Python 3.13.15; Ruff project checks passed; Complete online upgrade to sole head on isolated E2E DB; alembic check found no schema operations; offline SQL rendering has findings,Complete semantic upgrade/downgrade/data/trigger reading; also full-source AST revision-graph/import inspection. No online apply.
backend/alembic/versions/b5d7f9a1c3e5_backfill_species_reference_data.py,database_migration,5067,119,9cd94b3762ef264d5e9a44c27091a2da2e186760d03809cc6043c72e18699970,complete_semantic_source_review,database_quality,Full Python syntax/AST parse using Python 3.13.15; Ruff project checks passed; Complete online upgrade to sole head on isolated E2E DB; alembic check found no schema operations; offline SQL rendering has findings,Complete semantic upgrade/downgrade/data/trigger reading; also full-source AST revision-graph/import inspection. No online apply.
backend/alembic/versions/b6d8f0a2c4e6_history_tables_tenant_foreign_keys.py,database_migration,4230,113,2166dc4ee20632567e851f0b6904efa40678edf5028f5730daa950feb698be89,complete_semantic_source_review,database_quality,Full Python syntax/AST parse using Python 3.13.15; Ruff project checks passed; Complete online upgrade to sole head on isolated E2E DB; alembic check found no schema operations; offline SQL rendering has findings,Complete semantic upgrade/downgrade/data/trigger reading; also full-source AST revision-graph/import inspection. No online apply.
backend/alembic/versions/b7c1d5e9f3a2_task_provenance_title_keys_water_category.py,database_migration,5669,149,3537915f5cfcb17baa6dc1c000ad1883480dc1fea00cddcbdeff73033c4a4cdc,complete_semantic_source_review,database_quality,Full Python syntax/AST parse using Python 3.13.15; Ruff project checks passed; Complete online upgrade to sole head on isolated E2E DB; alembic check found no schema operations; offline SQL rendering has findings,Complete semantic upgrade/downgrade/data/trigger reading; also full-source AST revision-graph/import inspection. No online apply.
backend/alembic/versions/b7c8d9e0f1a2_health_compliance_metadata.py,database_migration,3715,99,b6597a69ae5caec47042d2ccca0f10055540c7b01e440c8f86c88a60c10eda84,complete_semantic_source_review,database_quality,Full Python syntax/AST parse using Python 3.13.15; Ruff project checks passed; Complete online upgrade to sole head on isolated E2E DB; alembic check found no schema operations; offline SQL rendering has findings,Complete semantic upgrade/downgrade/data/trigger reading; also full-source AST revision-graph/import inspection. No online apply.
backend/alembic/versions/b7e8f9a0c1d2_merge_screening_and_finance_integrity_heads.py,database_migration,756,26,99b8f71e824f700a01c8b7d47a677c1450c09723e2f3ef261ba9d88969af815a,complete_semantic_source_review,database_quality,Full Python syntax/AST parse using Python 3.13.15; Ruff project checks passed; Complete online upgrade to sole head on isolated E2E DB; alembic check found no schema operations; offline SQL rendering has findings,Complete semantic upgrade/downgrade/data/trigger reading; also full-source AST revision-graph/import inspection. No online apply.
backend/alembic/versions/b8c9d0e1f2a3_purchase_batch_provenance.py,database_migration,2433,69,26a135bd290caffed890108499626155baf43c324ec934c9e67b0cda6f0f9d40,complete_semantic_source_review,database_quality,Full Python syntax/AST parse using Python 3.13.15; Ruff project checks passed; Complete online upgrade to sole head on isolated E2E DB; alembic check found no schema operations; offline SQL rendering has findings,Complete semantic upgrade/downgrade/data/trigger reading; also full-source AST revision-graph/import inspection. No online apply.
backend/alembic/versions/b8d9e0f2a3c4_screening_phase2_rotation_specialists_review.py,database_migration,3244,82,204621973e60afcb5d737ffaf7e91bcdf40dcb4e5ca34caa268b571b8a7ea8d5,complete_semantic_source_review,database_quality,Full Python syntax/AST parse using Python 3.13.15; Ruff project checks passed; Complete online upgrade to sole head on isolated E2E DB; alembic check found no schema operations; offline SQL rendering has findings,Complete semantic upgrade/downgrade/data/trigger reading; also full-source AST revision-graph/import inspection. No online apply.
backend/alembic/versions/b9c0d1e2f3a4_screening_attempt_budget.py,database_migration,1202,36,cd90106af2fc9b9b0df1e13e8962544190ec97e21f5481e96675f927c36f998a,complete_semantic_source_review,database_quality,Full Python syntax/AST parse using Python 3.13.15; Ruff project checks passed; Complete online upgrade to sole head on isolated E2E DB; alembic check found no schema operations; offline SQL rendering has findings,Complete semantic upgrade/downgrade/data/trigger reading; also full-source AST revision-graph/import inspection. No online apply.
backend/alembic/versions/b9d1f3a5c7e9_screening_images_bigint.py,database_migration,921,36,9db9033b1b3b4fadc1732c144a8d5727c0d61b53ff8d7e90afaf50420a99b10d,complete_semantic_source_review,database_quality,Full Python syntax/AST parse using Python 3.13.15; Ruff project checks passed; Complete online upgrade to sole head on isolated E2E DB; alembic check found no schema operations; offline SQL rendering has findings,Complete semantic upgrade/downgrade/data/trigger reading; also full-source AST revision-graph/import inspection. No online apply.
backend/alembic/versions/b9e1c2d3f4a5_reproductive_outcome_integrity.py,database_migration,11951,309,9cccfbb95f035d88e3cc25e3e42d5495293db23aa56f23a4088aa76a8d7dbf0a,complete_semantic_source_review,database_quality,Full Python syntax/AST parse using Python 3.13.15; Ruff project checks passed; Complete online upgrade to sole head on isolated E2E DB; alembic check found no schema operations; offline SQL rendering has findings,Complete semantic upgrade/downgrade/data/trigger reading; also full-source AST revision-graph/import inspection. No online apply.
backend/alembic/versions/bd201c1cdc1b_goat_only_simplification.py,database_migration,14132,322,6ee693b2494449d634b1d8b784953e08cc2e660af82737ce94425429ea97abc2,complete_semantic_source_review,database_quality,Full Python syntax/AST parse using Python 3.13.15; Ruff project checks passed; Complete online upgrade to sole head on isolated E2E DB; alembic check found no schema operations; offline SQL rendering has findings,Complete semantic upgrade/downgrade/data/trigger reading; also full-source AST revision-graph/import inspection. No online apply.
backend/alembic/versions/c1d2e3f4a5b6_domain_check_constraints.py,database_migration,17411,512,cff561abe0ac5fa3949edce824b218420ac29c313d594dc105223e3d8cc95733,complete_semantic_source_review,database_quality,Full Python syntax/AST parse using Python 3.13.15; Ruff project checks passed; Complete online upgrade to sole head on isolated E2E DB; alembic check found no schema operations; offline SQL rendering has findings,Complete semantic upgrade/downgrade/data/trigger reading; also full-source AST revision-graph/import inspection. No online apply.
backend/alembic/versions/c1d3e5f7a9b4_notification_recipients_membership_tenant_fk.py,database_migration,2447,71,e053bfab60904210f7b92d3142cf60ca561e1467c7ab17f82350f66ccc246d7b,complete_semantic_source_review,database_quality,Full Python syntax/AST parse using Python 3.13.15; Ruff project checks passed; Complete online upgrade to sole head on isolated E2E DB; alembic check found no schema operations; offline SQL rendering has findings,Complete semantic upgrade/downgrade/data/trigger reading; also full-source AST revision-graph/import inspection. No online apply.
backend/alembic/versions/c2a4e6b8d013_animal_sire_index.py,database_migration,3640,93,dd9ded297a08420f5f54518dcb6a4f1726fb2959c068272d047581b870f9218b,complete_semantic_source_review,database_quality,Full Python syntax/AST parse using Python 3.13.15; Ruff project checks passed; Complete online upgrade to sole head on isolated E2E DB; alembic check found no schema operations; offline SQL rendering has findings,Complete semantic upgrade/downgrade/data/trigger reading; also full-source AST revision-graph/import inspection. No online apply.
backend/alembic/versions/c3d4e5f6a7b1_kid_entry_tag_index_predicate.py,database_migration,2416,63,df0e47dc26371bc19d70bebd67053582f89a39b0c6b7f0493412132ddb2f7c4f,complete_semantic_source_review,database_quality,Full Python syntax/AST parse using Python 3.13.15; Ruff project checks passed; Complete online upgrade to sole head on isolated E2E DB; alembic check found no schema operations; offline SQL rendering has findings,Complete semantic upgrade/downgrade/data/trigger reading; also full-source AST revision-graph/import inspection. No online apply.
backend/alembic/versions/c3d4e5f6a7b8_famacha_duty_category.py,database_migration,2826,84,171d927d6daa8d7e71ec126babd3c25703e1bf334389a5280e6d8b47e39308b8,complete_semantic_source_review,database_quality,Full Python syntax/AST parse using Python 3.13.15; Ruff project checks passed; Complete online upgrade to sole head on isolated E2E DB; alembic check found no schema operations; offline SQL rendering has findings,Complete semantic upgrade/downgrade/data/trigger reading; also full-source AST revision-graph/import inspection. No online apply.
backend/alembic/versions/c3d5e7f9a1b3_totp_recovery_codes.py,database_migration,1741,50,b63dc3b5e77fafca19356dca6bf0c84832c018301081b8d68187220c8c720995,complete_semantic_source_review,database_quality,Full Python syntax/AST parse using Python 3.13.15; Ruff project checks passed; Complete online upgrade to sole head on isolated E2E DB; alembic check found no schema operations; offline SQL rendering has findings,Complete semantic upgrade/downgrade/data/trigger reading; also full-source AST revision-graph/import inspection. No online apply.
backend/alembic/versions/c3e5a9f1d7b4_residual_numerics_next_due_jsonb_guards.py,database_migration,10765,254,87a2264870fd31699b3bcb084393d65aa92ef800fb8165f8428b9eb2c0ada335,complete_semantic_source_review,database_quality,Full Python syntax/AST parse using Python 3.13.15; Ruff project checks passed; Complete online upgrade to sole head on isolated E2E DB; alembic check found no schema operations; offline SQL rendering has findings,Complete semantic upgrade/downgrade/data/trigger reading; also full-source AST revision-graph/import inspection. No online apply.
backend/alembic/versions/c4b72167db86_simulation_scenarios.py,database_migration,1785,54,954de05c7222f6f138c95bc3ba32daeb6fe95ca9db3860ddd6fb3f2d18750fba,complete_semantic_source_review,database_quality,Full Python syntax/AST parse using Python 3.13.15; Ruff project checks passed; Complete online upgrade to sole head on isolated E2E DB; alembic check found no schema operations; offline SQL rendering has findings,Complete semantic upgrade/downgrade/data/trigger reading; also full-source AST revision-graph/import inspection. No online apply.
backend/alembic/versions/c4d5e6f7a8b9_tasks_rejection_attribution.py,database_migration,2085,52,3b953b28227abd11b6271d90553811614b62c17344de363a9f764db978e6daa8,complete_semantic_source_review,database_quality,Full Python syntax/AST parse using Python 3.13.15; Ruff project checks passed; Complete online upgrade to sole head on isolated E2E DB; alembic check found no schema operations; offline SQL rendering has findings,Complete semantic upgrade/downgrade/data/trigger reading; also full-source AST revision-graph/import inspection. No online apply.
backend/alembic/versions/c4d8e1f9a2b7_screening_upload_hardening.py,database_migration,2950,85,588fcd25d57ffd3373c0ad32f63dab9cbe0b5dc0de579f37a3996e727fa7f78c,complete_semantic_source_review,database_quality,Full Python syntax/AST parse using Python 3.13.15; Ruff project checks passed; Complete online upgrade to sole head on isolated E2E DB; alembic check found no schema operations; offline SQL rendering has findings,Complete semantic upgrade/downgrade/data/trigger reading; also full-source AST revision-graph/import inspection. No online apply.
backend/alembic/versions/c4f6a8b0d2e5_json_columns_to_jsonb.py,database_migration,5247,128,66fb63819f17024f1fdc844add7807b9f86f76813d3c4f2748b81a8660fca93d,complete_semantic_source_review,database_quality,Full Python syntax/AST parse using Python 3.13.15; Ruff project checks passed; Complete online upgrade to sole head on isolated E2E DB; alembic check found no schema operations; offline SQL rendering has findings,Complete semantic upgrade/downgrade/data/trigger reading; also full-source AST revision-graph/import inspection. No online apply.
backend/alembic/versions/c5a8e1f3b7d2_milk_correction_audit_and_fat_pricing.py,database_migration,4739,107,1908a019aaaa7fe3017602fb586cc15ff5d0de12957899f3d74537f9e34fecca,complete_semantic_source_review,database_quality,Full Python syntax/AST parse using Python 3.13.15; Ruff project checks passed; Complete online upgrade to sole head on isolated E2E DB; alembic check found no schema operations; offline SQL rendering has findings,Complete semantic upgrade/downgrade/data/trigger reading; also full-source AST revision-graph/import inspection. No online apply.
backend/alembic/versions/c6d7e8f9a0b1_screening_finding_crop_bigint.py,database_migration,2704,70,eac539a4d708710504764035fc1b43d06d1bf0962ebb306dc442048f96bc3703,complete_semantic_source_review,database_quality,Full Python syntax/AST parse using Python 3.13.15; Ruff project checks passed; Complete online upgrade to sole head on isolated E2E DB; alembic check found no schema operations; offline SQL rendering has findings,Complete semantic upgrade/downgrade/data/trigger reading; also full-source AST revision-graph/import inspection. No online apply.
backend/alembic/versions/c7d8e9f0a1b2_index_hygiene_wave2.py,database_migration,5035,105,c0c77c3b9f6e75bd8ee15769a68ef9a927688f7021c89147be51d1393b6b4955,complete_semantic_source_review,database_quality,Full Python syntax/AST parse using Python 3.13.15; Ruff project checks passed; Complete online upgrade to sole head on isolated E2E DB; alembic check found no schema operations; offline SQL rendering has findings,Complete semantic upgrade/downgrade/data/trigger reading; also full-source AST revision-graph/import inspection. No online apply.
backend/alembic/versions/c8d2e6f0a4b3_updated_at_phenotype_vocabularies.py,database_migration,7640,176,0f49b0e69d9c51ca415344101d2d461c499df2929095c1d19befcc5f1e9e4985,complete_semantic_source_review,database_quality,Full Python syntax/AST parse using Python 3.13.15; Ruff project checks passed; Complete online upgrade to sole head on isolated E2E DB; alembic check found no schema operations; offline SQL rendering has findings,Complete semantic upgrade/downgrade/data/trigger reading; also full-source AST revision-graph/import inspection. No online apply.
backend/alembic/versions/c8f1d3a5e709_finance_feed_task_integrity.py,database_migration,11404,281,dfbef403a1ef84084536b5017aa39984dda46a51fa73bc51a881d36e4aa2006f,complete_semantic_source_review,database_quality,Full Python syntax/AST parse using Python 3.13.15; Ruff project checks passed; Complete online upgrade to sole head on isolated E2E DB; alembic check found no schema operations; offline SQL rendering has findings,Complete semantic upgrade/downgrade/data/trigger reading; also full-source AST revision-graph/import inspection. No online apply.
backend/alembic/versions/c9d0e1f2a3b4_sale_capture_and_death_audit_fields.py,database_migration,4182,116,dc5115063c0d210cc4d2921471d7783945de5096c225c8930b146254fed4ac23,complete_semantic_source_review,database_quality,Full Python syntax/AST parse using Python 3.13.15; Ruff project checks passed; Complete online upgrade to sole head on isolated E2E DB; alembic check found no schema operations; offline SQL rendering has findings,Complete semantic upgrade/downgrade/data/trigger reading; also full-source AST revision-graph/import inspection. No online apply.
backend/alembic/versions/c9e0f1a3b4d5_screening_phase3_crops_detection.py,database_migration,4435,112,5f2ad957240a5632868384d5eb79ca8da0f55d2bfbf470764539af7d436034cc,complete_semantic_source_review,database_quality,Full Python syntax/AST parse using Python 3.13.15; Ruff project checks passed; Complete online upgrade to sole head on isolated E2E DB; alembic check found no schema operations; offline SQL rendering has findings,Complete semantic upgrade/downgrade/data/trigger reading; also full-source AST revision-graph/import inspection. No online apply.
backend/alembic/versions/cad1e2f3a4b5_drop_unproducible_vocabularies.py,database_migration,4094,104,09e1bf04bc6a2c2a9cb4cda3e55d1a01a2d014a2f8aa99eae6d3446f9d0d0861,complete_semantic_source_review,database_quality,Full Python syntax/AST parse using Python 3.13.15; Ruff project checks passed; Complete online upgrade to sole head on isolated E2E DB; alembic check found no schema operations; offline SQL rendering has findings,Complete semantic upgrade/downgrade/data/trigger reading; also full-source AST revision-graph/import inspection. No online apply.
backend/alembic/versions/d0e1f2a3b4c5_insurance_register.py,database_migration,5008,131,2ca1c90463b3b7e8e9b6d9451e232ccab0f82425c98be526b4509d38893659b6,complete_semantic_source_review,database_quality,Full Python syntax/AST parse using Python 3.13.15; Ruff project checks passed; Complete online upgrade to sole head on isolated E2E DB; alembic check found no schema operations; offline SQL rendering has findings,Complete semantic upgrade/downgrade/data/trigger reading; also full-source AST revision-graph/import inspection. No online apply.
backend/alembic/versions/d0f1a2b3c4d6_screening_disease_check_batches.py,database_migration,3438,88,29019a4cb5a28308d7630739d48628dde1d629d52aa4f1505a875a758c66f2c3,complete_semantic_source_review,database_quality,Full Python syntax/AST parse using Python 3.13.15; Ruff project checks passed; Complete online upgrade to sole head on isolated E2E DB; alembic check found no schema operations; offline SQL rendering has findings,Complete semantic upgrade/downgrade/data/trigger reading; also full-source AST revision-graph/import inspection. No online apply.
backend/alembic/versions/d1c2b3a4e5f6_unassessed_breeding_service_outcome.py,database_migration,5108,130,f9c905077b5b5c0dae6d204d9f537b3029747744b66094d2f32be9b01789d199,complete_semantic_source_review,database_quality,Full Python syntax/AST parse using Python 3.13.15; Ruff project checks passed; Complete online upgrade to sole head on isolated E2E DB; alembic check found no schema operations; offline SQL rendering has findings,Complete semantic upgrade/downgrade/data/trigger reading; also full-source AST revision-graph/import inspection. No online apply.
backend/alembic/versions/d1e2f3a4b5c6_widen_gestation_check_constraints.py,database_migration,4346,107,4274a5c15d361b8ea02721e0c1a09998cf32c42d4dd38b5073932cc5bf1fce1f,complete_semantic_source_review,database_quality,Full Python syntax/AST parse using Python 3.13.15; Ruff project checks passed; Complete online upgrade to sole head on isolated E2E DB; alembic check found no schema operations; offline SQL rendering has findings,Complete semantic upgrade/downgrade/data/trigger reading; also full-source AST revision-graph/import inspection. No online apply.
backend/alembic/versions/d2e3f4a5b6c7_purchase_batch_sex.py,database_migration,1924,64,b0cd1881a486a44cb22cbae179ce533dd5094775cc079bab7d6fd4fcee597a13,complete_semantic_source_review,database_quality,Full Python syntax/AST parse using Python 3.13.15; Ruff project checks passed; Complete online upgrade to sole head on isolated E2E DB; alembic check found no schema operations; offline SQL rendering has findings,Complete semantic upgrade/downgrade/data/trigger reading; also full-source AST revision-graph/import inspection. No online apply.
backend/alembic/versions/d3b5f7c9e024_tag_namespace_farm_lock.py,database_migration,3868,104,c697e4722ec00ee5a1617b0e9fc2ee4292dd89d8dee3fcbc125bae4bb58afaac,complete_semantic_source_review,database_quality,Full Python syntax/AST parse using Python 3.13.15; Ruff project checks passed; Complete online upgrade to sole head on isolated E2E DB; alembic check found no schema operations; offline SQL rendering has findings,Complete semantic upgrade/downgrade/data/trigger reading; also full-source AST revision-graph/import inspection. No online apply.
backend/alembic/versions/d3f4a5b6c7d8_health_restriction_audit.py,database_migration,11515,349,785cfbf5c1b6cb9667055794ac867a049e96699bbd7fc51264b76abf15030873,complete_semantic_source_review,database_quality,Full Python syntax/AST parse using Python 3.13.15; Ruff project checks passed; Complete online upgrade to sole head on isolated E2E DB; alembic check found no schema operations; offline SQL rendering has findings,Complete semantic upgrade/downgrade/data/trigger reading; also full-source AST revision-graph/import inspection. No online apply.
backend/alembic/versions/d4e5f6a7b8c9_user_tombstones.py,database_migration,2492,76,721fe5f05565a940e44a4d5e7d7a8058b46be8a8b352bceede2a44661e6d8599,complete_semantic_source_review,database_quality,Full Python syntax/AST parse using Python 3.13.15; Ruff project checks passed; Complete online upgrade to sole head on isolated E2E DB; alembic check found no schema operations; offline SQL rendering has findings,Complete semantic upgrade/downgrade/data/trigger reading; also full-source AST revision-graph/import inspection. No online apply.
backend/alembic/versions/d4e6f8a0b2c4_worker_pin_auth.py,database_migration,1076,36,62d904ca0e532d112cfb83d7b1657269c5b65dff3373066e0a25c25542c7a697,complete_semantic_source_review,database_quality,Full Python syntax/AST parse using Python 3.13.15; Ruff project checks passed; Complete online upgrade to sole head on isolated E2E DB; alembic check found no schema operations; offline SQL rendering has findings,Complete semantic upgrade/downgrade/data/trigger reading; also full-source AST revision-graph/import inspection. No online apply.
backend/alembic/versions/d5e7f9a1b3c4_unique_preset_role_codes.py,database_migration,5523,143,c7472487071da4cccadec3e9b0c914294935415052de6e11e1224d6c1fd61c33,complete_semantic_source_review,database_quality,Full Python syntax/AST parse using Python 3.13.15; Ruff project checks passed; Complete online upgrade to sole head on isolated E2E DB; alembic check found no schema operations; offline SQL rendering has findings,Complete semantic upgrade/downgrade/data/trigger reading; also full-source AST revision-graph/import inspection. No online apply.
backend/alembic/versions/d7e8f9a0b1c2_health_schedule_template_links.py,database_migration,8859,250,9f3a1edd52f97cb5ef28f34c7e70986578c67d2a8c4d86920d6b686969a48766,complete_semantic_source_review,database_quality,Full Python syntax/AST parse using Python 3.13.15; Ruff project checks passed; Complete online upgrade to sole head on isolated E2E DB; alembic check found no schema operations; offline SQL rendering has findings,Complete semantic upgrade/downgrade/data/trigger reading; also full-source AST revision-graph/import inspection. No online apply.
backend/alembic/versions/d7e9f1a3b5c7_notifications_tenant_hardening.py,database_migration,4492,127,1f247fa1d4ad082ab608b90f6c45a7cf149a2e0dbbc53aa711f0f610745bf98a,complete_semantic_source_review,database_quality,Full Python syntax/AST parse using Python 3.13.15; Ruff project checks passed; Complete online upgrade to sole head on isolated E2E DB; alembic check found no schema operations; offline SQL rendering has findings,Complete semantic upgrade/downgrade/data/trigger reading; also full-source AST revision-graph/import inspection. No online apply.
backend/alembic/versions/d8e9f0a1b2c3_feeding_daily_indexes.py,database_migration,3846,100,74a1acfb4cc49cecf9f0074fee70b40b921785ba91641b26abf7aef30cd177da,complete_semantic_source_review,database_quality,Full Python syntax/AST parse using Python 3.13.15; Ruff project checks passed; Complete online upgrade to sole head on isolated E2E DB; alembic check found no schema operations; offline SQL rendering has findings,Complete semantic upgrade/downgrade/data/trigger reading; also full-source AST revision-graph/import inspection. No online apply.
backend/alembic/versions/d8f2b6a41e90_concurrency_indexes.py,database_migration,5775,140,b4c6fdd82cd022a022a264972dbc1c7eedf05cc81d4843435177a64ad109da34,complete_semantic_source_review,database_quality,Full Python syntax/AST parse using Python 3.13.15; Ruff project checks passed; Complete online upgrade to sole head on isolated E2E DB; alembic check found no schema operations; offline SQL rendering has findings,Complete semantic upgrade/downgrade/data/trigger reading; also full-source AST revision-graph/import inspection. No online apply.
backend/alembic/versions/d9e0f2a4b6c8_timestamp_server_defaults_wave2.py,database_migration,1945,62,a5db01ac167d2a340643b1dad77db3560893e76ba6b28d957abe278b8f41abe4,complete_semantic_source_review,database_quality,Full Python syntax/AST parse using Python 3.13.15; Ruff project checks passed; Complete online upgrade to sole head on isolated E2E DB; alembic check found no schema operations; offline SQL rendering has findings,Complete semantic upgrade/downgrade/data/trigger reading; also full-source AST revision-graph/import inspection. No online apply.
backend/alembic/versions/d9e3f7a1b5c4_exact_weight_numerics_index_hygiene.py,database_migration,7885,198,1839ee1eb13e0d7345ac1a69c467d24a37b4a0e99c9df659f0710722f8b976f9,complete_semantic_source_review,database_quality,Full Python syntax/AST parse using Python 3.13.15; Ruff project checks passed; Complete online upgrade to sole head on isolated E2E DB; alembic check found no schema operations; offline SQL rendering has findings,Complete semantic upgrade/downgrade/data/trigger reading; also full-source AST revision-graph/import inspection. No online apply.
backend/alembic/versions/d9e4b7c2a610_movement_clearance_audit.py,database_migration,1272,41,82a3ddc2ab2f0d9db2ea0f82d22ea4f353195d937648c71e8cb3bd094f7ede28,complete_semantic_source_review,database_quality,Full Python syntax/AST parse using Python 3.13.15; Ruff project checks passed; Complete online upgrade to sole head on isolated E2E DB; alembic check found no schema operations; offline SQL rendering has findings,Complete semantic upgrade/downgrade/data/trigger reading; also full-source AST revision-graph/import inspection. No online apply.
backend/alembic/versions/e0f4a8b2c6d5_backfill_kidding_parity.py,database_migration,1933,55,23506bba917792d9a10c8589b7ba5c6f6ed7f478333f2b8b3c00710e252cf678,complete_semantic_source_review,database_quality,Full Python syntax/AST parse using Python 3.13.15; Ruff project checks passed; Complete online upgrade to sole head on isolated E2E DB; alembic check found no schema operations; offline SQL rendering has findings,Complete semantic upgrade/downgrade/data/trigger reading; also full-source AST revision-graph/import inspection. No online apply.
backend/alembic/versions/e1f2a3b4c5d6_insurance_premium_history.py,database_migration,3989,105,d044e245a2508f05d1492e66366d97c2694b33b2200ad75cb8fcaf443f415eb3,complete_semantic_source_review,database_quality,Full Python syntax/AST parse using Python 3.13.15; Ruff project checks passed; Complete online upgrade to sole head on isolated E2E DB; alembic check found no schema operations; offline SQL rendering has findings,Complete semantic upgrade/downgrade/data/trigger reading; also full-source AST revision-graph/import inspection. No online apply.
backend/alembic/versions/e2c4f6a8b0d1_idempotency_records.py,database_migration,2479,59,2c4df88e57a11def11aa83c9fffd266a9ac536edb870251482ea5316497bca27,complete_semantic_source_review,database_quality,Full Python syntax/AST parse using Python 3.13.15; Ruff project checks passed; Complete online upgrade to sole head on isolated E2E DB; alembic check found no schema operations; offline SQL rendering has findings,Complete semantic upgrade/downgrade/data/trigger reading; also full-source AST revision-graph/import inspection. No online apply.
backend/alembic/versions/e2f3a4b5c6d8_screening_image_fk_bigint.py,database_migration,1814,56,8ccba33773cdbd7468cb2e86e14e96e41dcbd1057b8a3e6c0b4eb0ae6f2acd93,complete_semantic_source_review,database_quality,Full Python syntax/AST parse using Python 3.13.15; Ruff project checks passed; Complete online upgrade to sole head on isolated E2E DB; alembic check found no schema operations; offline SQL rendering has findings,Complete semantic upgrade/downgrade/data/trigger reading; also full-source AST revision-graph/import inspection. No online apply.
backend/alembic/versions/e3a5b7c9d1f2_worker_password_rotation_flag.py,database_migration,893,32,09fe66595623b7e3f837dcf05df8315bf5b3820cf0f3b53ae6220a87bb62b50b,complete_semantic_source_review,database_quality,Full Python syntax/AST parse using Python 3.13.15; Ruff project checks passed; Complete online upgrade to sole head on isolated E2E DB; alembic check found no schema operations; offline SQL rendering has findings,Complete semantic upgrade/downgrade/data/trigger reading; also full-source AST revision-graph/import inspection. No online apply.
backend/alembic/versions/e3f4a5b6c7d9_domain_audit_correctness.py,database_migration,20102,493,ea37ae0093c901d01bec66ebf0ea0ec328c657d0b6f51cc38bc5aaf662c41e01,complete_semantic_source_review,database_quality,Full Python syntax/AST parse using Python 3.13.15; Ruff project checks passed; Complete online upgrade to sole head on isolated E2E DB; alembic check found no schema operations; offline SQL rendering has findings,Complete semantic upgrade/downgrade/data/trigger reading; also full-source AST revision-graph/import inspection. No online apply.
backend/alembic/versions/e4a7c1f29b63_query_performance_indexes.py,database_migration,1465,43,4df2df721b6725393553d616f4ee8f1bdd906534fd0098e09e39ae2da9290d49,complete_semantic_source_review,database_quality,Full Python syntax/AST parse using Python 3.13.15; Ruff project checks passed; Complete online upgrade to sole head on isolated E2E DB; alembic check found no schema operations; offline SQL rendering has findings,Complete semantic upgrade/downgrade/data/trigger reading; also full-source AST revision-graph/import inspection. No online apply.
backend/alembic/versions/e5a7c9d1b3f5_notifications.py,database_migration,3763,101,df458f86fbe5310e7f4effc45665117fb0d76a6ddf1bdcc4e941499f683510e6,complete_semantic_source_review,database_quality,Full Python syntax/AST parse using Python 3.13.15; Ruff project checks passed; Complete online upgrade to sole head on isolated E2E DB; alembic check found no schema operations; offline SQL rendering has findings,Complete semantic upgrade/downgrade/data/trigger reading; also full-source AST revision-graph/import inspection. No online apply.
backend/alembic/versions/e5f6a7b8c9d0_query_path_indexes.py,database_migration,6127,157,ff93e55076f2fc286affe28732e0dc9d4b683fd1992c03f448c2a0a420b97702,complete_semantic_source_review,database_quality,Full Python syntax/AST parse using Python 3.13.15; Ruff project checks passed; Complete online upgrade to sole head on isolated E2E DB; alembic check found no schema operations; offline SQL rendering has findings,Complete semantic upgrade/downgrade/data/trigger reading; also full-source AST revision-graph/import inspection. No online apply.
backend/alembic/versions/e6f8a0b2c4d7_monetized_cull_dispositions.py,database_migration,2913,76,4d358f265b6be4be5caf7f2b3dd43499b03753f3a9bdd4f0d41a184e94252342,complete_semantic_source_review,database_quality,Full Python syntax/AST parse using Python 3.13.15; Ruff project checks passed; Complete online upgrade to sole head on isolated E2E DB; alembic check found no schema operations; offline SQL rendering has findings,Complete semantic upgrade/downgrade/data/trigger reading; also full-source AST revision-graph/import inspection. No online apply.
backend/alembic/versions/e7b9d1f3a5c2_direct_sql_writer_parity.py,database_migration,3938,106,6ffba07654809438da9a9688273ef103906822fe88a4fbcd54ff2294b381d85d,complete_semantic_source_review,database_quality,Full Python syntax/AST parse using Python 3.13.15; Ruff project checks passed; Complete online upgrade to sole head on isolated E2E DB; alembic check found no schema operations; offline SQL rendering has findings,Complete semantic upgrade/downgrade/data/trigger reading; also full-source AST revision-graph/import inspection. No online apply.
backend/alembic/versions/e7f9a1b3c5d8_kidding_trigger_lock_order.py,database_migration,8298,223,43e87e47d2bc0eb973e1adf30e34253bf90230992efee80b32e40c76045dcd35,complete_semantic_source_review,database_quality,Full Python syntax/AST parse using Python 3.13.15; Ruff project checks passed; Complete online upgrade to sole head on isolated E2E DB; alembic check found no schema operations; offline SQL rendering has findings,Complete semantic upgrade/downgrade/data/trigger reading; also full-source AST revision-graph/import inspection. No online apply.
backend/alembic/versions/e8b0d2f4a6c1_tenant_history_pagination_indexes.py,database_migration,4158,103,50b5dad5e378fb8ab90422c7d57225ec6eb4cc88b9695f6167220520249bf3ed,complete_semantic_source_review,database_quality,Full Python syntax/AST parse using Python 3.13.15; Ruff project checks passed; Complete online upgrade to sole head on isolated E2E DB; alembic check found no schema operations; offline SQL rendering has findings,Complete semantic upgrade/downgrade/data/trigger reading; also full-source AST revision-graph/import inspection. No online apply.
backend/alembic/versions/e8f9a0b1c2d3_screening_images_bucket_width.py,database_migration,1460,46,13d87e974c3b1098e71b78b659ea50459d690b16fd90f14982a0e4c0fc1a8cef,complete_semantic_source_review,database_quality,Full Python syntax/AST parse using Python 3.13.15; Ruff project checks passed; Complete online upgrade to sole head on isolated E2E DB; alembic check found no schema operations; offline SQL rendering has findings,Complete semantic upgrade/downgrade/data/trigger reading; also full-source AST revision-graph/import inspection. No online apply.
backend/alembic/versions/e9f0a1b2c3d4_bounded_team_task_lifecycle.py,database_migration,3213,79,93c34bbb331b813f54b428e8af881d4ee26cdb611fef7fc769eb3f1e9c175b23,complete_semantic_source_review,database_quality,Full Python syntax/AST parse using Python 3.13.15; Ruff project checks passed; Complete online upgrade to sole head on isolated E2E DB; alembic check found no schema operations; offline SQL rendering has findings,Complete semantic upgrade/downgrade/data/trigger reading; also full-source AST revision-graph/import inspection. No online apply.
backend/alembic/versions/ed5efe13a516_initial_schema.py,database_migration,22870,550,80795d6953605173a6de309fedd541c12f6227c6811c144f3e0b3cac174ec972,complete_semantic_source_review,database_quality,Full Python syntax/AST parse using Python 3.13.15; Ruff project checks passed; Complete online upgrade to sole head on isolated E2E DB; alembic check found no schema operations; offline SQL rendering has findings,Complete semantic upgrade/downgrade/data/trigger reading; also full-source AST revision-graph/import inspection. No online apply.
backend/alembic/versions/f0a1b2c3d4e5_pending_animal_task_cleanup_index.py,database_migration,3336,88,ff7575da9e475a56e9a9da2cb01b8fbb02743b8f9f6411db990b35f0d280000f,complete_semantic_source_review,database_quality,Full Python syntax/AST parse using Python 3.13.15; Ruff project checks passed; Complete online upgrade to sole head on isolated E2E DB; alembic check found no schema operations; offline SQL rendering has findings,Complete semantic upgrade/downgrade/data/trigger reading; also full-source AST revision-graph/import inspection. No online apply.
backend/alembic/versions/f1b2c3d4e5f6_active_membership_cleanup_index.py,database_migration,3818,100,d23b925ff85ecbeaaf188d1704b11943616b882363b34c3cc6012ad582a80129,complete_semantic_source_review,database_quality,Full Python syntax/AST parse using Python 3.13.15; Ruff project checks passed; Complete online upgrade to sole head on isolated E2E DB; alembic check found no schema operations; offline SQL rendering has findings,Complete semantic upgrade/downgrade/data/trigger reading; also full-source AST revision-graph/import inspection. No online apply.
backend/alembic/versions/f1e2d3c4b5a6_husbandry_vocabulary_check_widenings.py,database_migration,4015,105,abf35b2e00803c9ee6fe39c0f43792d882d80b42a86e7e4e6580545dc3f2aa3a,complete_semantic_source_review,database_quality,Full Python syntax/AST parse using Python 3.13.15; Ruff project checks passed; Complete online upgrade to sole head on isolated E2E DB; alembic check found no schema operations; offline SQL rendering has findings,Complete semantic upgrade/downgrade/data/trigger reading; also full-source AST revision-graph/import inspection. No online apply.
backend/alembic/versions/f2a3b4c5d6e7_propagate_maintenance_recipe_fix.py,database_migration,3136,94,f773dd9be0655a34fddbfb952b877f56a2000a833d1b3da4f958e6df69d5e2e8,complete_semantic_source_review,database_quality,Full Python syntax/AST parse using Python 3.13.15; Ruff project checks passed; Complete online upgrade to sole head on isolated E2E DB; alembic check found no schema operations; offline SQL rendering has findings,Complete semantic upgrade/downgrade/data/trigger reading; also full-source AST revision-graph/import inspection. No online apply.
backend/alembic/versions/f2c3d4e5f6a7_feed_quantity_numeric.py,database_migration,4275,115,1779a74843976aa0e91d9ba2a2a5d23b8119e2b7e1b05a60256f44eb78c34544,complete_semantic_source_review,database_quality,Full Python syntax/AST parse using Python 3.13.15; Ruff project checks passed; Complete online upgrade to sole head on isolated E2E DB; alembic check found no schema operations; offline SQL rendering has findings,Complete semantic upgrade/downgrade/data/trigger reading; also full-source AST revision-graph/import inspection. No online apply.
backend/alembic/versions/f3a4b5c6d7e8_sale_weight_bounded.py,database_migration,2316,61,22744574fa59f37037cc9be87b04251b830896d0b3a908e5fbe1e4b855ef5074,complete_semantic_source_review,database_quality,Full Python syntax/AST parse using Python 3.13.15; Ruff project checks passed; Complete online upgrade to sole head on isolated E2E DB; alembic check found no schema operations; offline SQL rendering has findings,Complete semantic upgrade/downgrade/data/trigger reading; also full-source AST revision-graph/import inspection. No online apply.
backend/alembic/versions/f3d4e5f6a7b8_actor_scoped_farm_idempotency.py,database_migration,7733,222,dfdf10660371c31ad5f78680e9f12e401b3834d41a5b0d1557246ebfd409ac6f,complete_semantic_source_review,database_quality,Full Python syntax/AST parse using Python 3.13.15; Ruff project checks passed; Complete online upgrade to sole head on isolated E2E DB; alembic check found no schema operations; offline SQL rendering has findings,Complete semantic upgrade/downgrade/data/trigger reading; also full-source AST revision-graph/import inspection. No online apply.
backend/alembic/versions/f4a8c2e6d1b9_durable_mfa_challenge_replay_guard.py,database_migration,1834,50,564c4c9c6c70eee32a19f74dab8ad74f07b0914f398bc91851b9c1f4885428f0,complete_semantic_source_review,database_quality,Full Python syntax/AST parse using Python 3.13.15; Ruff project checks passed; Complete online upgrade to sole head on isolated E2E DB; alembic check found no schema operations; offline SQL rendering has findings,Complete semantic upgrade/downgrade/data/trigger reading; also full-source AST revision-graph/import inspection. No online apply.
backend/alembic/versions/f4e5f6a7b8c9_purge_sensitive_idempotency_hashes.py,database_migration,1000,30,d745f2023c4969c2d6faefe20d99e9e63885283fcd30dcace848cd18a770fa9c,complete_semantic_source_review,database_quality,Full Python syntax/AST parse using Python 3.13.15; Ruff project checks passed; Complete online upgrade to sole head on isolated E2E DB; alembic check found no schema operations; offline SQL rendering has findings,Complete semantic upgrade/downgrade/data/trigger reading; also full-source AST revision-graph/import inspection. No online apply.
backend/alembic/versions/f5b1a09c8d7e_schema_hardening.py,database_migration,8195,203,ea21d390379b5e980c1b66f92a64d41d5267d4a047f562adbd4ad48a0cf54df5,complete_semantic_source_review,database_quality,Full Python syntax/AST parse using Python 3.13.15; Ruff project checks passed; Complete online upgrade to sole head on isolated E2E DB; alembic check found no schema operations; offline SQL rendering has findings,Complete semantic upgrade/downgrade/data/trigger reading; also full-source AST revision-graph/import inspection. No online apply.
backend/alembic/versions/f6a7b8c9d0e1_refresh_session_bounds.py,database_migration,4960,137,08b58c7780927207ba4de2582b1af449f1392c70f765b5a6ef4796dfdac30570,complete_semantic_source_review,database_quality,Full Python syntax/AST parse using Python 3.13.15; Ruff project checks passed; Complete online upgrade to sole head on isolated E2E DB; alembic check found no schema operations; offline SQL rendering has findings,Complete semantic upgrade/downgrade/data/trigger reading; also full-source AST revision-graph/import inspection. No online apply.
backend/alembic/versions/f6b8d0e2a4c6_data_housekeeping.py,database_migration,2245,75,1e739d889986048434f7eba010f80535ddaac2085a9ec156cd786dd6f54f524e,complete_semantic_source_review,database_quality,Full Python syntax/AST parse using Python 3.13.15; Ruff project checks passed; Complete online upgrade to sole head on isolated E2E DB; alembic check found no schema operations; offline SQL rendering has findings,Complete semantic upgrade/downgrade/data/trigger reading; also full-source AST revision-graph/import inspection. No online apply.
backend/alembic/versions/f7a9c1e3b5d7_screening_content_claims.py,database_migration,3069,81,37c8e05ca34653b5899556ed727d73fe6055d2c9b11df20f2de6e50b9ee9a6e7,complete_semantic_source_review,database_quality,Full Python syntax/AST parse using Python 3.13.15; Ruff project checks passed; Complete online upgrade to sole head on isolated E2E DB; alembic check found no schema operations; offline SQL rendering has findings,Complete semantic upgrade/downgrade/data/trigger reading; also full-source AST revision-graph/import inspection. No online apply.
backend/alembic/versions/f7d8c9b0a1e2_tenant_composite_foreign_keys.py,database_migration,13218,372,b15a0ab009942b997508009d647ab87a016421e00d6d1de0306690d4b42f58fd,complete_semantic_source_review,database_quality,Full Python syntax/AST parse using Python 3.13.15; Ruff project checks passed; Complete online upgrade to sole head on isolated E2E DB; alembic check found no schema operations; offline SQL rendering has findings,Complete semantic upgrade/downgrade/data/trigger reading; also full-source AST revision-graph/import inspection. No online apply.
backend/alembic/versions/f8a2c4e6b1d9_widen_preset_role_codes.py,database_migration,2567,75,aaf215df13a09f1069d2441ee0d2df499f97a7f6d42f704245ba12171221aa81,complete_semantic_source_review,database_quality,Full Python syntax/AST parse using Python 3.13.15; Ruff project checks passed; Complete online upgrade to sole head on isolated E2E DB; alembic check found no schema operations; offline SQL rendering has findings,Complete semantic upgrade/downgrade/data/trigger reading; also full-source AST revision-graph/import inspection. No online apply.
backend/alembic/versions/f9b3c7d1e5a2_widen_kid_count_check_for_goat_quadruplets.py,database_migration,2740,67,811e7c1b79725183b2c2e7890108dded0de69fa2154b6c878af21023f920c06f,complete_semantic_source_review,database_quality,Full Python syntax/AST parse using Python 3.13.15; Ruff project checks passed; Complete online upgrade to sole head on isolated E2E DB; alembic check found no schema operations; offline SQL rendering has findings,Complete semantic upgrade/downgrade/data/trigger reading; also full-source AST revision-graph/import inspection. No online apply.
backend/app/__init__.py,backend_application,0,0,e3b0c44298fc1c149afbf4c8996fb92427ae41e4649b934ca495991b7852b855,empty_file_no_semantic_content,,Full Python syntax/AST parse using Python 3.13.15; Ruff project checks passed; Strict mypy app/scripts/mutation passed (148-file project run); Exercised by passing project unit suites and targeted audit probes; individual execution-path completeness not asserted,Zero-byte tracked file; no executable or textual behavior to review
backend/app/api/__init__.py,backend_application,0,0,e3b0c44298fc1c149afbf4c8996fb92427ae41e4649b934ca495991b7852b855,complete_semantic_source_review,backend_domain,Full Python syntax/AST parse using Python 3.13.15; Ruff project checks passed; Strict mypy app/scripts/mutation passed (148-file project run); Exercised by passing project unit suites and targeted audit probes; individual execution-path completeness not asserted,Complete semantic source read
backend/app/api/_run_limits.py,backend_application,16989,405,607c555d5eeb90993d04b8e0baf001f731ad79aad7fc7b49a9172343633f67dd,complete_semantic_source_review,backend_domain,Full Python syntax/AST parse using Python 3.13.15; Ruff project checks passed; Strict mypy app/scripts/mutation passed (148-file project run); Exercised by passing project unit suites and targeted audit probes; individual execution-path completeness not asserted,Complete semantic source read
backend/app/api/_shared.py,backend_application,20050,471,18140f0f6e38bbc220cf44365f70b0712a057aad4d3fa7df9a559990adb7f293,complete_semantic_source_review,platform_quality,Full Python syntax/AST parse using Python 3.13.15; Ruff project checks passed; Strict mypy app/scripts/mutation passed (148-file project run); Exercised by passing project unit suites and targeted audit probes; individual execution-path completeness not asserted,Read ranges 1-471
backend/app/api/animals.py,backend_application,69324,1565,79bd0ed690217ab8510bfd96e707ee60eb6a4a28ff2651016022a29b8eb8e44c,complete_semantic_source_review,backend_domain,Full Python syntax/AST parse using Python 3.13.15; Ruff project checks passed; Strict mypy app/scripts/mutation passed (148-file project run); Exercised by passing project unit suites and targeted audit probes; individual execution-path completeness not asserted,Complete semantic source read
backend/app/api/auth.py,backend_application,132503,3001,223608e01263c95156e39c3d9f4d948563cf8eac2ad59500f7460f6c78acb79a,complete_semantic_source_review,platform_quality,Full Python syntax/AST parse using Python 3.13.15; Ruff project checks passed; Strict mypy app/scripts/mutation passed (148-file project run); Exercised by passing project unit suites and targeted audit probes; individual execution-path completeness not asserted,Read ranges 1-3001
backend/app/api/breeding.py,backend_application,18141,464,dd25177fdb8536ff55728924c57b028b91634f6daf24e4fcdb46b2517999885b,complete_semantic_source_review,backend_domain,Full Python syntax/AST parse using Python 3.13.15; Ruff project checks passed; Strict mypy app/scripts/mutation passed (148-file project run); Exercised by passing project unit suites and targeted audit probes; individual execution-path completeness not asserted,Complete semantic source read
backend/app/api/buckets.py,backend_application,5699,148,3c83cdab8061196b4ece99f896129b9a87df2ea1d45d71a48e6b2270be8a98f1,complete_semantic_source_review,backend_domain,Full Python syntax/AST parse using Python 3.13.15; Ruff project checks passed; Strict mypy app/scripts/mutation passed (148-file project run); Exercised by passing project unit suites and targeted audit probes; individual execution-path completeness not asserted,Complete semantic source read
backend/app/api/dashboard.py,backend_application,33331,775,256b68a98060016b2c0e1482a702b5477a305e0f849ed980d5f736aa2554aa47,complete_semantic_source_review,backend_domain,Full Python syntax/AST parse using Python 3.13.15; Ruff project checks passed; Strict mypy app/scripts/mutation passed (148-file project run); Exercised by passing project unit suites and targeted audit probes; individual execution-path completeness not asserted,Complete semantic source read
backend/app/api/feeding.py,backend_application,13672,374,c560138a1c05e347f58a52f6ebbc2d7e2f3a3eabe92af893d99f83abaa9d2932,complete_semantic_source_review,backend_domain,Full Python syntax/AST parse using Python 3.13.15; Ruff project checks passed; Strict mypy app/scripts/mutation passed (148-file project run); Exercised by passing project unit suites and targeted audit probes; individual execution-path completeness not asserted,Complete semantic source read
backend/app/api/finance.py,backend_application,44345,1109,2c4d2a48122acf51bb9007fbff270bc6991c4d77df8770798d0c004634436fae,complete_semantic_source_review,backend_domain,Full Python syntax/AST parse using Python 3.13.15; Ruff project checks passed; Strict mypy app/scripts/mutation passed (148-file project run); Exercised by passing project unit suites and targeted audit probes; individual execution-path completeness not asserted,Complete semantic source read
backend/app/api/health.py,backend_application,44662,1088,513ca90db2f432668bca1d3a3b5f1b088416cffb883e40d1b4f25a36db67e0ef,complete_semantic_source_review,backend_domain,Full Python syntax/AST parse using Python 3.13.15; Ruff project checks passed; Strict mypy app/scripts/mutation passed (148-file project run); Exercised by passing project unit suites and targeted audit probes; individual execution-path completeness not asserted,Complete semantic source read
backend/app/api/kidding.py,backend_application,18495,437,d1fea974ab71f9e7514c77319dbedae727fe4ee869049b4256c003af360e3abc,complete_semantic_source_review,backend_domain,Full Python syntax/AST parse using Python 3.13.15; Ruff project checks passed; Strict mypy app/scripts/mutation passed (148-file project run); Exercised by passing project unit suites and targeted audit probes; individual execution-path completeness not asserted,Complete semantic source read
backend/app/api/ops_simulation.py,backend_application,7178,155,86bd772e3256a4c9d85730929966651482a7a529096d753d0ad76f774440de4e,complete_semantic_source_review,backend_domain,Full Python syntax/AST parse using Python 3.13.15; Ruff project checks passed; Strict mypy app/scripts/mutation passed (148-file project run); Exercised by passing project unit suites and targeted audit probes; individual execution-path completeness not asserted,Complete semantic source read
backend/app/api/owner.py,backend_application,14269,373,db9d3ebbad4103fc791b2fcf07fc131dfae47a955b6c6f8fa4a87a752d71f06a,complete_semantic_source_review,backend_domain,Full Python syntax/AST parse using Python 3.13.15; Ruff project checks passed; Strict mypy app/scripts/mutation passed (148-file project run); Exercised by passing project unit suites and targeted audit probes; individual execution-path completeness not asserted,Complete semantic source read
backend/app/api/planner.py,backend_application,20858,545,466fdd6d462a6fdf0d68281991b1ff5c02fa03dfe59d6403f02956d34573b308,complete_semantic_source_review,backend_domain,Full Python syntax/AST parse using Python 3.13.15; Ruff project checks passed; Strict mypy app/scripts/mutation passed (148-file project run); Exercised by passing project unit suites and targeted audit probes; individual execution-path completeness not asserted,Complete semantic source read
backend/app/api/purchases.py,backend_application,12682,318,ca90aa0d42fc2d9649907b05b4f15631635f2d0c2ef554ba37d56d61e9c6d8d8,complete_semantic_source_review,backend_domain,Full Python syntax/AST parse using Python 3.13.15; Ruff project checks passed; Strict mypy app/scripts/mutation passed (148-file project run); Exercised by passing project unit suites and targeted audit probes; individual execution-path completeness not asserted,Complete semantic source read
backend/app/api/screening.py,backend_application,39295,1002,721a266b6841fcedf4d69025101eabfd0c6ce898463accc252345f45689d53cc,complete_semantic_source_review,backend_domain,Full Python syntax/AST parse using Python 3.13.15; Ruff project checks passed; Strict mypy app/scripts/mutation passed (148-file project run); Exercised by passing project unit suites and targeted audit probes; individual execution-path completeness not asserted,Complete semantic source read
backend/app/api/simulation.py,backend_application,29164,740,c489afd9397423fe75f460997d3b4991f202f866d549f77ceaf9763217b4d209,complete_semantic_source_review,backend_domain,Full Python syntax/AST parse using Python 3.13.15; Ruff project checks passed; Strict mypy app/scripts/mutation passed (148-file project run); Exercised by passing project unit suites and targeted audit probes; individual execution-path completeness not asserted,Complete semantic source read
backend/app/api/tasks.py,backend_application,39158,930,cab3a7b561ae38213177c6a28503b16157646f66a42ce7b49efc19b3ca54b833,complete_semantic_source_review,backend_domain,Full Python syntax/AST parse using Python 3.13.15; Ruff project checks passed; Strict mypy app/scripts/mutation passed (148-file project run); Exercised by passing project unit suites and targeted audit probes; individual execution-path completeness not asserted,Complete semantic source read
backend/app/api/team.py,backend_application,63890,1649,eda140f8fc923e266d5863661016295171d487118ba29860abcd1b801fdddc5e,complete_semantic_source_review,platform_quality,Full Python syntax/AST parse using Python 3.13.15; Ruff project checks passed; Strict mypy app/scripts/mutation passed (148-file project run); Exercised by passing project unit suites and targeted audit probes; individual execution-path completeness not asserted,Read ranges 1-1649
backend/app/audit.py,backend_application,1215,28,a10e5b1ced160cd13afd7b46af3bd7c480106b2476c53b416659ff29e683aa52,complete_semantic_source_review,platform_quality,Full Python syntax/AST parse using Python 3.13.15; Ruff project checks passed; Strict mypy app/scripts/mutation passed (148-file project run); Exercised by passing project unit suites and targeted audit probes; individual execution-path completeness not asserted,Read ranges 1-28
backend/app/characters.py,backend_application,2645,57,e0a4591a9a3e4db5f13da48b1946d620d1bfa6516b6945c6b24cf0add7712570,complete_semantic_source_review,platform_quality,Full Python syntax/AST parse using Python 3.13.15; Ruff project checks passed; Strict mypy app/scripts/mutation passed (148-file project run); Exercised by passing project unit suites and targeted audit probes; individual execution-path completeness not asserted,Read ranges 1-57
backend/app/core/__init__.py,backend_application,0,0,e3b0c44298fc1c149afbf4c8996fb92427ae41e4649b934ca495991b7852b855,empty_file_no_semantic_content,,Full Python syntax/AST parse using Python 3.13.15; Ruff project checks passed; Strict mypy app/scripts/mutation passed (148-file project run); Exercised by passing project unit suites and targeted audit probes; individual execution-path completeness not asserted,Zero-byte tracked file; no executable or textual behavior to review
backend/app/core/config.py,backend_application,92457,1836,2eb8548080fa8b09f6dd1f2870bd5af68fe2471a535bb28513d535e909018995,complete_semantic_source_review,platform_quality,Full Python syntax/AST parse using Python 3.13.15; Ruff project checks passed; Strict mypy app/scripts/mutation passed (148-file project run); Exercised by passing project unit suites and targeted audit probes; individual execution-path completeness not asserted,Read ranges 1-1836
backend/app/db.py,backend_application,6422,175,6b373d55b0d57e9f34a140f7440d12487702e978ab8f5ce10438a267bd93abd5,complete_semantic_source_review,database_quality,Full Python syntax/AST parse using Python 3.13.15; Ruff project checks passed; Strict mypy app/scripts/mutation passed (148-file project run); Exercised by passing project unit suites and targeted audit probes; individual execution-path completeness not asserted,Complete engine/session/SSL semantic reading; DB unavailable.
backend/app/deps.py,backend_application,25297,648,c12648f282a6f157d32d63543a24ce4516e0af716069ee63a48927011101d326,complete_semantic_source_review,platform_quality,Full Python syntax/AST parse using Python 3.13.15; Ruff project checks passed; Strict mypy app/scripts/mutation passed (148-file project run); Exercised by passing project unit suites and targeted audit probes; individual execution-path completeness not asserted,Read ranges 1-648
backend/app/main.py,backend_application,47189,1083,d84992c610d62433985f93bdd44a4e36acae743e5da89935af9cee6615a17d74,complete_semantic_source_review,platform_quality,Full Python syntax/AST parse using Python 3.13.15; Ruff project checks passed; Strict mypy app/scripts/mutation passed (148-file project run); Exercised by passing project unit suites and targeted audit probes; individual execution-path completeness not asserted,Read ranges 1-1083
backend/app/metrics.py,backend_application,7361,204,d1b5be197fc6eded4921e754340bf23e84c39baf4d9c6f3f655e01c7b1274f00,complete_semantic_source_review,platform_quality,Full Python syntax/AST parse using Python 3.13.15; Ruff project checks passed; Strict mypy app/scripts/mutation passed (148-file project run); Exercised by passing project unit suites and targeted audit probes; individual execution-path completeness not asserted,Read ranges 1-204
backend/app/models/__init__.py,backend_application,5447,217,de0b04160e9f3cfcdd1947fac88108f1a298083711c80cb1398ddafcd3907750,complete_semantic_source_review,database_quality,Full Python syntax/AST parse using Python 3.13.15; Ruff project checks passed; Strict mypy app/scripts/mutation passed (148-file project run); Exercised by passing project unit suites and targeted audit probes; individual execution-path completeness not asserted,Complete model/constraint/index/relationship semantic reading; current declarations compared with relevant migration history. No actual catalog comparison.
backend/app/models/animals.py,backend_application,31546,713,70bce72ab0ce93817bcfcf635f7b2a99a538198de20fddb9e7b4f05995d9ae6c,complete_semantic_source_review,database_quality,Full Python syntax/AST parse using Python 3.13.15; Ruff project checks passed; Strict mypy app/scripts/mutation passed (148-file project run); Exercised by passing project unit suites and targeted audit probes; individual execution-path completeness not asserted,Complete model/constraint/index/relationship semantic reading; current declarations compared with relevant migration history. No actual catalog comparison.
backend/app/models/breeding.py,backend_application,16445,366,433b2152093157a38d0c5a073abd2466d605e6e9e9cf937328e25d7a05210c23,complete_semantic_source_review,database_quality,Full Python syntax/AST parse using Python 3.13.15; Ruff project checks passed; Strict mypy app/scripts/mutation passed (148-file project run); Exercised by passing project unit suites and targeted audit probes; individual execution-path completeness not asserted,Complete model/constraint/index/relationship semantic reading; current declarations compared with relevant migration history. No actual catalog comparison.
backend/app/models/constants.py,backend_application,4829,96,d5ce0a8a42e9b1416e34424a38504114b67f119e526dd2bfcabf008ac4f1ad7e,complete_semantic_source_review,database_quality,Full Python syntax/AST parse using Python 3.13.15; Ruff project checks passed; Strict mypy app/scripts/mutation passed (148-file project run); Exercised by passing project unit suites and targeted audit probes; individual execution-path completeness not asserted,Complete model/constraint/index/relationship semantic reading; current declarations compared with relevant migration history. No actual catalog comparison.
backend/app/models/core.py,backend_application,17055,367,0cbdd35eee39b3ec8bdf1a315a5dbb9581c99b8983a3a5d4e0dc7896f26643f2,complete_semantic_source_review,database_quality,Full Python syntax/AST parse using Python 3.13.15; Ruff project checks passed; Strict mypy app/scripts/mutation passed (148-file project run); Exercised by passing project unit suites and targeted audit probes; individual execution-path completeness not asserted,Complete model/constraint/index/relationship semantic reading; current declarations compared with relevant migration history. No actual catalog comparison.
backend/app/models/enums.py,backend_application,9008,291,12e802a64c880d4e47d19b3176a5b65d1376cdc46d925637969aa2aa90b3663f,complete_semantic_source_review,database_quality,Full Python syntax/AST parse using Python 3.13.15; Ruff project checks passed; Strict mypy app/scripts/mutation passed (148-file project run); Exercised by passing project unit suites and targeted audit probes; individual execution-path completeness not asserted,Complete model/constraint/index/relationship semantic reading; current declarations compared with relevant migration history. No actual catalog comparison.
backend/app/models/feed_rules.py,backend_application,7794,189,3f31c2a6e3d525724eee4fc4c6f0967767804c5c80d26e1cda45ec97c4dae8e6,complete_semantic_source_review,database_quality,Full Python syntax/AST parse using Python 3.13.15; Ruff project checks passed; Strict mypy app/scripts/mutation passed (148-file project run); Exercised by passing project unit suites and targeted audit probes; individual execution-path completeness not asserted,Complete model/constraint/index/relationship semantic reading; current declarations compared with relevant migration history. No actual catalog comparison.
backend/app/models/feeding.py,backend_application,7876,192,065ad73bb155557b49c38d4276677db873e9191c676d737663b8d0945378ba08,complete_semantic_source_review,database_quality,Full Python syntax/AST parse using Python 3.13.15; Ruff project checks passed; Strict mypy app/scripts/mutation passed (148-file project run); Exercised by passing project unit suites and targeted audit probes; individual execution-path completeness not asserted,Complete model/constraint/index/relationship semantic reading; current declarations compared with relevant migration history. No actual catalog comparison.
backend/app/models/finance.py,backend_application,14190,324,b53f27cae853eb0379871f9107cd2144f13f7d84c2f487754b3429ece47bacff,complete_semantic_source_review,database_quality,Full Python syntax/AST parse using Python 3.13.15; Ruff project checks passed; Strict mypy app/scripts/mutation passed (148-file project run); Exercised by passing project unit suites and targeted audit probes; individual execution-path completeness not asserted,Complete model/constraint/index/relationship semantic reading; current declarations compared with relevant migration history. No actual catalog comparison.
backend/app/models/health.py,backend_application,12839,303,e08df12fe3c5ce1dd2e3efd95fa207ce4dcf88352b7f3732423483040a14a40c,complete_semantic_source_review,database_quality,Full Python syntax/AST parse using Python 3.13.15; Ruff project checks passed; Strict mypy app/scripts/mutation passed (148-file project run); Exercised by passing project unit suites and targeted audit probes; individual execution-path completeness not asserted,Complete model/constraint/index/relationship semantic reading; current declarations compared with relevant migration history. No actual catalog comparison.
backend/app/models/helpers.py,backend_application,7445,200,453d5bd033b400d1112f198854b72a7eabc42aabd965b93cb869a51ef806294a,complete_semantic_source_review,database_quality,Full Python syntax/AST parse using Python 3.13.15; Ruff project checks passed; Strict mypy app/scripts/mutation passed (148-file project run); Exercised by passing project unit suites and targeted audit probes; individual execution-path completeness not asserted,Complete model/constraint/index/relationship semantic reading; current declarations compared with relevant migration history. No actual catalog comparison.
backend/app/models/idempotency.py,backend_application,3075,84,d73773bed6d6b92f0801582f604f08c0caa30f48dc88a5346e812c5b3165ca7e,complete_semantic_source_review,database_quality,Full Python syntax/AST parse using Python 3.13.15; Ruff project checks passed; Strict mypy app/scripts/mutation passed (148-file project run); Exercised by passing project unit suites and targeted audit probes; individual execution-path completeness not asserted,Complete model/constraint/index/relationship semantic reading; current declarations compared with relevant migration history. No actual catalog comparison.
backend/app/models/lifecycle.py,backend_application,3808,69,81733c3b1f6f9b808936aa384328cf6318391b8d8b73f2b33325b48ad66ba5af,complete_semantic_source_review,database_quality,Full Python syntax/AST parse using Python 3.13.15; Ruff project checks passed; Strict mypy app/scripts/mutation passed (148-file project run); Exercised by passing project unit suites and targeted audit probes; individual execution-path completeness not asserted,Complete model/constraint/index/relationship semantic reading; current declarations compared with relevant migration history. No actual catalog comparison.
backend/app/models/notifications.py,backend_application,6799,169,786bfe23cc0ec88b9fc6e4e3782e335436979ddf44449e528ff3605ef4b7bc37,complete_semantic_source_review,database_quality; platform_quality,Full Python syntax/AST parse using Python 3.13.15; Ruff project checks passed; Strict mypy app/scripts/mutation passed (148-file project run); Exercised by passing project unit suites and targeted audit probes; individual execution-path completeness not asserted,Complete model/constraint/index/relationship semantic reading; current declarations compared with relevant migration history. No actual catalog comparison. | Read ranges 1-169
backend/app/models/planner.py,backend_application,3427,78,2e7a448451f48b8421cb9f52d997e21c3ef6325bd609b7e80248b7622b63a9c8,complete_semantic_source_review,database_quality,Full Python syntax/AST parse using Python 3.13.15; Ruff project checks passed; Strict mypy app/scripts/mutation passed (148-file project run); Exercised by passing project unit suites and targeted audit probes; individual execution-path completeness not asserted,Complete model/constraint/index/relationship semantic reading; current declarations compared with relevant migration history. No actual catalog comparison.
backend/app/models/purchases.py,backend_application,3790,86,4d2d844331cfce0987f462f8676608de4651330fbedcb383d85cab82a1831d27,complete_semantic_source_review,database_quality,Full Python syntax/AST parse using Python 3.13.15; Ruff project checks passed; Strict mypy app/scripts/mutation passed (148-file project run); Exercised by passing project unit suites and targeted audit probes; individual execution-path completeness not asserted,Complete model/constraint/index/relationship semantic reading; current declarations compared with relevant migration history. No actual catalog comparison.
backend/app/models/screening.py,backend_application,22418,499,75a5e58727fc46c2be346fe3553960ea1cadbccecb39bc2f3bdf7a637106dce9,complete_semantic_source_review,database_quality,Full Python syntax/AST parse using Python 3.13.15; Ruff project checks passed; Strict mypy app/scripts/mutation passed (148-file project run); Exercised by passing project unit suites and targeted audit probes; individual execution-path completeness not asserted,Complete model/constraint/index/relationship semantic reading; current declarations compared with relevant migration history. No actual catalog comparison.
backend/app/models/simulation.py,backend_application,2849,66,5f34fd1733be8ed87c1f566047717cd7b2100edd666bd8bacf06d356130751c8,complete_semantic_source_review,database_quality,Full Python syntax/AST parse using Python 3.13.15; Ruff project checks passed; Strict mypy app/scripts/mutation passed (148-file project run); Exercised by passing project unit suites and targeted audit probes; individual execution-path completeness not asserted,Complete model/constraint/index/relationship semantic reading; current declarations compared with relevant migration history. No actual catalog comparison.
backend/app/models/species.py,backend_application,4720,113,5e28b7dcaac24fc9cb2da2091ff18e99636c53eaaf1d327473698d3a1fd1f7f4,complete_semantic_source_review,database_quality,Full Python syntax/AST parse using Python 3.13.15; Ruff project checks passed; Strict mypy app/scripts/mutation passed (148-file project run); Exercised by passing project unit suites and targeted audit probes; individual execution-path completeness not asserted,Complete model/constraint/index/relationship semantic reading; current declarations compared with relevant migration history. No actual catalog comparison.
backend/app/models/tasks.py,backend_application,10903,263,1fa5c0e530991bab138686f870a81806b7ec3ee33040bcd8125c00cdf10ea2dd,complete_semantic_source_review,database_quality,Full Python syntax/AST parse using Python 3.13.15; Ruff project checks passed; Strict mypy app/scripts/mutation passed (148-file project run); Exercised by passing project unit suites and targeted audit probes; individual execution-path completeness not asserted,Complete model/constraint/index/relationship semantic reading; current declarations compared with relevant migration history. No actual catalog comparison.
backend/app/permissions.py,backend_application,13123,365,f4952e4b0685565c02d1fc49a97b9a9d64bd81942620a916bc07c99e9f1ad216,complete_semantic_source_review,platform_quality,Full Python syntax/AST parse using Python 3.13.15; Ruff project checks passed; Strict mypy app/scripts/mutation passed (148-file project run); Exercised by passing project unit suites and targeted audit probes; individual execution-path completeness not asserted,Read ranges 1-365
backend/app/ratelimit.py,backend_application,20437,496,c62aa826f63063b1408d9c851191d56fce8d1ad7cdfcfd8217663962f0fe6c0b,complete_semantic_source_review,platform_quality,Full Python syntax/AST parse using Python 3.13.15; Ruff project checks passed; Strict mypy app/scripts/mutation passed (148-file project run); Exercised by passing project unit suites and targeted audit probes; individual execution-path completeness not asserted,Read ranges 1-496
backend/app/schemas/__init__.py,backend_application,0,0,e3b0c44298fc1c149afbf4c8996fb92427ae41e4649b934ca495991b7852b855,complete_semantic_source_review,backend_domain,Full Python syntax/AST parse using Python 3.13.15; Ruff project checks passed; Strict mypy app/scripts/mutation passed (148-file project run); Exercised by passing project unit suites and targeted audit probes; individual execution-path completeness not asserted,Complete semantic source read
backend/app/schemas/animals.py,backend_application,15405,397,c48725cec0472158d918c94da7c7fa8a113d8faf74bb0d171b804dada88041ca,complete_semantic_source_review,backend_domain; database_quality,Full Python syntax/AST parse using Python 3.13.15; Ruff project checks passed; Strict mypy app/scripts/mutation passed (148-file project run); Exercised by passing project unit suites and targeted audit probes; individual execution-path completeness not asserted,"Complete semantic source read | Targeted numeric/bounds search, not complete semantic source review."
backend/app/schemas/auth.py,backend_application,9208,262,139d80b0cf651d5f5b939f9c03c504aa4bcb8a26d0a6e111b6296260582beb6b,complete_semantic_source_review,platform_quality,Full Python syntax/AST parse using Python 3.13.15; Ruff project checks passed; Strict mypy app/scripts/mutation passed (148-file project run); Exercised by passing project unit suites and targeted audit probes; individual execution-path completeness not asserted,Read ranges 1-262
backend/app/schemas/breeding.py,backend_application,6343,180,30c7575ba33679e5d7003358e6679e24c3f8e1cad5e4db381c91dc409804bd00,complete_semantic_source_review,backend_domain; database_quality,Full Python syntax/AST parse using Python 3.13.15; Ruff project checks passed; Strict mypy app/scripts/mutation passed (148-file project run); Exercised by passing project unit suites and targeted audit probes; individual execution-path completeness not asserted,"Complete semantic source read | Targeted numeric/bounds search, not complete semantic source review."
backend/app/schemas/buckets.py,backend_application,572,21,fbf144abca1fc56a8d2b597e6c3f380fcd64785ddc49c64f80d1df4f89830d9d,complete_semantic_source_review,backend_domain,Full Python syntax/AST parse using Python 3.13.15; Ruff project checks passed; Strict mypy app/scripts/mutation passed (148-file project run); Exercised by passing project unit suites and targeted audit probes; individual execution-path completeness not asserted,Complete semantic source read
backend/app/schemas/common.py,backend_application,13152,303,a39aef03158bed6c473f936c78159d695e623f343c6028b0bd82c6e446db537b,complete_semantic_source_review,backend_domain,Full Python syntax/AST parse using Python 3.13.15; Ruff project checks passed; Strict mypy app/scripts/mutation passed (148-file project run); Exercised by passing project unit suites and targeted audit probes; individual execution-path completeness not asserted,Complete semantic source read
backend/app/schemas/dashboard.py,backend_application,6260,162,42b8ab8e8c47211fdc2007bf7b9a286600d0450bba8212eac4d189f84cfebc12,complete_semantic_source_review,backend_domain,Full Python syntax/AST parse using Python 3.13.15; Ruff project checks passed; Strict mypy app/scripts/mutation passed (148-file project run); Exercised by passing project unit suites and targeted audit probes; individual execution-path completeness not asserted,Complete semantic source read
backend/app/schemas/feeding.py,backend_application,6196,192,52fc69df833ad2c6fe5b410cdddc3de1d84aacc5fcedeb8a1b7c10e07430e34b,complete_semantic_source_review,backend_domain,Full Python syntax/AST parse using Python 3.13.15; Ruff project checks passed; Strict mypy app/scripts/mutation passed (148-file project run); Exercised by passing project unit suites and targeted audit probes; individual execution-path completeness not asserted,Complete semantic source read
backend/app/schemas/finance.py,backend_application,9775,284,005798b7bc25ecb049d050f3852e367264a21f35b04014e09c88935998212999,complete_semantic_source_review,backend_domain,Full Python syntax/AST parse using Python 3.13.15; Ruff project checks passed; Strict mypy app/scripts/mutation passed (148-file project run); Exercised by passing project unit suites and targeted audit probes; individual execution-path completeness not asserted,Complete semantic source read
backend/app/schemas/health.py,backend_application,15228,368,ad0ff2206d6747ee8e7621d37be66be569dd2f9ee45589f53426263e67284f6b,complete_semantic_source_review,backend_domain,Full Python syntax/AST parse using Python 3.13.15; Ruff project checks passed; Strict mypy app/scripts/mutation passed (148-file project run); Exercised by passing project unit suites and targeted audit probes; individual execution-path completeness not asserted,Complete semantic source read
backend/app/schemas/kidding.py,backend_application,5171,137,b5f4ad515fbdf93a9e05947f4f744fae5262408148a376bd1d383e257d922f92,complete_semantic_source_review,backend_domain,Full Python syntax/AST parse using Python 3.13.15; Ruff project checks passed; Strict mypy app/scripts/mutation passed (148-file project run); Exercised by passing project unit suites and targeted audit probes; individual execution-path completeness not asserted,Complete semantic source read
backend/app/schemas/ops.py,backend_application,342,17,9558d4c6273207b7d9c07cce8ec23670bcd9d463368d732b5c3cabf0310607b0,complete_semantic_source_review,backend_domain,Full Python syntax/AST parse using Python 3.13.15; Ruff project checks passed; Strict mypy app/scripts/mutation passed (148-file project run); Exercised by passing project unit suites and targeted audit probes; individual execution-path completeness not asserted,Complete semantic source read
backend/app/schemas/ops_simulation.py,backend_application,1799,54,2838cd57bddcd248b3d61c21b7abb26f76cf2fcafc4e7cde2970106f488ff618,complete_semantic_source_review,backend_domain,Full Python syntax/AST parse using Python 3.13.15; Ruff project checks passed; Strict mypy app/scripts/mutation passed (148-file project run); Exercised by passing project unit suites and targeted audit probes; individual execution-path completeness not asserted,Complete semantic source read
backend/app/schemas/owner.py,backend_application,1688,54,9e9082f2182b4eadb4367e75c2e6082d3ab0e20599545f2376e45ee8873849fd,complete_semantic_source_review,backend_domain,Full Python syntax/AST parse using Python 3.13.15; Ruff project checks passed; Strict mypy app/scripts/mutation passed (148-file project run); Exercised by passing project unit suites and targeted audit probes; individual execution-path completeness not asserted,Complete semantic source read
backend/app/schemas/planner.py,backend_application,4158,116,eceb4033e316ecfbd9249922ab5da598bc78c99112a247175b1b5e1dff21f8ea,complete_semantic_source_review,backend_domain,Full Python syntax/AST parse using Python 3.13.15; Ruff project checks passed; Strict mypy app/scripts/mutation passed (148-file project run); Exercised by passing project unit suites and targeted audit probes; individual execution-path completeness not asserted,Complete semantic source read
backend/app/schemas/purchases.py,backend_application,4540,119,ed204d52976589debaa6441ab9d8da559914ae8cdea16be559e9c501d458031b,complete_semantic_source_review,backend_domain; database_quality,Full Python syntax/AST parse using Python 3.13.15; Ruff project checks passed; Strict mypy app/scripts/mutation passed (148-file project run); Exercised by passing project unit suites and targeted audit probes; individual execution-path completeness not asserted,"Complete semantic source read | Targeted numeric/bounds search, not complete semantic source review."
backend/app/schemas/screening.py,backend_application,10371,328,c778374fa2402d4a0d3a4079abb2c0e6763692c75d190c82b5206033f143b784,complete_semantic_source_review,backend_domain,Full Python syntax/AST parse using Python 3.13.15; Ruff project checks passed; Strict mypy app/scripts/mutation passed (148-file project run); Exercised by passing project unit suites and targeted audit probes; individual execution-path completeness not asserted,Complete semantic source read
backend/app/schemas/simulation.py,backend_application,3889,135,9f84f5dc12b0a4d081314f85fe199b272d7ef438e6d92a5bdcf41e3b33492228,complete_semantic_source_review,backend_domain,Full Python syntax/AST parse using Python 3.13.15; Ruff project checks passed; Strict mypy app/scripts/mutation passed (148-file project run); Exercised by passing project unit suites and targeted audit probes; individual execution-path completeness not asserted,Complete semantic source read
backend/app/schemas/summaries.py,backend_application,2474,88,9ccf8bd826e8613f96b185d319395793a8645fc6ba5a865c0547e982e5d3fb68,complete_semantic_source_review,backend_domain,Full Python syntax/AST parse using Python 3.13.15; Ruff project checks passed; Strict mypy app/scripts/mutation passed (148-file project run); Exercised by passing project unit suites and targeted audit probes; individual execution-path completeness not asserted,Complete semantic source read
backend/app/schemas/tasks.py,backend_application,5119,156,d6e3deceea7a53f498f36a57bc9ecb54bb1e693b9379944c3125c948bdc9a7fc,complete_semantic_source_review,backend_domain,Full Python syntax/AST parse using Python 3.13.15; Ruff project checks passed; Strict mypy app/scripts/mutation passed (148-file project run); Exercised by passing project unit suites and targeted audit probes; individual execution-path completeness not asserted,Complete semantic source read
backend/app/schemas/team.py,backend_application,4381,128,26c43c66fe4e01d0bc188ea9e40e8ac40a025c49be75290838bdd410e0c592dd,complete_semantic_source_review,platform_quality,Full Python syntax/AST parse using Python 3.13.15; Ruff project checks passed; Strict mypy app/scripts/mutation passed (148-file project run); Exercised by passing project unit suites and targeted audit probes; individual execution-path completeness not asserted,Read ranges 1-128
backend/app/security.py,backend_application,45556,1128,6a3f67f0787d733db53567f3228ed7ff42cc3800dac8501d5cc68aded6860c7b,complete_semantic_source_review,platform_quality,Full Python syntax/AST parse using Python 3.13.15; Ruff project checks passed; Strict mypy app/scripts/mutation passed (148-file project run); Exercised by passing project unit suites and targeted audit probes; individual execution-path completeness not asserted,Read ranges 1-1128
backend/app/seed.py,backend_application,28934,787,efaa4e1affaa075c96410740a2b77cc74883e7abbe5005ea37b0fd3ecc8fdfd5,complete_semantic_source_review,database_quality,Full Python syntax/AST parse using Python 3.13.15; Ruff project checks passed; Strict mypy app/scripts/mutation passed (148-file project run); Exercised by passing project unit suites and targeted audit probes; individual execution-path completeness not asserted,Complete reference seeding/concurrency/repair semantic reading; no live seed execution.
backend/app/services/__init__.py,backend_application,7879,287,68f0f6088e6015beb992e10de602255a9ba3a8d98c645898ded506c3e738b002,complete_semantic_source_review,backend_domain,Full Python syntax/AST parse using Python 3.13.15; Ruff project checks passed; Strict mypy app/scripts/mutation passed (148-file project run); Exercised by passing project unit suites and targeted audit probes; individual execution-path completeness not asserted,Complete semantic source read
backend/app/services/_common.py,backend_application,6680,176,c71f233b55e7d862d3b4b3a4b597f3ef5a547ae6d93317408196b0939e0daf63,complete_semantic_source_review,backend_domain,Full Python syntax/AST parse using Python 3.13.15; Ruff project checks passed; Strict mypy app/scripts/mutation passed (148-file project run); Exercised by passing project unit suites and targeted audit probes; individual execution-path completeness not asserted,Complete semantic source read
backend/app/services/animals.py,backend_application,16629,412,a514a2f258cdc930aa9523546a06164fec89403e52df72d2262c828138d60601,complete_semantic_source_review,backend_domain,Full Python syntax/AST parse using Python 3.13.15; Ruff project checks passed; Strict mypy app/scripts/mutation passed (148-file project run); Exercised by passing project unit suites and targeted audit probes; individual execution-path completeness not asserted,Complete semantic source read
backend/app/services/breeding.py,backend_application,48537,1148,8debf4d290c6737f49647fab95af0b5f968109bce9baaabc3d001177febb2526,complete_semantic_source_review,backend_domain,Full Python syntax/AST parse using Python 3.13.15; Ruff project checks passed; Strict mypy app/scripts/mutation passed (148-file project run); Exercised by passing project unit suites and targeted audit probes; individual execution-path completeness not asserted,Complete semantic source read
backend/app/services/cadence.py,backend_application,23771,615,2df884dbecc76605f87e7f599c8e8ec2be526bcb52f0924b6746301306256b9f,complete_semantic_source_review,backend_domain,Full Python syntax/AST parse using Python 3.13.15; Ruff project checks passed; Strict mypy app/scripts/mutation passed (148-file project run); Exercised by passing project unit suites and targeted audit probes; individual execution-path completeness not asserted,Complete semantic source read
backend/app/services/chronology.py,backend_application,7539,203,46154914ce9ae22b4509741642d7b190ef7998360c9dbeb5cc86d18e4c3525ee,complete_semantic_source_review,backend_domain,Full Python syntax/AST parse using Python 3.13.15; Ruff project checks passed; Strict mypy app/scripts/mutation passed (148-file project run); Exercised by passing project unit suites and targeted audit probes; individual execution-path completeness not asserted,Complete semantic source read
backend/app/services/dashboard.py,backend_application,15424,384,28e8319b691f226402303dd1a680f22c9b70777eef4895377cca553a5ed3ac7f,complete_semantic_source_review,backend_domain,Full Python syntax/AST parse using Python 3.13.15; Ruff project checks passed; Strict mypy app/scripts/mutation passed (148-file project run); Exercised by passing project unit suites and targeted audit probes; individual execution-path completeness not asserted,Complete semantic source read
backend/app/services/feeding.py,backend_application,30619,737,696d5b5c807792ab238c715f40a5bbf4c239f7aa2d1b880459606faa8ad24bf5,complete_semantic_source_review,backend_domain,Full Python syntax/AST parse using Python 3.13.15; Ruff project checks passed; Strict mypy app/scripts/mutation passed (148-file project run); Exercised by passing project unit suites and targeted audit probes; individual execution-path completeness not asserted,Complete semantic source read
backend/app/services/finance.py,backend_application,28168,684,e3339e813c0be7d3c4d17b2e93039748b17e11bff67754f44bfdd54f03271225,complete_semantic_source_review,backend_domain,Full Python syntax/AST parse using Python 3.13.15; Ruff project checks passed; Strict mypy app/scripts/mutation passed (148-file project run); Exercised by passing project unit suites and targeted audit probes; individual execution-path completeness not asserted,Complete semantic source read
backend/app/services/health.py,backend_application,32186,747,c56367596900d4dc2a84100856e81ae11c23537d407cea73b86a0196725462b4,complete_semantic_source_review,backend_domain,Full Python syntax/AST parse using Python 3.13.15; Ruff project checks passed; Strict mypy app/scripts/mutation passed (148-file project run); Exercised by passing project unit suites and targeted audit probes; individual execution-path completeness not asserted,Complete semantic source read
backend/app/services/idempotency.py,backend_application,18559,481,1c0154349ebfbc8b170b511e4de8540243fadf827835fdb714ad180027ef95da,complete_semantic_source_review,backend_domain,Full Python syntax/AST parse using Python 3.13.15; Ruff project checks passed; Strict mypy app/scripts/mutation passed (148-file project run); Exercised by passing project unit suites and targeted audit probes; individual execution-path completeness not asserted,Complete semantic source read
backend/app/services/kidding.py,backend_application,26280,652,0f2c840e6e5e12046159bf32ffa0c65a589369907eade9c28e558939983b7c4e,complete_semantic_source_review,backend_domain,Full Python syntax/AST parse using Python 3.13.15; Ruff project checks passed; Strict mypy app/scripts/mutation passed (148-file project run); Exercised by passing project unit suites and targeted audit probes; individual execution-path completeness not asserted,Complete semantic source read
backend/app/services/notifications/__init__.py,backend_application,1046,43,0bc64d8388116d3acacf0d8c6c5f1c775737ea3817d390d1feca08b6679b65a1,complete_semantic_source_review,backend_domain,Full Python syntax/AST parse using Python 3.13.15; Ruff project checks passed; Strict mypy app/scripts/mutation passed (148-file project run); Exercised by passing project unit suites and targeted audit probes; individual execution-path completeness not asserted,Complete semantic source read
backend/app/services/notifications/hooks.py,backend_application,2087,55,3e96ea1180eb260bea3df29a5602738f1e02843a23b7df3306ae65d8a2065b98,complete_semantic_source_review,backend_domain,Full Python syntax/AST parse using Python 3.13.15; Ruff project checks passed; Strict mypy app/scripts/mutation passed (148-file project run); Exercised by passing project unit suites and targeted audit probes; individual execution-path completeness not asserted,Complete semantic source read
backend/app/services/notifications/providers.py,backend_application,4603,132,0ba15f4b110ba66ca2d27ae1a84584d830924d8804e20724f425eb4db1509811,complete_semantic_source_review,backend_domain; platform_quality,Full Python syntax/AST parse using Python 3.13.15; Ruff project checks passed; Strict mypy app/scripts/mutation passed (148-file project run); Exercised by passing project unit suites and targeted audit probes; individual execution-path completeness not asserted,Complete semantic source read | Read ranges 1-132
backend/app/services/notifications/service.py,backend_application,28581,760,135a59e15b8c60740e80653f9fc8c7e73e13b2d6d1c44669cb6ffd3197dcbe47,complete_semantic_source_review,backend_domain,Full Python syntax/AST parse using Python 3.13.15; Ruff project checks passed; Strict mypy app/scripts/mutation passed (148-file project run); Exercised by passing project unit suites and targeted audit probes; individual execution-path completeness not asserted,Complete semantic source read
backend/app/services/purchases.py,backend_application,10805,258,8c8dc13cfbc62063ae08a19a5cf1ef16f3e8a449e98916b26749fd92cafcd761,complete_semantic_source_review,backend_domain,Full Python syntax/AST parse using Python 3.13.15; Ruff project checks passed; Strict mypy app/scripts/mutation passed (148-file project run); Exercised by passing project unit suites and targeted audit probes; individual execution-path completeness not asserted,Complete semantic source read
backend/app/services/retention.py,backend_application,11565,302,ed504e762cef3a1893003a487350d5a86c7cf12d694b5358c9ec3ccafe9df2e3,complete_semantic_source_review,backend_domain; database_quality,Full Python syntax/AST parse using Python 3.13.15; Ruff project checks passed; Strict mypy app/scripts/mutation passed (148-file project run); Exercised by passing project unit suites and targeted audit probes; individual execution-path completeness not asserted,"Complete semantic source read | Complete 302-line semantic source reading; statement-vs-transaction bounds, FK dependency order, summary rollback inspected. No DB performance/lock test."
backend/app/services/screening/__init__.py,backend_application,3318,135,a4225cc3e3d88b3d2373c5d0e274b3763cc1c853af90a8483c185cc2821bf107,complete_semantic_source_review,backend_domain,Full Python syntax/AST parse using Python 3.13.15; Ruff project checks passed; Strict mypy app/scripts/mutation passed (148-file project run); Exercised by passing project unit suites and targeted audit probes; individual execution-path completeness not asserted,Complete semantic source read
backend/app/services/screening/detect.py,backend_application,3951,119,fe0ad39c38ddf4dac1915a5dd7986635b896f89014392be1b8f012ec0c5ab213,complete_semantic_source_review,backend_domain,Full Python syntax/AST parse using Python 3.13.15; Ruff project checks passed; Strict mypy app/scripts/mutation passed (148-file project run); Exercised by passing project unit suites and targeted audit probes; individual execution-path completeness not asserted,Complete semantic source read
backend/app/services/screening/gate.py,backend_application,6275,169,f360d713d55d7dbe524fabe2e6ee4aa984be394445b5a1627c0aa4601aa90618,complete_semantic_source_review,backend_domain,Full Python syntax/AST parse using Python 3.13.15; Ruff project checks passed; Strict mypy app/scripts/mutation passed (148-file project run); Exercised by passing project unit suites and targeted audit probes; individual execution-path completeness not asserted,Complete semantic source read
backend/app/services/screening/images.py,backend_application,7523,179,70a23b4e734c52298b99ffa9ced5ba616b4247efcda283aaf26475bc1b021932,complete_semantic_source_review,backend_domain,Full Python syntax/AST parse using Python 3.13.15; Ruff project checks passed; Strict mypy app/scripts/mutation passed (148-file project run); Exercised by passing project unit suites and targeted audit probes; individual execution-path completeness not asserted,Complete semantic source read
backend/app/services/screening/pipeline.py,backend_application,70383,1647,69386ac2a97d09414f80cbd19cbdc9143f11a08b2a4816421328dac4401920a3,complete_semantic_source_review,backend_domain,Full Python syntax/AST parse using Python 3.13.15; Ruff project checks passed; Strict mypy app/scripts/mutation passed (148-file project run); Exercised by passing project unit suites and targeted audit probes; individual execution-path completeness not asserted,Complete semantic source read
backend/app/services/screening/providers.py,backend_application,11422,307,59636922e5163accc16f755391ad8ef29f7f3e17f03eac38985c98a7a6309ddd,complete_semantic_source_review,backend_domain,Full Python syntax/AST parse using Python 3.13.15; Ruff project checks passed; Strict mypy app/scripts/mutation passed (148-file project run); Exercised by passing project unit suites and targeted audit probes; individual execution-path completeness not asserted,Complete semantic source read
backend/app/services/screening/rotation.py,backend_application,5290,126,181c39d792738f49ccbb5fdcb40ac62301f83d42be26795364bf803d583dc72a,complete_semantic_source_review,backend_domain,Full Python syntax/AST parse using Python 3.13.15; Ruff project checks passed; Strict mypy app/scripts/mutation passed (148-file project run); Exercised by passing project unit suites and targeted audit probes; individual execution-path completeness not asserted,Complete semantic source read
backend/app/services/screening/s3.py,backend_application,16665,384,150f40c8fdfd55fe5735716cda606eade04ff723d1ca3ba30d95197744c599aa,complete_semantic_source_review,backend_domain,Full Python syntax/AST parse using Python 3.13.15; Ruff project checks passed; Strict mypy app/scripts/mutation passed (148-file project run); Exercised by passing project unit suites and targeted audit probes; individual execution-path completeness not asserted,Complete semantic source read
backend/app/services/screening/specialists.py,backend_application,8303,216,34c6d46824673195b1bbcff470ffb3e3e3f7788ca2decc495571ba3d15e56f16,complete_semantic_source_review,backend_domain,Full Python syntax/AST parse using Python 3.13.15; Ruff project checks passed; Strict mypy app/scripts/mutation passed (148-file project run); Exercised by passing project unit suites and targeted audit probes; individual execution-path completeness not asserted,Complete semantic source read
backend/app/services/simulation_calibration.py,backend_application,53036,1183,0a69d001d918667e9487503a43f9688bf338629be4fbe804d4dfaf6df8ab60d8,complete_semantic_source_review,backend_domain,Full Python syntax/AST parse using Python 3.13.15; Ruff project checks passed; Strict mypy app/scripts/mutation passed (148-file project run); Exercised by passing project unit suites and targeted audit probes; individual execution-path completeness not asserted,Complete semantic source read
backend/app/services/tasks.py,backend_application,42963,992,92c23db906ff3bc1d1454554c19ce4aa749baba23cb5c1ead785b750a7ade994,complete_semantic_source_review,backend_domain,Full Python syntax/AST parse using Python 3.13.15; Ruff project checks passed; Strict mypy app/scripts/mutation passed (148-file project run); Exercised by passing project unit suites and targeted audit probes; individual execution-path completeness not asserted,Complete semantic source read
backend/app/simulation/__init__.py,backend_application,4096,171,c2f05e6641e72148a23afc6a4b6f6dd4297e25300110c080f52147da95866dbe,complete_semantic_source_review,backend_domain,Full Python syntax/AST parse using Python 3.13.15; Ruff project checks passed; Strict mypy app/scripts/mutation passed (148-file project run); Exercised by passing project unit suites and targeted audit probes; individual execution-path completeness not asserted,Complete semantic source read
backend/app/simulation/assumptions.py,backend_application,66667,1200,01e290d34511ef6c9daadc11c40a9cc1c8f4c51b88487f34b7aa61aaad00f21b,complete_semantic_source_review,backend_domain,Full Python syntax/AST parse using Python 3.13.15; Ruff project checks passed; Strict mypy app/scripts/mutation passed (148-file project run); Exercised by passing project unit suites and targeted audit probes; individual execution-path completeness not asserted,Complete semantic source read
backend/app/simulation/backward_planner.py,backend_application,24532,618,83579ff2f358c1eda7e2f14f188e4548b8b37ed85bf9c44e753f1a84eaa0072b,complete_semantic_source_review,backend_domain,Full Python syntax/AST parse using Python 3.13.15; Ruff project checks passed; Strict mypy app/scripts/mutation passed (148-file project run); Exercised by passing project unit suites and targeted audit probes; individual execution-path completeness not asserted,Complete semantic source read
backend/app/simulation/daily_ops.py,backend_application,85160,1999,c8d2d0a9dbf09bae82a32d448490b7c640f7ef8ebc305e2939d96df6e624b631,complete_semantic_source_review,backend_domain,Full Python syntax/AST parse using Python 3.13.15; Ruff project checks passed; Strict mypy app/scripts/mutation passed (148-file project run); Exercised by passing project unit suites and targeted audit probes; individual execution-path completeness not asserted,Complete semantic source read
backend/app/simulation/defaults.py,backend_application,11326,285,929a094c18719c2f080cc8fd90a5c0361cda30769bad9a4dd14ca6e09ce4ef8d,complete_semantic_source_review,backend_domain,Full Python syntax/AST parse using Python 3.13.15; Ruff project checks passed; Strict mypy app/scripts/mutation passed (148-file project run); Exercised by passing project unit suites and targeted audit probes; individual execution-path completeness not asserted,Complete semantic source read
backend/app/simulation/engine.py,backend_application,106227,2260,1ffeb26a21c36556e2f79779886ff53056b4a9c4ce23399e0757883969917915,complete_semantic_source_review,backend_domain,Full Python syntax/AST parse using Python 3.13.15; Ruff project checks passed; Strict mypy app/scripts/mutation passed (148-file project run); Exercised by passing project unit suites and targeted audit probes; individual execution-path completeness not asserted,Complete semantic source read
backend/app/simulation/explain.py,backend_application,56163,1203,0bd6ace98a0fa6f2697dd8a5a7319ef3559ec298efbdc7072cd0865810c2a371,complete_semantic_source_review,backend_domain,Full Python syntax/AST parse using Python 3.13.15; Ruff project checks passed; Strict mypy app/scripts/mutation passed (148-file project run); Exercised by passing project unit suites and targeted audit probes; individual execution-path completeness not asserted,Complete semantic source read
backend/app/simulation/feed.py,backend_application,3475,91,9758a5bc76b4e9cb9ab1f5e1d88729f1727fd880b83ac2d96347afdf8a881321,complete_semantic_source_review,backend_domain,Full Python syntax/AST parse using Python 3.13.15; Ruff project checks passed; Strict mypy app/scripts/mutation passed (148-file project run); Exercised by passing project unit suites and targeted audit probes; individual execution-path completeness not asserted,Complete semantic source read
backend/app/simulation/finance.py,backend_application,22426,559,fbf8bd0df824989bc863b81385fd807bbcf54303e0b291068b752f2eb25bf748,complete_semantic_source_review,backend_domain,Full Python syntax/AST parse using Python 3.13.15; Ruff project checks passed; Strict mypy app/scripts/mutation passed (148-file project run); Exercised by passing project unit suites and targeted audit probes; individual execution-path completeness not asserted,Complete semantic source read
backend/app/simulation/market.py,backend_application,6710,163,f8774559d864149bc0bae54e5f4c755ba996b8d0958996714ca65080b39b87ac,complete_semantic_source_review,backend_domain,Full Python syntax/AST parse using Python 3.13.15; Ruff project checks passed; Strict mypy app/scripts/mutation passed (148-file project run); Exercised by passing project unit suites and targeted audit probes; individual execution-path completeness not asserted,Complete semantic source read
backend/app/simulation/montecarlo.py,backend_application,32387,737,f5caca458f9ecb2ae4dd8aa667133f16583a54f21a85a131ce477aa7dca2c95a,complete_semantic_source_review,backend_domain,Full Python syntax/AST parse using Python 3.13.15; Ruff project checks passed; Strict mypy app/scripts/mutation passed (148-file project run); Exercised by passing project unit suites and targeted audit probes; individual execution-path completeness not asserted,Complete semantic source read
backend/app/simulation/optimization.py,backend_application,13876,318,9908c3dce20bd059c2029fd1d69dbef834dd58eee1a84ee69630034afe4122c5,complete_semantic_source_review,backend_domain,Full Python syntax/AST parse using Python 3.13.15; Ruff project checks passed; Strict mypy app/scripts/mutation passed (148-file project run); Exercised by passing project unit suites and targeted audit probes; individual execution-path completeness not asserted,Complete semantic source read
backend/app/simulation/planner.py,backend_application,38746,877,af301b5d8ead7ed3b1b5573c2afe934b780a1baa882526c53a7984da0d4e803b,complete_semantic_source_review,backend_domain,Full Python syntax/AST parse using Python 3.13.15; Ruff project checks passed; Strict mypy app/scripts/mutation passed (148-file project run); Exercised by passing project unit suites and targeted audit probes; individual execution-path completeness not asserted,Complete semantic source read
backend/app/simulation/results.py,backend_application,13725,358,d18bb4248e8c1385a3e9d9f2b7d0e1c7e5cc211e7046db8ae25df707fac94a09,complete_semantic_source_review,backend_domain,Full Python syntax/AST parse using Python 3.13.15; Ruff project checks passed; Strict mypy app/scripts/mutation passed (148-file project run); Exercised by passing project unit suites and targeted audit probes; individual execution-path completeness not asserted,Complete semantic source read
backend/app/simulation/shocks.py,backend_application,1132,37,32ed693308501eda30d1762c6807cded2136dcd4dd710a477014f1d6224a5ec1,complete_semantic_source_review,backend_domain,Full Python syntax/AST parse using Python 3.13.15; Ruff project checks passed; Strict mypy app/scripts/mutation passed (148-file project run); Exercised by passing project unit suites and targeted audit probes; individual execution-path completeness not asserted,Complete semantic source read
backend/app/simulation/snapshot.py,backend_application,1447,43,0967deea62a5ebbf0e83df2320e90d8c39d711c445b932134b2fbfeb626928fb,complete_semantic_source_review,backend_domain,Full Python syntax/AST parse using Python 3.13.15; Ruff project checks passed; Strict mypy app/scripts/mutation passed (148-file project run); Exercised by passing project unit suites and targeted audit probes; individual execution-path completeness not asserted,Complete semantic source read
backend/app/simulation/vocabulary.py,backend_application,1780,57,fbb1fee870453fb3bb36183c0d59b487990bd50deb8d7ae7cf13e00a7a76c06d,complete_semantic_source_review,backend_domain,Full Python syntax/AST parse using Python 3.13.15; Ruff project checks passed; Strict mypy app/scripts/mutation passed (148-file project run); Exercised by passing project unit suites and targeted audit probes; individual execution-path completeness not asserted,Complete semantic source read
backend/app/utils.py,backend_application,3671,91,177f085fbe75c2d91945a44a0925de6e9a842fa23f906c92e24aa42f08b181cb,complete_semantic_source_review,platform_quality,Full Python syntax/AST parse using Python 3.13.15; Ruff project checks passed; Strict mypy app/scripts/mutation passed (148-file project run); Exercised by passing project unit suites and targeted audit probes; individual execution-path completeness not asserted,Read ranges 1-91
backend/app/worker/__init__.py,backend_application,11673,284,ca5d49e4efd624f5b3566437112fed472b7a91920bccd4102ea76f2c2040dbae,complete_semantic_source_review,backend_domain,Full Python syntax/AST parse using Python 3.13.15; Ruff project checks passed; Strict mypy app/scripts/mutation passed (148-file project run); Exercised by passing project unit suites and targeted audit probes; individual execution-path completeness not asserted,Complete semantic source read
backend/app/worker/__main__.py,backend_application,147,7,83040ded34733bf314ba8b7bb39cebf42e07196ce93fb78a09fe2312f34916c9,complete_semantic_source_review,backend_domain,Full Python syntax/AST parse using Python 3.13.15; Ruff project checks passed; Strict mypy app/scripts/mutation passed (148-file project run); Exercised by passing project unit suites and targeted audit probes; individual execution-path completeness not asserted,Complete semantic source read
backend/app/worker/heartbeat.py,backend_application,2112,51,1e09a0732cb15d86157046959e0cf4ff5e91163e214c517b24065c7df041b3f4,complete_semantic_source_review,backend_domain,Full Python syntax/AST parse using Python 3.13.15; Ruff project checks passed; Strict mypy app/scripts/mutation passed (148-file project run); Exercised by passing project unit suites and targeted audit probes; individual execution-path completeness not asserted,Complete semantic source read
backend/mutation/manifest.json,mutation_harness_and_artifacts,4343967,98476,750fb8b21c558d477bbabb83c48bad40779d59976ebc5ba687e8ffbe8e6eb2b1,mechanical_review_without_full_semantic_read,,"JSON syntax validated; Historical mutation campaign data inventoried; latest-by-ID result totals recomputed, campaign not rerun",Inventory plus structural/static or project-level checks; full human semantic source reading not asserted
backend/mutation/mutate_final_pass.py,mutation_harness_and_artifacts,5054,131,09e85a259ad8b0de136757021e7ab52069586344c1b1cefe9a0a3a6ff010df11,complete_semantic_source_review,root,Full Python syntax/AST parse using Python 3.13.15; Ruff project checks passed; Strict mypy app/scripts/mutation passed (148-file project run),Root complete semantic read via untruncated visible source; no mutator execution
backend/mutation/mutate_gen.py,mutation_harness_and_artifacts,14960,425,1081cd2fba709f38cc6153232e0264a64cadd2d2f99981a757fe38d102ff6e5e,complete_semantic_source_review,root,Full Python syntax/AST parse using Python 3.13.15; Ruff project checks passed; Strict mypy app/scripts/mutation passed (148-file project run),Root complete semantic read via untruncated visible source; no mutator execution
backend/mutation/mutate_report.py,mutation_harness_and_artifacts,4283,112,863bf7e9a43ea2a22c53bc26e1efb3e2ea9a8759855d937bbae310194b8a05b7,complete_semantic_source_review,root,Full Python syntax/AST parse using Python 3.13.15; Ruff project checks passed; Strict mypy app/scripts/mutation passed (148-file project run),Root complete semantic read via untruncated visible source; no mutator execution
backend/mutation/mutate_rerun_survivors.py,mutation_harness_and_artifacts,2429,70,a92bda70be2563bf2dc8ef89c92b41ae044016773f89cdeb27c73e63435d03a5,complete_semantic_source_review,root,Full Python syntax/AST parse using Python 3.13.15; Ruff project checks passed; Strict mypy app/scripts/mutation passed (148-file project run),Root complete semantic read via untruncated visible source; no mutator execution
backend/mutation/mutate_reverify.py,mutation_harness_and_artifacts,4513,125,6710f794f9acf4f54071533b4485cba409a41e342f5489ed38f4ec2c84332844,complete_semantic_source_review,root,Full Python syntax/AST parse using Python 3.13.15; Ruff project checks passed; Strict mypy app/scripts/mutation passed (148-file project run),Root complete semantic read via untruncated visible source; no mutator execution
backend/mutation/mutate_run.py,mutation_harness_and_artifacts,14242,362,68392b15cc160b7d17065a4535ad6abac80f92957a7e3e24725356c8687c4298,complete_semantic_source_review,root,Full Python syntax/AST parse using Python 3.13.15; Ruff project checks passed; Strict mypy app/scripts/mutation passed (148-file project run),Root complete semantic read via untruncated visible source; no mutator execution
backend/mutation/mutate_triage.py,mutation_harness_and_artifacts,2818,78,e2647d4145124346f68b4aa2e13f6cde1f6285713ecc63a9e85f0826fbe678f9,complete_semantic_source_review,root,Full Python syntax/AST parse using Python 3.13.15; Ruff project checks passed; Strict mypy app/scripts/mutation passed (148-file project run),Root complete semantic read via untruncated visible source; no mutator execution
backend/mutation/mutate_verify.py,mutation_harness_and_artifacts,2983,82,35e0e5cbf793559c67f938b014ea0df222891392bea9ef56f7acf751ca50aed9,complete_semantic_source_review,root,Full Python syntax/AST parse using Python 3.13.15; Ruff project checks passed; Strict mypy app/scripts/mutation passed (148-file project run),Root complete semantic read via untruncated visible source; no mutator execution
backend/mutation/mutate_verify_extremes.py,mutation_harness_and_artifacts,6083,163,a4213ba17a021affc9b0b8b7830239cabd3c2125fc201947d55e1dbd63f54539,complete_semantic_source_review,root,Full Python syntax/AST parse using Python 3.13.15; Ruff project checks passed; Strict mypy app/scripts/mutation passed (148-file project run),Root complete semantic read via untruncated visible source; no mutator execution
backend/mutation/report.md,mutation_harness_and_artifacts,23485,315,8bb271c0604059d01d32b00ee500f335c5141ded9a8da18090f464d23253140e,mechanical_review_without_full_semantic_read,,"Historical mutation campaign data inventoried; latest-by-ID result totals recomputed, campaign not rerun",Inventory plus structural/static or project-level checks; full human semantic source reading not asserted
backend/mutation/results.jsonl,mutation_harness_and_artifacts,2208080,6565,bfeb89878f774d3476babcfc77b68981f4c19e4a1fb18e3878338d01286e22ba,mechanical_review_without_full_semantic_read,,"Historical mutation campaign data inventoried; latest-by-ID result totals recomputed, campaign not rerun",Inventory plus structural/static or project-level checks; full human semantic source reading not asserted
backend/pins/pip-audit.in,dependency_manifest_lock_or_pin,18,1,7b4acc391ab477d5fedd5d34f8d7c4da0afdae1a6c0643aa0f877220386c75ba,complete_semantic_source_review,coverage_ledger,Frozen lock/install and dependency scans reviewed; pnpm and Python advisory scans failed release gates; applicability assessed separately,Complete requirements/pin file displayed and read; exact package/version and hash-delivery structure assessed; registry artifacts and individual hashes not independently reverified
backend/pins/pip-audit.txt,dependency_manifest_lock_or_pin,31758,419,dd45dbbe7c6f32d68f39286a1394491c741bed56f7da3a83ce732d77fc4e7e47,complete_semantic_source_review,coverage_ledger,Frozen lock/install and dependency scans reviewed; pnpm and Python advisory scans failed release gates; applicability assessed separately,Complete requirements/pin file displayed and read; exact package/version and hash-delivery structure assessed; registry artifacts and individual hashes not independently reverified
backend/pins/uv.txt,dependency_manifest_lock_or_pin,924,13,afed1b0e2846cf9379f9a11a11be45090b93f205a46c9609eba739d83f5c371b,complete_semantic_source_review,coverage_ledger,Frozen lock/install and dependency scans reviewed; pnpm and Python advisory scans failed release gates; applicability assessed separately,Complete requirements/pin file displayed and read; exact package/version and hash-delivery structure assessed; registry artifacts and individual hashes not independently reverified
backend/pyproject.toml,dependency_manifest_lock_or_pin,6208,165,dad914c6c900613839cdc91bef63cca19bdde4e908b1c44e5ad87786a383cb06,complete_semantic_source_review,coverage_ledger,Frozen lock/install and dependency scans reviewed; pnpm and Python advisory scans failed release gates; applicability assessed separately,"Complete displayed source read: configuration/documentation control meanings, defaults and reproducibility assessed; no source edits"
backend/scripts/backup.sh,operational_script_or_template,20552,489,d4742fe79822eb7be51402497fcbd04a2b2daa0795d6d9deeb01523f1cf60707,complete_semantic_source_review,database_quality,Content/metadata inventory; no dedicated execution verification asserted,Complete operational control-flow/cleanup/failure-path semantic reading; actual external tools/services not exercised.
backend/scripts/backup_env.sh,operational_script_or_template,6066,139,87b94d9c7b553255dd7f87b6adc2e62c882795a80e81cee59772d40a6852c727,complete_semantic_source_review,database_quality,Content/metadata inventory; no dedicated execution verification asserted,Complete operational control-flow/cleanup/failure-path semantic reading; actual external tools/services not exercised.
backend/scripts/backup_flock.py,operational_script_or_template,2061,65,d5d33896a6ce78a6c29f1a55c5dd4ba0528d85a9c674f50e2cdd774caa8af168,complete_semantic_source_review,database_quality,Full Python syntax/AST parse using Python 3.13.15; Ruff project checks passed; Strict mypy app/scripts/mutation passed (148-file project run),Complete operational control-flow/cleanup/failure-path semantic reading; actual external tools/services not exercised.
backend/scripts/backup_legacy_lock.py,operational_script_or_template,14784,391,5c5c6e0aef40ab5b96421c63cc00a537b33bda2fe0928536a64277cca2b0f013,complete_semantic_source_review,database_quality,Full Python syntax/AST parse using Python 3.13.15; Ruff project checks passed; Strict mypy app/scripts/mutation passed (148-file project run),Complete operational control-flow/cleanup/failure-path semantic reading; actual external tools/services not exercised.
backend/scripts/check_trivy_ignore_freshness.py,operational_script_or_template,3626,102,602000bfe1c4c249e0c81ddc84dd851951bff3f8b4aa277412cf5c7f2841a905,complete_semantic_source_review,database_quality,Full Python syntax/AST parse using Python 3.13.15; Ruff project checks passed; Strict mypy app/scripts/mutation passed (148-file project run),Complete operational control-flow/cleanup/failure-path semantic reading; actual external tools/services not exercised.
backend/scripts/compose_env_guard.py,operational_script_or_template,5812,136,5ebd31278ce1bcbcd9294ba2b55676beb8aa2b568de438db1d190aeddd66acc3,complete_semantic_source_review,database_quality,Full Python syntax/AST parse using Python 3.13.15; Ruff project checks passed; Strict mypy app/scripts/mutation passed (148-file project run),Complete operational control-flow/cleanup/failure-path semantic reading; actual external tools/services not exercised.
backend/scripts/dotenv_value.py,operational_script_or_template,6479,158,9ad5b29845a6e36635cf2e8383c8e343dc1ff3a8b2a25f287f66af0d3ba7673a,complete_semantic_source_review,database_quality,Full Python syntax/AST parse using Python 3.13.15; Ruff project checks passed; Strict mypy app/scripts/mutation passed (148-file project run),Complete operational control-flow/cleanup/failure-path semantic reading; actual external tools/services not exercised.
backend/scripts/dump_daily_ops.py,operational_script_or_template,4099,116,2568f22476d48a451d5d4aea46435267f342034cb9ed50c654799ca3760d0684,complete_semantic_source_review,database_quality,Full Python syntax/AST parse using Python 3.13.15; Ruff project checks passed; Strict mypy app/scripts/mutation passed (148-file project run),Complete operational control-flow/cleanup/failure-path semantic reading; actual external tools/services not exercised.
backend/scripts/export_openapi.py,operational_script_or_template,697,26,2a0d59d2b16d251703085edcbf223ac5e48587df3baaf6791c247a15761cc3cc,complete_semantic_source_review,database_quality,Full Python syntax/AST parse using Python 3.13.15; Ruff project checks passed; Strict mypy app/scripts/mutation passed (148-file project run),Complete operational control-flow/cleanup/failure-path semantic reading; actual external tools/services not exercised.
backend/scripts/healthcheck.py,operational_script_or_template,1348,41,0f2f8f381a35a8da684ae3bc7a80785ec098cd71fe751a3f0d2bf9543054c834,complete_semantic_source_review,database_quality,Full Python syntax/AST parse using Python 3.13.15; Ruff project checks passed; Strict mypy app/scripts/mutation passed (148-file project run),Complete operational control-flow/cleanup/failure-path semantic reading; actual external tools/services not exercised.
backend/scripts/libpq_url.py,operational_script_or_template,4557,131,6ca85a39d4b38ac04b25338ab4e815f65e14b6afe1fd945b7c663e9fcd87b490,complete_semantic_source_review,database_quality,Full Python syntax/AST parse using Python 3.13.15; Ruff project checks passed; Strict mypy app/scripts/mutation passed (148-file project run),Complete operational control-flow/cleanup/failure-path semantic reading; actual external tools/services not exercised.
backend/scripts/mypy_tests_ratchet.py,operational_script_or_template,2763,71,c06efdc0319e9d258b130677ad2d502611af31966b9719803cf5f99d672a208d,complete_semantic_source_review,database_quality,Full Python syntax/AST parse using Python 3.13.15; Ruff project checks passed; Strict mypy app/scripts/mutation passed (148-file project run),Complete operational control-flow/cleanup/failure-path semantic reading; actual external tools/services not exercised.
backend/scripts/pinned_copy.py,operational_script_or_template,3542,106,8eb022cab03c863760c1c3525d26ebaa515d0da2110079231c9739a88de40ff4,complete_semantic_source_review,database_quality,Full Python syntax/AST parse using Python 3.13.15; Ruff project checks passed; Strict mypy app/scripts/mutation passed (148-file project run),Complete operational control-flow/cleanup/failure-path semantic reading; actual external tools/services not exercised.
backend/scripts/rekey_totp_secrets.py,operational_script_or_template,6862,181,ba199254e84be5ccfbfc932784d362f0e5f1ce89e379e0c983f4699bba6dc900,complete_semantic_source_review,database_quality,Full Python syntax/AST parse using Python 3.13.15; Ruff project checks passed; Strict mypy app/scripts/mutation passed (148-file project run),Complete operational control-flow/cleanup/failure-path semantic reading; actual external tools/services not exercised.
backend/scripts/restore.sh,operational_script_or_template,16366,410,5ad52078ece269a64b2257957c16a9779583e5eb032698a158df98ca0e05cbcd,complete_semantic_source_review,database_quality,Content/metadata inventory; no dedicated execution verification asserted,Complete operational control-flow/cleanup/failure-path semantic reading; actual external tools/services not exercised.
backend/scripts/restore_floor.sh,operational_script_or_template,3910,134,4f5f4fc09dd9c6c17381e6b159a61334fe7b180efec283119e9e45fb8e958a72,complete_semantic_source_review,database_quality,Content/metadata inventory; no dedicated execution verification asserted,Complete operational control-flow/cleanup/failure-path semantic reading; actual external tools/services not exercised.
backend/scripts/screening_worker_healthcheck.py,operational_script_or_template,3964,92,1ceba4786e773fbadf3a56e7b4d867adb001b930fb40ec3263a0fd0e61d41794,complete_semantic_source_review,database_quality,Full Python syntax/AST parse using Python 3.13.15; Ruff project checks passed; Strict mypy app/scripts/mutation passed (148-file project run),Complete operational control-flow/cleanup/failure-path semantic reading; actual external tools/services not exercised.
backend/scripts/simulate_herd_buildout.py,operational_script_or_template,68654,1567,934ab1e6cf9bb72e90b47aae65406998c34003929291f9cca764e9d60e59c96f,complete_semantic_source_review,database_quality,Full Python syntax/AST parse using Python 3.13.15; Ruff project checks passed; Strict mypy app/scripts/mutation passed (148-file project run),Complete operational control-flow/cleanup/failure-path semantic reading; actual external tools/services not exercised.
backend/scripts/totp_breakglass.py,operational_script_or_template,7840,196,00068d0d21a6ece1126042295e263497f112d7e78d4cfa0ff9b41791a9cea8d5,complete_semantic_source_review,database_quality,Full Python syntax/AST parse using Python 3.13.15; Ruff project checks passed; Strict mypy app/scripts/mutation passed (148-file project run),Complete operational control-flow/cleanup/failure-path semantic reading; actual external tools/services not exercised.
backend/tests/.mypy-strict-baseline,test_source_and_support,5,1,9a4f6191a7786fba6f7d9bcbaf2034f583d66b2d6fb7f1cfb8b589bc956cd046,suite_execution_without_full_semantic_read,,"Backend suite/support: 4978 tests passed, 4 skipped; test mypy ratchet holds 1778 existing errors; no per-file line coverage assertion",Test estate executed at suite level; not every fixture/assertion manually reviewed
backend/tests/__init__.py,test_source_and_support,0,0,e3b0c44298fc1c149afbf4c8996fb92427ae41e4649b934ca495991b7852b855,empty_file_no_semantic_content,,"Full Python syntax/AST parse using Python 3.13.15; Ruff project checks passed; Backend suite/support: 4978 tests passed, 4 skipped; test mypy ratchet holds 1778 existing errors; no per-file line coverage assertion",Zero-byte tracked file; no executable or textual behavior to review
backend/tests/conftest.py,test_source_and_support,14514,361,52229c9022464bdb8c371943379425039a3976f258b5ef896faac2a9db7c299a,suite_execution_without_full_semantic_read,,"Full Python syntax/AST parse using Python 3.13.15; Ruff project checks passed; Backend suite/support: 4978 tests passed, 4 skipped; test mypy ratchet holds 1778 existing errors; no per-file line coverage assertion",Test estate executed at suite level; not every fixture/assertion manually reviewed
backend/tests/test_account_tombstones.py,test_source_and_support,21956,582,ef51b03618c135b79d5447bfe057fdd2a5273ebfd5bee466f7ac9940db474771,suite_execution_without_full_semantic_read,,"Full Python syntax/AST parse using Python 3.13.15; Ruff project checks passed; Backend suite/support: 4978 tests passed, 4 skipped; test mypy ratchet holds 1778 existing errors; no per-file line coverage assertion",Test estate executed at suite level; not every fixture/assertion manually reviewed
backend/tests/test_adversarial.py,test_source_and_support,58796,1381,b47aa22b958bfd9c580f3ec7cc0c90864ea8f0869ac20e4c09540aee31b553b6,suite_execution_without_full_semantic_read,,"Full Python syntax/AST parse using Python 3.13.15; Ruff project checks passed; Backend suite/support: 4978 tests passed, 4 skipped; test mypy ratchet holds 1778 existing errors; no per-file line coverage assertion",Test estate executed at suite level; not every fixture/assertion manually reviewed
backend/tests/test_animal_profile_pagination.py,test_source_and_support,15652,472,ca8e7ed26d474faf04776dfcecdd435fa1896f887cd9c042c478f2cba880700e,suite_execution_without_full_semantic_read,,"Full Python syntax/AST parse using Python 3.13.15; Ruff project checks passed; Backend suite/support: 4978 tests passed, 4 skipped; test mypy ratchet holds 1778 existing errors; no per-file line coverage assertion",Test estate executed at suite level; not every fixture/assertion manually reviewed
backend/tests/test_animals_bugs.py,test_source_and_support,23790,577,a92d419008ebf48a269b55ab551276b1484a9b2127c283de1a48cdb0ce883d43,suite_execution_without_full_semantic_read,,"Full Python syntax/AST parse using Python 3.13.15; Ruff project checks passed; Backend suite/support: 4978 tests passed, 4 skipped; test mypy ratchet holds 1778 existing errors; no per-file line coverage assertion",Test estate executed at suite level; not every fixture/assertion manually reviewed
backend/tests/test_animals_extended.py,test_source_and_support,150897,3812,79ea88f17a34415a76a59cc3656e59fd02c0b0441b08575972303472c63474fb,suite_execution_without_full_semantic_read,,"Full Python syntax/AST parse using Python 3.13.15; Ruff project checks passed; Backend suite/support: 4978 tests passed, 4 skipped; test mypy ratchet holds 1778 existing errors; no per-file line coverage assertion",Test estate executed at suite level; not every fixture/assertion manually reviewed
backend/tests/test_animals_status_husbandry.py,test_source_and_support,24577,683,439a7a3af6a09c18785ce833751d6c536193e296f838d0a4c76305cc194e0865,suite_execution_without_full_semantic_read,,"Full Python syntax/AST parse using Python 3.13.15; Ruff project checks passed; Backend suite/support: 4978 tests passed, 4 skipped; test mypy ratchet holds 1778 existing errors; no per-file line coverage assertion",Test estate executed at suite level; not every fixture/assertion manually reviewed
backend/tests/test_audit04_data_layer_remediation.py,test_source_and_support,12779,348,7f1b865e0b72ddfe44e8566d195c9b4344f242c4e53fb79603c202a785b1e37b,suite_execution_without_full_semantic_read,,"Full Python syntax/AST parse using Python 3.13.15; Ruff project checks passed; Backend suite/support: 4978 tests passed, 4 skipped; test mypy ratchet holds 1778 existing errors; no per-file line coverage assertion",Test estate executed at suite level; not every fixture/assertion manually reviewed
backend/tests/test_audit08_simulation_concurrency.py,test_source_and_support,24728,541,269aaf117c396f50ec613bbcbad9788456fd30bb1d43addd7a10ba776dbc803a,suite_execution_without_full_semantic_read,,"Full Python syntax/AST parse using Python 3.13.15; Ruff project checks passed; Backend suite/support: 4978 tests passed, 4 skipped; test mypy ratchet holds 1778 existing errors; no per-file line coverage assertion",Test estate executed at suite level; not every fixture/assertion manually reviewed
backend/tests/test_audit_followups.py,test_source_and_support,28001,658,e933539492b01005ab34307267112d1f3cf849807a763100930e658460a019bd,suite_execution_without_full_semantic_read,,"Full Python syntax/AST parse using Python 3.13.15; Ruff project checks passed; Backend suite/support: 4978 tests passed, 4 skipped; test mypy ratchet holds 1778 existing errors; no per-file line coverage assertion",Test estate executed at suite level; not every fixture/assertion manually reviewed
backend/tests/test_audit_remediation.py,test_source_and_support,8318,219,d6d793f596604637046a449e1f607b9320df9f57e2eaac7c132adf0c0239bb25,suite_execution_without_full_semantic_read,,"Full Python syntax/AST parse using Python 3.13.15; Ruff project checks passed; Backend suite/support: 4978 tests passed, 4 skipped; test mypy ratchet holds 1778 existing errors; no per-file line coverage assertion",Test estate executed at suite level; not every fixture/assertion manually reviewed
backend/tests/test_auth_bugs.py,test_source_and_support,22420,498,0b67eeb82cc4dc37d597bbffaf4c4dc94b3765ff989e28d0892e4c5ddc55457d,suite_execution_without_full_semantic_read,,"Full Python syntax/AST parse using Python 3.13.15; Ruff project checks passed; Backend suite/support: 4978 tests passed, 4 skipped; test mypy ratchet holds 1778 existing errors; no per-file line coverage assertion",Test estate executed at suite level; not every fixture/assertion manually reviewed
backend/tests/test_auth_extended.py,test_source_and_support,157272,3836,e931775fc55936717ce5660a40038afc40a25f6565e2432f7289903090633b86,suite_execution_without_full_semantic_read,,"Full Python syntax/AST parse using Python 3.13.15; Ruff project checks passed; Backend suite/support: 4978 tests passed, 4 skipped; test mypy ratchet holds 1778 existing errors; no per-file line coverage assertion",Test estate executed at suite level; not every fixture/assertion manually reviewed
backend/tests/test_auth_gaps.py,test_source_and_support,3937,98,5b3a11764e55315461dd93a84f94801f03dd88a460fecbb7dca9af1291e26ace,suite_execution_without_full_semantic_read,,"Full Python syntax/AST parse using Python 3.13.15; Ruff project checks passed; Backend suite/support: 4978 tests passed, 4 skipped; test mypy ratchet holds 1778 existing errors; no per-file line coverage assertion",Test estate executed at suite level; not every fixture/assertion manually reviewed
backend/tests/test_auth_token_version_races.py,test_source_and_support,14094,383,954833dbd3e025e29673675e72d93a2f3e3e1953f0aa97708f9b83da84d74af2,suite_execution_without_full_semantic_read,,"Full Python syntax/AST parse using Python 3.13.15; Ruff project checks passed; Backend suite/support: 4978 tests passed, 4 skipped; test mypy ratchet holds 1778 existing errors; no per-file line coverage assertion",Test estate executed at suite level; not every fixture/assertion manually reviewed
backend/tests/test_backward_planner.py,test_source_and_support,9847,217,af9fcf5f7b15e5c1ef2830775989564f1640ed3c265b17d38c010dabc6114473,suite_execution_without_full_semantic_read,,"Full Python syntax/AST parse using Python 3.13.15; Ruff project checks passed; Backend suite/support: 4978 tests passed, 4 skipped; test mypy ratchet holds 1778 existing errors; no per-file line coverage assertion",Test estate executed at suite level; not every fixture/assertion manually reviewed
backend/tests/test_bakrid_advisory.py,test_source_and_support,7789,203,50b477be88106647c7f1cb8584701df8db0b06b6062a511564c6b4485b5d1a79,suite_execution_without_full_semantic_read,,"Full Python syntax/AST parse using Python 3.13.15; Ruff project checks passed; Backend suite/support: 4978 tests passed, 4 skipped; test mypy ratchet holds 1778 existing errors; no per-file line coverage assertion",Test estate executed at suite level; not every fixture/assertion manually reviewed
backend/tests/test_breeding_bugs.py,test_source_and_support,29789,683,937363e7efec62fa8aa641cb21b468e7b20d136da7f963587c90a0c7bc97c036,suite_execution_without_full_semantic_read,,"Full Python syntax/AST parse using Python 3.13.15; Ruff project checks passed; Backend suite/support: 4978 tests passed, 4 skipped; test mypy ratchet holds 1778 existing errors; no per-file line coverage assertion",Test estate executed at suite level; not every fixture/assertion manually reviewed
backend/tests/test_breeding_extended.py,test_source_and_support,166575,3944,8c5fa14868dd668c41ce3df917b847dc10fa46873fa82a006d2242657462e859,suite_execution_without_full_semantic_read,,"Full Python syntax/AST parse using Python 3.13.15; Ruff project checks passed; Backend suite/support: 4978 tests passed, 4 skipped; test mypy ratchet holds 1778 existing errors; no per-file line coverage assertion",Test estate executed at suite level; not every fixture/assertion manually reviewed
backend/tests/test_breeding_gaps.py,test_source_and_support,6178,136,1c1fc31a3059910b0c2cd82421c0ef38837e439f5cfbecd930a20b5a30e65b55,suite_execution_without_full_semantic_read,,"Full Python syntax/AST parse using Python 3.13.15; Ruff project checks passed; Backend suite/support: 4978 tests passed, 4 skipped; test mypy ratchet holds 1778 existing errors; no per-file line coverage assertion",Test estate executed at suite level; not every fixture/assertion manually reviewed
backend/tests/test_cadence.py,test_source_and_support,37692,934,38c7d3496803c74236b739ebb269b01d7e1b74da0d4b3ecc6e17d3045db40be3,suite_execution_without_full_semantic_read,,"Full Python syntax/AST parse using Python 3.13.15; Ruff project checks passed; Backend suite/support: 4978 tests passed, 4 skipped; test mypy ratchet holds 1778 existing errors; no per-file line coverage assertion",Test estate executed at suite level; not every fixture/assertion manually reviewed
backend/tests/test_calibration_curve_math.py,test_source_and_support,4065,95,be645c65705182995661ffb39c7e00e9760d38cc1e1de1acec1f1e2d9c6ac0ac,suite_execution_without_full_semantic_read,,"Full Python syntax/AST parse using Python 3.13.15; Ruff project checks passed; Backend suite/support: 4978 tests passed, 4 skipped; test mypy ratchet holds 1778 existing errors; no per-file line coverage assertion",Test estate executed at suite level; not every fixture/assertion manually reviewed
backend/tests/test_chronology_mutation_gaps.py,test_source_and_support,6506,154,71917e27403ab8c5bbda308ab342c92f94663ea229160627693d1a87f05af39f,suite_execution_without_full_semantic_read,,"Full Python syntax/AST parse using Python 3.13.15; Ruff project checks passed; Backend suite/support: 4978 tests passed, 4 skipped; test mypy ratchet holds 1778 existing errors; no per-file line coverage assertion",Test estate executed at suite level; not every fixture/assertion manually reviewed
backend/tests/test_concurrency.py,test_source_and_support,57451,1355,f1cfa94f117dd99891919974603eb1d78363c745f10de169d60baf8acf0cdd52,suite_execution_without_full_semantic_read,,"Full Python syntax/AST parse using Python 3.13.15; Ruff project checks passed; Backend suite/support: 4978 tests passed, 4 skipped; test mypy ratchet holds 1778 existing errors; no per-file line coverage assertion",Test estate executed at suite level; not every fixture/assertion manually reviewed
backend/tests/test_concurrency_gaps.py,test_source_and_support,7694,196,eb9cd97a03bb95b87def7115907294d09b993853c8d88867415027d03a55b129,suite_execution_without_full_semantic_read,,"Full Python syntax/AST parse using Python 3.13.15; Ruff project checks passed; Backend suite/support: 4978 tests passed, 4 skipped; test mypy ratchet holds 1778 existing errors; no per-file line coverage assertion",Test estate executed at suite level; not every fixture/assertion manually reviewed
backend/tests/test_contract_drift.py,test_source_and_support,10280,242,b49e2724ac25f66debd9792d48814b19af828ede0021ced33a3d637751ed0766,suite_execution_without_full_semantic_read,,"Full Python syntax/AST parse using Python 3.13.15; Ruff project checks passed; Backend suite/support: 4978 tests passed, 4 skipped; test mypy ratchet holds 1778 existing errors; no per-file line coverage assertion",Test estate executed at suite level; not every fixture/assertion manually reviewed
backend/tests/test_cull_price_calibration.py,test_source_and_support,5128,139,448c682cbfb24c7fdd535d7a2ea5043b278158191a99997dd08d31eb0c8eab1f,suite_execution_without_full_semantic_read,,"Full Python syntax/AST parse using Python 3.13.15; Ruff project checks passed; Backend suite/support: 4978 tests passed, 4 skipped; test mypy ratchet holds 1778 existing errors; no per-file line coverage assertion",Test estate executed at suite level; not every fixture/assertion manually reviewed
backend/tests/test_daily_ops.py,test_source_and_support,61931,1486,c01cf4a6429fd5347039b093a47124f009cafbd09be244f5dea3e7d95b05bb85,suite_execution_without_full_semantic_read,,"Full Python syntax/AST parse using Python 3.13.15; Ruff project checks passed; Backend suite/support: 4978 tests passed, 4 skipped; test mypy ratchet holds 1778 existing errors; no per-file line coverage assertion",Test estate executed at suite level; not every fixture/assertion manually reviewed
backend/tests/test_daily_ops_api.py,test_source_and_support,11788,291,584798a472d829f1241400ace8d7008256d0142053a467880e7040ec996a4954,suite_execution_without_full_semantic_read,,"Full Python syntax/AST parse using Python 3.13.15; Ruff project checks passed; Backend suite/support: 4978 tests passed, 4 skipped; test mypy ratchet holds 1778 existing errors; no per-file line coverage assertion",Test estate executed at suite level; not every fixture/assertion manually reviewed
backend/tests/test_dashboard_age_math.py,test_source_and_support,2666,58,2664be91937099a322ed100e578db4d9c96bd3a3307c9a796a4ca809ac7222c2,suite_execution_without_full_semantic_read,,"Full Python syntax/AST parse using Python 3.13.15; Ruff project checks passed; Backend suite/support: 4978 tests passed, 4 skipped; test mypy ratchet holds 1778 existing errors; no per-file line coverage assertion",Test estate executed at suite level; not every fixture/assertion manually reviewed
backend/tests/test_dashboard_permissions.py,test_source_and_support,11210,248,72443b83efc11834339569f4445c57865f3cfdec403cfa72207c9dcb9e51264b,suite_execution_without_full_semantic_read,,"Full Python syntax/AST parse using Python 3.13.15; Ruff project checks passed; Backend suite/support: 4978 tests passed, 4 skipped; test mypy ratchet holds 1778 existing errors; no per-file line coverage assertion",Test estate executed at suite level; not every fixture/assertion manually reviewed
backend/tests/test_dashboard_redteam.py,test_source_and_support,10959,229,b2846633ae729c23b2ab751ff1ce9214e3cbba0468862752a1d1e9edd7f0b3cd,suite_execution_without_full_semantic_read,,"Full Python syntax/AST parse using Python 3.13.15; Ruff project checks passed; Backend suite/support: 4978 tests passed, 4 skipped; test mypy ratchet holds 1778 existing errors; no per-file line coverage assertion",Test estate executed at suite level; not every fixture/assertion manually reviewed
backend/tests/test_deployment_artifacts.py,test_source_and_support,174252,4212,4de3e06d4aa4ba408c9a5ab5ae19f96ec9b3e71c97a1ecd729b202f308054317,sampled_semantic_review,database_quality,"Full Python syntax/AST parse using Python 3.13.15; Ruff project checks passed; Backend suite/support: 4978 tests passed, 4 skipped; test mypy ratchet holds 1778 existing errors; no per-file line coverage assertion","Read3800-3950 and1120-1162, targeted backup/settings/offline searches; large file not completely semantically reviewed."
backend/tests/test_domain_audit_fixes.py,test_source_and_support,58684,1643,0a9cf6f5a3e1e6d6d068ad26b1d88ef55f2b90ff453fc2fb6de14c2771156bf2,suite_execution_without_full_semantic_read,,"Full Python syntax/AST parse using Python 3.13.15; Ruff project checks passed; Backend suite/support: 4978 tests passed, 4 skipped; test mypy ratchet holds 1778 existing errors; no per-file line coverage assertion",Test estate executed at suite level; not every fixture/assertion manually reviewed
backend/tests/test_domain_audit_migration.py,test_source_and_support,22013,553,5b28035591c41bbf12645f4502ea17715631091f5eefbb105e1e9cc91a8583c8,mechanical_search_without_full_semantic_read,database_quality,"Full Python syntax/AST parse using Python 3.13.15; Ruff project checks passed; Backend suite/support: 4978 tests passed, 4 skipped; test mypy ratchet holds 1778 existing errors; no per-file line coverage assertion",Targeted offline/downgrade/NOT VALID/immutability search only; not semantic full reading or test execution.
backend/tests/test_domain_check_constraints.py,test_source_and_support,32807,881,3a3db3a56c9895768b11d43fe54c219623a6a0ff45acb7755d705a48e5a6a3c0,suite_execution_without_full_semantic_read,,"Full Python syntax/AST parse using Python 3.13.15; Ruff project checks passed; Backend suite/support: 4978 tests passed, 4 skipped; test mypy ratchet holds 1778 existing errors; no per-file line coverage assertion",Test estate executed at suite level; not every fixture/assertion manually reviewed
backend/tests/test_domain_chronology.py,test_source_and_support,10343,333,b0fbe02a6456ddbf59aa44edaec72e4e28df169ae4a23decf1b65c06171be252,suite_execution_without_full_semantic_read,,"Full Python syntax/AST parse using Python 3.13.15; Ruff project checks passed; Backend suite/support: 4978 tests passed, 4 skipped; test mypy ratchet holds 1778 existing errors; no per-file line coverage assertion",Test estate executed at suite level; not every fixture/assertion manually reviewed
backend/tests/test_e2e_lifecycle_audit.py,test_source_and_support,59258,1390,b0848d457c4e2d03782e04f13cbfd02acb399193b03ad2243cb99e1d52a05318,suite_execution_without_full_semantic_read,,"Full Python syntax/AST parse using Python 3.13.15; Ruff project checks passed; Backend suite/support: 4978 tests passed, 4 skipped; test mypy ratchet holds 1778 existing errors; no per-file line coverage assertion",Test estate executed at suite level; not every fixture/assertion manually reviewed
backend/tests/test_e2e_scenario_gaps.py,test_source_and_support,23629,554,b7f57bc5a35e02105ce04560934757b721d410ea2b921f86c501e8943f44ea2d,suite_execution_without_full_semantic_read,,"Full Python syntax/AST parse using Python 3.13.15; Ruff project checks passed; Backend suite/support: 4978 tests passed, 4 skipped; test mypy ratchet holds 1778 existing errors; no per-file line coverage assertion",Test estate executed at suite level; not every fixture/assertion manually reviewed
backend/tests/test_engine_gaps.py,test_source_and_support,8369,204,a468f4a91d3559327130e38be0f8cd0fbc78d67606045aa1b2718dc7414bee40,suite_execution_without_full_semantic_read,,"Full Python syntax/AST parse using Python 3.13.15; Ruff project checks passed; Backend suite/support: 4978 tests passed, 4 skipped; test mypy ratchet holds 1778 existing errors; no per-file line coverage assertion",Test estate executed at suite level; not every fixture/assertion manually reviewed
backend/tests/test_feed_quantity_numeric.py,test_source_and_support,11900,331,aa0714f44295fd2c3988b8dd9ab7f335d71c7f19bb31c78c63772d55200671ca,suite_execution_without_full_semantic_read,,"Full Python syntax/AST parse using Python 3.13.15; Ruff project checks passed; Backend suite/support: 4978 tests passed, 4 skipped; test mypy ratchet holds 1778 existing errors; no per-file line coverage assertion",Test estate executed at suite level; not every fixture/assertion manually reviewed
backend/tests/test_feeding_extended.py,test_source_and_support,133309,3156,a6e55152d4f499c7fd37b397c0f4b6140d1a69edf9d6f93dbdb3b4d76dc7c45d,suite_execution_without_full_semantic_read,,"Full Python syntax/AST parse using Python 3.13.15; Ruff project checks passed; Backend suite/support: 4978 tests passed, 4 skipped; test mypy ratchet holds 1778 existing errors; no per-file line coverage assertion",Test estate executed at suite level; not every fixture/assertion manually reviewed
backend/tests/test_feeding_gaps.py,test_source_and_support,8884,211,4aa6908118c389396e1a10c4ab186378e1fbb3f0b7008f55bce2a2786bf5d90e,suite_execution_without_full_semantic_read,,"Full Python syntax/AST parse using Python 3.13.15; Ruff project checks passed; Backend suite/support: 4978 tests passed, 4 skipped; test mypy ratchet holds 1778 existing errors; no per-file line coverage assertion",Test estate executed at suite level; not every fixture/assertion manually reviewed
backend/tests/test_feeding_split_gaps.py,test_source_and_support,1549,45,5b7dd065fb8ce6ca1ab512a00dd0d67cd5a98d7ec9444531053b7c4f607f1000,suite_execution_without_full_semantic_read,,"Full Python syntax/AST parse using Python 3.13.15; Ruff project checks passed; Backend suite/support: 4978 tests passed, 4 skipped; test mypy ratchet holds 1778 existing errors; no per-file line coverage assertion",Test estate executed at suite level; not every fixture/assertion manually reviewed
backend/tests/test_finance_bugs.py,test_source_and_support,20817,480,646bbed4fb7334baef61bb1fa27670f6f035841df01ae410e090a384cdb03924,suite_execution_without_full_semantic_read,,"Full Python syntax/AST parse using Python 3.13.15; Ruff project checks passed; Backend suite/support: 4978 tests passed, 4 skipped; test mypy ratchet holds 1778 existing errors; no per-file line coverage assertion",Test estate executed at suite level; not every fixture/assertion manually reviewed
backend/tests/test_finance_extended.py,test_source_and_support,147912,3665,a09ee7c10382abb4d9a710ae94733a724ac979cfefb6759c7a01c70831952be9,suite_execution_without_full_semantic_read,,"Full Python syntax/AST parse using Python 3.13.15; Ruff project checks passed; Backend suite/support: 4978 tests passed, 4 skipped; test mypy ratchet holds 1778 existing errors; no per-file line coverage assertion",Test estate executed at suite level; not every fixture/assertion manually reviewed
backend/tests/test_finance_gaps.py,test_source_and_support,6894,174,7c16edb84b5b3181b90f89eb0af994982f921e93013378abd43e8957ff78fce0,suite_execution_without_full_semantic_read,,"Full Python syntax/AST parse using Python 3.13.15; Ruff project checks passed; Backend suite/support: 4978 tests passed, 4 skipped; test mypy ratchet holds 1778 existing errors; no per-file line coverage assertion",Test estate executed at suite level; not every fixture/assertion manually reviewed
backend/tests/test_finance_insurance.py,test_source_and_support,61586,1528,028e804e5a0e534d500023861fee787302d15ea1bc7795cf995f140944fffafd,suite_execution_without_full_semantic_read,,"Full Python syntax/AST parse using Python 3.13.15; Ruff project checks passed; Backend suite/support: 4978 tests passed, 4 skipped; test mypy ratchet holds 1778 existing errors; no per-file line coverage assertion",Test estate executed at suite level; not every fixture/assertion manually reviewed
backend/tests/test_health_bugs.py,test_source_and_support,22794,535,4909af6d640f7455b8af14d975726ab93f0e4cbeaafcdca35e8c4640a1c6a9eb,suite_execution_without_full_semantic_read,,"Full Python syntax/AST parse using Python 3.13.15; Ruff project checks passed; Backend suite/support: 4978 tests passed, 4 skipped; test mypy ratchet holds 1778 existing errors; no per-file line coverage assertion",Test estate executed at suite level; not every fixture/assertion manually reviewed
backend/tests/test_health_extended.py,test_source_and_support,155011,3773,f41d6c8d78c67d3e7f002aeecd7bbb81e67b68775b8e8c6eebd1142eb5c1e6ff,suite_execution_without_full_semantic_read,,"Full Python syntax/AST parse using Python 3.13.15; Ruff project checks passed; Backend suite/support: 4978 tests passed, 4 skipped; test mypy ratchet holds 1778 existing errors; no per-file line coverage assertion",Test estate executed at suite level; not every fixture/assertion manually reviewed
backend/tests/test_health_gaps.py,test_source_and_support,6765,166,8f2357d1fca57cadf8b174b2db0d976a0f2cf2bb27e9005ae0113d91de11d9f6,suite_execution_without_full_semantic_read,,"Full Python syntax/AST parse using Python 3.13.15; Ruff project checks passed; Backend suite/support: 4978 tests passed, 4 skipped; test mypy ratchet holds 1778 existing errors; no per-file line coverage assertion",Test estate executed at suite level; not every fixture/assertion manually reviewed
backend/tests/test_health_note_gaps.py,test_source_and_support,1400,27,91bf046af197cf51207939e9e6e866424a1f92e11bc4b3e27b69b08b72dbcca5,suite_execution_without_full_semantic_read,,"Full Python syntax/AST parse using Python 3.13.15; Ruff project checks passed; Backend suite/support: 4978 tests passed, 4 skipped; test mypy ratchet holds 1778 existing errors; no per-file line coverage assertion",Test estate executed at suite level; not every fixture/assertion manually reviewed
backend/tests/test_health_safety.py,test_source_and_support,76555,2002,66c654791054d6d51a84d83d64ec1e1cfc8be274323112282e86f95cbee44e31,suite_execution_without_full_semantic_read,,"Full Python syntax/AST parse using Python 3.13.15; Ruff project checks passed; Backend suite/support: 4978 tests passed, 4 skipped; test mypy ratchet holds 1778 existing errors; no per-file line coverage assertion",Test estate executed at suite level; not every fixture/assertion manually reviewed
backend/tests/test_idempotency.py,test_source_and_support,96237,2548,378f19aef7f1bf2cf5e4e63d12b840d9f39792df8d55096cba536fa5a9d4cb90,suite_execution_without_full_semantic_read,,"Full Python syntax/AST parse using Python 3.13.15; Ruff project checks passed; Backend suite/support: 4978 tests passed, 4 skipped; test mypy ratchet holds 1778 existing errors; no per-file line coverage assertion",Test estate executed at suite level; not every fixture/assertion manually reviewed
backend/tests/test_idempotency_gaps.py,test_source_and_support,4011,111,0a167a8507587c6965b713777beebbe94e38767ce01dd8d87de856f1fd163147,suite_execution_without_full_semantic_read,,"Full Python syntax/AST parse using Python 3.13.15; Ruff project checks passed; Backend suite/support: 4978 tests passed, 4 skipped; test mypy ratchet holds 1778 existing errors; no per-file line coverage assertion",Test estate executed at suite level; not every fixture/assertion manually reviewed
backend/tests/test_inactive_animal_task_cleanup.py,test_source_and_support,11037,328,a749d4fb784e923c17f5636626b434b834fb50a4161860c8b7e59dee7c73e609,suite_execution_without_full_semantic_read,,"Full Python syntax/AST parse using Python 3.13.15; Ruff project checks passed; Backend suite/support: 4978 tests passed, 4 skipped; test mypy ratchet holds 1778 existing errors; no per-file line coverage assertion",Test estate executed at suite level; not every fixture/assertion manually reviewed
backend/tests/test_index_drop_parity.py,test_source_and_support,3359,80,28d4ae0d8a4c54168c14fe4fb6bc89ca795728c8013fdc0282b86d9d6efe4828,suite_execution_without_full_semantic_read,,"Full Python syntax/AST parse using Python 3.13.15; Ruff project checks passed; Backend suite/support: 4978 tests passed, 4 skipped; test mypy ratchet holds 1778 existing errors; no per-file line coverage assertion",Test estate executed at suite level; not every fixture/assertion manually reviewed
backend/tests/test_input_bounds.py,test_source_and_support,27605,669,4fbfae8ff972b682aba34a835fee729b4c45a60224a49f969e570d78c5130aba,suite_execution_without_full_semantic_read,,"Full Python syntax/AST parse using Python 3.13.15; Ruff project checks passed; Backend suite/support: 4978 tests passed, 4 skipped; test mypy ratchet holds 1778 existing errors; no per-file line coverage assertion",Test estate executed at suite level; not every fixture/assertion manually reviewed
backend/tests/test_jsonb_columns.py,test_source_and_support,11021,290,c1e8d6b27949c97e7ff9477b85c3394e76c8aa7f95cd952d1fb4a286965e7b9c,suite_execution_without_full_semantic_read,,"Full Python syntax/AST parse using Python 3.13.15; Ruff project checks passed; Backend suite/support: 4978 tests passed, 4 skipped; test mypy ratchet holds 1778 existing errors; no per-file line coverage assertion",Test estate executed at suite level; not every fixture/assertion manually reviewed
backend/tests/test_jwt_rotation.py,test_source_and_support,7029,192,42ea94b5d25a80d28f043cc5e4c50de4236b4bf7adcf86aa6ef3e19d5e5ac502,suite_execution_without_full_semantic_read,,"Full Python syntax/AST parse using Python 3.13.15; Ruff project checks passed; Backend suite/support: 4978 tests passed, 4 skipped; test mypy ratchet holds 1778 existing errors; no per-file line coverage assertion",Test estate executed at suite level; not every fixture/assertion manually reviewed
backend/tests/test_kidding_due_pagination.py,test_source_and_support,14852,451,eb19f87fcc9edfbb0bc30cad6c8e9f90e87eb069d98bf43585c63ea77195e744,suite_execution_without_full_semantic_read,,"Full Python syntax/AST parse using Python 3.13.15; Ruff project checks passed; Backend suite/support: 4978 tests passed, 4 skipped; test mypy ratchet holds 1778 existing errors; no per-file line coverage assertion",Test estate executed at suite level; not every fixture/assertion manually reviewed
backend/tests/test_kidding_gaps.py,test_source_and_support,12452,297,9b03721de11bdb7042611fbb38e54b9d8ab88e24d118e902d729e45d6129f627,suite_execution_without_full_semantic_read,,"Full Python syntax/AST parse using Python 3.13.15; Ruff project checks passed; Backend suite/support: 4978 tests passed, 4 skipped; test mypy ratchet holds 1778 existing errors; no per-file line coverage assertion",Test estate executed at suite level; not every fixture/assertion manually reviewed
backend/tests/test_kidding_husbandry.py,test_source_and_support,18207,500,531f76b5978cfaafc0dcdc77fc465be5a8af4d643834b64d52d9a315786a7d81,suite_execution_without_full_semantic_read,,"Full Python syntax/AST parse using Python 3.13.15; Ruff project checks passed; Backend suite/support: 4978 tests passed, 4 skipped; test mypy ratchet holds 1778 existing errors; no per-file line coverage assertion",Test estate executed at suite level; not every fixture/assertion manually reviewed
backend/tests/test_kidding_suffix_gaps.py,test_source_and_support,1586,45,6c31acf6669cdcd64c1a58526803325eb5b764dec81d7147056ffdedd8270fef,suite_execution_without_full_semantic_read,,"Full Python syntax/AST parse using Python 3.13.15; Ruff project checks passed; Backend suite/support: 4978 tests passed, 4 skipped; test mypy ratchet holds 1778 existing errors; no per-file line coverage assertion",Test estate executed at suite level; not every fixture/assertion manually reviewed
backend/tests/test_lifecycle_attribution_gaps.py,test_source_and_support,4525,118,4548d75b9b1b6d87e6526946c3ebb5117b96aec67db669c98a64048eaffecfc3,suite_execution_without_full_semantic_read,,"Full Python syntax/AST parse using Python 3.13.15; Ruff project checks passed; Backend suite/support: 4978 tests passed, 4 skipped; test mypy ratchet holds 1778 existing errors; no per-file line coverage assertion",Test estate executed at suite level; not every fixture/assertion manually reviewed
backend/tests/test_lifecycle_gaps.py,test_source_and_support,16183,420,83877cd3c748cf6b4de59b2e294d726777ae048ba9375b8279b9b8357ab430c6,suite_execution_without_full_semantic_read,,"Full Python syntax/AST parse using Python 3.13.15; Ruff project checks passed; Backend suite/support: 4978 tests passed, 4 skipped; test mypy ratchet holds 1778 existing errors; no per-file line coverage assertion",Test estate executed at suite level; not every fixture/assertion manually reviewed
backend/tests/test_lock_order_hardening.py,test_source_and_support,86614,2291,196159f86065b41fee6e4c990de2a00b28e45aff89f9250ae3625ca600e10d8a,suite_execution_without_full_semantic_read,,"Full Python syntax/AST parse using Python 3.13.15; Ruff project checks passed; Backend suite/support: 4978 tests passed, 4 skipped; test mypy ratchet holds 1778 existing errors; no per-file line coverage assertion",Test estate executed at suite level; not every fixture/assertion manually reviewed
backend/tests/test_logic.py,test_source_and_support,39100,973,3e49f1ccc9118f6d6a6425eba1f1f625daf88b9d1bafa9593cfd41a253e1384d,suite_execution_without_full_semantic_read,,"Full Python syntax/AST parse using Python 3.13.15; Ruff project checks passed; Backend suite/support: 4978 tests passed, 4 skipped; test mypy ratchet holds 1778 existing errors; no per-file line coverage assertion",Test estate executed at suite level; not every fixture/assertion manually reviewed
backend/tests/test_metrics.py,test_source_and_support,12187,304,2f7efd9d3fb00f7cc4f50ceeef7cd54e80a4194c2a3a5eedd47a012240710b78,suite_execution_without_full_semantic_read,,"Full Python syntax/AST parse using Python 3.13.15; Ruff project checks passed; Backend suite/support: 4978 tests passed, 4 skipped; test mypy ratchet holds 1778 existing errors; no per-file line coverage assertion",Test estate executed at suite level; not every fixture/assertion manually reviewed
backend/tests/test_monetized_cull_migration.py,test_source_and_support,5436,158,a80486d9c73bd80fcc0f1def3f21ae9a828c4c39064940e5908d125d9040b9d2,mechanical_search_without_full_semantic_read,database_quality,"Full Python syntax/AST parse using Python 3.13.15; Ruff project checks passed; Backend suite/support: 4978 tests passed, 4 skipped; test mypy ratchet holds 1778 existing errors; no per-file line coverage assertion",Targeted offline/downgrade/NOT VALID/immutability search only; not semantic full reading or test execution.
backend/tests/test_notifications.py,test_source_and_support,74027,1910,f47b4dbb063b879296340c3eb07fd7c5d734bf986e947837c09f584507a3667b,suite_execution_without_full_semantic_read,,"Full Python syntax/AST parse using Python 3.13.15; Ruff project checks passed; Backend suite/support: 4978 tests passed, 4 skipped; test mypy ratchet holds 1778 existing errors; no per-file line coverage assertion",Test estate executed at suite level; not every fixture/assertion manually reviewed
backend/tests/test_notifications_mutation_gaps.py,test_source_and_support,13109,348,226060dd08b773d0a9acb41ffaaf3ea5aa3db280f829f9ec787fe0b7fc360ff4,suite_execution_without_full_semantic_read,,"Full Python syntax/AST parse using Python 3.13.15; Ruff project checks passed; Backend suite/support: 4978 tests passed, 4 skipped; test mypy ratchet holds 1778 existing errors; no per-file line coverage assertion",Test estate executed at suite level; not every fixture/assertion manually reviewed
backend/tests/test_online_index_recovery.py,test_source_and_support,3732,102,a2ecff7360680a1d89091361865487d5d0ffba31df5bd6a46c43db3d62ade36d,suite_execution_without_full_semantic_read,,"Full Python syntax/AST parse using Python 3.13.15; Ruff project checks passed; Backend suite/support: 4978 tests passed, 4 skipped; test mypy ratchet holds 1778 existing errors; no per-file line coverage assertion",Test estate executed at suite level; not every fixture/assertion manually reviewed
backend/tests/test_ops.py,test_source_and_support,121018,3008,59cf3afeb6a186f90bdd959e08d16c82da3d6237a4cb93d71c3f3a295008def7,suite_execution_without_full_semantic_read,,"Full Python syntax/AST parse using Python 3.13.15; Ruff project checks passed; Backend suite/support: 4978 tests passed, 4 skipped; test mypy ratchet holds 1778 existing errors; no per-file line coverage assertion",Test estate executed at suite level; not every fixture/assertion manually reviewed
backend/tests/test_ops_migration_integrity.py,test_source_and_support,43906,1107,4171b791b92af51c88a7f0fb011c33955c5fc4daeba83d4a1b8cf89bc4a3441b,mechanical_search_without_full_semantic_read,database_quality,"Full Python syntax/AST parse using Python 3.13.15; Ruff project checks passed; Backend suite/support: 4978 tests passed, 4 skipped; test mypy ratchet holds 1778 existing errors; no per-file line coverage assertion",Targeted offline/downgrade/NOT VALID/immutability search only; not semantic full reading or test execution.
backend/tests/test_owner_overview.py,test_source_and_support,14034,355,cb480bd06c561d8e434d02f18c5bcb6dfde9c52359fb86276b3b8a058344ca3c,suite_execution_without_full_semantic_read,,"Full Python syntax/AST parse using Python 3.13.15; Ruff project checks passed; Backend suite/support: 4978 tests passed, 4 skipped; test mypy ratchet holds 1778 existing errors; no per-file line coverage assertion",Test estate executed at suite level; not every fixture/assertion manually reviewed
backend/tests/test_password_capacity.py,test_source_and_support,20200,581,8fcd4a9fb0c0ffe06a06bc350264cc7dfec8582ef9a77802745dbd0ff570dcfd,suite_execution_without_full_semantic_read,,"Full Python syntax/AST parse using Python 3.13.15; Ruff project checks passed; Backend suite/support: 4978 tests passed, 4 skipped; test mypy ratchet holds 1778 existing errors; no per-file line coverage assertion",Test estate executed at suite level; not every fixture/assertion manually reviewed
backend/tests/test_planner_api.py,test_source_and_support,25042,602,172689ef4817725513a73ca7cc94c6e282eb926697ee2f377a0332c479923dd3,suite_execution_without_full_semantic_read,,"Full Python syntax/AST parse using Python 3.13.15; Ruff project checks passed; Backend suite/support: 4978 tests passed, 4 skipped; test mypy ratchet holds 1778 existing errors; no per-file line coverage assertion",Test estate executed at suite level; not every fixture/assertion manually reviewed
backend/tests/test_postgres_text_regressions.py,test_source_and_support,7765,249,e9f6f65d4dd07d60cd8bc19634253c8331f3ff1e92979244576402847d9b1a2e,suite_execution_without_full_semantic_read,,"Full Python syntax/AST parse using Python 3.13.15; Ruff project checks passed; Backend suite/support: 4978 tests passed, 4 skipped; test mypy ratchet holds 1778 existing errors; no per-file line coverage assertion",Test estate executed at suite level; not every fixture/assertion manually reviewed
backend/tests/test_prefarm_idempotency_migration.py,test_source_and_support,24591,647,a2d4cae5404332bf06bad97c97865831345a0835c9abeb9b9f1ea668183b7813,mechanical_search_without_full_semantic_read,database_quality,"Full Python syntax/AST parse using Python 3.13.15; Ruff project checks passed; Backend suite/support: 4978 tests passed, 4 skipped; test mypy ratchet holds 1778 existing errors; no per-file line coverage assertion",Targeted offline/downgrade/NOT VALID/immutability search only; not semantic full reading or test execution.
backend/tests/test_purchase_batch_bulk.py,test_source_and_support,27764,714,55f9426c5ab6424f34284e74eafc15c41388c9d6354ad15f317ea495ad5baf0e,suite_execution_without_full_semantic_read,,"Full Python syntax/AST parse using Python 3.13.15; Ruff project checks passed; Backend suite/support: 4978 tests passed, 4 skipped; test mypy ratchet holds 1778 existing errors; no per-file line coverage assertion",Test estate executed at suite level; not every fixture/assertion manually reviewed
backend/tests/test_query_performance.py,test_source_and_support,50575,1324,f27c207bc821f350ceb62200faa1bb301a8503d92e94cd917318951653fe0a99,suite_execution_without_full_semantic_read,,"Full Python syntax/AST parse using Python 3.13.15; Ruff project checks passed; Backend suite/support: 4978 tests passed, 4 skipped; test mypy ratchet holds 1778 existing errors; no per-file line coverage assertion",Test estate executed at suite level; not every fixture/assertion manually reviewed
backend/tests/test_ratelimit_sweep.py,test_source_and_support,6350,143,15e0bfe99fbe15fdf9f2b18c41a9fe641a761d88d3f26bfcfdf69e7fe1256213,suite_execution_without_full_semantic_read,,"Full Python syntax/AST parse using Python 3.13.15; Ruff project checks passed; Backend suite/support: 4978 tests passed, 4 skipped; test mypy ratchet holds 1778 existing errors; no per-file line coverage assertion",Test estate executed at suite level; not every fixture/assertion manually reviewed
backend/tests/test_rbac.py,test_source_and_support,26361,631,ee9edd2c28c19875e68c6d7eb780df2625443818b9b5180ac532822aaabbb0d9,suite_execution_without_full_semantic_read,,"Full Python syntax/AST parse using Python 3.13.15; Ruff project checks passed; Backend suite/support: 4978 tests passed, 4 skipped; test mypy ratchet holds 1778 existing errors; no per-file line coverage assertion",Test estate executed at suite level; not every fixture/assertion manually reviewed
backend/tests/test_rbac_exhaustive.py,test_source_and_support,14713,312,7167862cddbbc2abb17b51fc61084a15b6d55a9818506730cf3d69dcd45074e2,suite_execution_without_full_semantic_read,,"Full Python syntax/AST parse using Python 3.13.15; Ruff project checks passed; Backend suite/support: 4978 tests passed, 4 skipped; test mypy ratchet holds 1778 existing errors; no per-file line coverage assertion",Test estate executed at suite level; not every fixture/assertion manually reviewed
backend/tests/test_redteam_domain_fixes.py,test_source_and_support,25734,604,42cbf13b2e24a78fb4de60bfa25c8df399d407111e78ddae93a7266b75952807,suite_execution_without_full_semantic_read,,"Full Python syntax/AST parse using Python 3.13.15; Ruff project checks passed; Backend suite/support: 4978 tests passed, 4 skipped; test mypy ratchet holds 1778 existing errors; no per-file line coverage assertion",Test estate executed at suite level; not every fixture/assertion manually reviewed
backend/tests/test_redteam_remediation_2026_09_04.py,test_source_and_support,27460,717,ce37c49b9d60d32f5b4f279d9f23fb1d2d26915eeea8a8fabc9b84656181fe68,suite_execution_without_full_semantic_read,,"Full Python syntax/AST parse using Python 3.13.15; Ruff project checks passed; Backend suite/support: 4978 tests passed, 4 skipped; test mypy ratchet holds 1778 existing errors; no per-file line coverage assertion",Test estate executed at suite level; not every fixture/assertion manually reviewed
backend/tests/test_redteam_spine_fixes.py,test_source_and_support,26084,648,a680199137f5d7ce134a6af33bfea53ac0a647b3c4e0c2a8d39867be10382356,suite_execution_without_full_semantic_read,,"Full Python syntax/AST parse using Python 3.13.15; Ruff project checks passed; Backend suite/support: 4978 tests passed, 4 skipped; test mypy ratchet holds 1778 existing errors; no per-file line coverage assertion",Test estate executed at suite level; not every fixture/assertion manually reviewed
backend/tests/test_retention.py,test_source_and_support,16997,507,4a6ce6f134dc9c417baf01bb1fdb9a0aea4be892f0189a9cca926305c1173bca,sampled_semantic_review,database_quality,"Full Python syntax/AST parse using Python 3.13.15; Ruff project checks passed; Backend suite/support: 4978 tests passed, 4 skipped; test mypy ratchet holds 1778 existing errors; no per-file line coverage assertion","Read335-375,422-462 and related searches; no full-file semantic review or DB test execution."
backend/tests/test_retention_mutation_gaps.py,test_source_and_support,3205,76,65c10e86929ba02f641dc0ed18fe886e83ac106c7f550dff49e70c7275b01ff4,suite_execution_without_full_semantic_read,,"Full Python syntax/AST parse using Python 3.13.15; Ruff project checks passed; Backend suite/support: 4978 tests passed, 4 skipped; test mypy ratchet holds 1778 existing errors; no per-file line coverage assertion",Test estate executed at suite level; not every fixture/assertion manually reviewed
backend/tests/test_schema_parity.py,test_source_and_support,9164,195,8f4ca8ea08c45c2a099d29e0571e02b730de2a4c2b0684c9b1a8cfb8e500a921,suite_execution_without_full_semantic_read,,"Full Python syntax/AST parse using Python 3.13.15; Ruff project checks passed; Backend suite/support: 4978 tests passed, 4 skipped; test mypy ratchet holds 1778 existing errors; no per-file line coverage assertion",Test estate executed at suite level; not every fixture/assertion manually reviewed
backend/tests/test_scoped_picker_lookups.py,test_source_and_support,13900,374,8ef9024040ae993d49b6cca254f28c3c2d1f7b93c800c54a1fbd54b828c08cd9,suite_execution_without_full_semantic_read,,"Full Python syntax/AST parse using Python 3.13.15; Ruff project checks passed; Backend suite/support: 4978 tests passed, 4 skipped; test mypy ratchet holds 1778 existing errors; no per-file line coverage assertion",Test estate executed at suite level; not every fixture/assertion manually reviewed
backend/tests/test_screening.py,test_source_and_support,171255,4180,58466d513e4d2dbb1e832f9e03f19a3dfc33b9f44c62b93a7195894c0c72df82,sampled_semantic_review,database_quality,"Full Python syntax/AST parse using Python 3.13.15; Ruff project checks passed; Backend suite/support: 4978 tests passed, 4 skipped; test mypy ratchet holds 1778 existing errors; no per-file line coverage assertion",Read3140-3215 and full-file targeted review/crop/verdict searches; not complete test read or execution by this agent.
backend/tests/test_screening_provider_gaps.py,test_source_and_support,5871,161,0f444ec446476e9f6da9db6aec2eb4fbbe49f46ec7b70817f84c47c3eef853f0,suite_execution_without_full_semantic_read,,"Full Python syntax/AST parse using Python 3.13.15; Ruff project checks passed; Backend suite/support: 4978 tests passed, 4 skipped; test mypy ratchet holds 1778 existing errors; no per-file line coverage assertion",Test estate executed at suite level; not every fixture/assertion manually reviewed
backend/tests/test_security_events.py,test_source_and_support,6543,170,2ef07c16359b91a4b9399368648757b82a3925485ca0730588f0cd7717a16613,suite_execution_without_full_semantic_read,,"Full Python syntax/AST parse using Python 3.13.15; Ruff project checks passed; Backend suite/support: 4978 tests passed, 4 skipped; test mypy ratchet holds 1778 existing errors; no per-file line coverage assertion",Test estate executed at suite level; not every fixture/assertion manually reviewed
backend/tests/test_security_hardening.py,test_source_and_support,90465,2237,db739494c79daac92a41f268a2227a454bec8a385280033e7b162f84ce7c4968,suite_execution_without_full_semantic_read,,"Full Python syntax/AST parse using Python 3.13.15; Ruff project checks passed; Backend suite/support: 4978 tests passed, 4 skipped; test mypy ratchet holds 1778 existing errors; no per-file line coverage assertion",Test estate executed at suite level; not every fixture/assertion manually reviewed
backend/tests/test_security_module_gaps.py,test_source_and_support,2642,52,a7e984f6dd9bdf9924c7d1bf50743272774ca9fe6584b821d821525ee5e9ba2c,suite_execution_without_full_semantic_read,,"Full Python syntax/AST parse using Python 3.13.15; Ruff project checks passed; Backend suite/support: 4978 tests passed, 4 skipped; test mypy ratchet holds 1778 existing errors; no per-file line coverage assertion",Test estate executed at suite level; not every fixture/assertion manually reviewed
backend/tests/test_security_mutation_gaps.py,test_source_and_support,6242,164,f62c7024002eb8e501a2eca78f712eb5b35004fec0777fee03f93c78b747504c,suite_execution_without_full_semantic_read,,"Full Python syntax/AST parse using Python 3.13.15; Ruff project checks passed; Backend suite/support: 4978 tests passed, 4 skipped; test mypy ratchet holds 1778 existing errors; no per-file line coverage assertion",Test estate executed at suite level; not every fixture/assertion manually reviewed
backend/tests/test_security_workflow.py,test_source_and_support,5838,153,4efdebd39899213a3ddcd0d67da00889676b316806dbd1919f0eaf70e704cd69,suite_execution_without_full_semantic_read,,"Full Python syntax/AST parse using Python 3.13.15; Ruff project checks passed; Backend suite/support: 4978 tests passed, 4 skipped; test mypy ratchet holds 1778 existing errors; no per-file line coverage assertion",Test estate executed at suite level; not every fixture/assertion manually reviewed
backend/tests/test_settings_defaults.py,test_source_and_support,11814,289,425f0f122ebb881c62cee66b77ea7460ee4fe44d366a39a59bd0fc74aa4cc965,suite_execution_without_full_semantic_read,,"Full Python syntax/AST parse using Python 3.13.15; Ruff project checks passed; Backend suite/support: 4978 tests passed, 4 skipped; test mypy ratchet holds 1778 existing errors; no per-file line coverage assertion",Test estate executed at suite level; not every fixture/assertion manually reviewed
backend/tests/test_simulation_advanced.py,test_source_and_support,61373,1532,2a53fcc1b5f5c251615c72de4eb36fd91201eb9d826866613052ae1c483a1ef7,suite_execution_without_full_semantic_read,,"Full Python syntax/AST parse using Python 3.13.15; Ruff project checks passed; Backend suite/support: 4978 tests passed, 4 skipped; test mypy ratchet holds 1778 existing errors; no per-file line coverage assertion",Test estate executed at suite level; not every fixture/assertion manually reviewed
backend/tests/test_simulation_api.py,test_source_and_support,77699,1938,deb5d8fd164c684fbb19db7d444371c0036eeb9d24339aec73b4ccaae287fa94,suite_execution_without_full_semantic_read,,"Full Python syntax/AST parse using Python 3.13.15; Ruff project checks passed; Backend suite/support: 4978 tests passed, 4 skipped; test mypy ratchet holds 1778 existing errors; no per-file line coverage assertion",Test estate executed at suite level; not every fixture/assertion manually reviewed
backend/tests/test_simulation_audit_remediation.py,test_source_and_support,23393,511,ae2c360e375a3187da5618752d93f949f051023b01c095c59bdf9f5405e93654,suite_execution_without_full_semantic_read,,"Full Python syntax/AST parse using Python 3.13.15; Ruff project checks passed; Backend suite/support: 4978 tests passed, 4 skipped; test mypy ratchet holds 1778 existing errors; no per-file line coverage assertion",Test estate executed at suite level; not every fixture/assertion manually reviewed
backend/tests/test_simulation_deep_mutation.py,test_source_and_support,60593,1399,5c9d2de4f2d69c82c34edae051364e5cdb2cdf40a0f3e2f2d15f96b1d19a42b8,suite_execution_without_full_semantic_read,,"Full Python syntax/AST parse using Python 3.13.15; Ruff project checks passed; Backend suite/support: 4978 tests passed, 4 skipped; test mypy ratchet holds 1778 existing errors; no per-file line coverage assertion",Test estate executed at suite level; not every fixture/assertion manually reviewed
backend/tests/test_simulation_engine.py,test_source_and_support,169885,4100,e1b749fb7658079f7c193a743943a8c84ef370cd21f183e9b48c95e51e34e9a5,suite_execution_without_full_semantic_read,,"Full Python syntax/AST parse using Python 3.13.15; Ruff project checks passed; Backend suite/support: 4978 tests passed, 4 skipped; test mypy ratchet holds 1778 existing errors; no per-file line coverage assertion",Test estate executed at suite level; not every fixture/assertion manually reviewed
backend/tests/test_simulation_explain.py,test_source_and_support,46939,1101,61a0159142cd35a520a1ae852cd1615e775437fa39dfe9b350ece6137d21f1c0,suite_execution_without_full_semantic_read,,"Full Python syntax/AST parse using Python 3.13.15; Ruff project checks passed; Backend suite/support: 4978 tests passed, 4 skipped; test mypy ratchet holds 1778 existing errors; no per-file line coverage assertion",Test estate executed at suite level; not every fixture/assertion manually reviewed
backend/tests/test_simulation_finance_mutation.py,test_source_and_support,10969,283,1211b81013009be1bf2f0a21ef9ef1f04eb8d77f9112d500644594ed5322832c,suite_execution_without_full_semantic_read,,"Full Python syntax/AST parse using Python 3.13.15; Ruff project checks passed; Backend suite/support: 4978 tests passed, 4 skipped; test mypy ratchet holds 1778 existing errors; no per-file line coverage assertion",Test estate executed at suite level; not every fixture/assertion manually reviewed
backend/tests/test_simulation_financials.py,test_source_and_support,73726,1681,de9964c9cf2dd483306fcaca0ade69d2eae1d0228b1310f05be0b6056e34a2b1,suite_execution_without_full_semantic_read,,"Full Python syntax/AST parse using Python 3.13.15; Ruff project checks passed; Backend suite/support: 4978 tests passed, 4 skipped; test mypy ratchet holds 1778 existing errors; no per-file line coverage assertion",Test estate executed at suite level; not every fixture/assertion manually reviewed
backend/tests/test_simulation_fuzz.py,test_source_and_support,18493,416,97be6a48a66593c9158def9d48cdf86c7ecce58a66730f4c17089742d8de186e,suite_execution_without_full_semantic_read,,"Full Python syntax/AST parse using Python 3.13.15; Ruff project checks passed; Backend suite/support: 4978 tests passed, 4 skipped; test mypy ratchet holds 1778 existing errors; no per-file line coverage assertion",Test estate executed at suite level; not every fixture/assertion manually reviewed
backend/tests/test_simulation_goat_domain.py,test_source_and_support,18749,422,e0c70379135e9270c9c2eac2cacf6e888a38ddb63380134db9ad002eae346fef,suite_execution_without_full_semantic_read,,"Full Python syntax/AST parse using Python 3.13.15; Ruff project checks passed; Backend suite/support: 4978 tests passed, 4 skipped; test mypy ratchet holds 1778 existing errors; no per-file line coverage assertion",Test estate executed at suite level; not every fixture/assertion manually reviewed
backend/tests/test_simulation_planner.py,test_source_and_support,18431,401,db8afc942e02ca4d5ba484c6057571f6cc29ca41f14ec8126ce09dfa0bf9bb26,suite_execution_without_full_semantic_read,,"Full Python syntax/AST parse using Python 3.13.15; Ruff project checks passed; Backend suite/support: 4978 tests passed, 4 skipped; test mypy ratchet holds 1778 existing errors; no per-file line coverage assertion",Test estate executed at suite level; not every fixture/assertion manually reviewed
backend/tests/test_simulation_redteam.py,test_source_and_support,11739,274,a8a45e5eb2876a81f790812028a8c04c7bf75ff5f9f0bfe35e4069746b101111,suite_execution_without_full_semantic_read,,"Full Python syntax/AST parse using Python 3.13.15; Ruff project checks passed; Backend suite/support: 4978 tests passed, 4 skipped; test mypy ratchet holds 1778 existing errors; no per-file line coverage assertion",Test estate executed at suite level; not every fixture/assertion manually reviewed
backend/tests/test_simulation_vocabulary.py,test_source_and_support,1230,33,cd58c8ee2a5a53faab38fc8a1c39920b5faf269d2989f0f2fc45c14833ec3b5d,suite_execution_without_full_semantic_read,,"Full Python syntax/AST parse using Python 3.13.15; Ruff project checks passed; Backend suite/support: 4978 tests passed, 4 skipped; test mypy ratchet holds 1778 existing errors; no per-file line coverage assertion",Test estate executed at suite level; not every fixture/assertion manually reviewed
backend/tests/test_smoke.py,test_source_and_support,565,17,8fe42cb64893fb6e5ed963ef66d6efa29ab4a12eb5b10206d41be367fe476987,suite_execution_without_full_semantic_read,,"Full Python syntax/AST parse using Python 3.13.15; Ruff project checks passed; Backend suite/support: 4978 tests passed, 4 skipped; test mypy ratchet holds 1778 existing errors; no per-file line coverage assertion",Test estate executed at suite level; not every fixture/assertion manually reviewed
backend/tests/test_strict_inputs.py,test_source_and_support,10792,296,a44af59dabf96d2482ab30102532f5bb9d221fd55966df6746f7f225d3741f1f,suite_execution_without_full_semantic_read,,"Full Python syntax/AST parse using Python 3.13.15; Ruff project checks passed; Backend suite/support: 4978 tests passed, 4 skipped; test mypy ratchet holds 1778 existing errors; no per-file line coverage assertion",Test estate executed at suite level; not every fixture/assertion manually reviewed
backend/tests/test_task_visibility_parity.py,test_source_and_support,17471,472,d4df553471abaa51a3458a26a0b2b707f96238526a96707d522f703334d99d63,suite_execution_without_full_semantic_read,,"Full Python syntax/AST parse using Python 3.13.15; Ruff project checks passed; Backend suite/support: 4978 tests passed, 4 skipped; test mypy ratchet holds 1778 existing errors; no per-file line coverage assertion",Test estate executed at suite level; not every fixture/assertion manually reviewed
backend/tests/test_tasks_bugs.py,test_source_and_support,19016,423,6fd9eb2c348100ca3bfdbd8018018fad8137dfeb158bc6da7e065cacd62c1522,suite_execution_without_full_semantic_read,,"Full Python syntax/AST parse using Python 3.13.15; Ruff project checks passed; Backend suite/support: 4978 tests passed, 4 skipped; test mypy ratchet holds 1778 existing errors; no per-file line coverage assertion",Test estate executed at suite level; not every fixture/assertion manually reviewed
backend/tests/test_tasks_extended.py,test_source_and_support,146260,3400,6b7f337587446b7a440622015e8e20ffc99d382c1b0effef026c59395424d090,suite_execution_without_full_semantic_read,,"Full Python syntax/AST parse using Python 3.13.15; Ruff project checks passed; Backend suite/support: 4978 tests passed, 4 skipped; test mypy ratchet holds 1778 existing errors; no per-file line coverage assertion",Test estate executed at suite level; not every fixture/assertion manually reviewed
backend/tests/test_tasks_gaps.py,test_source_and_support,5184,130,8921a4c849aec46d7f6549a0e529953025a197613b58815121f75d393b6c6ce5,suite_execution_without_full_semantic_read,,"Full Python syntax/AST parse using Python 3.13.15; Ruff project checks passed; Backend suite/support: 4978 tests passed, 4 skipped; test mypy ratchet holds 1778 existing errors; no per-file line coverage assertion",Test estate executed at suite level; not every fixture/assertion manually reviewed
backend/tests/test_team_bugs.py,test_source_and_support,25701,623,561ed07b2368ab18ac045e30a592400b69760098b3b58c3e580d5d3a5234e511,suite_execution_without_full_semantic_read,,"Full Python syntax/AST parse using Python 3.13.15; Ruff project checks passed; Backend suite/support: 4978 tests passed, 4 skipped; test mypy ratchet holds 1778 existing errors; no per-file line coverage assertion",Test estate executed at suite level; not every fixture/assertion manually reviewed
backend/tests/test_team_extended.py,test_source_and_support,125243,3094,48d43817cda65eebdefe746d0a7dedfcc9ab527f26a71c99e508d9cfffe4174a,suite_execution_without_full_semantic_read,,"Full Python syntax/AST parse using Python 3.13.15; Ruff project checks passed; Backend suite/support: 4978 tests passed, 4 skipped; test mypy ratchet holds 1778 existing errors; no per-file line coverage assertion",Test estate executed at suite level; not every fixture/assertion manually reviewed
backend/tests/test_tenancy_matrix.py,test_source_and_support,23165,543,0a823cfc585aefbdd293cf6f6ec828975257adf9a2ea9d7140d3b079e0687814,suite_execution_without_full_semantic_read,,"Full Python syntax/AST parse using Python 3.13.15; Ruff project checks passed; Backend suite/support: 4978 tests passed, 4 skipped; test mypy ratchet holds 1778 existing errors; no per-file line coverage assertion",Test estate executed at suite level; not every fixture/assertion manually reviewed
backend/tests/test_tenant_foreign_keys.py,test_source_and_support,28894,888,136081647e0ca05ccb0ad8146fdb7b7eb68e2b9f0063e5cf501beadd34ef3d84,suite_execution_without_full_semantic_read,,"Full Python syntax/AST parse using Python 3.13.15; Ruff project checks passed; Backend suite/support: 4978 tests passed, 4 skipped; test mypy ratchet holds 1778 existing errors; no per-file line coverage assertion",Test estate executed at suite level; not every fixture/assertion manually reviewed
backend/tests/test_tenant_history_pagination_indexes.py,test_source_and_support,2096,49,8d851aa27dcbdb3f75b3052ca99b442dda82b26cac27859a63a0efb3b4aa3acb,suite_execution_without_full_semantic_read,,"Full Python syntax/AST parse using Python 3.13.15; Ruff project checks passed; Backend suite/support: 4978 tests passed, 4 skipped; test mypy ratchet holds 1778 existing errors; no per-file line coverage assertion",Test estate executed at suite level; not every fixture/assertion manually reviewed
backend/tests/test_totp.py,test_source_and_support,66124,1571,6bacc0e91fc3e03734869ed72a635bf9801ac2d9ec5d891a9936062fae9446f1,suite_execution_without_full_semantic_read,,"Full Python syntax/AST parse using Python 3.13.15; Ruff project checks passed; Backend suite/support: 4978 tests passed, 4 skipped; test mypy ratchet holds 1778 existing errors; no per-file line coverage assertion",Test estate executed at suite level; not every fixture/assertion manually reviewed
backend/tests/test_totp_rfc_gaps.py,test_source_and_support,2761,70,77072999406bbbcc975259607a2bb0c1bd5da6cc3e4e8be34f41b985e408d1b4,suite_execution_without_full_semantic_read,,"Full Python syntax/AST parse using Python 3.13.15; Ruff project checks passed; Backend suite/support: 4978 tests passed, 4 skipped; test mypy ratchet holds 1778 existing errors; no per-file line coverage assertion",Test estate executed at suite level; not every fixture/assertion manually reviewed
backend/tests/test_unit_bugs.py,test_source_and_support,7697,191,09968e25df9868320d3faa0e1682feff3e7fa73cfb1b61014ffcc9e44bc502a2,suite_execution_without_full_semantic_read,,"Full Python syntax/AST parse using Python 3.13.15; Ruff project checks passed; Backend suite/support: 4978 tests passed, 4 skipped; test mypy ratchet holds 1778 existing errors; no per-file line coverage assertion",Test estate executed at suite level; not every fixture/assertion manually reviewed
backend/tests/test_unit_extended.py,test_source_and_support,84184,2419,cb7984fc5ad7f6c04d3e0695403f7355fe323c9df253f588fdb747b5cabe28f4,suite_execution_without_full_semantic_read,,"Full Python syntax/AST parse using Python 3.13.15; Ruff project checks passed; Backend suite/support: 4978 tests passed, 4 skipped; test mypy ratchet holds 1778 existing errors; no per-file line coverage assertion",Test estate executed at suite level; not every fixture/assertion manually reviewed
backend/tests/test_worker_pin_auth.py,test_source_and_support,37455,901,653528b65ff5ee98b521596618bca8441295822973b645196367eded5e1b2436,suite_execution_without_full_semantic_read,,"Full Python syntax/AST parse using Python 3.13.15; Ruff project checks passed; Backend suite/support: 4978 tests passed, 4 skipped; test mypy ratchet holds 1778 existing errors; no per-file line coverage assertion",Test estate executed at suite level; not every fixture/assertion manually reviewed
backend/uv.lock,dependency_manifest_lock_or_pin,299725,1503,df2c5a097c7041822b66373aeaebd0745a64cd4706e94a20e6c82b86c880687e,mechanical_review_without_full_semantic_read,,Frozen lock/install and dependency scans reviewed; pnpm and Python advisory scans failed release gates; applicability assessed separately,Inventory plus structural/static or project-level checks; full human semantic source reading not asserted
docker-compose.production.yml,deployment_configuration,21769,401,38135c37917bd647b10c027b10f1b8cfa447cd68fe9d87417599fb570205b6fe,complete_semantic_source_review,platform_quality,Content/metadata inventory; no dedicated execution verification asserted,Read ranges 1-401
docker-compose.yml,deployment_configuration,26867,493,53fb8d19dd0f8977b061f2c4905d88ea063513fc82956f562170994f7ae928f2,complete_semantic_source_review,platform_quality,Content/metadata inventory; no dedicated execution verification asserted,Read ranges 1-493
docker/edge-entrypoint.sh,operational_script_or_template,11752,301,8174c1cf64de6578c4a59bbbbb9c48990d7238dee8b7318203e5cdc0ef66c7a1,complete_semantic_source_review,platform_quality,Content/metadata inventory; no dedicated execution verification asserted,Read ranges 1-301
docker/edge-proxy.dev.conf.template,operational_script_or_template,8104,143,d5a1e14fe4910a254b98e3452bbb6281bebd576b8df849ab4b13eba8aaf7f52a,complete_semantic_source_review,platform_quality,Content/metadata inventory; no dedicated execution verification asserted,Read ranges 1-143
docker/edge-proxy.production.conf.template,operational_script_or_template,6318,121,c3c10eda3ded74b6177a3aa2ef39594c21f369a6c1fe1a3858257be218fc048f,complete_semantic_source_review,platform_quality,Content/metadata inventory; no dedicated execution verification asserted,Read ranges 1-121
frontend/.dockerignore,build_tooling_or_repository_configuration,397,21,58c53e3ee54807876afc3ec71626cedd405d914c7b15cb136fcaec8d2a3e4259,complete_semantic_source_review,coverage_ledger,Content/metadata inventory; no dedicated execution verification asserted,"Complete displayed source read: configuration/documentation control meanings, defaults and reproducibility assessed; no source edits"
frontend/.gitignore,build_tooling_or_repository_configuration,591,46,0cead840cfb25e2c4ae3375ef76657cb286429ebe517f969e3148b11c2757cef,complete_semantic_source_review,coverage_ledger,Content/metadata inventory; no dedicated execution verification asserted,"Complete displayed source read: configuration/documentation control meanings, defaults and reproducibility assessed; no source edits"
frontend/.nvmrc,build_tooling_or_repository_configuration,3,1,68ca3fba3b7e864770cb61aeb306d4bd4354b68ab4dd38450860c5d823e42a53,complete_semantic_source_review,coverage_ledger,Content/metadata inventory; no dedicated execution verification asserted,"Complete displayed source read: configuration/documentation control meanings, defaults and reproducibility assessed; no source edits"
frontend/AGENTS.md,documentation,4412,55,d38a55a916613e11014c0004a14f76f8554f390e35e986e6c34a6aaddf5da970,complete_semantic_source_review,frontend_audit; frontend_domain_pages,Content/metadata inventory; no dedicated execution verification asserted,complete-source-manual | FULL
frontend/CLAUDE.md,documentation,11,1,336cc4fbf19beaada7ccf9986414fa91851a8d7a07dfb3ccbe800a69eed0ab49,complete_semantic_source_review,coverage_ledger,Content/metadata inventory; no dedicated execution verification asserted,"Complete displayed source read: configuration/documentation control meanings, defaults and reproducibility assessed; no source edits"
frontend/Dockerfile,deployment_configuration,2571,50,695142b5deb61b6dc2ebcf0508cc7a644b8cbad4934187799f982e009dd7ca09,complete_semantic_source_review,coverage_ledger,Content/metadata inventory; no dedicated execution verification asserted,"Complete displayed source read: configuration/documentation control meanings, defaults and reproducibility assessed; no source edits"
frontend/README.md,documentation,2622,58,e007f977e9d55c225be30a4eae86b28a2fe3a5e62ae2b9c203dc8c7df37e14e1,complete_semantic_source_review,coverage_ledger,Content/metadata inventory; no dedicated execution verification asserted,"Complete displayed source read: configuration/documentation control meanings, defaults and reproducibility assessed; no source edits"
frontend/components.json,build_tooling_or_repository_configuration,520,25,7f89b1e9e3995be8620be3162df8e08b7dd512f894fb0accb559193138fdc390,complete_semantic_source_review,frontend_audit,JSON syntax validated,"Full visible source read; larger files read in chunks, filling earlier sampled ranges."
frontend/e2e/a11y-gate.spec.ts,test_source_and_support,2270,62,0e015f0227b03cf29eb193d1b8885b972bbbed832d820bccfb6d9861d26a5746,suite_execution_without_full_semantic_read,,"Frontend project typecheck/lint/build passed; no per-line runtime coverage claim; Live Chromium/Mobile Chrome E2E suite/support: 45 passed, 6 failed; no per-file line coverage assertion",Test estate executed at suite level; not every fixture/assertion manually reviewed
frontend/e2e/animals.spec.ts,test_source_and_support,3087,78,4772ce54857cf74a09c3b9c3da4b57046a9ec6a092f4163468ceb83086ab0b86,suite_execution_without_full_semantic_read,,"Frontend project typecheck/lint/build passed; no per-line runtime coverage claim; Live Chromium/Mobile Chrome E2E suite/support: 45 passed, 6 failed; no per-file line coverage assertion",Test estate executed at suite level; not every fixture/assertion manually reviewed
frontend/e2e/api-contract-auth-team.spec.ts,test_source_and_support,20449,610,99baefc894d2b08e98e3d73a5b86ecb3e7710cad833ee4f237b0b12e62f3a597,suite_execution_without_full_semantic_read,,"Frontend project typecheck/lint/build passed; no per-line runtime coverage claim; Live Chromium/Mobile Chrome E2E suite/support: 45 passed, 6 failed; no per-file line coverage assertion",Test estate executed at suite level; not every fixture/assertion manually reviewed
frontend/e2e/api-contract-domain.spec.ts,test_source_and_support,28999,927,ef4530079c6685a9ed2f921b0d4c71f442c6582b70c259d513c675716a0054f5,suite_execution_without_full_semantic_read,,"Frontend project typecheck/lint/build passed; no per-line runtime coverage claim; Live Chromium/Mobile Chrome E2E suite/support: 45 passed, 6 failed; no per-file line coverage assertion",Test estate executed at suite level; not every fixture/assertion manually reviewed
frontend/e2e/auth.spec.ts,test_source_and_support,2271,65,b96e4e342b4c5d385e69636d84707e9bbffd9768a92a606a5946b0372d8780bc,suite_execution_without_full_semantic_read,,"Frontend project typecheck/lint/build passed; no per-line runtime coverage claim; Live Chromium/Mobile Chrome E2E suite/support: 45 passed, 6 failed; no per-file line coverage assertion",Test estate executed at suite level; not every fixture/assertion manually reviewed
frontend/e2e/breeding-flow.spec.ts,test_source_and_support,1860,57,5dae8aac46ac119fb5ca5e9b60b6e72b371128bec3d6cf27cd0efc13ea6d03d6,suite_execution_without_full_semantic_read,,"Frontend project typecheck/lint/build passed; no per-line runtime coverage claim; Live Chromium/Mobile Chrome E2E suite/support: 45 passed, 6 failed; no per-file line coverage assertion",Test estate executed at suite level; not every fixture/assertion manually reviewed
frontend/e2e/cross-tenant.spec.ts,test_source_and_support,7051,212,f768eb6004056a685a78e93103b78e59f72381fc57d2123e203837e429ac93cc,suite_execution_without_full_semantic_read,,"Frontend project typecheck/lint/build passed; no per-line runtime coverage claim; Live Chromium/Mobile Chrome E2E suite/support: 45 passed, 6 failed; no per-file line coverage assertion",Test estate executed at suite level; not every fixture/assertion manually reviewed
frontend/e2e/farm-switch.spec.ts,test_source_and_support,2860,81,72e830f4ab9f5d8689a55de62288a9c38d932afd1bb626c16be2b04291013e3b,suite_execution_without_full_semantic_read,,"Frontend project typecheck/lint/build passed; no per-line runtime coverage claim; Live Chromium/Mobile Chrome E2E suite/support: 45 passed, 6 failed; no per-file line coverage assertion",Test estate executed at suite level; not every fixture/assertion manually reviewed
frontend/e2e/feeding-finance.spec.ts,test_source_and_support,6251,141,48ac98486a7ec168a087dad54542fe29162d3fb0b0e3c609c2a73e6563ba7921,suite_execution_without_full_semantic_read,,"Frontend project typecheck/lint/build passed; no per-line runtime coverage claim; Live Chromium/Mobile Chrome E2E suite/support: 45 passed, 6 failed; no per-file line coverage assertion",Test estate executed at suite level; not every fixture/assertion manually reviewed
frontend/e2e/global-setup.ts,test_source_and_support,2056,58,dc506cc2ac3ca396775f3ca880e65a637dee8a56edab42659377a7d25b243b3a,complete_semantic_source_review,frontend_audit,"Frontend project typecheck/lint/build passed; no per-line runtime coverage claim; Live Chromium/Mobile Chrome E2E suite/support: 45 passed, 6 failed; no per-file line coverage assertion","Full visible source read; larger files read in chunks, filling earlier sampled ranges."
frontend/e2e/health-flow.spec.ts,test_source_and_support,3253,84,83d70319960759dbeefed85ccaf9ab74bde80a495ec2d26357796f77c0b41cc6,suite_execution_without_full_semantic_read,,"Frontend project typecheck/lint/build passed; no per-line runtime coverage claim; Live Chromium/Mobile Chrome E2E suite/support: 45 passed, 6 failed; no per-file line coverage assertion",Test estate executed at suite level; not every fixture/assertion manually reviewed
frontend/e2e/helpers.ts,test_source_and_support,13711,358,e0c9087511811dabe1d3fa6bd561b590fe1351d395435e4481ed63d66f11f899,complete_semantic_source_review,frontend_audit,"Frontend project typecheck/lint/build passed; no per-line runtime coverage claim; Live Chromium/Mobile Chrome E2E suite/support: 45 passed, 6 failed; no per-file line coverage assertion","Full visible source read; larger files read in chunks, filling earlier sampled ranges."
frontend/e2e/kidding-flow.spec.ts,test_source_and_support,3507,83,6a3e9dd252d2d89c26a24d4970814867b1e8485a50567868516b199507ad75b6,suite_execution_without_full_semantic_read,,"Frontend project typecheck/lint/build passed; no per-line runtime coverage claim; Live Chromium/Mobile Chrome E2E suite/support: 45 passed, 6 failed; no per-file line coverage assertion",Test estate executed at suite level; not every fixture/assertion manually reviewed
frontend/e2e/mobile-worker-journey.spec.ts,test_source_and_support,4098,107,bdd354a3bc40b6409d1275c6e186736c2bcd3ee72ad1f7afc660d5a44c4f85e9,suite_execution_without_full_semantic_read,,"Frontend project typecheck/lint/build passed; no per-line runtime coverage claim; Live Chromium/Mobile Chrome E2E suite/support: 45 passed, 6 failed; no per-file line coverage assertion",Test estate executed at suite level; not every fixture/assertion manually reviewed
frontend/e2e/navigation-rbac.spec.ts,test_source_and_support,2344,49,a729d1f24b3fea9455cbd9c8a172acc79115980d0bbe8b2265eb62ef1e62dfdc,suite_execution_without_full_semantic_read,,"Frontend project typecheck/lint/build passed; no per-line runtime coverage claim; Live Chromium/Mobile Chrome E2E suite/support: 45 passed, 6 failed; no per-file line coverage assertion",Test estate executed at suite level; not every fixture/assertion manually reviewed
frontend/e2e/ops-simulation.spec.ts,test_source_and_support,4388,101,0379ad72573b412e2ea967d8536cb6e48dee3d4e32557c3438c87c239c937b04,suite_execution_without_full_semantic_read,,"Frontend project typecheck/lint/build passed; no per-line runtime coverage claim; Live Chromium/Mobile Chrome E2E suite/support: 45 passed, 6 failed; no per-file line coverage assertion",Test estate executed at suite level; not every fixture/assertion manually reviewed
frontend/e2e/planner.spec.ts,test_source_and_support,4389,89,04b48ee544dd0f9ac9baa3f37df00fd29f22b89feb1d1858fb057eefac5c5fbb,suite_execution_without_full_semantic_read,,"Frontend project typecheck/lint/build passed; no per-line runtime coverage claim; Live Chromium/Mobile Chrome E2E suite/support: 45 passed, 6 failed; no per-file line coverage assertion",Test estate executed at suite level; not every fixture/assertion manually reviewed
frontend/e2e/purchases.spec.ts,test_source_and_support,3943,78,55e2982f606215e651c8657a48010a4aba0aa9bf757e626cd18d183bbbe9cf29,suite_execution_without_full_semantic_read,,"Frontend project typecheck/lint/build passed; no per-line runtime coverage claim; Live Chromium/Mobile Chrome E2E suite/support: 45 passed, 6 failed; no per-file line coverage assertion",Test estate executed at suite level; not every fixture/assertion manually reviewed
frontend/e2e/register.spec.ts,test_source_and_support,2005,47,6ab88b47f5dc0c4396747fbaeeeef73efd466efb5c53b532662b44d1f9875ef1,suite_execution_without_full_semantic_read,,"Frontend project typecheck/lint/build passed; no per-line runtime coverage claim; Live Chromium/Mobile Chrome E2E suite/support: 45 passed, 6 failed; no per-file line coverage assertion",Test estate executed at suite level; not every fixture/assertion manually reviewed
frontend/e2e/screening.spec.ts,test_source_and_support,6844,209,f8e0e63eb97f0c054f6506d879bf80b2d6e08cff0cd274796649d81f707a8b0f,suite_execution_without_full_semantic_read,,"Frontend project typecheck/lint/build passed; no per-line runtime coverage claim; Live Chromium/Mobile Chrome E2E suite/support: 45 passed, 6 failed; no per-file line coverage assertion",Test estate executed at suite level; not every fixture/assertion manually reviewed
frontend/e2e/simulation.spec.ts,test_source_and_support,11814,284,bf0437b4b0840fd68bae180fc1ec71b1c82d5f93142dbd80aad855ccf16e26f2,suite_execution_without_full_semantic_read,,"Frontend project typecheck/lint/build passed; no per-line runtime coverage claim; Live Chromium/Mobile Chrome E2E suite/support: 45 passed, 6 failed; no per-file line coverage assertion",Test estate executed at suite level; not every fixture/assertion manually reviewed
frontend/e2e/tasks-guards.spec.ts,test_source_and_support,3975,89,8b52571e057c2787b33274e6d9fddaa479314aad254e391b21b45d5ec0d87796,suite_execution_without_full_semantic_read,,"Frontend project typecheck/lint/build passed; no per-line runtime coverage claim; Live Chromium/Mobile Chrome E2E suite/support: 45 passed, 6 failed; no per-file line coverage assertion",Test estate executed at suite level; not every fixture/assertion manually reviewed
frontend/e2e/tasks-verify.spec.ts,test_source_and_support,4035,82,729b764c2bd7e9bfc303c3db8bb172be49394632f5dbfc81a2b0d6a30b801310,suite_execution_without_full_semantic_read,,"Frontend project typecheck/lint/build passed; no per-line runtime coverage claim; Live Chromium/Mobile Chrome E2E suite/support: 45 passed, 6 failed; no per-file line coverage assertion",Test estate executed at suite level; not every fixture/assertion manually reviewed
frontend/e2e/team.spec.ts,test_source_and_support,3299,63,a134092b16b8058fbddcca43fd82d3ed9b42c31518187977bf80af286c568be3,suite_execution_without_full_semantic_read,,"Frontend project typecheck/lint/build passed; no per-line runtime coverage claim; Live Chromium/Mobile Chrome E2E suite/support: 45 passed, 6 failed; no per-file line coverage assertion",Test estate executed at suite level; not every fixture/assertion manually reviewed
frontend/e2e/worker-tablet-journey.spec.ts,test_source_and_support,12545,321,a4dbf43745c1eb039e917bd459122efd33dac613a5e071d4f6c720fd096e491f,suite_execution_without_full_semantic_read,,"Frontend project typecheck/lint/build passed; no per-line runtime coverage claim; Live Chromium/Mobile Chrome E2E suite/support: 45 passed, 6 failed; no per-file line coverage assertion",Test estate executed at suite level; not every fixture/assertion manually reviewed
frontend/eslint.config.mjs,build_tooling_or_repository_configuration,673,24,5b35a8656480f9c96947be979b3da7ea3b08daf9b35583c37e99e142aa9f6265,complete_semantic_source_review,frontend_audit,Frontend project typecheck/lint/build passed; no per-line runtime coverage claim,"Full visible source read; larger files read in chunks, filling earlier sampled ranges."
frontend/mutation/CAMPAIGN.md,mutation_harness_and_artifacts,9026,153,b418326bd42140a6f050354c96d621788673b8fe76e9f6d00b0c3ed5cd67a5c7,mechanical_review_without_full_semantic_read,,"Historical mutation campaign data inventoried; latest-by-ID result totals recomputed, campaign not rerun",Inventory plus structural/static or project-level checks; full human semantic source reading not asserted
frontend/mutation/EQUIVALENTS.md,mutation_harness_and_artifacts,12111,180,b5c5f96280c79f89af0a4322f4a857ca6d8180a86b9e3f705e5a5a7602b3d84c,mechanical_review_without_full_semantic_read,,"Historical mutation campaign data inventoried; latest-by-ID result totals recomputed, campaign not rerun",Inventory plus structural/static or project-level checks; full human semantic source reading not asserted
frontend/mutation/coverage-map.json,mutation_harness_and_artifacts,8229493,0,8f3dea376b1b2f50d78ba26ee9a3e84fe849528c336da8ec38f69cd9448518ef,mechanical_review_without_full_semantic_read,,"JSON syntax validated; Historical mutation campaign data inventoried; latest-by-ID result totals recomputed, campaign not rerun",Inventory plus structural/static or project-level checks; full human semantic source reading not asserted
frontend/mutation/manifest.json,mutation_harness_and_artifacts,2172243,0,fdfe0efcb8fb46fb7dc6906df75b093cce8bc32e5380b066725b286e7f3a0a76,mechanical_review_without_full_semantic_read,,"JSON syntax validated; Historical mutation campaign data inventoried; latest-by-ID result totals recomputed, campaign not rerun",Inventory plus structural/static or project-level checks; full human semantic source reading not asserted
frontend/mutation/mutate_cover.mjs,mutation_harness_and_artifacts,6793,179,a6863e8528bd8683c12826d54657637f015ff791db2334aa3fc1c4f5ca9ef8d2,complete_semantic_source_review,report_evidence,Frontend project typecheck/lint/build passed; no per-line runtime coverage claim,Complete semantic read of visible untruncated mutation-harness source; no mutation execution or source edits
frontend/mutation/mutate_gen.mjs,mutation_harness_and_artifacts,7945,212,3146d5a76f9a4eafdf8c013c752df61f605a83ebf46871eccbcddcab94aabb89,complete_semantic_source_review,report_evidence,Frontend project typecheck/lint/build passed; no per-line runtime coverage claim,Complete semantic read of visible untruncated mutation-harness source; no mutation execution or source edits
frontend/mutation/mutate_report.mjs,mutation_harness_and_artifacts,6034,165,9f01c7bd1b2ba7d9d6abcc09d83a60d7526f5bce516fa28817cdf3f6a717d99d,complete_semantic_source_review,report_evidence,Frontend project typecheck/lint/build passed; no per-line runtime coverage claim,Complete semantic read of visible untruncated mutation-harness source; no mutation execution or source edits
frontend/mutation/mutate_reverify.mjs,mutation_harness_and_artifacts,5465,148,679625db3a3a229876ac913f7432b7253676ed92dfb9e7131422dc8a0348702d,complete_semantic_source_review,report_evidence,Frontend project typecheck/lint/build passed; no per-line runtime coverage claim,Complete semantic read of visible untruncated mutation-harness source; no mutation execution or source edits
frontend/mutation/mutate_run.mjs,mutation_harness_and_artifacts,14905,410,51353c41391e705f14602b8739fbec8e9c88dc6b1c21ab4d4843ae332fb7d5f8,complete_semantic_source_review,report_evidence,Frontend project typecheck/lint/build passed; no per-line runtime coverage claim,Complete semantic read of visible untruncated mutation-harness source; no mutation execution or source edits
frontend/mutation/mutate_transform.mjs,mutation_harness_and_artifacts,1817,49,bca669de584d68259967877174fa94d216f4d3aad269ee782f66b2bf5b882667,complete_semantic_source_review,report_evidence,Frontend project typecheck/lint/build passed; no per-line runtime coverage claim,Complete semantic read of visible untruncated mutation-harness source; no mutation execution or source edits
frontend/mutation/mutate_triage.mjs,mutation_harness_and_artifacts,1975,45,a736b71f66eae6e8b64cfe71dee8373ace83ec3ca02d7d32da1c4e411884a522,complete_semantic_source_review,report_evidence,Frontend project typecheck/lint/build passed; no per-line runtime coverage claim,Complete semantic read of visible untruncated mutation-harness source; no mutation execution or source edits
frontend/mutation/report.md,mutation_harness_and_artifacts,289214,2284,d700a24c3cd7f538b65a8012251960d3d072ee0ecee1f239d76c7802094e823a,mechanical_review_without_full_semantic_read,,"Historical mutation campaign data inventoried; latest-by-ID result totals recomputed, campaign not rerun",Inventory plus structural/static or project-level checks; full human semantic source reading not asserted
frontend/mutation/results.jsonl,mutation_harness_and_artifacts,1372027,12356,851b9ec9db5c7dcc298f5884a20196d50a52d48c9ae75e8cc69a9b60e1e052bf,mechanical_review_without_full_semantic_read,,"Historical mutation campaign data inventoried; latest-by-ID result totals recomputed, campaign not rerun",Inventory plus structural/static or project-level checks; full human semantic source reading not asserted
frontend/mutation/survivors.json,mutation_harness_and_artifacts,580565,18921,e2f82b4ba20f41a2dca9e50c4024f0b5255011f6d82fbbff14fb35524d969aa6,mechanical_review_without_full_semantic_read,,"JSON syntax validated; Historical mutation campaign data inventoried; latest-by-ID result totals recomputed, campaign not rerun",Inventory plus structural/static or project-level checks; full human semantic source reading not asserted
frontend/next.config.ts,build_tooling_or_repository_configuration,3195,79,0cac79c170870cce06ca054c5bfe5e01bdf7de95115b1003b5fdf34c731c9ebb,complete_semantic_source_review,frontend_audit,Frontend project typecheck/lint/build passed; no per-line runtime coverage claim,"Full visible source read; larger files read in chunks, filling earlier sampled ranges."
frontend/orval.config.ts,build_tooling_or_repository_configuration,607,22,7397a09d745ad7c7f00b66d1de4134e46496c8a0410389efae9091245db6f441,complete_semantic_source_review,frontend_audit,Frontend project typecheck/lint/build passed; no per-line runtime coverage claim,"Full visible source read; larger files read in chunks, filling earlier sampled ranges."
frontend/package.json,dependency_manifest_lock_or_pin,1927,70,687e67011cf9f9ab1e703059f2a34912507c32e5d4e238a06c9464c8b272baa5,complete_semantic_source_review,frontend_audit; frontend_domain_pages,JSON syntax validated; Frozen lock/install and dependency scans reviewed; pnpm and Python advisory scans failed release gates; applicability assessed separately,complete-source-manual-delegated | FULL
frontend/playwright.config.ts,build_tooling_or_repository_configuration,3911,100,118a62d30573de263c97f5226b8503d22b61b1a0685082b60e61ce6852dcaa3b,complete_semantic_source_review,frontend_audit,Frontend project typecheck/lint/build passed; no per-line runtime coverage claim,"Full visible source read; larger files read in chunks, filling earlier sampled ranges."
frontend/pnpm-lock.yaml,dependency_manifest_lock_or_pin,280102,8543,9edb0384e212dd4d52c4922788f99b8993157c9b1b9995884e85558c607e5311,mechanical_review_without_full_semantic_read,,Frozen lock/install and dependency scans reviewed; pnpm and Python advisory scans failed release gates; applicability assessed separately,Inventory plus structural/static or project-level checks; full human semantic source reading not asserted
frontend/postcss.config.mjs,build_tooling_or_repository_configuration,94,7,dfac7ac2d86d326a0e5adb024e7943c181393ed17a5fcb8f0315b24c7da6ddde,complete_semantic_source_review,frontend_audit,Frontend project typecheck/lint/build passed; no per-line runtime coverage claim,"Full visible source read; larger files read in chunks, filling earlier sampled ranges."
frontend/public/icon-worker-192.png,binary_or_vector_asset,5036,19,4ef30abe18b899216f7c58808fcf47f434a5baedd23c3d875c44e0a9c6d5214e,asset_metadata_review,frontend_audit,Content/metadata inventory; no dedicated execution verification asserted,Image metadata reviewed; not visually reviewed
frontend/public/icon-worker-512-maskable.png,binary_or_vector_asset,14895,47,c464ef73ccd0656dccb945109cd9e1c424a1f01a6af477d89eda01466cf4adb5,visual_asset_review,frontend_audit,Content/metadata inventory; no dedicated execution verification asserted,Image visually inspected
frontend/public/icon-worker-512.png,binary_or_vector_asset,18268,82,9bcdac1f944f6db1d825948e2275c785c86fbd9c62e214ef35c205314b87b725,asset_metadata_review,frontend_audit,Content/metadata inventory; no dedicated execution verification asserted,Image metadata reviewed; not visually reviewed
frontend/public/sw.js,frontend_application,3618,92,d63de6a00e235cad6d1e97250c400944cf536cec3689a62d079c0e40f4170cb2,complete_semantic_source_review,frontend_audit,Frontend project typecheck/lint/build passed; no per-line runtime coverage claim; Exercised by passing project unit suites and targeted audit probes; individual execution-path completeness not asserted,complete-source-manual
frontend/scripts/generate-worker-icons.mjs,build_tooling_or_repository_configuration,7956,194,caad628b6c7aea87b7d23795c82341dfa456fccff6b01d696bff37f86bffece9,complete_semantic_source_review,frontend_audit,Frontend project typecheck/lint/build passed; no per-line runtime coverage claim,"Full visible source read; larger files read in chunks, filling earlier sampled ranges."
frontend/scripts/scan-english-literals.mjs,build_tooling_or_repository_configuration,10627,236,c952885968a6db09e7dbc7ec857425fbbfadab91d78eb520ba438ead8556fdf3,complete_semantic_source_review,frontend_audit,Frontend project typecheck/lint/build passed; no per-line runtime coverage claim,"Full visible source read; larger files read in chunks, filling earlier sampled ranges."
frontend/src/api/aa-auth-campaign-kills.test.tsx,test_source_and_support,6146,184,a7a8d11cbbf2c41b0cd9dee1493ed1096326505b94c43c2055add4fe094c4f9a,suite_execution_without_full_semantic_read,,Frontend project typecheck/lint/build passed; no per-line runtime coverage claim; Frontend Vitest suite/support: 5082 tests across 314 files passed; no per-file line coverage assertion,Test estate executed at suite level; not every fixture/assertion manually reviewed
frontend/src/api/custom-instance.query.test.ts,test_source_and_support,1530,40,2b051468cbb12a129773be2a447fd3f291587a04c1304685d1dbbde836091570,suite_execution_without_full_semantic_read,,Frontend project typecheck/lint/build passed; no per-line runtime coverage claim; Frontend Vitest suite/support: 5082 tests across 314 files passed; no per-file line coverage assertion,Test estate executed at suite level; not every fixture/assertion manually reviewed
frontend/src/api/custom-instance.test.ts,test_source_and_support,8070,228,085620236b3d0a0f83878f793eea19b5afb40f7683c0a47555fb72cd4e94f5c9,suite_execution_without_full_semantic_read,,Frontend project typecheck/lint/build passed; no per-line runtime coverage claim; Frontend Vitest suite/support: 5082 tests across 314 files passed; no per-file line coverage assertion,Test estate executed at suite level; not every fixture/assertion manually reviewed
frontend/src/api/custom-instance.ts,frontend_application,3510,67,4e5f1312c9caed52fb0f9adc07d81f3c2ec2de2eb071f592f8effa150d75111f,complete_semantic_source_review,frontend_audit; frontend_domain_pages,Frontend project typecheck/lint/build passed; no per-line runtime coverage claim; Exercised by passing project unit suites and targeted audit probes; individual execution-path completeness not asserted,complete-source-manual | FULL
frontend/src/api/generated/endpoints.ts,generated_api_client,755351,19461,c5709f460cb610a7d35d1fa9b131600d39aecc802d736a863883277d40b24ef2,complete_generated_structural_review,frontend_audit,Frontend project typecheck/lint/build passed; no per-line runtime coverage claim; Generated client AST/model structural parity and endpoint-pattern review; 231 interfaces checked,Generated model/endpoint AST and contract parity; not a complete human semantic read | full-AST-generated-model-structural-parity-or-endpoint-pattern
frontend/src/api/generated/models/accountDeleteIn.ts,generated_api_client,249,14,8b936d0fbe4c9dac233fbc23d543d5e755c15cc84754d24c558209d9ac90ccad,complete_generated_structural_review,frontend_audit,Frontend project typecheck/lint/build passed; no per-line runtime coverage claim; Generated client AST/model structural parity and endpoint-pattern review; 231 interfaces checked,Generated model/endpoint AST and contract parity; not a complete human semantic read | full-AST-generated-model-structural-parity-or-endpoint-pattern
frontend/src/api/generated/models/accountExportOut.ts,generated_api_client,480,16,1e3b561d8973206578531441ed2106ee29608fb97518bd48e2670e11b3a30a15,complete_generated_structural_review,frontend_audit,Frontend project typecheck/lint/build passed; no per-line runtime coverage claim; Generated client AST/model structural parity and endpoint-pattern review; 231 interfaces checked,Generated model/endpoint AST and contract parity; not a complete human semantic read | full-AST-generated-model-structural-parity-or-endpoint-pattern
frontend/src/api/generated/models/accountIdentityExport.ts,generated_api_client,247,13,a34d1150b38765aacd815e91eedd652a5e8462750fbcea9541b92e7d35a7a717,complete_generated_structural_review,frontend_audit,Frontend project typecheck/lint/build passed; no per-line runtime coverage claim; Generated client AST/model structural parity and endpoint-pattern review; 231 interfaces checked,Generated model/endpoint AST and contract parity; not a complete human semantic read | full-AST-generated-model-structural-parity-or-endpoint-pattern
frontend/src/api/generated/models/amortizationRowModel.ts,generated_api_client,355,18,7092a1304274f41694cc47da1c160a8404ce65cd3902f610a3c318184108fca4,complete_generated_structural_review,frontend_audit,Frontend project typecheck/lint/build passed; no per-line runtime coverage claim; Generated client AST/model structural parity and endpoint-pattern review; 231 interfaces checked,Generated model/endpoint AST and contract parity; not a complete human semantic read | full-AST-generated-model-structural-parity-or-endpoint-pattern
frontend/src/api/generated/models/animalCreateIn.ts,generated_api_client,1156,34,4abb9f69397dadff0e5e2e09624eb3d908ed34d6cdc8f826a2008cb983b4e127,complete_generated_structural_review,frontend_audit,Frontend project typecheck/lint/build passed; no per-line runtime coverage claim; Generated client AST/model structural parity and endpoint-pattern review; 231 interfaces checked,Generated model/endpoint AST and contract parity; not a complete human semantic read | full-AST-generated-model-structural-parity-or-endpoint-pattern
frontend/src/api/generated/models/animalCreateInBirthType.ts,generated_api_client,384,16,8761dadc08b18939d4cf60dd446564b19e3fa1bab6f4be25fa27ed07839248d5,complete_generated_structural_review,frontend_audit,Frontend project typecheck/lint/build passed; no per-line runtime coverage claim; Generated client AST/model structural parity and endpoint-pattern review; 231 interfaces checked,Generated model/endpoint AST and contract parity; not a complete human semantic read | full-AST-generated-model-structural-parity-or-endpoint-pattern
frontend/src/api/generated/models/animalCreateInCoatColor.ts,generated_api_client,408,17,bcd52fb9cb9319168dd7b83c98074c2a0e7760153ca3c7cec8bb27090091ebf1,complete_generated_structural_review,frontend_audit,Frontend project typecheck/lint/build passed; no per-line runtime coverage claim; Generated client AST/model structural parity and endpoint-pattern review; 231 interfaces checked,Generated model/endpoint AST and contract parity; not a complete human semantic read | full-AST-generated-model-structural-parity-or-endpoint-pattern
frontend/src/api/generated/models/animalCreateInCurrentBucket.ts,generated_api_client,587,22,14543a59dd6c50f8b4ffd84c5dfb8a9b047380c5c45cfb4d63a6827029f7b416,complete_generated_structural_review,frontend_audit,Frontend project typecheck/lint/build passed; no per-line runtime coverage claim; Generated client AST/model structural parity and endpoint-pattern review; 231 interfaces checked,Generated model/endpoint AST and contract parity; not a complete human semantic read | full-AST-generated-model-structural-parity-or-endpoint-pattern
frontend/src/api/generated/models/animalCreateInSex.ts,generated_api_client,287,14,dd0a1742aac02bf8e0113cab00e71bda1597969b2978eebe12f663ac2532d604,complete_generated_structural_review,frontend_audit,Frontend project typecheck/lint/build passed; no per-line runtime coverage claim; Generated client AST/model structural parity and endpoint-pattern review; 231 interfaces checked,Generated model/endpoint AST and contract parity; not a complete human semantic read | full-AST-generated-model-structural-parity-or-endpoint-pattern
frontend/src/api/generated/models/animalCreateInSource.ts,generated_api_client,321,14,893905802e2a82fc4cbbb6ea13aaa2a5dd78642fc00eae6b5af5e8e601993826,complete_generated_structural_review,frontend_audit,Frontend project typecheck/lint/build passed; no per-line runtime coverage claim; Generated client AST/model structural parity and endpoint-pattern review; 231 interfaces checked,Generated model/endpoint AST and contract parity; not a complete human semantic read | full-AST-generated-model-structural-parity-or-endpoint-pattern
frontend/src/api/generated/models/animalIdentityOut.ts,generated_api_client,296,15,3024984613540bda0ece36bf8b60df1456ecb0af203f13014963c812ed87b766,complete_generated_structural_review,frontend_audit,Frontend project typecheck/lint/build passed; no per-line runtime coverage claim; Generated client AST/model structural parity and endpoint-pattern review; 231 interfaces checked,Generated model/endpoint AST and contract parity; not a complete human semantic read | full-AST-generated-model-structural-parity-or-endpoint-pattern
frontend/src/api/generated/models/animalJourney.ts,generated_api_client,556,24,a6f806493030c62851c0f93011f2a0ee807f5fa9b470fc6b1d3970599562165d,complete_generated_structural_review,frontend_audit,Frontend project typecheck/lint/build passed; no per-line runtime coverage claim; Generated client AST/model structural parity and endpoint-pattern review; 231 interfaces checked,Generated model/endpoint AST and contract parity; not a complete human semantic read | full-AST-generated-model-structural-parity-or-endpoint-pattern
frontend/src/api/generated/models/animalListOut.ts,generated_api_client,285,14,6219d154da0a6fc74bb1ce3dbef3c9fa941a8c6cd60fd344879477983b68a2dd,complete_generated_structural_review,frontend_audit,Frontend project typecheck/lint/build passed; no per-line runtime coverage claim; Generated client AST/model structural parity and endpoint-pattern review; 231 interfaces checked,Generated model/endpoint AST and contract parity; not a complete human semantic read | full-AST-generated-model-structural-parity-or-endpoint-pattern
frontend/src/api/generated/models/animalOffspringOut.ts,generated_api_client,575,21,c759a4655008c08ad66778dc8629a8252a9a57feb9666546735d05b5abe1a633,complete_generated_structural_review,frontend_audit,Frontend project typecheck/lint/build passed; no per-line runtime coverage claim; Generated client AST/model structural parity and endpoint-pattern review; 231 interfaces checked,Generated model/endpoint AST and contract parity; not a complete human semantic read | full-AST-generated-model-structural-parity-or-endpoint-pattern
frontend/src/api/generated/models/animalOffspringOutSex.ts,generated_api_client,303,14,59e2cff17f06a3fe409047f5a0f79ff73dac25f1d97529efbd20f3bd98aa0916,complete_generated_structural_review,frontend_audit,Frontend project typecheck/lint/build passed; no per-line runtime coverage claim; Generated client AST/model structural parity and endpoint-pattern review; 231 interfaces checked,Generated model/endpoint AST and contract parity; not a complete human semantic read | full-AST-generated-model-structural-parity-or-endpoint-pattern
frontend/src/api/generated/models/animalOffspringOutStatus.ts,generated_api_client,367,16,ef23cf7f5d7b32ef1fdab2d5cb4cf9c05ea13e828c0eca48da9db438b03c8f1d,complete_generated_structural_review,frontend_audit,Frontend project typecheck/lint/build passed; no per-line runtime coverage claim; Generated client AST/model structural parity and endpoint-pattern review; 231 interfaces checked,Generated model/endpoint AST and contract parity; not a complete human semantic read | full-AST-generated-model-structural-parity-or-endpoint-pattern
frontend/src/api/generated/models/animalOut.ts,generated_api_client,2187,64,035f3f5dfdf5a5b09020e6b26cb3995ecf1c585c4cf279cc8942bc843664d5e2,complete_generated_structural_review,frontend_audit,Frontend project typecheck/lint/build passed; no per-line runtime coverage claim; Generated client AST/model structural parity and endpoint-pattern review; 231 interfaces checked,Generated model/endpoint AST and contract parity; not a complete human semantic read | full-AST-generated-model-structural-parity-or-endpoint-pattern
frontend/src/api/generated/models/animalOutBirthType.ts,generated_api_client,364,16,5426397fdb2b017d6aa2854a5726ac08b86128b06d73fc6f0c865344f75f7bb1,complete_generated_structural_review,frontend_audit,Frontend project typecheck/lint/build passed; no per-line runtime coverage claim; Generated client AST/model structural parity and endpoint-pattern review; 231 interfaces checked,Generated model/endpoint AST and contract parity; not a complete human semantic read | full-AST-generated-model-structural-parity-or-endpoint-pattern
frontend/src/api/generated/models/animalOutCoatColor.ts,generated_api_client,388,17,fba23e7bb43badadce94e73c23db2456beefcfdaffef8cc251d4c9c38dc86b5f,complete_generated_structural_review,frontend_audit,Frontend project typecheck/lint/build passed; no per-line runtime coverage claim; Generated client AST/model structural parity and endpoint-pattern review; 231 interfaces checked,Generated model/endpoint AST and contract parity; not a complete human semantic read | full-AST-generated-model-structural-parity-or-endpoint-pattern
frontend/src/api/generated/models/animalOutCurrentBucket.ts,generated_api_client,567,22,f1b7311f1c3f361a7a09d3a2dab95d26edf62f5044f5fda7e969d836db38d435,complete_generated_structural_review,frontend_audit,Frontend project typecheck/lint/build passed; no per-line runtime coverage claim; Generated client AST/model structural parity and endpoint-pattern review; 231 interfaces checked,Generated model/endpoint AST and contract parity; not a complete human semantic read | full-AST-generated-model-structural-parity-or-endpoint-pattern
frontend/src/api/generated/models/animalOutDisposalMethod.ts,generated_api_client,422,17,b010b2b20f48becd7d0393a3cf586ffa29c54d8014a164ece108efe9e5313972,complete_generated_structural_review,frontend_audit,Frontend project typecheck/lint/build passed; no per-line runtime coverage claim; Generated client AST/model structural parity and endpoint-pattern review; 231 interfaces checked,Generated model/endpoint AST and contract parity; not a complete human semantic read | full-AST-generated-model-structural-parity-or-endpoint-pattern
frontend/src/api/generated/models/animalOutMortalityCauseCode.ts,generated_api_client,804,29,70627478e7140d586fb35ff0633706d898a387a34a5e7691e98c11eb62ef07a3,complete_generated_structural_review,frontend_audit,Frontend project typecheck/lint/build passed; no per-line runtime coverage claim; Generated client AST/model structural parity and endpoint-pattern review; 231 interfaces checked,Generated model/endpoint AST and contract parity; not a complete human semantic read | full-AST-generated-model-structural-parity-or-endpoint-pattern
frontend/src/api/generated/models/animalOutSex.ts,generated_api_client,267,14,c6b02ca270a6d3b7efaa71f97ed413af40d7ae8950c7d1c3b78052d1aa66f072,complete_generated_structural_review,frontend_audit,Frontend project typecheck/lint/build passed; no per-line runtime coverage claim; Generated client AST/model structural parity and endpoint-pattern review; 231 interfaces checked,Generated model/endpoint AST and contract parity; not a complete human semantic read | full-AST-generated-model-structural-parity-or-endpoint-pattern
frontend/src/api/generated/models/animalOutSource.ts,generated_api_client,301,14,ab97e608b080171f5a5df3005a36cf4e4c7d98f6f5db23569089ad790d406ca2,complete_generated_structural_review,frontend_audit,Frontend project typecheck/lint/build passed; no per-line runtime coverage claim; Generated client AST/model structural parity and endpoint-pattern review; 231 interfaces checked,Generated model/endpoint AST and contract parity; not a complete human semantic read | full-AST-generated-model-structural-parity-or-endpoint-pattern
frontend/src/api/generated/models/animalOutStatus.ts,generated_api_client,331,16,9261140a759ec6b5c187aaa6e884a21ddf29ab4234e438e3ed793f66ee514af2,complete_generated_structural_review,frontend_audit,Frontend project typecheck/lint/build passed; no per-line runtime coverage claim; Generated client AST/model structural parity and endpoint-pattern review; 231 interfaces checked,Generated model/endpoint AST and contract parity; not a complete human semantic read | full-AST-generated-model-structural-parity-or-endpoint-pattern
frontend/src/api/generated/models/animalProfileApiAnimalsAnimalIdGetParams.ts,generated_api_client,578,39,9be0f1429f15f4bd65b161d7dd4b0a6debf8e5a3dd62ca4b0e02a2fff309bf35,complete_generated_structural_review,frontend_audit,Frontend project typecheck/lint/build passed; no per-line runtime coverage claim; Generated client AST/model structural parity and endpoint-pattern review; 231 interfaces checked,Generated model/endpoint AST and contract parity; not a complete human semantic read | full-AST-generated-model-structural-parity-or-endpoint-pattern
frontend/src/api/generated/models/animalProfileOut.ts,generated_api_client,895,31,c3b723b2fde07dd78a86c25ceda15d7d28df27dd4de480971c9921e2e0186f97,complete_generated_structural_review,frontend_audit,Frontend project typecheck/lint/build passed; no per-line runtime coverage claim; Generated client AST/model structural parity and endpoint-pattern review; 231 interfaces checked,Generated model/endpoint AST and contract parity; not a complete human semantic read | full-AST-generated-model-structural-parity-or-endpoint-pattern
frontend/src/api/generated/models/animalStartSpec.ts,generated_api_client,696,33,4b72640fc3a2bcda73215655e62a1eec5fb02a3bfc991afacfac34d12fe2914e,complete_generated_structural_review,frontend_audit,Frontend project typecheck/lint/build passed; no per-line runtime coverage claim; Generated client AST/model structural parity and endpoint-pattern review; 231 interfaces checked,Generated model/endpoint AST and contract parity; not a complete human semantic read | full-AST-generated-model-structural-parity-or-endpoint-pattern
frontend/src/api/generated/models/animalStartSpecBucket.ts,generated_api_client,563,22,1d61617073d5f7647c92c4af382b125dd45aaad814beeb7e59e10d37f91afeea,complete_generated_structural_review,frontend_audit,Frontend project typecheck/lint/build passed; no per-line runtime coverage claim; Generated client AST/model structural parity and endpoint-pattern review; 231 interfaces checked,Generated model/endpoint AST and contract parity; not a complete human semantic read | full-AST-generated-model-structural-parity-or-endpoint-pattern
frontend/src/api/generated/models/animalStartSpecSex.ts,generated_api_client,291,14,0dde47440271293764bfad539c2ebd4a71889c5415fd3bb9f05dfc55db55aa3b,complete_generated_structural_review,frontend_audit,Frontend project typecheck/lint/build passed; no per-line runtime coverage claim; Generated client AST/model structural parity and endpoint-pattern review; 231 interfaces checked,Generated model/endpoint AST and contract parity; not a complete human semantic read | full-AST-generated-model-structural-parity-or-endpoint-pattern
frontend/src/api/generated/models/animalUpdateIn.ts,generated_api_client,496,18,32b7653b20d78d530f189f76430f6446241ea4c66a69afa290501b76fc252cce,complete_generated_structural_review,frontend_audit,Frontend project typecheck/lint/build passed; no per-line runtime coverage claim; Generated client AST/model structural parity and endpoint-pattern review; 231 interfaces checked,Generated model/endpoint AST and contract parity; not a complete human semantic read | full-AST-generated-model-structural-parity-or-endpoint-pattern
frontend/src/api/generated/models/animalUpdateInCoatColor.ts,generated_api_client,408,17,b573fd805b3ed7b6adb17f3d7dd1520fd99ef05310acd32f2e180ab5c3bd9fb4,complete_generated_structural_review,frontend_audit,Frontend project typecheck/lint/build passed; no per-line runtime coverage claim; Generated client AST/model structural parity and endpoint-pattern review; 231 interfaces checked,Generated model/endpoint AST and contract parity; not a complete human semantic read | full-AST-generated-model-structural-parity-or-endpoint-pattern
frontend/src/api/generated/models/annualPLRow.ts,generated_api_client,827,38,1fb506d6ae9f202a1bc825e0f485d7d7a230d3580e92450c5308caae506cd744,complete_generated_structural_review,frontend_audit,Frontend project typecheck/lint/build passed; no per-line runtime coverage claim; Generated client AST/model structural parity and endpoint-pattern review; 231 interfaces checked,Generated model/endpoint AST and contract parity; not a complete human semantic read | full-AST-generated-model-structural-parity-or-endpoint-pattern
frontend/src/api/generated/models/backwardPlanIn.ts,generated_api_client,608,27,0c325cc2d23fa04da65639c605bc967ed9483f90a96eb0fc3151657f64a93de2,complete_generated_structural_review,frontend_audit,Frontend project typecheck/lint/build passed; no per-line runtime coverage claim; Generated client AST/model structural parity and endpoint-pattern review; 231 interfaces checked,Generated model/endpoint AST and contract parity; not a complete human semantic read | full-AST-generated-model-structural-parity-or-endpoint-pattern
frontend/src/api/generated/models/backwardPlanReport.ts,generated_api_client,930,28,e909f2ef189b4c69393f7faa7117f5af16072d3aba1b917699ad62e12d7b08d3,complete_generated_structural_review,frontend_audit,Frontend project typecheck/lint/build passed; no per-line runtime coverage claim; Generated client AST/model structural parity and endpoint-pattern review; 231 interfaces checked,Generated model/endpoint AST and contract parity; not a complete human semantic read | full-AST-generated-model-structural-parity-or-endpoint-pattern
frontend/src/api/generated/models/batchDetailApiPurchasesBatchIdGetParams.ts,generated_api_client,314,19,b8245565359a20ecd402dd8fa6775f4eaffc012a0b5e491722702d9e0e6a57f9,complete_generated_structural_review,frontend_audit,Frontend project typecheck/lint/build passed; no per-line runtime coverage claim; Generated client AST/model structural parity and endpoint-pattern review; 231 interfaces checked,Generated model/endpoint AST and contract parity; not a complete human semantic read | full-AST-generated-model-structural-parity-or-endpoint-pattern
frontend/src/api/generated/models/breedDefaultsApiSimulationDefaultsGetParams.ts,generated_api_client,375,12,8d3b9a714ee66661943120f53f183c58b9a5298ee03bcdd319d5ccc8f1b7f3e5,complete_generated_structural_review,frontend_audit,Frontend project typecheck/lint/build passed; no per-line runtime coverage claim; Generated client AST/model structural parity and endpoint-pattern review; 231 interfaces checked,Generated model/endpoint AST and contract parity; not a complete human semantic read | full-AST-generated-model-structural-parity-or-endpoint-pattern
frontend/src/api/generated/models/breedDefaultsApiSimulationDefaultsGetSystem.ts,generated_api_client,433,14,2e5991d655bc263204befc897fad0d698a046cc955bff9a3c68f20bd80d574ea,complete_generated_structural_review,frontend_audit,Frontend project typecheck/lint/build passed; no per-line runtime coverage claim; Generated client AST/model structural parity and endpoint-pattern review; 231 interfaces checked,Generated model/endpoint AST and contract parity; not a complete human semantic read | full-AST-generated-model-structural-parity-or-endpoint-pattern
frontend/src/api/generated/models/breedingCandidateAvailabilityOut.ts,generated_api_client,321,14,d6fa5448c0a3a712977bef3c4337b1119e27add8eb07e99dba0de4148fd40d90,complete_generated_structural_review,frontend_audit,Frontend project typecheck/lint/build passed; no per-line runtime coverage claim; Generated client AST/model structural parity and endpoint-pattern review; 231 interfaces checked,Generated model/endpoint AST and contract parity; not a complete human semantic read | full-AST-generated-model-structural-parity-or-endpoint-pattern
frontend/src/api/generated/models/breedingCandidateListOut.ts,generated_api_client,332,14,e8ef99424ccee1550c67e3551fecaeaf090b9f228ff2b4f2218541a18a66aa55,complete_generated_structural_review,frontend_audit,Frontend project typecheck/lint/build passed; no per-line runtime coverage claim; Generated client AST/model structural parity and endpoint-pattern review; 231 interfaces checked,Generated model/endpoint AST and contract parity; not a complete human semantic read | full-AST-generated-model-structural-parity-or-endpoint-pattern
frontend/src/api/generated/models/breedingCandidateOut.ts,generated_api_client,406,18,ecc1c12c47f74a5f252ac1ff557eb7ac99ebdccae8f98157d815d08b7b38094a,complete_generated_structural_review,frontend_audit,Frontend project typecheck/lint/build passed; no per-line runtime coverage claim; Generated client AST/model structural parity and endpoint-pattern review; 231 interfaces checked,Generated model/endpoint AST and contract parity; not a complete human semantic read | full-AST-generated-model-structural-parity-or-endpoint-pattern
frontend/src/api/generated/models/breedingCandidatesApiBreedingCandidatesGetKind.ts,generated_api_client,413,14,2e3e06e0113e12432837d109a2cda79b08fcd643a0f19aaca792c2e8b9792c01,complete_generated_structural_review,frontend_audit,Frontend project typecheck/lint/build passed; no per-line runtime coverage claim; Generated client AST/model structural parity and endpoint-pattern review; 231 interfaces checked,Generated model/endpoint AST and contract parity; not a complete human semantic read | full-AST-generated-model-structural-parity-or-endpoint-pattern
frontend/src/api/generated/models/breedingCandidatesApiBreedingCandidatesGetParams.ts,generated_api_client,500,22,1753315c59abf98f2fd2659bd168002eef0f50a8888791d71605a5cdcbeb153c,complete_generated_structural_review,frontend_audit,Frontend project typecheck/lint/build passed; no per-line runtime coverage claim; Generated client AST/model structural parity and endpoint-pattern review; 231 interfaces checked,Generated model/endpoint AST and contract parity; not a complete human semantic read | full-AST-generated-model-structural-parity-or-endpoint-pattern
frontend/src/api/generated/models/breedingCreateIn.ts,generated_api_client,527,24,3bc59c7edd79ba74b4d4038d4f90128d366b4589d2eb160ec50a5bab0e1b5e2e,complete_generated_structural_review,frontend_audit,Frontend project typecheck/lint/build passed; no per-line runtime coverage claim; Generated client AST/model structural parity and endpoint-pattern review; 231 interfaces checked,Generated model/endpoint AST and contract parity; not a complete human semantic read | full-AST-generated-model-structural-parity-or-endpoint-pattern
frontend/src/api/generated/models/breedingCreateInMethod.ts,generated_api_client,345,15,a17f0b7d5899866a7adb207ecf0147b3e611a2f08f16b6171a7702ba5fd905d0,complete_generated_structural_review,frontend_audit,Frontend project typecheck/lint/build passed; no per-line runtime coverage claim; Generated client AST/model structural parity and endpoint-pattern review; 231 interfaces checked,Generated model/endpoint AST and contract parity; not a complete human semantic read | full-AST-generated-model-structural-parity-or-endpoint-pattern
frontend/src/api/generated/models/breedingListApiBreedingGetParams.ts,generated_api_client,291,19,fe2dcaeb6eac465d6c44587420ff1dafc623ccdd747fe09cecae185d14b583b2,complete_generated_structural_review,frontend_audit,Frontend project typecheck/lint/build passed; no per-line runtime coverage claim; Generated client AST/model structural parity and endpoint-pattern review; 231 interfaces checked,Generated model/endpoint AST and contract parity; not a complete human semantic read | full-AST-generated-model-structural-parity-or-endpoint-pattern
frontend/src/api/generated/models/breedingListOut.ts,generated_api_client,470,16,fb8317d4c16ac3a0f802974e298c90b4eae5022fded05cd49b0257f510572e61,complete_generated_structural_review,frontend_audit,Frontend project typecheck/lint/build passed; no per-line runtime coverage claim; Generated client AST/model structural parity and endpoint-pattern review; 231 interfaces checked,Generated model/endpoint AST and contract parity; not a complete human semantic read | full-AST-generated-model-structural-parity-or-endpoint-pattern
frontend/src/api/generated/models/breedingRecordOut.ts,generated_api_client,1097,35,f72976b1a4d86bf88cb20573b36b9891b151f892c41bdacac62627bd7696fe16,complete_generated_structural_review,frontend_audit,Frontend project typecheck/lint/build passed; no per-line runtime coverage claim; Generated client AST/model structural parity and endpoint-pattern review; 231 interfaces checked,Generated model/endpoint AST and contract parity; not a complete human semantic read | full-AST-generated-model-structural-parity-or-endpoint-pattern
frontend/src/api/generated/models/breedingRecordOutLossCause.ts,generated_api_client,490,19,7312678774f2298470f05a2de7fb2fae1227b1fe3a7b60a163f7d1fffa63b0ed,complete_generated_structural_review,frontend_audit,Frontend project typecheck/lint/build passed; no per-line runtime coverage claim; Generated client AST/model structural parity and endpoint-pattern review; 231 interfaces checked,Generated model/endpoint AST and contract parity; not a complete human semantic read | full-AST-generated-model-structural-parity-or-endpoint-pattern
frontend/src/api/generated/models/breedingRecordOutMethod.ts,generated_api_client,349,15,37f0778d2f8e7c7621e0c65bfa97cfcf57f45b5c1babb8967c2789ab3654440f,complete_generated_structural_review,frontend_audit,Frontend project typecheck/lint/build passed; no per-line runtime coverage claim; Generated client AST/model structural parity and endpoint-pattern review; 231 interfaces checked,Generated model/endpoint AST and contract parity; not a complete human semantic read | full-AST-generated-model-structural-parity-or-endpoint-pattern
frontend/src/api/generated/models/breedingRecordOutOutcome.ts,generated_api_client,431,17,39c866416537aa0ed17bc30bfb99daefa9b20101237195047b6006d09a2b48b1,complete_generated_structural_review,frontend_audit,Frontend project typecheck/lint/build passed; no per-line runtime coverage claim; Generated client AST/model structural parity and endpoint-pattern review; 231 interfaces checked,Generated model/endpoint AST and contract parity; not a complete human semantic read | full-AST-generated-model-structural-parity-or-endpoint-pattern
frontend/src/api/generated/models/breedingStatsOut.ts,generated_api_client,532,19,d86812373bf216ae47c77dbd1bd2756895bada29d25b507d0288d6efb816512a,complete_generated_structural_review,frontend_audit,Frontend project typecheck/lint/build passed; no per-line runtime coverage claim; Generated client AST/model structural parity and endpoint-pattern review; 231 interfaces checked,Generated model/endpoint AST and contract parity; not a complete human semantic read | full-AST-generated-model-structural-parity-or-endpoint-pattern
frontend/src/api/generated/models/breedsOut.ts,generated_api_client,200,11,9063342185e9966e6806002cca12cd3dd5490dffb2164c1ec2cdf8646c1eccd8,complete_generated_structural_review,frontend_audit,Frontend project typecheck/lint/build passed; no per-line runtime coverage claim; Generated client AST/model structural parity and endpoint-pattern review; 231 interfaces checked,Generated model/endpoint AST and contract parity; not a complete human semantic read | full-AST-generated-model-structural-parity-or-endpoint-pattern
frontend/src/api/generated/models/bucketAllocationOut.ts,generated_api_client,209,11,17a68152294a82412dccabd0eaaac1c53d3fe6eaac914183c609f8a4e574cd9b,complete_generated_structural_review,frontend_audit,Frontend project typecheck/lint/build passed; no per-line runtime coverage claim; Generated client AST/model structural parity and endpoint-pattern review; 231 interfaces checked,Generated model/endpoint AST and contract parity; not a complete human semantic read | full-AST-generated-model-structural-parity-or-endpoint-pattern
frontend/src/api/generated/models/bucketAnimalOut.ts,generated_api_client,450,19,491288e24926debf2c3cd85548ee7244f87dac423585a8f10aca8352f21f1644,complete_generated_structural_review,frontend_audit,Frontend project typecheck/lint/build passed; no per-line runtime coverage claim; Generated client AST/model structural parity and endpoint-pattern review; 231 interfaces checked,Generated model/endpoint AST and contract parity; not a complete human semantic read | full-AST-generated-model-structural-parity-or-endpoint-pattern
frontend/src/api/generated/models/bucketAnimalOutSex.ts,generated_api_client,291,14,154bc6f7c9af5ba800e0d446af3bba94d1af23ab3117160e0d92c8d03d46a164,complete_generated_structural_review,frontend_audit,Frontend project typecheck/lint/build passed; no per-line runtime coverage claim; Generated client AST/model structural parity and endpoint-pattern review; 231 interfaces checked,Generated model/endpoint AST and contract parity; not a complete human semantic read | full-AST-generated-model-structural-parity-or-endpoint-pattern
frontend/src/api/generated/models/bucketBoardRow.ts,generated_api_client,512,20,63934a495651560779e777cd4c59040765da8dc6eb77289b6492c6981f5270f7,complete_generated_structural_review,frontend_audit,Frontend project typecheck/lint/build passed; no per-line runtime coverage claim; Generated client AST/model structural parity and endpoint-pattern review; 231 interfaces checked,Generated model/endpoint AST and contract parity; not a complete human semantic read | full-AST-generated-model-structural-parity-or-endpoint-pattern
frontend/src/api/generated/models/bucketBoardRowBucket.ts,generated_api_client,559,22,4c5320127e439a2a445ff5798f94c9224acce40230ddd059d39cc7041549316e,complete_generated_structural_review,frontend_audit,Frontend project typecheck/lint/build passed; no per-line runtime coverage claim; Generated client AST/model structural parity and endpoint-pattern review; 231 interfaces checked,Generated model/endpoint AST and contract parity; not a complete human semantic read | full-AST-generated-model-structural-parity-or-endpoint-pattern
frontend/src/api/generated/models/bucketCountOut.ts,generated_api_client,213,12,1a939c9566f1708be268af53ba571e239a24bd9c33f58bae731d210f45383427,complete_generated_structural_review,frontend_audit,Frontend project typecheck/lint/build passed; no per-line runtime coverage claim; Generated client AST/model structural parity and endpoint-pattern review; 231 interfaces checked,Generated model/endpoint AST and contract parity; not a complete human semantic read | full-AST-generated-model-structural-parity-or-endpoint-pattern
frontend/src/api/generated/models/bucketMoveOut.ts,generated_api_client,468,17,74186d02eb60dcc78596ecb1ec4d87a633dcafc39d0ef1fc8d5d29ebf5b1bce3,complete_generated_structural_review,frontend_audit,Frontend project typecheck/lint/build passed; no per-line runtime coverage claim; Generated client AST/model structural parity and endpoint-pattern review; 231 interfaces checked,Generated model/endpoint AST and contract parity; not a complete human semantic read | full-AST-generated-model-structural-parity-or-endpoint-pattern
frontend/src/api/generated/models/bucketMoveOutFromBucket.ts,generated_api_client,578,22,66d9eaafcf80519ebba2ac5086066e9c5660a6f7b6acf7f62be5de8653ba0b32,complete_generated_structural_review,frontend_audit,Frontend project typecheck/lint/build passed; no per-line runtime coverage claim; Generated client AST/model structural parity and endpoint-pattern review; 231 interfaces checked,Generated model/endpoint AST and contract parity; not a complete human semantic read | full-AST-generated-model-structural-parity-or-endpoint-pattern
frontend/src/api/generated/models/bucketMoveOutToBucket.ts,generated_api_client,563,22,11e08542f80ec3d865d7f7e70913a89b77d2babdb611154252bd52b1fbcf7378,complete_generated_structural_review,frontend_audit,Frontend project typecheck/lint/build passed; no per-line runtime coverage claim; Generated client AST/model structural parity and endpoint-pattern review; 231 interfaces checked,Generated model/endpoint AST and contract parity; not a complete human semantic read | full-AST-generated-model-structural-parity-or-endpoint-pattern
frontend/src/api/generated/models/bucketReportRow.ts,generated_api_client,243,13,5349a574644a3a8b39a8ac5525b5a9417baf12349b2050d49d8ec2353f62ffbe,complete_generated_structural_review,frontend_audit,Frontend project typecheck/lint/build passed; no per-line runtime coverage claim; Generated client AST/model structural parity and endpoint-pattern review; 231 interfaces checked,Generated model/endpoint AST and contract parity; not a complete human semantic read | full-AST-generated-model-structural-parity-or-endpoint-pattern
frontend/src/api/generated/models/calibrationEvidence.ts,generated_api_client,580,22,15d23825be8d69a732ea6fd6ea2df57b71fbcf3f7ca1122620e1d79acecd22f7,complete_generated_structural_review,frontend_audit,Frontend project typecheck/lint/build passed; no per-line runtime coverage claim; Generated client AST/model structural parity and endpoint-pattern review; 231 interfaces checked,Generated model/endpoint AST and contract parity; not a complete human semantic read | full-AST-generated-model-structural-parity-or-endpoint-pattern
frontend/src/api/generated/models/calibrationEvidenceConfidence.ts,generated_api_client,365,15,8b8d0a7ff214460f1ee6d7e7af5aa9a2f4adb579369a0ac7421faa7168f74ec2,complete_generated_structural_review,frontend_audit,Frontend project typecheck/lint/build passed; no per-line runtime coverage claim; Generated client AST/model structural parity and endpoint-pattern review; 231 interfaces checked,Generated model/endpoint AST and contract parity; not a complete human semantic read | full-AST-generated-model-structural-parity-or-endpoint-pattern
frontend/src/api/generated/models/changePasswordIn.ts,generated_api_client,298,16,aa06e68fdfe5099f62f1c89c3917419a73c0dec9461e80fa24490bcc6286a7a6,complete_generated_structural_review,frontend_audit,Frontend project typecheck/lint/build passed; no per-line runtime coverage claim; Generated client AST/model structural parity and endpoint-pattern review; 231 interfaces checked,Generated model/endpoint AST and contract parity; not a complete human semantic read | full-AST-generated-model-structural-parity-or-endpoint-pattern
frontend/src/api/generated/models/compareScenariosApiSimulationScenariosCompareGetParams.ts,generated_api_client,241,13,6f847559f7cc2b4a403fd1009dbf4095338a05eba90c12c9bb3c3d499ac9d005,complete_generated_structural_review,frontend_audit,Frontend project typecheck/lint/build passed; no per-line runtime coverage claim; Generated client AST/model structural parity and endpoint-pattern review; 231 interfaces checked,Generated model/endpoint AST and contract parity; not a complete human semantic read | full-AST-generated-model-structural-parity-or-endpoint-pattern
frontend/src/api/generated/models/costsAssumptions.ts,generated_api_client,1782,90,681cf740e1b0ed10dd5ef5495362db4ee0e71d78fb817ebdb186fe999dab4465,complete_generated_structural_review,frontend_audit,Frontend project typecheck/lint/build passed; no per-line runtime coverage claim; Generated client AST/model structural parity and endpoint-pattern review; 231 interfaces checked,Generated model/endpoint AST and contract parity; not a complete human semantic read | full-AST-generated-model-structural-parity-or-endpoint-pattern
frontend/src/api/generated/models/costsAssumptionsCapacityBasis.ts,generated_api_client,405,15,6558d908c071418faba23d800c0fd65a22c4b094aeefd7fe22653027d9647e9a,complete_generated_structural_review,frontend_audit,Frontend project typecheck/lint/build passed; no per-line runtime coverage claim; Generated client AST/model structural parity and endpoint-pattern review; 231 interfaces checked,Generated model/endpoint AST and contract parity; not a complete human semantic read | full-AST-generated-model-structural-parity-or-endpoint-pattern
frontend/src/api/generated/models/cullingAssumptions.ts,generated_api_client,546,32,7d19993a7f25c8b643ba8c767e6dadf71ad7bbee26e6389b16d6c613d84b65ac,complete_generated_structural_review,frontend_audit,Frontend project typecheck/lint/build passed; no per-line runtime coverage claim; Generated client AST/model structural parity and endpoint-pattern review; 231 interfaces checked,Generated model/endpoint AST and contract parity; not a complete human semantic read | full-AST-generated-model-structural-parity-or-endpoint-pattern
frontend/src/api/generated/models/dailyOpsParams.ts,generated_api_client,1392,78,34252aebbd83f5c7446ecd9f34148ce6153c69bcec583376d433b36bccc72c2e,complete_generated_structural_review,frontend_audit,Frontend project typecheck/lint/build passed; no per-line runtime coverage claim; Generated client AST/model structural parity and endpoint-pattern review; 231 interfaces checked,Generated model/endpoint AST and contract parity; not a complete human semantic read | full-AST-generated-model-structural-parity-or-endpoint-pattern
frontend/src/api/generated/models/dailyOpsResult.ts,generated_api_client,740,26,ae1b6672c5d1b40f3eb2e3370accbe27bae18bf092a3a88c827a5015f860f927,complete_generated_structural_review,frontend_audit,Frontend project typecheck/lint/build passed; no per-line runtime coverage claim; Generated client AST/model structural parity and endpoint-pattern review; 231 interfaces checked,Generated model/endpoint AST and contract parity; not a complete human semantic read | full-AST-generated-model-structural-parity-or-endpoint-pattern
frontend/src/api/generated/models/dailyOpsRunIn.ts,generated_api_client,762,33,40e518b8e7301a8b83e878d5a811babbd9716007ea3f5b8f4e64646037e3b9b1,complete_generated_structural_review,frontend_audit,Frontend project typecheck/lint/build passed; no per-line runtime coverage claim; Generated client AST/model structural parity and endpoint-pattern review; 231 interfaces checked,Generated model/endpoint AST and contract parity; not a complete human semantic read | full-AST-generated-model-structural-parity-or-endpoint-pattern
frontend/src/api/generated/models/dailyOpsRunOut.ts,generated_api_client,337,15,5f270f41fd83de625a480c77c210ce2766be074cdcfa645cbf8819c3e536d09d,complete_generated_structural_review,frontend_audit,Frontend project typecheck/lint/build passed; no per-line runtime coverage claim; Generated client AST/model structural parity and endpoint-pattern review; 231 interfaces checked,Generated model/endpoint AST and contract parity; not a complete human semantic read | full-AST-generated-model-structural-parity-or-endpoint-pattern
frontend/src/api/generated/models/dailyOpsTotals.ts,generated_api_client,1027,28,1b4c91497827aa7e1a4c6b4fb16cd467aa3d8024f55123812b22812c9f99ae73,complete_generated_structural_review,frontend_audit,Frontend project typecheck/lint/build passed; no per-line runtime coverage claim; Generated client AST/model structural parity and endpoint-pattern review; 231 interfaces checked,Generated model/endpoint AST and contract parity; not a complete human semantic read | full-AST-generated-model-structural-parity-or-endpoint-pattern
frontend/src/api/generated/models/dailyOpsTotalsBuildingDays.ts,generated_api_client,194,8,f96d0d63ebb17aee86a4d7663cb473789d740769fab6ac72acc22815e7a5a12e,complete_generated_structural_review,frontend_audit,Frontend project typecheck/lint/build passed; no per-line runtime coverage claim; Generated client AST/model structural parity and endpoint-pattern review; 231 interfaces checked,Generated model/endpoint AST and contract parity; not a complete human semantic read | full-AST-generated-model-structural-parity-or-endpoint-pattern
frontend/src/api/generated/models/dailyOpsTotalsFeedKgByRecipe.ts,generated_api_client,196,8,d00bd23cf7bc286ecd77dd033ef35d2f6124f4043a44ff8a1a967cf1a1fba1b9,complete_generated_structural_review,frontend_audit,Frontend project typecheck/lint/build passed; no per-line runtime coverage claim; Generated client AST/model structural parity and endpoint-pattern review; 231 interfaces checked,Generated model/endpoint AST and contract parity; not a complete human semantic read | full-AST-generated-model-structural-parity-or-endpoint-pattern
frontend/src/api/generated/models/dailyOpsTotalsTasksByCategory.ts,generated_api_client,197,8,845d93e8c36cff21cb97f7a21237b87725df52f13c718ef3472a4e69081fe899,complete_generated_structural_review,frontend_audit,Frontend project typecheck/lint/build passed; no per-line runtime coverage claim; Generated client AST/model structural parity and endpoint-pattern review; 231 interfaces checked,Generated model/endpoint AST and contract parity; not a complete human semantic read | full-AST-generated-model-structural-parity-or-endpoint-pattern
frontend/src/api/generated/models/dailyOpsTotalsTasksByRole.ts,generated_api_client,193,8,e90d0f70fb2fae428ffa79c9885ef5e6d0486c7da29c609e4ebb6fc946af66de,complete_generated_structural_review,frontend_audit,Frontend project typecheck/lint/build passed; no per-line runtime coverage claim; Generated client AST/model structural parity and endpoint-pattern review; 231 interfaces checked,Generated model/endpoint AST and contract parity; not a complete human semantic read | full-AST-generated-model-structural-parity-or-endpoint-pattern
frontend/src/api/generated/models/dailyOpsTotalsVetTasksByBuilding.ts,generated_api_client,200,8,5dc760f9d0b6a68d01157b7bd5421b79c277f140e0c5d67e1c969fb96bba4b03,complete_generated_structural_review,frontend_audit,Frontend project typecheck/lint/build passed; no per-line runtime coverage claim; Generated client AST/model structural parity and endpoint-pattern review; 231 interfaces checked,Generated model/endpoint AST and contract parity; not a complete human semantic read | full-AST-generated-model-structural-parity-or-endpoint-pattern
frontend/src/api/generated/models/dashboardAdvisoryOut.ts,generated_api_client,440,16,10241398c8a7db2b46c80aabe23d79bf42d7bbf7b7b1919708b068adb8d2c85b,complete_generated_structural_review,frontend_audit,Frontend project typecheck/lint/build passed; no per-line runtime coverage claim; Generated client AST/model structural parity and endpoint-pattern review; 231 interfaces checked,Generated model/endpoint AST and contract parity; not a complete human semantic read | full-AST-generated-model-structural-parity-or-endpoint-pattern
frontend/src/api/generated/models/dashboardAdvisoryOutArgs.ts,generated_api_client,195,8,fc61d4218f3324ffe76ea67d5beff8eb7bf1d01d1886d58850a803056dd5ba07,complete_generated_structural_review,frontend_audit,Frontend project typecheck/lint/build passed; no per-line runtime coverage claim; Generated client AST/model structural parity and endpoint-pattern review; 231 interfaces checked,Generated model/endpoint AST and contract parity; not a complete human semantic read | full-AST-generated-model-structural-parity-or-endpoint-pattern
frontend/src/api/generated/models/dashboardKiddingDueOut.ts,generated_api_client,336,16,6837df44a61abcbbfc794b4902542c9ea516d53372f627addec64b8da9476fae,complete_generated_structural_review,frontend_audit,Frontend project typecheck/lint/build passed; no per-line runtime coverage claim; Generated client AST/model structural parity and endpoint-pattern review; 231 interfaces checked,Generated model/endpoint AST and contract parity; not a complete human semantic read | full-AST-generated-model-structural-parity-or-endpoint-pattern
frontend/src/api/generated/models/dashboardOut.ts,generated_api_client,1801,45,ff360684d82feefe4cac588faf77f8c8565707388b0cefe81eeccd8ca03f7470,complete_semantic_source_review,frontend_audit; frontend_domain_pages,Frontend project typecheck/lint/build passed; no per-line runtime coverage claim; Generated client AST/model structural parity and endpoint-pattern review; 231 interfaces checked,complete-source-manual-delegated | FULL
frontend/src/api/generated/models/dashboardOutSexCounts.ts,generated_api_client,196,8,9d192373433eb48cb12e6b0670f0b7c8e3cfddf90e2d3587be3888b34927dda7,complete_generated_structural_review,frontend_audit,Frontend project typecheck/lint/build passed; no per-line runtime coverage claim; Generated client AST/model structural parity and endpoint-pattern review; 231 interfaces checked,Generated model/endpoint AST and contract parity; not a complete human semantic read | full-AST-generated-model-structural-parity-or-endpoint-pattern
frontend/src/api/generated/models/dashboardOutStatusTotals.ts,generated_api_client,192,8,2c483f6eee95b0788abe845b5b4c5436647d60cb7ba90f5e70c9a451e87af9b7,complete_generated_structural_review,frontend_audit,Frontend project typecheck/lint/build passed; no per-line runtime coverage claim; Generated client AST/model structural parity and endpoint-pattern review; 231 interfaces checked,Generated model/endpoint AST and contract parity; not a complete human semantic read | full-AST-generated-model-structural-parity-or-endpoint-pattern
frontend/src/api/generated/models/dashboardWeightOut.ts,generated_api_client,429,19,e875fb97c41f89261bb892296177597de2518a99f5f4009e2fee4a572eec7b48,complete_generated_structural_review,frontend_audit,Frontend project typecheck/lint/build passed; no per-line runtime coverage claim; Generated client AST/model structural parity and endpoint-pattern review; 231 interfaces checked,Generated model/endpoint AST and contract parity; not a complete human semantic read | full-AST-generated-model-structural-parity-or-endpoint-pattern
frontend/src/api/generated/models/dayRecord.ts,generated_api_client,596,23,82eb564839e1c05ca46e81850d132eed567f06ac2e393d8a94f0f7cc80c915ce,complete_generated_structural_review,frontend_audit,Frontend project typecheck/lint/build passed; no per-line runtime coverage claim; Generated client AST/model structural parity and endpoint-pattern review; 231 interfaces checked,Generated model/endpoint AST and contract parity; not a complete human semantic read | full-AST-generated-model-structural-parity-or-endpoint-pattern
frontend/src/api/generated/models/deletePlanApiPlannerPlansPlanIdDeleteParams.ts,generated_api_client,263,14,0b90ff395b61052d68050e8d10687f6c4d0fdda7cf71c5bdbe270a0c2a1de70a,complete_generated_structural_review,frontend_audit,Frontend project typecheck/lint/build passed; no per-line runtime coverage claim; Generated client AST/model structural parity and endpoint-pattern review; 231 interfaces checked,Generated model/endpoint AST and contract parity; not a complete human semantic read | full-AST-generated-model-structural-parity-or-endpoint-pattern
frontend/src/api/generated/models/deleteScenarioApiSimulationScenariosScenarioIdDeleteParams.ts,generated_api_client,278,14,89fa1cab0b9e185de7839dcf383450e65a4a5fc39c79220b70c74edae84fe245,complete_generated_structural_review,frontend_audit,Frontend project typecheck/lint/build passed; no per-line runtime coverage claim; Generated client AST/model structural parity and endpoint-pattern review; 231 interfaces checked,Generated model/endpoint AST and contract parity; not a complete human semantic read | full-AST-generated-model-structural-parity-or-endpoint-pattern
frontend/src/api/generated/models/dispenseIn.ts,generated_api_client,523,21,ceb6cf8282b6acd7762d4280d3458b77202294fd6073b25ad169d5919f263f53,complete_generated_structural_review,frontend_audit,Frontend project typecheck/lint/build passed; no per-line runtime coverage claim; Generated client AST/model structural parity and endpoint-pattern review; 231 interfaces checked,Generated model/endpoint AST and contract parity; not a complete human semantic read | full-AST-generated-model-structural-parity-or-endpoint-pattern
frontend/src/api/generated/models/dispenseInBucket.ts,generated_api_client,543,22,82d2bacef234c95947371ff7620ff0b72711fd290ccdfe9a2113656d76083c30,complete_generated_structural_review,frontend_audit,Frontend project typecheck/lint/build passed; no per-line runtime coverage claim; Generated client AST/model structural parity and endpoint-pattern review; 231 interfaces checked,Generated model/endpoint AST and contract parity; not a complete human semantic read | full-AST-generated-model-structural-parity-or-endpoint-pattern
frontend/src/api/generated/models/dispenseInShift.ts,generated_api_client,325,15,e0fce4bfbe8d3b5f9963ca8a9e2f732a60eb96a752b7063eea0d32351b33905c,complete_generated_structural_review,frontend_audit,Frontend project typecheck/lint/build passed; no per-line runtime coverage claim; Generated client AST/model structural parity and endpoint-pattern review; 231 interfaces checked,Generated model/endpoint AST and contract parity; not a complete human semantic read | full-AST-generated-model-structural-parity-or-endpoint-pattern
frontend/src/api/generated/models/dispensingAggregateOut.ts,generated_api_client,325,16,402c3951f4b65f0285bd6695563ac10aef068e4b060ed64e11eecb4f7efaca22,complete_generated_structural_review,frontend_audit,Frontend project typecheck/lint/build passed; no per-line runtime coverage claim; Generated client AST/model structural parity and endpoint-pattern review; 231 interfaces checked,Generated model/endpoint AST and contract parity; not a complete human semantic read | full-AST-generated-model-structural-parity-or-endpoint-pattern
frontend/src/api/generated/models/errorOut.ts,generated_api_client,534,19,0709fc7b18806407e91baef7dea171fc69e66ecf815d398f2630b511cd59561b,complete_generated_structural_review,frontend_audit,Frontend project typecheck/lint/build passed; no per-line runtime coverage claim; Generated client AST/model structural parity and endpoint-pattern review; 231 interfaces checked,Generated model/endpoint AST and contract parity; not a complete human semantic read | full-AST-generated-model-structural-parity-or-endpoint-pattern
frontend/src/api/generated/models/eventFill.ts,generated_api_client,547,23,5b85f4751cc0eb6ea5670987052f780fd796cb3103e1ca35737086bb3dfea227,complete_generated_structural_review,frontend_audit,Frontend project typecheck/lint/build passed; no per-line runtime coverage claim; Generated client AST/model structural parity and endpoint-pattern review; 231 interfaces checked,Generated model/endpoint AST and contract parity; not a complete human semantic read | full-AST-generated-model-structural-parity-or-endpoint-pattern
frontend/src/api/generated/models/exportDatasetApiScreeningExportGetParams.ts,generated_api_client,415,16,d495ec8c1e582eb6b26d536f8fd6abf89d981dfba3e40b3a6722e4632a4742c0,complete_generated_structural_review,frontend_audit,Frontend project typecheck/lint/build passed; no per-line runtime coverage claim; Generated client AST/model structural parity and endpoint-pattern review; 231 interfaces checked,Generated model/endpoint AST and contract parity; not a complete human semantic read | full-AST-generated-model-structural-parity-or-endpoint-pattern
frontend/src/api/generated/models/exportDatasetApiScreeningExportGetVetStatus.ts,generated_api_client,435,15,e511a43acb707dd993ed6cb4ed3298c0bc1fcf36f213be3e46fbbadd66b15042,complete_generated_structural_review,frontend_audit,Frontend project typecheck/lint/build passed; no per-line runtime coverage claim; Generated client AST/model structural parity and endpoint-pattern review; 231 interfaces checked,Generated model/endpoint AST and contract parity; not a complete human semantic read | full-AST-generated-model-structural-parity-or-endpoint-pattern
frontend/src/api/generated/models/farmCalibrationApiSimulationCalibrationGetParams.ts,generated_api_client,458,17,0081d643567092f87d8dad30944e474e6857aac17a2eb181fdca0f032752b782,complete_generated_structural_review,frontend_audit,Frontend project typecheck/lint/build passed; no per-line runtime coverage claim; Generated client AST/model structural parity and endpoint-pattern review; 231 interfaces checked,Generated model/endpoint AST and contract parity; not a complete human semantic read | full-AST-generated-model-structural-parity-or-endpoint-pattern
frontend/src/api/generated/models/farmCalibrationApiSimulationCalibrationGetSystem.ts,generated_api_client,453,14,3c00ccbcb23d89502febb3a55320b3f0516f2c2ed4f2d2b3d1c6d46acabbca0a,complete_generated_structural_review,frontend_audit,Frontend project typecheck/lint/build passed; no per-line runtime coverage claim; Generated client AST/model structural parity and endpoint-pattern review; 231 interfaces checked,Generated model/endpoint AST and contract parity; not a complete human semantic read | full-AST-generated-model-structural-parity-or-endpoint-pattern
frontend/src/api/generated/models/farmCalibrationOut.ts,generated_api_client,600,24,78fbc2d8604c0bcf1f9e7e29b108d8652b2613d5db3f052449dbb05b544d40c8,complete_generated_structural_review,frontend_audit,Frontend project typecheck/lint/build passed; no per-line runtime coverage claim; Generated client AST/model structural parity and endpoint-pattern review; 231 interfaces checked,Generated model/endpoint AST and contract parity; not a complete human semantic read | full-AST-generated-model-structural-parity-or-endpoint-pattern
frontend/src/api/generated/models/farmCreateIn.ts,generated_api_client,338,20,ca375031e3c531a7c2195b4b4e1ac42b1f7368574571dbf18f5b3f27daa10b86,complete_generated_structural_review,frontend_audit,Frontend project typecheck/lint/build passed; no per-line runtime coverage claim; Generated client AST/model structural parity and endpoint-pattern review; 231 interfaces checked,Generated model/endpoint AST and contract parity; not a complete human semantic read | full-AST-generated-model-structural-parity-or-endpoint-pattern
frontend/src/api/generated/models/farmOut.ts,generated_api_client,257,14,5c6d83464d638e85c7b4daea0974bfe0d277cec6b683de0a2f228cb9d520afd7,complete_generated_structural_review,frontend_audit,Frontend project typecheck/lint/build passed; no per-line runtime coverage claim; Generated client AST/model structural parity and endpoint-pattern review; 231 interfaces checked,Generated model/endpoint AST and contract parity; not a complete human semantic read | full-AST-generated-model-structural-parity-or-endpoint-pattern
frontend/src/api/generated/models/feedAssumptions.ts,generated_api_client,3741,202,57805eebcec644a767fd163e2b2f71cf06f4e156c126cd9cbb7b14f4ace8b4ee,complete_generated_structural_review,frontend_audit,Frontend project typecheck/lint/build passed; no per-line runtime coverage claim; Generated client AST/model structural parity and endpoint-pattern review; 231 interfaces checked,Generated model/endpoint AST and contract parity; not a complete human semantic read | full-AST-generated-model-structural-parity-or-endpoint-pattern
frontend/src/api/generated/models/feedInventoryOut.ts,generated_api_client,432,17,9249d0152e59ee10df69522ade273b3146b4eafd21c53f6406a8ff4f21fbac9a,complete_generated_structural_review,frontend_audit,Frontend project typecheck/lint/build passed; no per-line runtime coverage claim; Generated client AST/model structural parity and endpoint-pattern review; 231 interfaces checked,Generated model/endpoint AST and contract parity; not a complete human semantic read | full-AST-generated-model-structural-parity-or-endpoint-pattern
frontend/src/api/generated/models/feedInventoryOutCategory.ts,generated_api_client,389,15,461f9a6c0de4d38066450ba0c6f8c3f6da836357d0b6721b038ca2ab7b44155b,complete_generated_structural_review,frontend_audit,Frontend project typecheck/lint/build passed; no per-line runtime coverage claim; Generated client AST/model structural parity and endpoint-pattern review; 231 interfaces checked,Generated model/endpoint AST and contract parity; not a complete human semantic read | full-AST-generated-model-structural-parity-or-endpoint-pattern
frontend/src/api/generated/models/feedLine.ts,generated_api_client,552,24,6612fe5050a939e14d4449d8094ae0e0e31c44462fdf49e6942a8cf989b6cf0c,complete_generated_structural_review,frontend_audit,Frontend project typecheck/lint/build passed; no per-line runtime coverage claim; Generated client AST/model structural parity and endpoint-pattern review; 231 interfaces checked,Generated model/endpoint AST and contract parity; not a complete human semantic read | full-AST-generated-model-structural-parity-or-endpoint-pattern
frontend/src/api/generated/models/feedRecipeLineOut.ts,generated_api_client,330,13,6bf0fc38611417285b59fdc384ce40c389857119af143edd2f69f1fd8cd11d4a,complete_generated_structural_review,frontend_audit,Frontend project typecheck/lint/build passed; no per-line runtime coverage claim; Generated client AST/model structural parity and endpoint-pattern review; 231 interfaces checked,Generated model/endpoint AST and contract parity; not a complete human semantic read | full-AST-generated-model-structural-parity-or-endpoint-pattern
frontend/src/api/generated/models/feedRecipeLineOutCategory.ts,generated_api_client,393,15,9091fe35b20052848a6f1b7b17ed7c6103d66240de714264516a6dd168ec075f,complete_generated_structural_review,frontend_audit,Frontend project typecheck/lint/build passed; no per-line runtime coverage claim; Generated client AST/model structural parity and endpoint-pattern review; 231 interfaces checked,Generated model/endpoint AST and contract parity; not a complete human semantic read | full-AST-generated-model-structural-parity-or-endpoint-pattern
frontend/src/api/generated/models/feedRecipeOut.ts,generated_api_client,332,15,f01113cb93000f00fbfd10b70a17682d5818944dcc218eaa0d5a0e23d2156133,complete_generated_structural_review,frontend_audit,Frontend project typecheck/lint/build passed; no per-line runtime coverage claim; Generated client AST/model structural parity and endpoint-pattern review; 231 interfaces checked,Generated model/endpoint AST and contract parity; not a complete human semantic read | full-AST-generated-model-structural-parity-or-endpoint-pattern
frontend/src/api/generated/models/feedSettingIn.ts,generated_api_client,349,16,d29854b955f06bba93331c249eba31237763d15481d20625ecd92e3505c3855c,complete_generated_structural_review,frontend_audit,Frontend project typecheck/lint/build passed; no per-line runtime coverage claim; Generated client AST/model structural parity and endpoint-pattern review; 231 interfaces checked,Generated model/endpoint AST and contract parity; not a complete human semantic read | full-AST-generated-model-structural-parity-or-endpoint-pattern
frontend/src/api/generated/models/feedSettingInBucket.ts,generated_api_client,555,22,e7974e0ccb41942527132071f4a9ad0b1ee70fda016c4ed8d42ba18cad69c2a6,complete_generated_structural_review,frontend_audit,Frontend project typecheck/lint/build passed; no per-line runtime coverage claim; Generated client AST/model structural parity and endpoint-pattern review; 231 interfaces checked,Generated model/endpoint AST and contract parity; not a complete human semantic read | full-AST-generated-model-structural-parity-or-endpoint-pattern
frontend/src/api/generated/models/feedSummary.ts,generated_api_client,634,24,af58c0a41e9efde8a036464358aeb18e52f54e9684014d9da0bdf2b39257dba0,complete_generated_structural_review,frontend_audit,Frontend project typecheck/lint/build passed; no per-line runtime coverage claim; Generated client AST/model structural parity and endpoint-pattern review; 231 interfaces checked,Generated model/endpoint AST and contract parity; not a complete human semantic read | full-AST-generated-model-structural-parity-or-endpoint-pattern
frontend/src/api/generated/models/feedingHistoryApiFeedingRecordsGetParams.ts,generated_api_client,351,21,6755266598c76380976f4145c227e6bd8af18e48076e5a338922cb9da47cadf7,complete_generated_structural_review,frontend_audit,Frontend project typecheck/lint/build passed; no per-line runtime coverage claim; Generated client AST/model structural parity and endpoint-pattern review; 231 interfaces checked,Generated model/endpoint AST and contract parity; not a complete human semantic read | full-AST-generated-model-structural-parity-or-endpoint-pattern
frontend/src/api/generated/models/feedingHistoryOut.ts,generated_api_client,310,14,2ab26fa6101a32aa1fd625d849a21e09d2b289a85d105a1aab9cc792a74c9038,complete_generated_structural_review,frontend_audit,Frontend project typecheck/lint/build passed; no per-line runtime coverage claim; Generated client AST/model structural parity and endpoint-pattern review; 231 interfaces checked,Generated model/endpoint AST and contract parity; not a complete human semantic read | full-AST-generated-model-structural-parity-or-endpoint-pattern
frontend/src/api/generated/models/feedingPlanOut.ts,generated_api_client,497,17,972bd8114159373214ef97134db47147fa6708dcda9543dc5024b1d0ecdba254,complete_generated_structural_review,frontend_audit,Frontend project typecheck/lint/build passed; no per-line runtime coverage claim; Generated client AST/model structural parity and endpoint-pattern review; 231 interfaces checked,Generated model/endpoint AST and contract parity; not a complete human semantic read | full-AST-generated-model-structural-parity-or-endpoint-pattern
frontend/src/api/generated/models/feedingRecordOut.ts,generated_api_client,474,18,5b05d06f948227753302610fefd77d7a6a460d55a5a64d096bd61543469594b3,complete_generated_structural_review,frontend_audit,Frontend project typecheck/lint/build passed; no per-line runtime coverage claim; Generated client AST/model structural parity and endpoint-pattern review; 231 interfaces checked,Generated model/endpoint AST and contract parity; not a complete human semantic read | full-AST-generated-model-structural-parity-or-endpoint-pattern
frontend/src/api/generated/models/feedingRecordOutBucket.ts,generated_api_client,567,22,c4bb59e92083c2426d1c35f732a10037fe045ddbd1042a1bde9eae62820245a7,complete_generated_structural_review,frontend_audit,Frontend project typecheck/lint/build passed; no per-line runtime coverage claim; Generated client AST/model structural parity and endpoint-pattern review; 231 interfaces checked,Generated model/endpoint AST and contract parity; not a complete human semantic read | full-AST-generated-model-structural-parity-or-endpoint-pattern
frontend/src/api/generated/models/feedingRecordOutShift.ts,generated_api_client,349,15,93c76a7fb1ae9d9625fd5bacacd18a9def7d8a1583b0ccdf7ac6b02ca282720c,complete_generated_structural_review,frontend_audit,Frontend project typecheck/lint/build passed; no per-line runtime coverage claim; Generated client AST/model structural parity and endpoint-pattern review; 231 interfaces checked,Generated model/endpoint AST and contract parity; not a complete human semantic read | full-AST-generated-model-structural-parity-or-endpoint-pattern
frontend/src/api/generated/models/financeAssumptions.ts,generated_api_client,1478,80,6907863f7c8d5089c37005d8fbb7a3380f5eed244f703517fd8833de26aea28a,complete_generated_structural_review,frontend_audit,Frontend project typecheck/lint/build passed; no per-line runtime coverage claim; Generated client AST/model structural parity and endpoint-pattern review; 231 interfaces checked,Generated model/endpoint AST and contract parity; not a complete human semantic read | full-AST-generated-model-structural-parity-or-endpoint-pattern
frontend/src/api/generated/models/financeOut.ts,generated_api_client,561,21,3615725952af238bfa0cb1f505aa80d36e860a6846ae0125f0caf31ce2571cf9,complete_generated_structural_review,frontend_audit,Frontend project typecheck/lint/build passed; no per-line runtime coverage claim; Generated client AST/model structural parity and endpoint-pattern review; 231 interfaces checked,Generated model/endpoint AST and contract parity; not a complete human semantic read | full-AST-generated-model-structural-parity-or-endpoint-pattern
frontend/src/api/generated/models/finishedFeedStockOut.ts,generated_api_client,239,12,b87ce9fdf9a591d9e7245f7b824d61f189cad2bfc79bfb90f31686c35fb23669,complete_generated_structural_review,frontend_audit,Frontend project typecheck/lint/build passed; no per-line runtime coverage claim; Generated client AST/model structural parity and endpoint-pattern review; 231 interfaces checked,Generated model/endpoint AST and contract parity; not a complete human semantic read | full-AST-generated-model-structural-parity-or-endpoint-pattern
frontend/src/api/generated/models/growthAssumptions.ts,generated_api_client,1945,65,787253fc8afbaf23bc80a748672e0dfcb4608b3f227ed5da0d774622a6430e67,complete_generated_structural_review,frontend_audit,Frontend project typecheck/lint/build passed; no per-line runtime coverage claim; Generated client AST/model structural parity and endpoint-pattern review; 231 interfaces checked,Generated model/endpoint AST and contract parity; not a complete human semantic read | full-AST-generated-model-structural-parity-or-endpoint-pattern
frontend/src/api/generated/models/growthAssumptionsGrowthRegime.ts,generated_api_client,377,14,a11a90bfc6c3c5430140b374ef61e7957d6a88d259ba76035756a308d5bd3dd4,complete_generated_structural_review,frontend_audit,Frontend project typecheck/lint/build passed; no per-line runtime coverage claim; Generated client AST/model structural parity and endpoint-pattern review; 231 interfaces checked,Generated model/endpoint AST and contract parity; not a complete human semantic read | full-AST-generated-model-structural-parity-or-endpoint-pattern
frontend/src/api/generated/models/healthAnimalOptionListOut.ts,generated_api_client,333,14,5fba21c75994731303ad6d25c49e764f7e6e82e223e4f4c0a3656571b9c23af2,complete_generated_structural_review,frontend_audit,Frontend project typecheck/lint/build passed; no per-line runtime coverage claim; Generated client AST/model structural parity and endpoint-pattern review; 231 interfaces checked,Generated model/endpoint AST and contract parity; not a complete human semantic read | full-AST-generated-model-structural-parity-or-endpoint-pattern
frontend/src/api/generated/models/healthAnimalOptionOut.ts,generated_api_client,519,19,5d11c20409d796db9e6ed810892565f45cf3c0bdde4b4c4c39dd4e9ec1ac7301,complete_generated_structural_review,frontend_audit,Frontend project typecheck/lint/build passed; no per-line runtime coverage claim; Generated client AST/model structural parity and endpoint-pattern review; 231 interfaces checked,Generated model/endpoint AST and contract parity; not a complete human semantic read | full-AST-generated-model-structural-parity-or-endpoint-pattern
frontend/src/api/generated/models/healthAnimalOptionOutCurrentBucket.ts,generated_api_client,615,22,c981c9106ef9e14f7cf37bac8ce28a81ef82affacf219885981333041b89c08a,complete_generated_structural_review,frontend_audit,Frontend project typecheck/lint/build passed; no per-line runtime coverage claim; Generated client AST/model structural parity and endpoint-pattern review; 231 interfaces checked,Generated model/endpoint AST and contract parity; not a complete human semantic read | full-AST-generated-model-structural-parity-or-endpoint-pattern
frontend/src/api/generated/models/healthAnimalOptionsApiHealthAnimalsGetParams.ts,generated_api_client,322,20,d309590380c75fc2242ef46d1be6ff862a7688ee283bce700d04c32298f2d873,complete_generated_structural_review,frontend_audit,Frontend project typecheck/lint/build passed; no per-line runtime coverage claim; Generated client AST/model structural parity and endpoint-pattern review; 231 interfaces checked,Generated model/endpoint AST and contract parity; not a complete human semantic read | full-AST-generated-model-structural-parity-or-endpoint-pattern
frontend/src/api/generated/models/healthBulkTargetIn.ts,generated_api_client,533,18,3ff7e7e4e1e347516cf36c3c63b279f4fa956d00fead01d17391073f0ddaef9c,complete_generated_structural_review,frontend_audit,Frontend project typecheck/lint/build passed; no per-line runtime coverage claim; Generated client AST/model structural parity and endpoint-pattern review; 231 interfaces checked,Generated model/endpoint AST and contract parity; not a complete human semantic read | full-AST-generated-model-structural-parity-or-endpoint-pattern
frontend/src/api/generated/models/healthBulkTargetInBucket.ts,generated_api_client,582,22,13c9a38a3ea3a7c73defd7e6e64f19c3e827abe487ee7a34b4eee41b5a41b880,complete_generated_structural_review,frontend_audit,Frontend project typecheck/lint/build passed; no per-line runtime coverage claim; Generated client AST/model structural parity and endpoint-pattern review; 231 interfaces checked,Generated model/endpoint AST and contract parity; not a complete human semantic read | full-AST-generated-model-structural-parity-or-endpoint-pattern
frontend/src/api/generated/models/healthBulkTargetInScope.ts,generated_api_client,329,14,422aec826a49af56a176be3402bacb581585869c8c0919185f29ff5dfdf7529d,complete_generated_structural_review,frontend_audit,Frontend project typecheck/lint/build passed; no per-line runtime coverage claim; Generated client AST/model structural parity and endpoint-pattern review; 231 interfaces checked,Generated model/endpoint AST and contract parity; not a complete human semantic read | full-AST-generated-model-structural-parity-or-endpoint-pattern
frontend/src/api/generated/models/healthBulkTargetPreviewOut.ts,generated_api_client,735,21,b7d83dbfda031055bd0e9d79d796b6f22f68989e8c99348b4a38d73736b3e405,complete_generated_structural_review,frontend_audit,Frontend project typecheck/lint/build passed; no per-line runtime coverage claim; Generated client AST/model structural parity and endpoint-pattern review; 231 interfaces checked,Generated model/endpoint AST and contract parity; not a complete human semantic read | full-AST-generated-model-structural-parity-or-endpoint-pattern
frontend/src/api/generated/models/healthBulkTargetPreviewOutBucket.ts,generated_api_client,614,22,91d56888ce68a678790042ec4ff17eeecca38905cbeaa1ff3db66826e3e51e69,complete_generated_structural_review,frontend_audit,Frontend project typecheck/lint/build passed; no per-line runtime coverage claim; Generated client AST/model structural parity and endpoint-pattern review; 231 interfaces checked,Generated model/endpoint AST and contract parity; not a complete human semantic read | full-AST-generated-model-structural-parity-or-endpoint-pattern
frontend/src/api/generated/models/healthBulkTargetPreviewOutScope.ts,generated_api_client,361,14,e4126bc3b73bd65b041976e3dd3a94c17e0e4d2919d2d3ac28e9ccef3f70c005,complete_generated_structural_review,frontend_audit,Frontend project typecheck/lint/build passed; no per-line runtime coverage claim; Generated client AST/model structural parity and endpoint-pattern review; 231 interfaces checked,Generated model/endpoint AST and contract parity; not a complete human semantic read | full-AST-generated-model-structural-parity-or-endpoint-pattern
frontend/src/api/generated/models/healthEventIn.ts,generated_api_client,1397,42,bcc9a4fb3594ee82596e3496a9531cdb94afb66d69b36e7f9dacb17c02c52be2,complete_generated_structural_review,frontend_audit,Frontend project typecheck/lint/build passed; no per-line runtime coverage claim; Generated client AST/model structural parity and endpoint-pattern review; 231 interfaces checked,Generated model/endpoint AST and contract parity; not a complete human semantic read | full-AST-generated-model-structural-parity-or-endpoint-pattern
frontend/src/api/generated/models/healthEventInBucket.ts,generated_api_client,562,22,b088f234769ed560b86805b18af2cc18dabb0c9af3c1677207b0d0d4d3cb0cf5,complete_generated_structural_review,frontend_audit,Frontend project typecheck/lint/build passed; no per-line runtime coverage claim; Generated client AST/model structural parity and endpoint-pattern review; 231 interfaces checked,Generated model/endpoint AST and contract parity; not a complete human semantic read | full-AST-generated-model-structural-parity-or-endpoint-pattern
frontend/src/api/generated/models/healthEventInRoute.ts,generated_api_client,380,18,103e5a7d909914bb02d678a5d9b4941ac32db68808e75e4be1fe1b15aa503a55,complete_generated_structural_review,frontend_audit,Frontend project typecheck/lint/build passed; no per-line runtime coverage claim; Generated client AST/model structural parity and endpoint-pattern review; 231 interfaces checked,Generated model/endpoint AST and contract parity; not a complete human semantic read | full-AST-generated-model-structural-parity-or-endpoint-pattern
frontend/src/api/generated/models/healthEventInScope.ts,generated_api_client,329,15,d53f920ab0958b9736f639d46f2b88ac7acc4c51fd5a072d20c7b14e085b5278,complete_generated_structural_review,frontend_audit,Frontend project typecheck/lint/build passed; no per-line runtime coverage claim; Generated client AST/model structural parity and endpoint-pattern review; 231 interfaces checked,Generated model/endpoint AST and contract parity; not a complete human semantic read | full-AST-generated-model-structural-parity-or-endpoint-pattern
frontend/src/api/generated/models/healthEventInType.ts,generated_api_client,431,19,cd53498d6b04f3306e555a403ad37c16ac512fe7773776ad72af4bbdb8e7a065,complete_generated_structural_review,frontend_audit,Frontend project typecheck/lint/build passed; no per-line runtime coverage claim; Generated client AST/model structural parity and endpoint-pattern review; 231 interfaces checked,Generated model/endpoint AST and contract parity; not a complete human semantic read | full-AST-generated-model-structural-parity-or-endpoint-pattern
frontend/src/api/generated/models/healthEventListOut.ts,generated_api_client,505,20,a5d304958c00aec2fded3008f712163904a9110e72ffebe8309827fe2168b3fa,complete_generated_structural_review,frontend_audit,Frontend project typecheck/lint/build passed; no per-line runtime coverage claim; Generated client AST/model structural parity and endpoint-pattern review; 231 interfaces checked,Generated model/endpoint AST and contract parity; not a complete human semantic read | full-AST-generated-model-structural-parity-or-endpoint-pattern
frontend/src/api/generated/models/healthEventMutationOut.ts,generated_api_client,317,12,8f9a67537bae55fe269c48adc7412fdc6e10af79e502048439207eaba919203f,complete_generated_structural_review,frontend_audit,Frontend project typecheck/lint/build passed; no per-line runtime coverage claim; Generated client AST/model structural parity and endpoint-pattern review; 231 interfaces checked,Generated model/endpoint AST and contract parity; not a complete human semantic read | full-AST-generated-model-structural-parity-or-endpoint-pattern
frontend/src/api/generated/models/healthEventOut.ts,generated_api_client,1179,39,0a727547cd69712186dfe422e29a451cbf641c886bc840d8968446111cd3cffe,complete_generated_structural_review,frontend_audit,Frontend project typecheck/lint/build passed; no per-line runtime coverage claim; Generated client AST/model structural parity and endpoint-pattern review; 231 interfaces checked,Generated model/endpoint AST and contract parity; not a complete human semantic read | full-AST-generated-model-structural-parity-or-endpoint-pattern
frontend/src/api/generated/models/healthEventOutRoute.ts,generated_api_client,384,18,33117973228fbd875be4850ac063746986f9d4d504c8bed52845ca40f32353e8,complete_generated_structural_review,frontend_audit,Frontend project typecheck/lint/build passed; no per-line runtime coverage claim; Generated client AST/model structural parity and endpoint-pattern review; 231 interfaces checked,Generated model/endpoint AST and contract parity; not a complete human semantic read | full-AST-generated-model-structural-parity-or-endpoint-pattern
frontend/src/api/generated/models/healthEventOutType.ts,generated_api_client,435,19,d4f43fa82abf0a9e43dcedc3af79f54d280a89482a0a8fbda2707ea3d93f8772,complete_generated_structural_review,frontend_audit,Frontend project typecheck/lint/build passed; no per-line runtime coverage claim; Generated client AST/model structural parity and endpoint-pattern review; 231 interfaces checked,Generated model/endpoint AST and contract parity; not a complete human semantic read | full-AST-generated-model-structural-parity-or-endpoint-pattern
frontend/src/api/generated/models/healthPurchaseBatchOptionListOut.ts,generated_api_client,361,14,66d6444fef80dc838bedac5da81438b682392a2898465b0c8bda6be666b8908f,complete_generated_structural_review,frontend_audit,Frontend project typecheck/lint/build passed; no per-line runtime coverage claim; Generated client AST/model structural parity and endpoint-pattern review; 231 interfaces checked,Generated model/endpoint AST and contract parity; not a complete human semantic read | full-AST-generated-model-structural-parity-or-endpoint-pattern
frontend/src/api/generated/models/healthPurchaseBatchOptionOut.ts,generated_api_client,314,14,aacb03d15d5a29f32b8aa2102707a1edf645b71e702184b46cb655ddc2bfcbd4,complete_generated_structural_review,frontend_audit,Frontend project typecheck/lint/build passed; no per-line runtime coverage claim; Generated client AST/model structural parity and endpoint-pattern review; 231 interfaces checked,Generated model/endpoint AST and contract parity; not a complete human semantic read | full-AST-generated-model-structural-parity-or-endpoint-pattern
frontend/src/api/generated/models/healthPurchaseBatchOptionsApiHealthPurchaseBatchesGetParams.ts,generated_api_client,337,20,dc062a1b6fc2913de8b5309f90d4dc683f2ca3a41ddc95930c9738ee12d0231d,complete_generated_structural_review,frontend_audit,Frontend project typecheck/lint/build passed; no per-line runtime coverage claim; Generated client AST/model structural parity and endpoint-pattern review; 231 interfaces checked,Generated model/endpoint AST and contract parity; not a complete human semantic read | full-AST-generated-model-structural-parity-or-endpoint-pattern
frontend/src/api/generated/models/healthStatusOut.ts,generated_api_client,253,11,3575080a720856d99192c8558083e90254d0462c1ed91d2d18ee7a7ebd705024,complete_generated_structural_review,frontend_audit,Frontend project typecheck/lint/build passed; no per-line runtime coverage claim; Generated client AST/model structural parity and endpoint-pattern review; 231 interfaces checked,Generated model/endpoint AST and contract parity; not a complete human semantic read | full-AST-generated-model-structural-parity-or-endpoint-pattern
frontend/src/api/generated/models/herdAssumptions.ts,generated_api_client,1678,90,2921f041509d54b9d9e177f87e462a0ef5e73c04468b06d63121931b72222772,complete_generated_structural_review,frontend_audit,Frontend project typecheck/lint/build passed; no per-line runtime coverage claim; Generated client AST/model structural parity and endpoint-pattern review; 231 interfaces checked,Generated model/endpoint AST and contract parity; not a complete human semantic read | full-AST-generated-model-structural-parity-or-endpoint-pattern
frontend/src/api/generated/models/herdAssumptionsFoundationFlockState.ts,generated_api_client,373,14,3e0a7703711b1f0d6e6406ab0ac52ce1bc0216403cf53630753750b226d4f2f9,complete_generated_structural_review,frontend_audit,Frontend project typecheck/lint/build passed; no per-line runtime coverage claim; Generated client AST/model structural parity and endpoint-pattern review; 231 interfaces checked,Generated model/endpoint AST and contract parity; not a complete human semantic read | full-AST-generated-model-structural-parity-or-endpoint-pattern
frontend/src/api/generated/models/herdEventAssumptions.ts,generated_api_client,1732,41,f50387bc1b389d8db5c258e87910a2befe086f15498581c8cb7f16ae6a1e5d6a,complete_generated_structural_review,frontend_audit,Frontend project typecheck/lint/build passed; no per-line runtime coverage claim; Generated client AST/model structural parity and endpoint-pattern review; 231 interfaces checked,Generated model/endpoint AST and contract parity; not a complete human semantic read | full-AST-generated-model-structural-parity-or-endpoint-pattern
frontend/src/api/generated/models/herdEventAssumptionsAnimalClass.ts,generated_api_client,533,20,37028a94bd79d419b8accd8bc96e73e89c1aaafd1333d524bcc99c9edbf99736,complete_generated_structural_review,frontend_audit,Frontend project typecheck/lint/build passed; no per-line runtime coverage claim; Generated client AST/model structural parity and endpoint-pattern review; 231 interfaces checked,Generated model/endpoint AST and contract parity; not a complete human semantic read | full-AST-generated-model-structural-parity-or-endpoint-pattern
frontend/src/api/generated/models/herdEventAssumptionsKind.ts,generated_api_client,335,14,7979b7852942d6a9d7b447d5deda55e6de01a024dec560a6bed161e9068cee53,complete_generated_structural_review,frontend_audit,Frontend project typecheck/lint/build passed; no per-line runtime coverage claim; Generated client AST/model structural parity and endpoint-pattern review; 231 interfaces checked,Generated model/endpoint AST and contract parity; not a complete human semantic read | full-AST-generated-model-structural-parity-or-endpoint-pattern
frontend/src/api/generated/models/herdSnapshotApiSimulationHerdSnapshotGetParams.ts,generated_api_client,210,10,ed48fa9deba2ee3ac489f1cc4c8b46fc63186681b96d502417c49efcc1bf16e8,complete_generated_structural_review,frontend_audit,Frontend project typecheck/lint/build passed; no per-line runtime coverage claim; Generated client AST/model structural parity and endpoint-pattern review; 231 interfaces checked,Generated model/endpoint AST and contract parity; not a complete human semantic read | full-AST-generated-model-structural-parity-or-endpoint-pattern
frontend/src/api/generated/models/herdSnapshotOut.ts,generated_api_client,419,21,b91a2c4aff07c7bc08fb09b463b80dc51fda42f5790b7c7613905e587b851036,complete_generated_structural_review,frontend_audit,Frontend project typecheck/lint/build passed; no per-line runtime coverage claim; Generated client AST/model structural parity and endpoint-pattern review; 231 interfaces checked,Generated model/endpoint AST and contract parity; not a complete human semantic read | full-AST-generated-model-structural-parity-or-endpoint-pattern
frontend/src/api/generated/models/index.ts,generated_api_client,16604,409,b167aa7f6e3bc3f37ba41a6ae110303b8f5793cd282c369765fc45e6521fd2c3,complete_generated_structural_review,frontend_audit,Frontend project typecheck/lint/build passed; no per-line runtime coverage claim; Generated client AST/model structural parity and endpoint-pattern review; 231 interfaces checked,Generated model/endpoint AST and contract parity; not a complete human semantic read | full-AST-generated-model-structural-parity-or-endpoint-pattern
frontend/src/api/generated/models/insuranceClaimIn.ts,generated_api_client,414,16,ff488d7e4c758c5abd95ff45a5c52db21bba00d837468291f827b8f327b2e0cc,complete_generated_structural_review,frontend_audit,Frontend project typecheck/lint/build passed; no per-line runtime coverage claim; Generated client AST/model structural parity and endpoint-pattern review; 231 interfaces checked,Generated model/endpoint AST and contract parity; not a complete human semantic read | full-AST-generated-model-structural-parity-or-endpoint-pattern
frontend/src/api/generated/models/insuranceExpiringOut.ts,generated_api_client,595,22,f9f853cee73d2012fe30941f51068c7f43d7cabc78771a5378bfb868bc34b681,complete_generated_structural_review,frontend_audit,Frontend project typecheck/lint/build passed; no per-line runtime coverage claim; Generated client AST/model structural parity and endpoint-pattern review; 231 interfaces checked,Generated model/endpoint AST and contract parity; not a complete human semantic read | full-AST-generated-model-structural-parity-or-endpoint-pattern
frontend/src/api/generated/models/insuranceListOut.ts,generated_api_client,316,14,22e2dca87a05d9e20ca44584a20bf5b2d92de9cb7c5996c8b8dc6d618716f327,complete_generated_structural_review,frontend_audit,Frontend project typecheck/lint/build passed; no per-line runtime coverage claim; Generated client AST/model structural parity and endpoint-pattern review; 231 interfaces checked,Generated model/endpoint AST and contract parity; not a complete human semantic read | full-AST-generated-model-structural-parity-or-endpoint-pattern
frontend/src/api/generated/models/insurancePolicyHistoryApiFinanceInsurancePolicyIdHistoryGetParams.ts,generated_api_client,324,19,5143a2e5196f653a704444eb44d0286774346cd3d45c66d8c4b161af28f5899d,complete_generated_structural_review,frontend_audit,Frontend project typecheck/lint/build passed; no per-line runtime coverage claim; Generated client AST/model structural parity and endpoint-pattern review; 231 interfaces checked,Generated model/endpoint AST and contract parity; not a complete human semantic read | full-AST-generated-model-structural-parity-or-endpoint-pattern
frontend/src/api/generated/models/insurancePolicyHistoryOut.ts,generated_api_client,639,22,2faabbbe3e9c39dfbc3ffeda2aa1a54f72b3fd5efe7c4782180981649c8fd5d5,complete_generated_structural_review,frontend_audit,Frontend project typecheck/lint/build passed; no per-line runtime coverage claim; Generated client AST/model structural parity and endpoint-pattern review; 231 interfaces checked,Generated model/endpoint AST and contract parity; not a complete human semantic read | full-AST-generated-model-structural-parity-or-endpoint-pattern
frontend/src/api/generated/models/insurancePolicyIn.ts,generated_api_client,464,25,bcf0f41cc782d836c6f980f983eba0c57447319534d5a6ab2e0b7a862142af96,complete_generated_structural_review,frontend_audit,Frontend project typecheck/lint/build passed; no per-line runtime coverage claim; Generated client AST/model structural parity and endpoint-pattern review; 231 interfaces checked,Generated model/endpoint AST and contract parity; not a complete human semantic read | full-AST-generated-model-structural-parity-or-endpoint-pattern
frontend/src/api/generated/models/insurancePolicyOut.ts,generated_api_client,620,25,d2ab4b121b96e14b0f3fe631e13183a747d65462b951c54755501d857d930111,complete_generated_structural_review,frontend_audit,Frontend project typecheck/lint/build passed; no per-line runtime coverage claim; Generated client AST/model structural parity and endpoint-pattern review; 231 interfaces checked,Generated model/endpoint AST and contract parity; not a complete human semantic read | full-AST-generated-model-structural-parity-or-endpoint-pattern
frontend/src/api/generated/models/insurancePolicyOutStatus.ts,generated_api_client,357,15,463a7c9457b4aa11e1a3854df82226a0a11514f98981451c38123ed5349b716a,complete_generated_structural_review,frontend_audit,Frontend project typecheck/lint/build passed; no per-line runtime coverage claim; Generated client AST/model structural parity and endpoint-pattern review; 231 interfaces checked,Generated model/endpoint AST and contract parity; not a complete human semantic read | full-AST-generated-model-structural-parity-or-endpoint-pattern
frontend/src/api/generated/models/insurancePremiumOut.ts,generated_api_client,421,20,c0e8f9e658cf4b7aba4cf6aded4a9f038a7ec156cdec202569bc2d46b2666339,complete_generated_structural_review,frontend_audit,Frontend project typecheck/lint/build passed; no per-line runtime coverage claim; Generated client AST/model structural parity and endpoint-pattern review; 231 interfaces checked,Generated model/endpoint AST and contract parity; not a complete human semantic read | full-AST-generated-model-structural-parity-or-endpoint-pattern
frontend/src/api/generated/models/insuranceRenewalIn.ts,generated_api_client,488,17,b22424f336fa738cc8988256c3cfc083880a4f54244ad74a7559cbeec18612b7,complete_generated_structural_review,frontend_audit,Frontend project typecheck/lint/build passed; no per-line runtime coverage claim; Generated client AST/model structural parity and endpoint-pattern review; 231 interfaces checked,Generated model/endpoint AST and contract parity; not a complete human semantic read | full-AST-generated-model-structural-parity-or-endpoint-pattern
frontend/src/api/generated/models/journeyHop.ts,generated_api_client,245,13,857327f458a6efc050efcff91a4dc9435e960462a905336c69fa8a57ae1ff900,complete_generated_structural_review,frontend_audit,Frontend project typecheck/lint/build passed; no per-line runtime coverage claim; Generated client AST/model structural parity and endpoint-pattern review; 231 interfaces checked,Generated model/endpoint AST and contract parity; not a complete human semantic read | full-AST-generated-model-structural-parity-or-endpoint-pattern
frontend/src/api/generated/models/kidEntryOut.ts,generated_api_client,584,22,63be4c0e8e2e725ab2f4a709ecbee14c0227193627c12e284c7a60767936e27d,complete_generated_structural_review,frontend_audit,Frontend project typecheck/lint/build passed; no per-line runtime coverage claim; Generated client AST/model structural parity and endpoint-pattern review; 231 interfaces checked,Generated model/endpoint AST and contract parity; not a complete human semantic read | full-AST-generated-model-structural-parity-or-endpoint-pattern
frontend/src/api/generated/models/kidEntryOutSex.ts,generated_api_client,275,14,006046b00ffe59c14ee52c1c18dbe7a81fc274aaffcbb0e258ee2087458a1a55,complete_generated_structural_review,frontend_audit,Frontend project typecheck/lint/build passed; no per-line runtime coverage claim; Generated client AST/model structural parity and endpoint-pattern review; 231 interfaces checked,Generated model/endpoint AST and contract parity; not a complete human semantic read | full-AST-generated-model-structural-parity-or-endpoint-pattern
frontend/src/api/generated/models/kidEntryOutStatus.ts,generated_api_client,327,15,6932d0a7f977082bed74738bf6329efd3949b062d8425cc62b322681581d668c,complete_generated_structural_review,frontend_audit,Frontend project typecheck/lint/build passed; no per-line runtime coverage claim; Generated client AST/model structural parity and endpoint-pattern review; 231 interfaces checked,Generated model/endpoint AST and contract parity; not a complete human semantic read | full-AST-generated-model-structural-parity-or-endpoint-pattern
frontend/src/api/generated/models/kidIn.ts,generated_api_client,485,19,031e8180862524575d24ce17bd461abcdb6d810869ad2195d6bd0284dbdc28b0,complete_generated_structural_review,frontend_audit,Frontend project typecheck/lint/build passed; no per-line runtime coverage claim; Generated client AST/model structural parity and endpoint-pattern review; 231 interfaces checked,Generated model/endpoint AST and contract parity; not a complete human semantic read | full-AST-generated-model-structural-parity-or-endpoint-pattern
frontend/src/api/generated/models/kidInSex.ts,generated_api_client,251,14,3b260033f590ca035423490a916e60a153923f6102a2b9e8d1d3e2d644ed94e7,complete_generated_structural_review,frontend_audit,Frontend project typecheck/lint/build passed; no per-line runtime coverage claim; Generated client AST/model structural parity and endpoint-pattern review; 231 interfaces checked,Generated model/endpoint AST and contract parity; not a complete human semantic read | full-AST-generated-model-structural-parity-or-endpoint-pattern
frontend/src/api/generated/models/kidInStatus.ts,generated_api_client,303,15,c22196b421eadcbbc13df4d23f5089b9a371b794ded1b3963ab25681005cc0f4,complete_generated_structural_review,frontend_audit,Frontend project typecheck/lint/build passed; no per-line runtime coverage claim; Generated client AST/model structural parity and endpoint-pattern review; 231 interfaces checked,Generated model/endpoint AST and contract parity; not a complete human semantic read | full-AST-generated-model-structural-parity-or-endpoint-pattern
frontend/src/api/generated/models/kiddingCreateIn.ts,generated_api_client,575,26,62747e009ce68bf50be8968fa7ade8c6a008b2643c697787b9065b89d53c9e57,complete_generated_structural_review,frontend_audit,Frontend project typecheck/lint/build passed; no per-line runtime coverage claim; Generated client AST/model structural parity and endpoint-pattern review; 231 interfaces checked,Generated model/endpoint AST and contract parity; not a complete human semantic read | full-AST-generated-model-structural-parity-or-endpoint-pattern
frontend/src/api/generated/models/kiddingCreateInEase.ts,generated_api_client,371,16,3398c79272a1f9796f6cb17111252063c6829fae1d7ed9c4f6abff7abe6187e0,complete_generated_structural_review,frontend_audit,Frontend project typecheck/lint/build passed; no per-line runtime coverage claim; Generated client AST/model structural parity and endpoint-pattern review; 231 interfaces checked,Generated model/endpoint AST and contract parity; not a complete human semantic read | full-AST-generated-model-structural-parity-or-endpoint-pattern
frontend/src/api/generated/models/kiddingListApiKiddingGetParams.ts,generated_api_client,545,39,2baf7a09d013e3ac0e3da4ceb72b7e40848e7c80ca0bce27020251d1f8a2be04,complete_generated_structural_review,frontend_audit,Frontend project typecheck/lint/build passed; no per-line runtime coverage claim; Generated client AST/model structural parity and endpoint-pattern review; 231 interfaces checked,Generated model/endpoint AST and contract parity; not a complete human semantic read | full-AST-generated-model-structural-parity-or-endpoint-pattern
frontend/src/api/generated/models/kiddingListOut.ts,generated_api_client,589,23,e2ea43a74b7fe18aef202fa33b35a12532378dd370560c5cabe5fc1d6d3c0b88,complete_generated_structural_review,frontend_audit,Frontend project typecheck/lint/build passed; no per-line runtime coverage claim; Generated client AST/model structural parity and endpoint-pattern review; 231 interfaces checked,Generated model/endpoint AST and contract parity; not a complete human semantic read | full-AST-generated-model-structural-parity-or-endpoint-pattern
frontend/src/api/generated/models/kiddingRecordOut.ts,generated_api_client,587,23,cedfbeb92fa0fffd89758f30ac5ff858dc521cc6e98fc8c7bc5c46d7828c1d11,complete_generated_structural_review,frontend_audit,Frontend project typecheck/lint/build passed; no per-line runtime coverage claim; Generated client AST/model structural parity and endpoint-pattern review; 231 interfaces checked,Generated model/endpoint AST and contract parity; not a complete human semantic read | full-AST-generated-model-structural-parity-or-endpoint-pattern
frontend/src/api/generated/models/kiddingRecordOutEase.ts,generated_api_client,375,16,7bb67d131d19d6fa8f3dad988c2e279739f27bb4d03ebcfb4c47073916a78d48,complete_generated_structural_review,frontend_audit,Frontend project typecheck/lint/build passed; no per-line runtime coverage claim; Generated client AST/model structural parity and endpoint-pattern review; 231 interfaces checked,Generated model/endpoint AST and contract parity; not a complete human semantic read | full-AST-generated-model-structural-parity-or-endpoint-pattern
frontend/src/api/generated/models/lifetimePnlOut.ts,generated_api_client,563,23,436f8f5321b325aad2227588363a0a0328a9070a9bb4f269d6659c260a34751e,complete_generated_structural_review,frontend_audit,Frontend project typecheck/lint/build passed; no per-line runtime coverage claim; Generated client AST/model structural parity and endpoint-pattern review; 231 interfaces checked,Generated model/endpoint AST and contract parity; not a complete human semantic read | full-AST-generated-model-structural-parity-or-endpoint-pattern
frontend/src/api/generated/models/listAnimalsApiAnimalsGetBucket.ts,generated_api_client,606,22,e1a2a4931bcd5fbbbecf8339d2abac892728cdb9ec0a52ef0772d72ad6d7ff1f,complete_generated_structural_review,frontend_audit,Frontend project typecheck/lint/build passed; no per-line runtime coverage claim; Generated client AST/model structural parity and endpoint-pattern review; 231 interfaces checked,Generated model/endpoint AST and contract parity; not a complete human semantic read | full-AST-generated-model-structural-parity-or-endpoint-pattern
frontend/src/api/generated/models/listAnimalsApiAnimalsGetParams.ts,generated_api_client,715,27,021847ad66009c63e8f645f7c1368f7908cb9fd446e2c14f63642508290970b6,complete_generated_structural_review,frontend_audit,Frontend project typecheck/lint/build passed; no per-line runtime coverage claim; Generated client AST/model structural parity and endpoint-pattern review; 231 interfaces checked,Generated model/endpoint AST and contract parity; not a complete human semantic read | full-AST-generated-model-structural-parity-or-endpoint-pattern
frontend/src/api/generated/models/listAnimalsApiAnimalsGetSex.ts,generated_api_client,334,14,625cfb6c9c5f513f5c169b97349fe91bd81791c16965bcafd00cdb375d918e3e,complete_generated_structural_review,frontend_audit,Frontend project typecheck/lint/build passed; no per-line runtime coverage claim; Generated client AST/model structural parity and endpoint-pattern review; 231 interfaces checked,Generated model/endpoint AST and contract parity; not a complete human semantic read | full-AST-generated-model-structural-parity-or-endpoint-pattern
frontend/src/api/generated/models/listAnimalsApiAnimalsGetStatus.ts,generated_api_client,398,16,d446b4fe1d96a79982bc58500592aaf2c57fca7ab84fcd0ffae32d198d597f15,complete_generated_structural_review,frontend_audit,Frontend project typecheck/lint/build passed; no per-line runtime coverage claim; Generated client AST/model structural parity and endpoint-pattern review; 231 interfaces checked,Generated model/endpoint AST and contract parity; not a complete human semantic read | full-AST-generated-model-structural-parity-or-endpoint-pattern
frontend/src/api/generated/models/listBatchesApiPurchasesGetParams.ts,generated_api_client,310,20,275059e8e8bcf51d1c1f1e8fc13236161a463894d098795e6f3c0d8c3b007850,complete_generated_structural_review,frontend_audit,Frontend project typecheck/lint/build passed; no per-line runtime coverage claim; Generated client AST/model structural parity and endpoint-pattern review; 231 interfaces checked,Generated model/endpoint AST and contract parity; not a complete human semantic read | full-AST-generated-model-structural-parity-or-endpoint-pattern
frontend/src/api/generated/models/listBatchesApiScreeningBatchesGetParams.ts,generated_api_client,297,19,02372d51c1fba6f22e79627cc8b126d8393755b6fb3afaee4b93593134ba0aeb,complete_generated_structural_review,frontend_audit,Frontend project typecheck/lint/build passed; no per-line runtime coverage claim; Generated client AST/model structural parity and endpoint-pattern review; 231 interfaces checked,Generated model/endpoint AST and contract parity; not a complete human semantic read | full-AST-generated-model-structural-parity-or-endpoint-pattern
frontend/src/api/generated/models/listEventsApiHealthEventsGetParams.ts,generated_api_client,293,19,6ae95f2fa796f3dc722df49763c7b1e3d3f2349ee45e25fdf147df9cbc4d0b1d,complete_generated_structural_review,frontend_audit,Frontend project typecheck/lint/build passed; no per-line runtime coverage claim; Generated client AST/model structural parity and endpoint-pattern review; 231 interfaces checked,Generated model/endpoint AST and contract parity; not a complete human semantic read | full-AST-generated-model-structural-parity-or-endpoint-pattern
frontend/src/api/generated/models/listImagesApiScreeningImagesGetBucket.ts,generated_api_client,634,22,1bfde6aae09c921b1c125a56a75698e14b6ec6b4df6f2626f6d2dadbf5563210,complete_generated_structural_review,frontend_audit,Frontend project typecheck/lint/build passed; no per-line runtime coverage claim; Generated client AST/model structural parity and endpoint-pattern review; 231 interfaces checked,Generated model/endpoint AST and contract parity; not a complete human semantic read | full-AST-generated-model-structural-parity-or-endpoint-pattern
frontend/src/api/generated/models/listImagesApiScreeningImagesGetParams.ts,generated_api_client,596,23,8aeaf1880060c78f9b4332c196e5de37a39182df144b28b9baf987710f5dde4c,complete_generated_structural_review,frontend_audit,Frontend project typecheck/lint/build passed; no per-line runtime coverage claim; Generated client AST/model structural parity and endpoint-pattern review; 231 interfaces checked,Generated model/endpoint AST and contract parity; not a complete human semantic read | full-AST-generated-model-structural-parity-or-endpoint-pattern
frontend/src/api/generated/models/listImagesApiScreeningImagesGetStatus.ts,generated_api_client,488,18,7fe07a376ba425e578a67c75b043d1edf51d5a176b57dcfcd233a5c4906abf68,complete_generated_structural_review,frontend_audit,Frontend project typecheck/lint/build passed; no per-line runtime coverage claim; Generated client AST/model structural parity and endpoint-pattern review; 231 interfaces checked,Generated model/endpoint AST and contract parity; not a complete human semantic read | full-AST-generated-model-structural-parity-or-endpoint-pattern
frontend/src/api/generated/models/listInsurancePoliciesApiFinanceInsuranceGetParams.ts,generated_api_client,521,22,680843fac16839ed0e6c84b95f399d609eb62157b1c19a0cce5a3f4a0d602754,complete_generated_structural_review,frontend_audit,Frontend project typecheck/lint/build passed; no per-line runtime coverage claim; Generated client AST/model structural parity and endpoint-pattern review; 231 interfaces checked,Generated model/endpoint AST and contract parity; not a complete human semantic read | full-AST-generated-model-structural-parity-or-endpoint-pattern
frontend/src/api/generated/models/listInsurancePoliciesApiFinanceInsuranceGetStatus.ts,generated_api_client,464,15,9cec5e4295531454318f676b2faa446a6159b75b3063bf426dccf946c42c9c7d,complete_generated_structural_review,frontend_audit,Frontend project typecheck/lint/build passed; no per-line runtime coverage claim; Generated client AST/model structural parity and endpoint-pattern review; 231 interfaces checked,Generated model/endpoint AST and contract parity; not a complete human semantic read | full-AST-generated-model-structural-parity-or-endpoint-pattern
frontend/src/api/generated/models/listPlansApiPlannerPlansGetParams.ts,generated_api_client,291,19,b789fdde9c4e3a5f756fb1a8fd20be32ab78d050eed6bdb6df551c9e79e1b6e1,complete_generated_structural_review,frontend_audit,Frontend project typecheck/lint/build passed; no per-line runtime coverage claim; Generated client AST/model structural parity and endpoint-pattern review; 231 interfaces checked,Generated model/endpoint AST and contract parity; not a complete human semantic read | full-AST-generated-model-structural-parity-or-endpoint-pattern
frontend/src/api/generated/models/listScenariosApiSimulationScenariosGetParams.ts,generated_api_client,302,19,87fb0320d8a4b1002a445a86a1296cf4d8bbef5cafdb114600b485865c4d8f0e,complete_generated_structural_review,frontend_audit,Frontend project typecheck/lint/build passed; no per-line runtime coverage claim; Generated client AST/model structural parity and endpoint-pattern review; 231 interfaces checked,Generated model/endpoint AST and contract parity; not a complete human semantic read | full-AST-generated-model-structural-parity-or-endpoint-pattern
frontend/src/api/generated/models/listTasksApiTasksGetParams.ts,generated_api_client,626,44,159908dd4a79995cc548325716250c3041bb4f280c89f9550e1022e06da84aaf,complete_generated_structural_review,frontend_audit,Frontend project typecheck/lint/build passed; no per-line runtime coverage claim; Generated client AST/model structural parity and endpoint-pattern review; 231 interfaces checked,Generated model/endpoint AST and contract parity; not a complete human semantic read | full-AST-generated-model-structural-parity-or-endpoint-pattern
frontend/src/api/generated/models/listTransactionsApiFinanceGetCategory.ts,generated_api_client,560,21,9d910d55ba280836ec73df5c4fe3b0e3a0b19f71f64845bba5a7ae6587a3e541,complete_generated_structural_review,frontend_audit,Frontend project typecheck/lint/build passed; no per-line runtime coverage claim; Generated client AST/model structural parity and endpoint-pattern review; 231 interfaces checked,Generated model/endpoint AST and contract parity; not a complete human semantic read | full-AST-generated-model-structural-parity-or-endpoint-pattern
frontend/src/api/generated/models/listTransactionsApiFinanceGetParams.ts,generated_api_client,605,24,59645088c3a003e00669c66c1c71cea8435f5103452d2ff4f474cd10941bb936,complete_generated_structural_review,frontend_audit,Frontend project typecheck/lint/build passed; no per-line runtime coverage claim; Generated client AST/model structural parity and endpoint-pattern review; 231 interfaces checked,Generated model/endpoint AST and contract parity; not a complete human semantic read | full-AST-generated-model-structural-parity-or-endpoint-pattern
frontend/src/api/generated/models/listTransactionsApiFinanceGetType.ts,generated_api_client,380,14,c2d18cafe8b89f9f80f30f1457eab9c643dca20654a834142be7488ffa24b358,complete_generated_structural_review,frontend_audit,Frontend project typecheck/lint/build passed; no per-line runtime coverage claim; Generated client AST/model structural parity and endpoint-pattern review; 231 interfaces checked,Generated model/endpoint AST and contract parity; not a complete human semantic read | full-AST-generated-model-structural-parity-or-endpoint-pattern
frontend/src/api/generated/models/loginIn.ts,generated_api_client,242,13,67e69f21b7f4659185ea85c6fb9c730bc6c4d8652987c064bc99813e3a32684f,complete_generated_structural_review,frontend_audit,Frontend project typecheck/lint/build passed; no per-line runtime coverage claim; Generated client AST/model structural parity and endpoint-pattern review; 231 interfaces checked,Generated model/endpoint AST and contract parity; not a complete human semantic read | full-AST-generated-model-structural-parity-or-endpoint-pattern
frontend/src/api/generated/models/loginOut.ts,generated_api_client,506,19,b40516c907c3cafa31602ab4008c88b86be16579b6d3e8e43b0954e068ff2819,complete_generated_structural_review,frontend_audit,Frontend project typecheck/lint/build passed; no per-line runtime coverage claim; Generated client AST/model structural parity and endpoint-pattern review; 231 interfaces checked,Generated model/endpoint AST and contract parity; not a complete human semantic read | full-AST-generated-model-structural-parity-or-endpoint-pattern
frontend/src/api/generated/models/membershipExport.ts,generated_api_client,290,15,dda78349dba1a2d4b2bc3ef739a24073d8437cb4f623985268c4aff8f1d5c68c,complete_generated_structural_review,frontend_audit,Frontend project typecheck/lint/build passed; no per-line runtime coverage claim; Generated client AST/model structural parity and endpoint-pattern review; 231 interfaces checked,Generated model/endpoint AST and contract parity; not a complete human semantic read | full-AST-generated-model-structural-parity-or-endpoint-pattern
frontend/src/api/generated/models/membershipOut.ts,generated_api_client,410,19,0607691b79980822cd54bc089dd9d39d569c8ab90c8c07ca9d9d75cf2d55076f,complete_generated_structural_review,frontend_audit,Frontend project typecheck/lint/build passed; no per-line runtime coverage claim; Generated client AST/model structural parity and endpoint-pattern review; 231 interfaces checked,Generated model/endpoint AST and contract parity; not a complete human semantic read | full-AST-generated-model-structural-parity-or-endpoint-pattern
frontend/src/api/generated/models/metaAssumptions.ts,generated_api_client,321,18,5480fbab59db0ffc89b5dfac8abed1b0fb1554b7dd9cb9377f2725717c5e1d14,complete_generated_structural_review,frontend_audit,Frontend project typecheck/lint/build passed; no per-line runtime coverage claim; Generated client AST/model structural parity and endpoint-pattern review; 231 interfaces checked,Generated model/endpoint AST and contract parity; not a complete human semantic read | full-AST-generated-model-structural-parity-or-endpoint-pattern
frontend/src/api/generated/models/metricExplanation.ts,generated_api_client,418,17,877febf3dc655553cd03c91326e49f21992292707bf7120a9ceaec5b2b4cd0a0,complete_generated_structural_review,frontend_audit,Frontend project typecheck/lint/build passed; no per-line runtime coverage claim; Generated client AST/model structural parity and endpoint-pattern review; 231 interfaces checked,Generated model/endpoint AST and contract parity; not a complete human semantic read | full-AST-generated-model-structural-parity-or-endpoint-pattern
frontend/src/api/generated/models/metricExplanationFigures.ts,generated_api_client,208,8,2216b42c2fc7b0875a95ca0cbdd7d776d824b40813b26d63c4dee3db49832e74,complete_generated_structural_review,frontend_audit,Frontend project typecheck/lint/build passed; no per-line runtime coverage claim; Generated client AST/model structural parity and endpoint-pattern review; 231 interfaces checked,Generated model/endpoint AST and contract parity; not a complete human semantic read | full-AST-generated-model-structural-parity-or-endpoint-pattern
frontend/src/api/generated/models/mixIn.ts,generated_api_client,253,15,d7ea5072d534d8225f12a3e1fff8a71cd0c32fa2766db467e61d03f753d84f02,complete_generated_structural_review,frontend_audit,Frontend project typecheck/lint/build passed; no per-line runtime coverage claim; Generated client AST/model structural parity and endpoint-pattern review; 231 interfaces checked,Generated model/endpoint AST and contract parity; not a complete human semantic read | full-AST-generated-model-structural-parity-or-endpoint-pattern
frontend/src/api/generated/models/monteCarloResult.ts,generated_api_client,1211,48,37c4ca3e6002ef16eaa3299c0bf5236b54af2e604c7a30bd68a8ab549884f5b8,complete_generated_structural_review,frontend_audit,Frontend project typecheck/lint/build passed; no per-line runtime coverage claim; Generated client AST/model structural parity and endpoint-pattern review; 231 interfaces checked,Generated model/endpoint AST and contract parity; not a complete human semantic read | full-AST-generated-model-structural-parity-or-endpoint-pattern
frontend/src/api/generated/models/monthlyRow.ts,generated_api_client,1469,62,f96a390c7fcb047fd2838b015aa19e057456b4e27981c8bf2d35796e452cf468,complete_generated_structural_review,frontend_audit,Frontend project typecheck/lint/build passed; no per-line runtime coverage claim; Generated client AST/model structural parity and endpoint-pattern review; 231 interfaces checked,Generated model/endpoint AST and contract parity; not a complete human semantic read | full-AST-generated-model-structural-parity-or-endpoint-pattern
frontend/src/api/generated/models/mortalityAssumptions.ts,generated_api_client,1150,42,0c3f41e3fb4323fd27a886df03aea81479e6d32b58b5f77ecd89465b11ce946b,complete_generated_structural_review,frontend_audit,Frontend project typecheck/lint/build passed; no per-line runtime coverage claim; Generated client AST/model structural parity and endpoint-pattern review; 231 interfaces checked,Generated model/endpoint AST and contract parity; not a complete human semantic read | full-AST-generated-model-structural-parity-or-endpoint-pattern
frontend/src/api/generated/models/mortalityMemoOut.ts,generated_api_client,482,18,b82596c5d3d3479864dd62159f580d5100bf8e6622a73f1319cd924bbf8fa6ce,complete_generated_structural_review,frontend_audit,Frontend project typecheck/lint/build passed; no per-line runtime coverage claim; Generated client AST/model structural parity and endpoint-pattern review; 231 interfaces checked,Generated model/endpoint AST and contract parity; not a complete human semantic read | full-AST-generated-model-structural-parity-or-endpoint-pattern
frontend/src/api/generated/models/mortalityOut.ts,generated_api_client,391,18,031be413b53022cac4054c461fd54f84f970b89d5f31c3d2fca3f270d4c67c27,complete_generated_structural_review,frontend_audit,Frontend project typecheck/lint/build passed; no per-line runtime coverage claim; Generated client AST/model structural parity and endpoint-pattern review; 231 interfaces checked,Generated model/endpoint AST and contract parity; not a complete human semantic read | full-AST-generated-model-structural-parity-or-endpoint-pattern
frontend/src/api/generated/models/moveIn.ts,generated_api_client,297,13,e937babe37969665f776c84a46988c7849a34ce17a5ca8017c73f28cac53657e,complete_generated_structural_review,frontend_audit,Frontend project typecheck/lint/build passed; no per-line runtime coverage claim; Generated client AST/model structural parity and endpoint-pattern review; 231 interfaces checked,Generated model/endpoint AST and contract parity; not a complete human semantic read | full-AST-generated-model-structural-parity-or-endpoint-pattern
frontend/src/api/generated/models/moveInToBucket.ts,generated_api_client,535,22,e173bafd41c48cb00e7ca061596d55464c823bd987cad6f772e0d98fea825d39,complete_generated_structural_review,frontend_audit,Frontend project typecheck/lint/build passed; no per-line runtime coverage claim; Generated client AST/model structural parity and endpoint-pattern review; 231 interfaces checked,Generated model/endpoint AST and contract parity; not a complete human semantic read | full-AST-generated-model-structural-parity-or-endpoint-pattern
frontend/src/api/generated/models/moveSuggestionOut.ts,generated_api_client,290,13,41962f7989c1bba9f5f01d828ec06c7b46b0cf9c74f60aa801715717000c65c0,complete_generated_structural_review,frontend_audit,Frontend project typecheck/lint/build passed; no per-line runtime coverage claim; Generated client AST/model structural parity and endpoint-pattern review; 231 interfaces checked,Generated model/endpoint AST and contract parity; not a complete human semantic read | full-AST-generated-model-structural-parity-or-endpoint-pattern
frontend/src/api/generated/models/movementRestrictionActionOut.ts,generated_api_client,510,18,93cd84e7b1527963cac3556d9d1fc8974bbd397bdd16ed7625ce86b2e4d3a018,complete_generated_structural_review,frontend_audit,Frontend project typecheck/lint/build passed; no per-line runtime coverage claim; Generated client AST/model structural parity and endpoint-pattern review; 231 interfaces checked,Generated model/endpoint AST and contract parity; not a complete human semantic read | full-AST-generated-model-structural-parity-or-endpoint-pattern
frontend/src/api/generated/models/movementRestrictionActionOutAction.ts,generated_api_client,377,14,c72b878032eab695852144e0cd5d710312fd4ea60dbca738619a81c1279d773a,complete_generated_structural_review,frontend_audit,Frontend project typecheck/lint/build passed; no per-line runtime coverage claim; Generated client AST/model structural parity and endpoint-pattern review; 231 interfaces checked,Generated model/endpoint AST and contract parity; not a complete human semantic read | full-AST-generated-model-structural-parity-or-endpoint-pattern
frontend/src/api/generated/models/movementRestrictionClearIn.ts,generated_api_client,362,19,92dede676438e2cdad04d6ccfcf1a3f8070849ca86d401f7088c42f5fee72003,complete_generated_structural_review,frontend_audit,Frontend project typecheck/lint/build passed; no per-line runtime coverage claim; Generated client AST/model structural parity and endpoint-pattern review; 231 interfaces checked,Generated model/endpoint AST and contract parity; not a complete human semantic read | full-AST-generated-model-structural-parity-or-endpoint-pattern
frontend/src/api/generated/models/movementRestrictionHistoryApiHealthRestrictionsAnimalIdGetParams.ts,generated_api_client,323,19,5ad55d5d315b998be436e1d6195758cb229e6814b23ab72aa29627fddb7d0712,complete_generated_structural_review,frontend_audit,Frontend project typecheck/lint/build passed; no per-line runtime coverage claim; Generated client AST/model structural parity and endpoint-pattern review; 231 interfaces checked,Generated model/endpoint AST and contract parity; not a complete human semantic read | full-AST-generated-model-structural-parity-or-endpoint-pattern
frontend/src/api/generated/models/movementRestrictionHistoryOut.ts,generated_api_client,429,17,096922eab6921ee604a83e29de37a3f63658ce05e5424fc35f51fca53d10ac92,complete_generated_structural_review,frontend_audit,Frontend project typecheck/lint/build passed; no per-line runtime coverage claim; Generated client AST/model structural parity and endpoint-pattern review; 231 interfaces checked,Generated model/endpoint AST and contract parity; not a complete human semantic read | full-AST-generated-model-structural-parity-or-endpoint-pattern
frontend/src/api/generated/models/notificationPrefsIn.ts,generated_api_client,737,29,5ec8d059226558b964821cb5fb48591322db24ab19934ddf24e7c298ae63d76a,complete_generated_structural_review,frontend_audit,Frontend project typecheck/lint/build passed; no per-line runtime coverage claim; Generated client AST/model structural parity and endpoint-pattern review; 231 interfaces checked,Generated model/endpoint AST and contract parity; not a complete human semantic read | full-AST-generated-model-structural-parity-or-endpoint-pattern
frontend/src/api/generated/models/notificationPrefsOut.ts,generated_api_client,399,18,9276328339eabd450c87d00bfb497a595f5e75937cc039faaf4cc6389ed0213c,complete_generated_structural_review,frontend_audit,Frontend project typecheck/lint/build passed; no per-line runtime coverage claim; Generated client AST/model structural parity and endpoint-pattern review; 231 interfaces checked,Generated model/endpoint AST and contract parity; not a complete human semantic read | full-AST-generated-model-structural-parity-or-endpoint-pattern
frontend/src/api/generated/models/occupancyRow.ts,generated_api_client,199,11,cb19b64ffc86e48cac845a58138919f05a19a0c67344d8a645ed1ccdf3f59989,complete_generated_structural_review,frontend_audit,Frontend project typecheck/lint/build passed; no per-line runtime coverage claim; Generated client AST/model structural parity and endpoint-pattern review; 231 interfaces checked,Generated model/endpoint AST and contract parity; not a complete human semantic read | full-AST-generated-model-structural-parity-or-endpoint-pattern
frontend/src/api/generated/models/optimizationAssumptions.ts,generated_api_client,1295,66,d133b60f0fee964993c60e98a98ef7ae385c72de0acf15f453ff3d87c09150eb,complete_generated_structural_review,frontend_audit,Frontend project typecheck/lint/build passed; no per-line runtime coverage claim; Generated client AST/model structural parity and endpoint-pattern review; 231 interfaces checked,Generated model/endpoint AST and contract parity; not a complete human semantic read | full-AST-generated-model-structural-parity-or-endpoint-pattern
frontend/src/api/generated/models/optimizationAssumptionsObjective.ts,generated_api_client,391,15,82840ff51b14351f9c53bffec88b9ff59c54108aed1d970e31a0c2b802d99820,complete_generated_structural_review,frontend_audit,Frontend project typecheck/lint/build passed; no per-line runtime coverage claim; Generated client AST/model structural parity and endpoint-pattern review; 231 interfaces checked,Generated model/endpoint AST and contract parity; not a complete human semantic read | full-AST-generated-model-structural-parity-or-endpoint-pattern
frontend/src/api/generated/models/optimizationCandidate.ts,generated_api_client,758,31,4c81177a7f017cb1615c5f5a387560cd22b8e91cf9519be6455bd042a9ba33d5,complete_generated_structural_review,frontend_audit,Frontend project typecheck/lint/build passed; no per-line runtime coverage claim; Generated client AST/model structural parity and endpoint-pattern review; 231 interfaces checked,Generated model/endpoint AST and contract parity; not a complete human semantic read | full-AST-generated-model-structural-parity-or-endpoint-pattern
frontend/src/api/generated/models/optimizationResult.ts,generated_api_client,515,19,439ec06b1b0c5a7a0082ef9fd8900407046978f1abf362f3616cce8493ee1503,complete_generated_structural_review,frontend_audit,Frontend project typecheck/lint/build passed; no per-line runtime coverage claim; Generated client AST/model structural parity and endpoint-pattern review; 231 interfaces checked,Generated model/endpoint AST and contract parity; not a complete human semantic read | full-AST-generated-model-structural-parity-or-endpoint-pattern
frontend/src/api/generated/models/ownedFarmExport.ts,generated_api_client,264,14,fd5d6a569c3207fdd61b1096765a73422dacb410603f05a427f1e0d2537c68b4,complete_generated_structural_review,frontend_audit,Frontend project typecheck/lint/build passed; no per-line runtime coverage claim; Generated client AST/model structural parity and endpoint-pattern review; 231 interfaces checked,Generated model/endpoint AST and contract parity; not a complete human semantic read | full-AST-generated-model-structural-parity-or-endpoint-pattern
frontend/src/api/generated/models/ownerBenchmarksApiOwnerBenchmarksGetParams.ts,generated_api_client,243,14,9ae735e5803c516938ce999162cd68d61d74ef23e64fe3de2ae3b07cb73535a7,complete_generated_structural_review,frontend_audit,Frontend project typecheck/lint/build passed; no per-line runtime coverage claim; Generated client AST/model structural parity and endpoint-pattern review; 231 interfaces checked,Generated model/endpoint AST and contract parity; not a complete human semantic read | full-AST-generated-model-structural-parity-or-endpoint-pattern
frontend/src/api/generated/models/ownerBenchmarksOut.ts,generated_api_client,291,12,d51c3e6ae7938cc589b58ee3d952d0b253ce1cad073b061e9ee63c02c3a93eb5,complete_generated_structural_review,frontend_audit,Frontend project typecheck/lint/build passed; no per-line runtime coverage claim; Generated client AST/model structural parity and endpoint-pattern review; 231 interfaces checked,Generated model/endpoint AST and contract parity; not a complete human semantic read | full-AST-generated-model-structural-parity-or-endpoint-pattern
frontend/src/api/generated/models/ownerFarmBenchmarksOut.ts,generated_api_client,707,27,e3d0dc4283b7010317d9536a56fbc214cf3f92e2fc45da8a852995d98b4c381b,complete_generated_structural_review,frontend_audit,Frontend project typecheck/lint/build passed; no per-line runtime coverage claim; Generated client AST/model structural parity and endpoint-pattern review; 231 interfaces checked,Generated model/endpoint AST and contract parity; not a complete human semantic read | full-AST-generated-model-structural-parity-or-endpoint-pattern
frontend/src/api/generated/models/ownerFarmOverviewOut.ts,generated_api_client,778,32,78f358cde8935f5ae9142088a30cb1608a7f7734e56ac3578a8a70275d1a3fd7,complete_generated_structural_review,frontend_audit,Frontend project typecheck/lint/build passed; no per-line runtime coverage claim; Generated client AST/model structural parity and endpoint-pattern review; 231 interfaces checked,Generated model/endpoint AST and contract parity; not a complete human semantic read | full-AST-generated-model-structural-parity-or-endpoint-pattern
frontend/src/api/generated/models/ownerOverviewOut.ts,generated_api_client,267,11,3597035071965e02371e3c84845dce7c37f5eaa52d6972c82e71c113e05ff6d8,complete_generated_structural_review,frontend_audit,Frontend project typecheck/lint/build passed; no per-line runtime coverage claim; Generated client AST/model structural parity and endpoint-pattern review; 231 interfaces checked,Generated model/endpoint AST and contract parity; not a complete human semantic read | full-AST-generated-model-structural-parity-or-endpoint-pattern
frontend/src/api/generated/models/parityMultipliers.ts,generated_api_client,1059,32,25fb4b8ac68b33f26ee4cb123e760a0dde088243bb1cdb923403ea7284a989b6,complete_generated_structural_review,frontend_audit,Frontend project typecheck/lint/build passed; no per-line runtime coverage claim; Generated client AST/model structural parity and endpoint-pattern review; 231 interfaces checked,Generated model/endpoint AST and contract parity; not a complete human semantic read | full-AST-generated-model-structural-parity-or-endpoint-pattern
frontend/src/api/generated/models/passwordResetIn.ts,generated_api_client,241,14,b87c1e3581d62e52d75e1a775f4c601bd4d113c9216edc9ee8cbda62712bc35f,complete_generated_structural_review,frontend_audit,Frontend project typecheck/lint/build passed; no per-line runtime coverage claim; Generated client AST/model structural parity and endpoint-pattern review; 231 interfaces checked,Generated model/endpoint AST and contract parity; not a complete human semantic read | full-AST-generated-model-structural-parity-or-endpoint-pattern
frontend/src/api/generated/models/percentileBand.ts,generated_api_client,311,17,2699bc629f273a34542c6559576ab395c8b8a31d74b99c9ca48801da1f036134,complete_generated_structural_review,frontend_audit,Frontend project typecheck/lint/build passed; no per-line runtime coverage claim; Generated client AST/model structural parity and endpoint-pattern review; 231 interfaces checked,Generated model/endpoint AST and contract parity; not a complete human semantic read | full-AST-generated-model-structural-parity-or-endpoint-pattern
frontend/src/api/generated/models/permissionGroupOut.ts,generated_api_client,204,11,c6ef101d8cea2fde29b39024f4c5f1af949769a7928627c5aa8703ba1ebcdda9,complete_generated_structural_review,frontend_audit,Frontend project typecheck/lint/build passed; no per-line runtime coverage claim; Generated client AST/model structural parity and endpoint-pattern review; 231 interfaces checked,Generated model/endpoint AST and contract parity; not a complete human semantic read | full-AST-generated-model-structural-parity-or-endpoint-pattern
frontend/src/api/generated/models/permissionsOut.ts,generated_api_client,290,14,1220c6a5f141afeb8ea17094e185f443e0c9560414b0d70543eb550d4b799be4,complete_generated_structural_review,frontend_audit,Frontend project typecheck/lint/build passed; no per-line runtime coverage claim; Generated client AST/model structural parity and endpoint-pattern review; 231 interfaces checked,Generated model/endpoint AST and contract parity; not a complete human semantic read | full-AST-generated-model-structural-parity-or-endpoint-pattern
frontend/src/api/generated/models/planEvaluation.ts,generated_api_client,490,20,d969bf43f85c9d261e339d91213891a3d8936196d9dceb121b68de9bd4313046,complete_generated_structural_review,frontend_audit,Frontend project typecheck/lint/build passed; no per-line runtime coverage claim; Generated client AST/model structural parity and endpoint-pattern review; 231 interfaces checked,Generated model/endpoint AST and contract parity; not a complete human semantic read | full-AST-generated-model-structural-parity-or-endpoint-pattern
frontend/src/api/generated/models/planLineOut.ts,generated_api_client,566,22,2481ac83850db7e125f8700266eb823fdd72af9843283d451c3662bdd7a1cbb9,complete_generated_structural_review,frontend_audit,Frontend project typecheck/lint/build passed; no per-line runtime coverage claim; Generated client AST/model structural parity and endpoint-pattern review; 231 interfaces checked,Generated model/endpoint AST and contract parity; not a complete human semantic read | full-AST-generated-model-structural-parity-or-endpoint-pattern
frontend/src/api/generated/models/planLineOutBasis.ts,generated_api_client,299,14,f7b9d1c4af86d25a0a228a8b2a7f3ecdd988c03935551b88212d585646f1bbff,complete_generated_structural_review,frontend_audit,Frontend project typecheck/lint/build passed; no per-line runtime coverage claim; Generated client AST/model structural parity and endpoint-pattern review; 231 interfaces checked,Generated model/endpoint AST and contract parity; not a complete human semantic read | full-AST-generated-model-structural-parity-or-endpoint-pattern
frontend/src/api/generated/models/planLineOutShiftsItem.ts,generated_api_client,192,8,a6537236e65af75017649b06f3e5b1f1997c1bd27075657b6e3485bc6a0736b1,complete_generated_structural_review,frontend_audit,Frontend project typecheck/lint/build passed; no per-line runtime coverage claim; Generated client AST/model structural parity and endpoint-pattern review; 231 interfaces checked,Generated model/endpoint AST and contract parity; not a complete human semantic read | full-AST-generated-model-structural-parity-or-endpoint-pattern
frontend/src/api/generated/models/planReport.ts,generated_api_client,599,21,37e7351d4fabd3586fff28f69a4901c44e4460ba65704184156859731726f451,complete_generated_structural_review,frontend_audit,Frontend project typecheck/lint/build passed; no per-line runtime coverage claim; Generated client AST/model structural parity and endpoint-pattern review; 231 interfaces checked,Generated model/endpoint AST and contract parity; not a complete human semantic read | full-AST-generated-model-structural-parity-or-endpoint-pattern
frontend/src/api/generated/models/plannerAction.ts,generated_api_client,388,18,18a955f28f629a1ad97fc5565af099b2dbbb1bbc6d4db9255066ed81f8a2657f,complete_generated_structural_review,frontend_audit,Frontend project typecheck/lint/build passed; no per-line runtime coverage claim; Generated client AST/model structural parity and endpoint-pattern review; 231 interfaces checked,Generated model/endpoint AST and contract parity; not a complete human semantic read | full-AST-generated-model-structural-parity-or-endpoint-pattern
frontend/src/api/generated/models/plannerActionKind.ts,generated_api_client,379,17,ca7f658e9d47168b59315876ec73a63613911cf0af435636af4aad45a5d9782b,complete_generated_structural_review,frontend_audit,Frontend project typecheck/lint/build passed; no per-line runtime coverage claim; Generated client AST/model structural parity and endpoint-pattern review; 231 interfaces checked,Generated model/endpoint AST and contract parity; not a complete human semantic read | full-AST-generated-model-structural-parity-or-endpoint-pattern
frontend/src/api/generated/models/plannerMonthRow.ts,generated_api_client,729,32,07bac78a2e76ae9688be1b1c5ac42eeb5eefa0fcfe4624dadd884bdea18faf49,complete_generated_structural_review,frontend_audit,Frontend project typecheck/lint/build passed; no per-line runtime coverage claim; Generated client AST/model structural parity and endpoint-pattern review; 231 interfaces checked,Generated model/endpoint AST and contract parity; not a complete human semantic read | full-AST-generated-model-structural-parity-or-endpoint-pattern
frontend/src/api/generated/models/plannerPlanCreateIn.ts,generated_api_client,628,26,aeda57e334495f70fd75e91b6f679052e8a10f2962eb9df7519f349fe7835aaf,complete_generated_structural_review,frontend_audit,Frontend project typecheck/lint/build passed; no per-line runtime coverage claim; Generated client AST/model structural parity and endpoint-pattern review; 231 interfaces checked,Generated model/endpoint AST and contract parity; not a complete human semantic read | full-AST-generated-model-structural-parity-or-endpoint-pattern
frontend/src/api/generated/models/plannerPlanListOut.ts,generated_api_client,379,17,6069f4982def4d6e6aad840e7e9679b6ffbee010a0c2a2224527c32e06cf17f1,complete_generated_structural_review,frontend_audit,Frontend project typecheck/lint/build passed; no per-line runtime coverage claim; Generated client AST/model structural parity and endpoint-pattern review; 231 interfaces checked,Generated model/endpoint AST and contract parity; not a complete human semantic read | full-AST-generated-model-structural-parity-or-endpoint-pattern
frontend/src/api/generated/models/plannerPlanOut.ts,generated_api_client,678,27,42093118bed4464cc083a814265a456ae27969d92758e1289e6b8bd328c3b29a,complete_generated_structural_review,frontend_audit,Frontend project typecheck/lint/build passed; no per-line runtime coverage claim; Generated client AST/model structural parity and endpoint-pattern review; 231 interfaces checked,Generated model/endpoint AST and contract parity; not a complete human semantic read | full-AST-generated-model-structural-parity-or-endpoint-pattern
frontend/src/api/generated/models/plannerPlanUpdateIn.ts,generated_api_client,516,18,8a0bb2403922c1a6017f4a75ddb4510c7de4a69a0bfea637ec15b69c26d3b3be,complete_generated_structural_review,frontend_audit,Frontend project typecheck/lint/build passed; no per-line runtime coverage claim; Generated client AST/model structural parity and endpoint-pattern review; 231 interfaces checked,Generated model/endpoint AST and contract parity; not a complete human semantic read | full-AST-generated-model-structural-parity-or-endpoint-pattern
frontend/src/api/generated/models/plannerTarget.ts,generated_api_client,469,20,1ba5169dc22cd6403ef08f5e7843bdcb54b681a1024288031d316466c65b9db0,complete_generated_structural_review,frontend_audit,Frontend project typecheck/lint/build passed; no per-line runtime coverage claim; Generated client AST/model structural parity and endpoint-pattern review; 231 interfaces checked,Generated model/endpoint AST and contract parity; not a complete human semantic read | full-AST-generated-model-structural-parity-or-endpoint-pattern
frontend/src/api/generated/models/plannerTargetAnimalClass.ts,generated_api_client,505,20,bb5e31eabbf381800402ed9e4e588ac19397e4d2d699bffeda5c4309ce66a7da,complete_generated_structural_review,frontend_audit,Frontend project typecheck/lint/build passed; no per-line runtime coverage claim; Generated client AST/model structural parity and endpoint-pattern review; 231 interfaces checked,Generated model/endpoint AST and contract parity; not a complete human semantic read | full-AST-generated-model-structural-parity-or-endpoint-pattern
frontend/src/api/generated/models/plannerTargetIn.ts,generated_api_client,538,21,dc11e9840696a3da18a346846328623a88a38f072fcd62a2812567ee5aacf13c,complete_generated_structural_review,frontend_audit,Frontend project typecheck/lint/build passed; no per-line runtime coverage claim; Generated client AST/model structural parity and endpoint-pattern review; 231 interfaces checked,Generated model/endpoint AST and contract parity; not a complete human semantic read | full-AST-generated-model-structural-parity-or-endpoint-pattern
frontend/src/api/generated/models/plannerTargetInAnimalClass.ts,generated_api_client,513,20,ac533fba0afb4b6bea61919b999ac5fca70df0c5aba4c307c5fba511734a811e,complete_generated_structural_review,frontend_audit,Frontend project typecheck/lint/build passed; no per-line runtime coverage claim; Generated client AST/model structural parity and endpoint-pattern review; 231 interfaces checked,Generated model/endpoint AST and contract parity; not a complete human semantic read | full-AST-generated-model-structural-parity-or-endpoint-pattern
frontend/src/api/generated/models/pnlRowOut.ts,generated_api_client,329,15,988adb77de5cf878ae8d071b3ce8c1ea57aa38aab6e6c27944e339dc035e8809,complete_generated_structural_review,frontend_audit,Frontend project typecheck/lint/build passed; no per-line runtime coverage claim; Generated client AST/model structural parity and endpoint-pattern review; 231 interfaces checked,Generated model/endpoint AST and contract parity; not a complete human semantic read | full-AST-generated-model-structural-parity-or-endpoint-pattern
frontend/src/api/generated/models/pnlRowOutCategories.ts,generated_api_client,204,8,08511d6c148786fa13bda30bb614905ab1672b2d2a0014c8e80e26834e3554b6,complete_generated_structural_review,frontend_audit,Frontend project typecheck/lint/build passed; no per-line runtime coverage claim; Generated client AST/model structural parity and endpoint-pattern review; 231 interfaces checked,Generated model/endpoint AST and contract parity; not a complete human semantic read | full-AST-generated-model-structural-parity-or-endpoint-pattern
frontend/src/api/generated/models/pregnancyLossIn.ts,generated_api_client,386,16,6906fcb6dd2066d8aaf9284c75c0fc13d6b24fde38c89d1523d662ae2c82b3b4,complete_generated_structural_review,frontend_audit,Frontend project typecheck/lint/build passed; no per-line runtime coverage claim; Generated client AST/model structural parity and endpoint-pattern review; 231 interfaces checked,Generated model/endpoint AST and contract parity; not a complete human semantic read | full-AST-generated-model-structural-parity-or-endpoint-pattern
frontend/src/api/generated/models/pregnancyLossInCause.ts,generated_api_client,411,18,b2e3cd8b088975fd84f56fc797055298a5951e42d059879821b07134df05229d,complete_generated_structural_review,frontend_audit,Frontend project typecheck/lint/build passed; no per-line runtime coverage claim; Generated client AST/model structural parity and endpoint-pattern review; 231 interfaces checked,Generated model/endpoint AST and contract parity; not a complete human semantic read | full-AST-generated-model-structural-parity-or-endpoint-pattern
frontend/src/api/generated/models/projectCostBreakdown.ts,generated_api_client,432,19,f4eae1e27c58295a2a36e4c876cb3d4d9df4c55c7a81742fbd11629d380b4d2d,complete_generated_structural_review,frontend_audit,Frontend project typecheck/lint/build passed; no per-line runtime coverage claim; Generated client AST/model structural parity and endpoint-pattern review; 231 interfaces checked,Generated model/endpoint AST and contract parity; not a complete human semantic read | full-AST-generated-model-structural-parity-or-endpoint-pattern
frontend/src/api/generated/models/providerStatsApiScreeningStatsGetParams.ts,generated_api_client,240,14,9a11a0f4a2a66f6ae2d1265356372dccabfdf5ea2e7f81b4dd3d9ce58bf57cb9,complete_generated_structural_review,frontend_audit,Frontend project typecheck/lint/build passed; no per-line runtime coverage claim; Generated client AST/model structural parity and endpoint-pattern review; 231 interfaces checked,Generated model/endpoint AST and contract parity; not a complete human semantic read | full-AST-generated-model-structural-parity-or-endpoint-pattern
frontend/src/api/generated/models/purchaseBatchDetailOut.ts,generated_api_client,689,20,1727b0e2a8a52e9b691e980a030c988c86c47fb83947e25ea8d85b1c1ed49d41,complete_generated_structural_review,frontend_audit,Frontend project typecheck/lint/build passed; no per-line runtime coverage claim; Generated client AST/model structural parity and endpoint-pattern review; 231 interfaces checked,Generated model/endpoint AST and contract parity; not a complete human semantic read | full-AST-generated-model-structural-parity-or-endpoint-pattern
frontend/src/api/generated/models/purchaseBatchIn.ts,generated_api_client,674,27,ff5b7f56923fd0b9c47674c495ad69ec8ff72d7a3ec0367074921967ce2061d1,complete_generated_structural_review,frontend_audit,Frontend project typecheck/lint/build passed; no per-line runtime coverage claim; Generated client AST/model structural parity and endpoint-pattern review; 231 interfaces checked,Generated model/endpoint AST and contract parity; not a complete human semantic read | full-AST-generated-model-structural-parity-or-endpoint-pattern
frontend/src/api/generated/models/purchaseBatchInSex.ts,generated_api_client,291,14,6b3ba2555076bb72e655b61f76f9ac2a65766473eede26572ebc6bebfc70684a,complete_generated_structural_review,frontend_audit,Frontend project typecheck/lint/build passed; no per-line runtime coverage claim; Generated client AST/model structural parity and endpoint-pattern review; 231 interfaces checked,Generated model/endpoint AST and contract parity; not a complete human semantic read | full-AST-generated-model-structural-parity-or-endpoint-pattern
frontend/src/api/generated/models/purchaseBatchListOut.ts,generated_api_client,313,14,3493afad1e936ed54df6d8cc078930ae9e61f0d248daa90dddf9858e5326e800,complete_generated_structural_review,frontend_audit,Frontend project typecheck/lint/build passed; no per-line runtime coverage claim; Generated client AST/model structural parity and endpoint-pattern review; 231 interfaces checked,Generated model/endpoint AST and contract parity; not a complete human semantic read | full-AST-generated-model-structural-parity-or-endpoint-pattern
frontend/src/api/generated/models/purchaseBatchOut.ts,generated_api_client,664,26,a5cc1e448fd00d58ad947fcb90dca36e995498c21e513d169c39a96c04247991,complete_generated_structural_review,frontend_audit,Frontend project typecheck/lint/build passed; no per-line runtime coverage claim; Generated client AST/model structural parity and endpoint-pattern review; 231 interfaces checked,Generated model/endpoint AST and contract parity; not a complete human semantic read | full-AST-generated-model-structural-parity-or-endpoint-pattern
frontend/src/api/generated/models/purchaseBatchOutSex.ts,generated_api_client,302,14,bf6cae670754e7399cf622f9e979b3663f459d2595952c5ceb8c5ad3fe0bb207,complete_generated_structural_review,frontend_audit,Frontend project typecheck/lint/build passed; no per-line runtime coverage claim; Generated client AST/model structural parity and endpoint-pattern review; 231 interfaces checked,Generated model/endpoint AST and contract parity; not a complete human semantic read | full-AST-generated-model-structural-parity-or-endpoint-pattern
frontend/src/api/generated/models/purchaseQuarantineAnimalOut.ts,generated_api_client,874,23,4b870c4a21ab2b7c627e6a277d3f487c052699dd8133a1404dc0087074695c9c,complete_generated_structural_review,frontend_audit,Frontend project typecheck/lint/build passed; no per-line runtime coverage claim; Generated client AST/model structural parity and endpoint-pattern review; 231 interfaces checked,Generated model/endpoint AST and contract parity; not a complete human semantic read | full-AST-generated-model-structural-parity-or-endpoint-pattern
frontend/src/api/generated/models/purchaseQuarantineAnimalOutCurrentBucket.ts,generated_api_client,639,22,ce61bb3d659e5e17c969327fe73e9185457698377152984d40a4dc52441583b4,complete_generated_structural_review,frontend_audit,Frontend project typecheck/lint/build passed; no per-line runtime coverage claim; Generated client AST/model structural parity and endpoint-pattern review; 231 interfaces checked,Generated model/endpoint AST and contract parity; not a complete human semantic read | full-AST-generated-model-structural-parity-or-endpoint-pattern
frontend/src/api/generated/models/purchaseQuarantineAnimalOutSex.ts,generated_api_client,339,14,105799aee0cc8e846de353ebe691979dad40cc110bdf410b536c5dfebe943688,complete_generated_structural_review,frontend_audit,Frontend project typecheck/lint/build passed; no per-line runtime coverage claim; Generated client AST/model structural parity and endpoint-pattern review; 231 interfaces checked,Generated model/endpoint AST and contract parity; not a complete human semantic read | full-AST-generated-model-structural-parity-or-endpoint-pattern
frontend/src/api/generated/models/purchaseQuarantineAnimalOutStatus.ts,generated_api_client,403,16,281dae095663ff854bcd599154f0f58918741fe11355737b658e9b9a9e801491,complete_generated_structural_review,frontend_audit,Frontend project typecheck/lint/build passed; no per-line runtime coverage claim; Generated client AST/model structural parity and endpoint-pattern review; 231 interfaces checked,Generated model/endpoint AST and contract parity; not a complete human semantic read | full-AST-generated-model-structural-parity-or-endpoint-pattern
frontend/src/api/generated/models/quarantineScheduleTaskOut.ts,generated_api_client,748,22,4680c45f0b8a57c33300a5ab71b9c0a75163336e1570f685c1d214938a277277,complete_generated_structural_review,frontend_audit,Frontend project typecheck/lint/build passed; no per-line runtime coverage claim; Generated client AST/model structural parity and endpoint-pattern review; 231 interfaces checked,Generated model/endpoint AST and contract parity; not a complete human semantic read | full-AST-generated-model-structural-parity-or-endpoint-pattern
frontend/src/api/generated/models/quarantineScheduleTaskOutCategory.ts,generated_api_client,937,35,2a4d0abd7cd7d98daebda29189e4a12b76856665743407cafa599f3365a13d1c,complete_generated_structural_review,frontend_audit,Frontend project typecheck/lint/build passed; no per-line runtime coverage claim; Generated client AST/model structural parity and endpoint-pattern review; 231 interfaces checked,Generated model/endpoint AST and contract parity; not a complete human semantic read | full-AST-generated-model-structural-parity-or-endpoint-pattern
frontend/src/api/generated/models/quarantineScheduleTaskOutStatus.ts,generated_api_client,407,16,7397b081a1a158a6e6effc13997ebbf284d4b2044379b532da4d120000699012,complete_generated_structural_review,frontend_audit,Frontend project typecheck/lint/build passed; no per-line runtime coverage claim; Generated client AST/model structural parity and endpoint-pattern review; 231 interfaces checked,Generated model/endpoint AST and contract parity; not a complete human semantic read | full-AST-generated-model-structural-parity-or-endpoint-pattern
frontend/src/api/generated/models/quarantineScheduleTaskOutTitleArgs.ts,generated_api_client,205,8,3894dbbf248cd2218cfe10d7ae57225db4d0b71f81b84641343d24b693836dc0,complete_generated_structural_review,frontend_audit,Frontend project typecheck/lint/build passed; no per-line runtime coverage claim; Generated client AST/model structural parity and endpoint-pattern review; 231 interfaces checked,Generated model/endpoint AST and contract parity; not a complete human semantic read | full-AST-generated-model-structural-parity-or-endpoint-pattern
frontend/src/api/generated/models/readinessStatusOut.ts,generated_api_client,265,11,8523d112620cd4e0a2271a99a66d49485f200f2b63dc56db3b93499dd9e06411,complete_generated_structural_review,frontend_audit,Frontend project typecheck/lint/build passed; no per-line runtime coverage claim; Generated client AST/model structural parity and endpoint-pattern review; 231 interfaces checked,Generated model/endpoint AST and contract parity; not a complete human semantic read | full-AST-generated-model-structural-parity-or-endpoint-pattern
frontend/src/api/generated/models/readinessUnavailableOut.ts,generated_api_client,286,11,e32e700f541460f1a187c11b83369e176acfb0f0b1bc3bfd9ae0017e004975a4,complete_generated_structural_review,frontend_audit,Frontend project typecheck/lint/build passed; no per-line runtime coverage claim; Generated client AST/model structural parity and endpoint-pattern review; 231 interfaces checked,Generated model/endpoint AST and contract parity; not a complete human semantic read | full-AST-generated-model-structural-parity-or-endpoint-pattern
frontend/src/api/generated/models/recipeListOut.ts,generated_api_client,348,13,6484feba4fc964421616400aa83ff8b883e0664efa7b9a46a5572f57ab31d4d6,complete_generated_structural_review,frontend_audit,Frontend project typecheck/lint/build passed; no per-line runtime coverage claim; Generated client AST/model structural parity and endpoint-pattern review; 231 interfaces checked,Generated model/endpoint AST and contract parity; not a complete human semantic read | full-AST-generated-model-structural-parity-or-endpoint-pattern
frontend/src/api/generated/models/registerIn.ts,generated_api_client,301,17,5b80f707e66a2e5d4cbba8565895440380e32edb62eeaf7f278a8bcf03b46baa,complete_generated_structural_review,frontend_audit,Frontend project typecheck/lint/build passed; no per-line runtime coverage claim; Generated client AST/model structural parity and endpoint-pattern review; 231 interfaces checked,Generated model/endpoint AST and contract parity; not a complete human semantic read | full-AST-generated-model-structural-parity-or-endpoint-pattern
frontend/src/api/generated/models/reportSection.ts,generated_api_client,399,17,5f9da47cd0d5cb0a08b4f5b553f9a69d28b3b67772de3b5d024679b9db260615,complete_generated_structural_review,frontend_audit,Frontend project typecheck/lint/build passed; no per-line runtime coverage claim; Generated client AST/model structural parity and endpoint-pattern review; 231 interfaces checked,Generated model/endpoint AST and contract parity; not a complete human semantic read | full-AST-generated-model-structural-parity-or-endpoint-pattern
frontend/src/api/generated/models/reportSectionFigures.ts,generated_api_client,204,8,230aa06bf7367cdcccb02ac5c36979335d9fd421eadf335458e40c91f56e3e22,complete_generated_structural_review,frontend_audit,Frontend project typecheck/lint/build passed; no per-line runtime coverage claim; Generated client AST/model structural parity and endpoint-pattern review; 231 interfaces checked,Generated model/endpoint AST and contract parity; not a complete human semantic read | full-AST-generated-model-structural-parity-or-endpoint-pattern
frontend/src/api/generated/models/reportsOut.ts,generated_api_client,673,20,73f3b25f0ad27dd65cec8edb537a4e2ab80c122a84f10122d090b4a180749369,complete_generated_structural_review,frontend_audit,Frontend project typecheck/lint/build passed; no per-line runtime coverage claim; Generated client AST/model structural parity and endpoint-pattern review; 231 interfaces checked,Generated model/endpoint AST and contract parity; not a complete human semantic read | full-AST-generated-model-structural-parity-or-endpoint-pattern
frontend/src/api/generated/models/reportsOutSexCounts.ts,generated_api_client,194,8,3556f5c5994ce356158eb65dc158defe5dba916fbfd4c244562c1f5febb30c78,complete_generated_structural_review,frontend_audit,Frontend project typecheck/lint/build passed; no per-line runtime coverage claim; Generated client AST/model structural parity and endpoint-pattern review; 231 interfaces checked,Generated model/endpoint AST and contract parity; not a complete human semantic read | full-AST-generated-model-structural-parity-or-endpoint-pattern
frontend/src/api/generated/models/reportsOutStatusCounts.ts,generated_api_client,190,8,0a143b07cb92efc2edf2732328e2bec3bde7f1c4e8f210b585642ad12ca0c014,complete_generated_structural_review,frontend_audit,Frontend project typecheck/lint/build passed; no per-line runtime coverage claim; Generated client AST/model structural parity and endpoint-pattern review; 231 interfaces checked,Generated model/endpoint AST and contract parity; not a complete human semantic read | full-AST-generated-model-structural-parity-or-endpoint-pattern
frontend/src/api/generated/models/reproductionAssumptions.ts,generated_api_client,1220,61,b8df68d50476a83733025cbed691b3832855000d8ec8f63fd0330ae63daac4e5,complete_generated_structural_review,frontend_audit,Frontend project typecheck/lint/build passed; no per-line runtime coverage claim; Generated client AST/model structural parity and endpoint-pattern review; 231 interfaces checked,Generated model/endpoint AST and contract parity; not a complete human semantic read | full-AST-generated-model-structural-parity-or-endpoint-pattern
frontend/src/api/generated/models/reproductionAssumptionsWeaningDays.ts,generated_api_client,369,14,e8f9aff3f8df35f3fa2554b680875ebdede6d9ed9edfa8dfae1cf77783a3b10a,complete_generated_structural_review,frontend_audit,Frontend project typecheck/lint/build passed; no per-line runtime coverage claim; Generated client AST/model structural parity and endpoint-pattern review; 231 interfaces checked,Generated model/endpoint AST and contract parity; not a complete human semantic read | full-AST-generated-model-structural-parity-or-endpoint-pattern
frontend/src/api/generated/models/requestValidationErrorOut.ts,generated_api_client,395,15,ae406572ac3d3b934e9cee56c1dc2698131ac73a9e316b9401f4b14f553c13d3,complete_generated_structural_review,frontend_audit,Frontend project typecheck/lint/build passed; no per-line runtime coverage claim; Generated client AST/model structural parity and endpoint-pattern review; 231 interfaces checked,Generated model/endpoint AST and contract parity; not a complete human semantic read | full-AST-generated-model-structural-parity-or-endpoint-pattern
frontend/src/api/generated/models/requestValidationIssueOut.ts,generated_api_client,308,15,1aae8991f9cf151383290de97844002196cc2d87436f5afda840b4b2cd5ad701,complete_generated_structural_review,frontend_audit,Frontend project typecheck/lint/build passed; no per-line runtime coverage claim; Generated client AST/model structural parity and endpoint-pattern review; 231 interfaces checked,Generated model/endpoint AST and contract parity; not a complete human semantic read | full-AST-generated-model-structural-parity-or-endpoint-pattern
frontend/src/api/generated/models/requirementChain.ts,generated_api_client,427,19,4f9c34a7ff113c3116d3f755b833145177338e9505192cce66dd085d178b898b,complete_generated_structural_review,frontend_audit,Frontend project typecheck/lint/build passed; no per-line runtime coverage claim; Generated client AST/model structural parity and endpoint-pattern review; 231 interfaces checked,Generated model/endpoint AST and contract parity; not a complete human semantic read | full-AST-generated-model-structural-parity-or-endpoint-pattern
frontend/src/api/generated/models/requirementStep.ts,generated_api_client,286,15,00283205bd6b3574c79c8496a9ede6534f62556740415f880d05c4d02b213e7e,complete_generated_structural_review,frontend_audit,Frontend project typecheck/lint/build passed; no per-line runtime coverage claim; Generated client AST/model structural parity and endpoint-pattern review; 231 interfaces checked,Generated model/endpoint AST and contract parity; not a complete human semantic read | full-AST-generated-model-structural-parity-or-endpoint-pattern
frontend/src/api/generated/models/restrictedAnimalOut.ts,generated_api_client,766,23,752249730f9d8543a173c535a868a490b6cc06c8a71e450f1d43036fb1ef5f8f,complete_generated_structural_review,frontend_audit,Frontend project typecheck/lint/build passed; no per-line runtime coverage claim; Generated client AST/model structural parity and endpoint-pattern review; 231 interfaces checked,Generated model/endpoint AST and contract parity; not a complete human semantic read | full-AST-generated-model-structural-parity-or-endpoint-pattern
frontend/src/api/generated/models/riskAssumptions.ts,generated_api_client,2183,108,64fd7767b2ba4e88876a1fb8f0c5adcd5d141b0cfa848946304be1ce1b4f56c5,complete_generated_structural_review,frontend_audit,Frontend project typecheck/lint/build passed; no per-line runtime coverage claim; Generated client AST/model structural parity and endpoint-pattern review; 231 interfaces checked,Generated model/endpoint AST and contract parity; not a complete human semantic read | full-AST-generated-model-structural-parity-or-endpoint-pattern
frontend/src/api/generated/models/riskVariable.ts,generated_api_client,428,23,b5202b52e9995cb7a5e10060c1d5c17580c0f50b41b8cd3f80da907f60438c3b,complete_generated_structural_review,frontend_audit,Frontend project typecheck/lint/build passed; no per-line runtime coverage claim; Generated client AST/model structural parity and endpoint-pattern review; 231 interfaces checked,Generated model/endpoint AST and contract parity; not a complete human semantic read | full-AST-generated-model-structural-parity-or-endpoint-pattern
frontend/src/api/generated/models/roleChangeIn.ts,generated_api_client,249,14,534e0bbab02dbca45bb72f2e61c15f17464b81ad0f3faf2d03ab6ecc0fb1fdcc,complete_generated_structural_review,frontend_audit,Frontend project typecheck/lint/build passed; no per-line runtime coverage claim; Generated client AST/model structural parity and endpoint-pattern review; 231 interfaces checked,Generated model/endpoint AST and contract parity; not a complete human semantic read | full-AST-generated-model-structural-parity-or-endpoint-pattern
frontend/src/api/generated/models/roleIn.ts,generated_api_client,307,17,53a3a0776f13e3b515dad5d6be8d6ff89e5bea5b3b5f927b3dd7ec80aac9dada,complete_generated_structural_review,frontend_audit,Frontend project typecheck/lint/build passed; no per-line runtime coverage claim; Generated client AST/model structural parity and endpoint-pattern review; 231 interfaces checked,Generated model/endpoint AST and contract parity; not a complete human semantic read | full-AST-generated-model-structural-parity-or-endpoint-pattern
frontend/src/api/generated/models/roleOut.ts,generated_api_client,310,16,e64e0d08915ba89dc760ea707a93f258e1d307ac4828af2be267cbec37e07ffe,complete_generated_structural_review,frontend_audit,Frontend project typecheck/lint/build passed; no per-line runtime coverage claim; Generated client AST/model structural parity and endpoint-pattern review; 231 interfaces checked,Generated model/endpoint AST and contract parity; not a complete human semantic read | full-AST-generated-model-structural-parity-or-endpoint-pattern
frontend/src/api/generated/models/roleUpdateIn.ts,generated_api_client,438,22,b088a75d7286eca1ee201295cbf36c40502d013e7ec26b85690eea07f7d5805f,complete_generated_structural_review,frontend_audit,Frontend project typecheck/lint/build passed; no per-line runtime coverage claim; Generated client AST/model structural parity and endpoint-pattern review; 231 interfaces checked,Generated model/endpoint AST and contract parity; not a complete human semantic read | full-AST-generated-model-structural-parity-or-endpoint-pattern
frontend/src/api/generated/models/runIn.ts,generated_api_client,339,14,61cfe494e3a04ff442a46e90efa79ae24edc32b227defbca1de3709e3d24e7a5,complete_generated_structural_review,frontend_audit,Frontend project typecheck/lint/build passed; no per-line runtime coverage claim; Generated client AST/model structural parity and endpoint-pattern review; 231 interfaces checked,Generated model/endpoint AST and contract parity; not a complete human semantic read | full-AST-generated-model-structural-parity-or-endpoint-pattern
frontend/src/api/generated/models/runScenarioApiSimulationScenariosScenarioIdRunPostParams.ts,generated_api_client,274,12,e0e0144d2c04ddff87241a8f00162ccc0b63204ab5a6c99a998ac27c80ba9848,complete_generated_structural_review,frontend_audit,Frontend project typecheck/lint/build passed; no per-line runtime coverage claim; Generated client AST/model structural parity and endpoint-pattern review; 231 interfaces checked,Generated model/endpoint AST and contract parity; not a complete human semantic read | full-AST-generated-model-structural-parity-or-endpoint-pattern
frontend/src/api/generated/models/salesAssumptions.ts,generated_api_client,1846,88,37b325ba125be95f68a05523201527de1fc4f0bcde7ec801a0e16844abd6a2f9,complete_generated_structural_review,frontend_audit,Frontend project typecheck/lint/build passed; no per-line runtime coverage claim; Generated client AST/model structural parity and endpoint-pattern review; 231 interfaces checked,Generated model/endpoint AST and contract parity; not a complete human semantic read | full-AST-generated-model-structural-parity-or-endpoint-pattern
frontend/src/api/generated/models/scenarioCompareOut.ts,generated_api_client,337,13,699c8cdafa85585c4dc10c7928dc8318d4e9a8cc2caa935e326eeb0fecbeeb02,complete_generated_structural_review,frontend_audit,Frontend project typecheck/lint/build passed; no per-line runtime coverage claim; Generated client AST/model structural parity and endpoint-pattern review; 231 interfaces checked,Generated model/endpoint AST and contract parity; not a complete human semantic read | full-AST-generated-model-structural-parity-or-endpoint-pattern
frontend/src/api/generated/models/scenarioCreateIn.ts,generated_api_client,389,18,6022824d068ebb95ca8d49e3a3347476d41348bc769ff4f260a193fd2bf6807c,complete_generated_structural_review,frontend_audit,Frontend project typecheck/lint/build passed; no per-line runtime coverage claim; Generated client AST/model structural parity and endpoint-pattern review; 231 interfaces checked,Generated model/endpoint AST and contract parity; not a complete human semantic read | full-AST-generated-model-structural-parity-or-endpoint-pattern
frontend/src/api/generated/models/scenarioListOut.ts,generated_api_client,371,17,62882b76211602c3eb1ef13fea7da8bce4b4b423633558fa2430d8cbcbd41910,complete_generated_structural_review,frontend_audit,Frontend project typecheck/lint/build passed; no per-line runtime coverage claim; Generated client AST/model structural parity and endpoint-pattern review; 231 interfaces checked,Generated model/endpoint AST and contract parity; not a complete human semantic read | full-AST-generated-model-structural-parity-or-endpoint-pattern
frontend/src/api/generated/models/scenarioOut.ts,generated_api_client,547,23,5b06a4563324c3348fc0eb0d585ed41802b7bcac0a47132ce05144645e389f97,complete_generated_structural_review,frontend_audit,Frontend project typecheck/lint/build passed; no per-line runtime coverage claim; Generated client AST/model structural parity and endpoint-pattern review; 231 interfaces checked,Generated model/endpoint AST and contract parity; not a complete human semantic read | full-AST-generated-model-structural-parity-or-endpoint-pattern
frontend/src/api/generated/models/scenarioUpdateIn.ts,generated_api_client,381,15,bfa482d70e0e4f91cb487c22ea16a57478b0475e51362734a567adb41ea15bed,complete_generated_structural_review,frontend_audit,Frontend project typecheck/lint/build passed; no per-line runtime coverage claim; Generated client AST/model structural parity and endpoint-pattern review; 231 interfaces checked,Generated model/endpoint AST and contract parity; not a complete human semantic read | full-AST-generated-model-structural-parity-or-endpoint-pattern
frontend/src/api/generated/models/scheduleOut.ts,generated_api_client,264,12,dcb7ceee5f4f87c98b5d6007d688f1752f5f6c56dace6cfd6dc9ee5e51d4bcc3,complete_generated_structural_review,frontend_audit,Frontend project typecheck/lint/build passed; no per-line runtime coverage claim; Generated client AST/model structural parity and endpoint-pattern review; 231 interfaces checked,Generated model/endpoint AST and contract parity; not a complete human semantic read | full-AST-generated-model-structural-parity-or-endpoint-pattern
frontend/src/api/generated/models/scheduleRowOut.ts,generated_api_client,455,18,18f5a891c74511f9ae2268ae0dec1d52fa2a1cecd8c5dfde8908617791cfd2fa,complete_generated_structural_review,frontend_audit,Frontend project typecheck/lint/build passed; no per-line runtime coverage claim; Generated client AST/model structural parity and endpoint-pattern review; 231 interfaces checked,Generated model/endpoint AST and contract parity; not a complete human semantic read | full-AST-generated-model-structural-parity-or-endpoint-pattern
frontend/src/api/generated/models/scheduleRowOutStatus.ts,generated_api_client,363,16,8ae843785e2429d64df42766b5e88bc56e0f63e47c15a1e32ee1a03de0d77bab,complete_generated_structural_review,frontend_audit,Frontend project typecheck/lint/build passed; no per-line runtime coverage claim; Generated client AST/model structural parity and endpoint-pattern review; 231 interfaces checked,Generated model/endpoint AST and contract parity; not a complete human semantic read | full-AST-generated-model-structural-parity-or-endpoint-pattern
frontend/src/api/generated/models/scheduleTemplateListOut.ts,generated_api_client,275,11,947be74bc7d67853a3f46a30923645801373e123bfa0aa2e96b6b60c9e3284c6,complete_generated_structural_review,frontend_audit,Frontend project typecheck/lint/build passed; no per-line runtime coverage claim; Generated client AST/model structural parity and endpoint-pattern review; 231 interfaces checked,Generated model/endpoint AST and contract parity; not a complete human semantic read | full-AST-generated-model-structural-parity-or-endpoint-pattern
frontend/src/api/generated/models/scheduleTemplateOut.ts,generated_api_client,640,21,715f5827827910b6aded58ff3583a6461097ba50ce933e776d10b5c714cbfb3d,complete_generated_structural_review,frontend_audit,Frontend project typecheck/lint/build passed; no per-line runtime coverage claim; Generated client AST/model structural parity and endpoint-pattern review; 231 interfaces checked,Generated model/endpoint AST and contract parity; not a complete human semantic read | full-AST-generated-model-structural-parity-or-endpoint-pattern
frontend/src/api/generated/models/scheduleTemplateOutEventType.ts,generated_api_client,475,19,8110831ae23e9e6e986a6c5ecd462ab035ba8bdef8a70958989e37412c0b8d5c,complete_generated_structural_review,frontend_audit,Frontend project typecheck/lint/build passed; no per-line runtime coverage claim; Generated client AST/model structural parity and endpoint-pattern review; 231 interfaces checked,Generated model/endpoint AST and contract parity; not a complete human semantic read | full-AST-generated-model-structural-parity-or-endpoint-pattern
frontend/src/api/generated/models/screeningBatchBucketProgressOut.ts,generated_api_client,460,17,ec96f00fb9701bcab643dbff58153ab7a89da5b1bd3a8238f0e9242e4d726a89,complete_generated_structural_review,frontend_audit,Frontend project typecheck/lint/build passed; no per-line runtime coverage claim; Generated client AST/model structural parity and endpoint-pattern review; 231 interfaces checked,Generated model/endpoint AST and contract parity; not a complete human semantic read | full-AST-generated-model-structural-parity-or-endpoint-pattern
frontend/src/api/generated/models/screeningBatchBucketProgressOutBucket.ts,generated_api_client,627,22,1be554ab74cbc8bb786bd2713c651157f9a85c8d04a30477c6bab496680cab79,complete_generated_structural_review,frontend_audit,Frontend project typecheck/lint/build passed; no per-line runtime coverage claim; Generated client AST/model structural parity and endpoint-pattern review; 231 interfaces checked,Generated model/endpoint AST and contract parity; not a complete human semantic read | full-AST-generated-model-structural-parity-or-endpoint-pattern
frontend/src/api/generated/models/screeningBatchListOut.ts,generated_api_client,317,14,4d3ff961f8b616d720acbcee1bad576aba1ccf5c15cc29baf62cb6753e119ef9,complete_generated_structural_review,frontend_audit,Frontend project typecheck/lint/build passed; no per-line runtime coverage claim; Generated client AST/model structural parity and endpoint-pattern review; 231 interfaces checked,Generated model/endpoint AST and contract parity; not a complete human semantic read | full-AST-generated-model-structural-parity-or-endpoint-pattern
frontend/src/api/generated/models/screeningBatchOut.ts,generated_api_client,454,17,2ea6b83c62a77fee9a8e91f624bf5a6a7c3c876c271b92c3c2149709f6f84f42,complete_generated_structural_review,frontend_audit,Frontend project typecheck/lint/build passed; no per-line runtime coverage claim; Generated client AST/model structural parity and endpoint-pattern review; 231 interfaces checked,Generated model/endpoint AST and contract parity; not a complete human semantic read | full-AST-generated-model-structural-parity-or-endpoint-pattern
frontend/src/api/generated/models/screeningCropOut.ts,generated_api_client,526,23,a913d79af4344f548133ab0a8b2da172e1c5e9ca4379464eb2310796f12822f9,complete_generated_structural_review,frontend_audit,Frontend project typecheck/lint/build passed; no per-line runtime coverage claim; Generated client AST/model structural parity and endpoint-pattern review; 231 interfaces checked,Generated model/endpoint AST and contract parity; not a complete human semantic read | full-AST-generated-model-structural-parity-or-endpoint-pattern
frontend/src/api/generated/models/screeningCropOutStatus.ts,generated_api_client,421,18,e7b8d7863029c203a9e25b1be4ad12a6c98009f72bf3e45401a9fda0fe3c70d4,complete_generated_structural_review,frontend_audit,Frontend project typecheck/lint/build passed; no per-line runtime coverage claim; Generated client AST/model structural parity and endpoint-pattern review; 231 interfaces checked,Generated model/endpoint AST and contract parity; not a complete human semantic read | full-AST-generated-model-structural-parity-or-endpoint-pattern
frontend/src/api/generated/models/screeningDatasetExportOut.ts,generated_api_client,360,14,8599d2329c95b1af9e76f54aa3eaed55356f9ceac02cdfa72059cc0144171c25,complete_generated_structural_review,frontend_audit,Frontend project typecheck/lint/build passed; no per-line runtime coverage claim; Generated client AST/model structural parity and endpoint-pattern review; 231 interfaces checked,Generated model/endpoint AST and contract parity; not a complete human semantic read | full-AST-generated-model-structural-parity-or-endpoint-pattern
frontend/src/api/generated/models/screeningDatasetRecordOut.ts,generated_api_client,1224,34,3dc2ba3d1bdee97961e92c779b9e45df6c895927819d791f14192168b4826bae,complete_generated_structural_review,frontend_audit,Frontend project typecheck/lint/build passed; no per-line runtime coverage claim; Generated client AST/model structural parity and endpoint-pattern review; 231 interfaces checked,Generated model/endpoint AST and contract parity; not a complete human semantic read | full-AST-generated-model-structural-parity-or-endpoint-pattern
frontend/src/api/generated/models/screeningDatasetRecordOutSeverity.ts,generated_api_client,398,15,3cce0936648c8934265f48a9b94675d18500e1a8f98e91c5f8c9fd06b1e405e1,complete_generated_structural_review,frontend_audit,Frontend project typecheck/lint/build passed; no per-line runtime coverage claim; Generated client AST/model structural parity and endpoint-pattern review; 231 interfaces checked,Generated model/endpoint AST and contract parity; not a complete human semantic read | full-AST-generated-model-structural-parity-or-endpoint-pattern
frontend/src/api/generated/models/screeningDatasetRecordOutVetStatus.ts,generated_api_client,421,15,b07822358e9a716e1d3b216928527e1a4ca85b02bc5940b52943a14b7c807e8c,complete_generated_structural_review,frontend_audit,Frontend project typecheck/lint/build passed; no per-line runtime coverage claim; Generated client AST/model structural parity and endpoint-pattern review; 231 interfaces checked,Generated model/endpoint AST and contract parity; not a complete human semantic read | full-AST-generated-model-structural-parity-or-endpoint-pattern
frontend/src/api/generated/models/screeningFindingOut.ts,generated_api_client,675,24,67d6ed493e41cc4f84c87283245160f47bce1ab44530e01e61e2523610da1334,complete_generated_structural_review,frontend_audit,Frontend project typecheck/lint/build passed; no per-line runtime coverage claim; Generated client AST/model structural parity and endpoint-pattern review; 231 interfaces checked,Generated model/endpoint AST and contract parity; not a complete human semantic read | full-AST-generated-model-structural-parity-or-endpoint-pattern
frontend/src/api/generated/models/screeningFindingOutSeverity.ts,generated_api_client,374,15,9cb0c1dadbaef46ec3aab0b83045d1005e67815797b7d43fc3d7974bb978caa0,complete_generated_structural_review,frontend_audit,Frontend project typecheck/lint/build passed; no per-line runtime coverage claim; Generated client AST/model structural parity and endpoint-pattern review; 231 interfaces checked,Generated model/endpoint AST and contract parity; not a complete human semantic read | full-AST-generated-model-structural-parity-or-endpoint-pattern
frontend/src/api/generated/models/screeningFindingOutStatus.ts,generated_api_client,385,15,9eb285129ec19ae528f9fc89a43c89fe3e0a1acf338e010bb6ca6bd9109aac07,complete_generated_structural_review,frontend_audit,Frontend project typecheck/lint/build passed; no per-line runtime coverage claim; Generated client AST/model structural parity and endpoint-pattern review; 231 interfaces checked,Generated model/endpoint AST and contract parity; not a complete human semantic read | full-AST-generated-model-structural-parity-or-endpoint-pattern
frontend/src/api/generated/models/screeningFindingReviewIn.ts,generated_api_client,733,21,2b87c09317d2fca45e6e45b08f964036d319f85afb341c7c201fd10bfb5daf70,complete_generated_structural_review,frontend_audit,Frontend project typecheck/lint/build passed; no per-line runtime coverage claim; Generated client AST/model structural parity and endpoint-pattern review; 231 interfaces checked,Generated model/endpoint AST and contract parity; not a complete human semantic read | full-AST-generated-model-structural-parity-or-endpoint-pattern
frontend/src/api/generated/models/screeningFindingReviewInExpectedStatus.ts,generated_api_client,437,15,abc6f4936732931e6ba078324167b482643eb1770fae8f15d6d436792c4909eb,complete_generated_structural_review,frontend_audit,Frontend project typecheck/lint/build passed; no per-line runtime coverage claim; Generated client AST/model structural parity and endpoint-pattern review; 231 interfaces checked,Generated model/endpoint AST and contract parity; not a complete human semantic read | full-AST-generated-model-structural-parity-or-endpoint-pattern
frontend/src/api/generated/models/screeningFindingReviewInStatus.ts,generated_api_client,369,14,f6c8e1b48f60d1d65d4630ac9a6a4065cfbb21c43e5fb1d123e1fe37121289b2,complete_generated_structural_review,frontend_audit,Frontend project typecheck/lint/build passed; no per-line runtime coverage claim; Generated client AST/model structural parity and endpoint-pattern review; 231 interfaces checked,Generated model/endpoint AST and contract parity; not a complete human semantic read | full-AST-generated-model-structural-parity-or-endpoint-pattern
frontend/src/api/generated/models/screeningFindingReviewOut.ts,generated_api_client,415,15,e3b67d7828931f0e88021f2f812862aa1959c78746d3d70fbdb800bbc7dae8f1,complete_generated_structural_review,frontend_audit,Frontend project typecheck/lint/build passed; no per-line runtime coverage claim; Generated client AST/model structural parity and endpoint-pattern review; 231 interfaces checked,Generated model/endpoint AST and contract parity; not a complete human semantic read | full-AST-generated-model-structural-parity-or-endpoint-pattern
frontend/src/api/generated/models/screeningFindingReviewOutStatus.ts,generated_api_client,409,15,6be2f1b4d72322b656a625013b75e74200a71f4c7b08906a74eae550ac6cbf83,complete_generated_structural_review,frontend_audit,Frontend project typecheck/lint/build passed; no per-line runtime coverage claim; Generated client AST/model structural parity and endpoint-pattern review; 231 interfaces checked,Generated model/endpoint AST and contract parity; not a complete human semantic read | full-AST-generated-model-structural-parity-or-endpoint-pattern
frontend/src/api/generated/models/screeningImageDetailOut.ts,generated_api_client,1117,34,b3c48fb11764972c6dd399c6fe61ec0e306705434fde4cda7eb2e3c1704b9c15,complete_generated_structural_review,frontend_audit,Frontend project typecheck/lint/build passed; no per-line runtime coverage claim; Generated client AST/model structural parity and endpoint-pattern review; 231 interfaces checked,Generated model/endpoint AST and contract parity; not a complete human semantic read | full-AST-generated-model-structural-parity-or-endpoint-pattern
frontend/src/api/generated/models/screeningImageDetailOutBucket.ts,generated_api_client,602,22,c50fc3ead90cd8d7aee10de9cca8f5259c90b5e34287c50a063ba4781aae999f,complete_generated_structural_review,frontend_audit,Frontend project typecheck/lint/build passed; no per-line runtime coverage claim; Generated client AST/model structural parity and endpoint-pattern review; 231 interfaces checked,Generated model/endpoint AST and contract parity; not a complete human semantic read | full-AST-generated-model-structural-parity-or-endpoint-pattern
frontend/src/api/generated/models/screeningImageDetailOutStatus.ts,generated_api_client,449,18,a9bdd772439633376d947520d82c59247734387a236bf3f4db851d74a2e78d9d,complete_generated_structural_review,frontend_audit,Frontend project typecheck/lint/build passed; no per-line runtime coverage claim; Generated client AST/model structural parity and endpoint-pattern review; 231 interfaces checked,Generated model/endpoint AST and contract parity; not a complete human semantic read | full-AST-generated-model-structural-parity-or-endpoint-pattern
frontend/src/api/generated/models/screeningImageListOut.ts,generated_api_client,325,14,0356aefd8193f4cafb02cc653dba984ff55eaeb2b7378cd539f9f271536a0d2e,complete_generated_structural_review,frontend_audit,Frontend project typecheck/lint/build passed; no per-line runtime coverage claim; Generated client AST/model structural parity and endpoint-pattern review; 231 interfaces checked,Generated model/endpoint AST and contract parity; not a complete human semantic read | full-AST-generated-model-structural-parity-or-endpoint-pattern
frontend/src/api/generated/models/screeningImageRowOut.ts,generated_api_client,898,29,bf0b7467992ace4cca3f95d6cb699f1d6fc6ce190154a6cc88930218d7204de3,complete_generated_structural_review,frontend_audit,Frontend project typecheck/lint/build passed; no per-line runtime coverage claim; Generated client AST/model structural parity and endpoint-pattern review; 231 interfaces checked,Generated model/endpoint AST and contract parity; not a complete human semantic read | full-AST-generated-model-structural-parity-or-endpoint-pattern
frontend/src/api/generated/models/screeningImageRowOutBucket.ts,generated_api_client,590,22,af08a64cf5fe08f96dac463166b318e350774e1a2f20da919c59957d5231e5b7,complete_generated_structural_review,frontend_audit,Frontend project typecheck/lint/build passed; no per-line runtime coverage claim; Generated client AST/model structural parity and endpoint-pattern review; 231 interfaces checked,Generated model/endpoint AST and contract parity; not a complete human semantic read | full-AST-generated-model-structural-parity-or-endpoint-pattern
frontend/src/api/generated/models/screeningImageRowOutStatus.ts,generated_api_client,437,18,86b3ca755b10507719e9d16183bd402d906ec5587c50ac436d8dfad2c5c0d243,complete_generated_structural_review,frontend_audit,Frontend project typecheck/lint/build passed; no per-line runtime coverage claim; Generated client AST/model structural parity and endpoint-pattern review; 231 interfaces checked,Generated model/endpoint AST and contract parity; not a complete human semantic read | full-AST-generated-model-structural-parity-or-endpoint-pattern
frontend/src/api/generated/models/screeningProviderStatsOut.ts,generated_api_client,652,25,1864da15288033a26cc2de44ce3bea73baefc0d2b3d060f0a141a89576187135,complete_generated_structural_review,frontend_audit,Frontend project typecheck/lint/build passed; no per-line runtime coverage claim; Generated client AST/model structural parity and endpoint-pattern review; 231 interfaces checked,Generated model/endpoint AST and contract parity; not a complete human semantic read | full-AST-generated-model-structural-parity-or-endpoint-pattern
frontend/src/api/generated/models/screeningRunOut.ts,generated_api_client,737,26,6d0846be762d42cbba91af327f00c0cbd61635cb1363f7293af9afbc93eb7271,complete_generated_structural_review,frontend_audit,Frontend project typecheck/lint/build passed; no per-line runtime coverage claim; Generated client AST/model structural parity and endpoint-pattern review; 231 interfaces checked,Generated model/endpoint AST and contract parity; not a complete human semantic read | full-AST-generated-model-structural-parity-or-endpoint-pattern
frontend/src/api/generated/models/screeningRunOutDetail.ts,generated_api_client,199,8,a96704a2e80188bb3cdef1d78cdc58ac5323ca39022dfe40d2c6329cdde4c497,complete_generated_structural_review,frontend_audit,Frontend project typecheck/lint/build passed; no per-line runtime coverage claim; Generated client AST/model structural parity and endpoint-pattern review; 231 interfaces checked,Generated model/endpoint AST and contract parity; not a complete human semantic read | full-AST-generated-model-structural-parity-or-endpoint-pattern
frontend/src/api/generated/models/screeningRunOutRunStatus.ts,generated_api_client,325,14,94388c1b8fdbc05198c8ab5ccf191be791d8af02957c7cdea6a8bfe15b29a28a,complete_generated_structural_review,frontend_audit,Frontend project typecheck/lint/build passed; no per-line runtime coverage claim; Generated client AST/model structural parity and endpoint-pattern review; 231 interfaces checked,Generated model/endpoint AST and contract parity; not a complete human semantic read | full-AST-generated-model-structural-parity-or-endpoint-pattern
frontend/src/api/generated/models/screeningRunOutStage.ts,generated_api_client,541,20,406753e9dd167fab5bef8c04a71b6a214ae89ce49fbb8773371e6bb19a3e4ed1,complete_generated_structural_review,frontend_audit,Frontend project typecheck/lint/build passed; no per-line runtime coverage claim; Generated client AST/model structural parity and endpoint-pattern review; 231 interfaces checked,Generated model/endpoint AST and contract parity; not a complete human semantic read | full-AST-generated-model-structural-parity-or-endpoint-pattern
frontend/src/api/generated/models/screeningStatsOut.ts,generated_api_client,310,12,640ef45994b332828a171accc1d54c903b0eb08d2fc3ae9a22f09b9911e4a651,complete_generated_structural_review,frontend_audit,Frontend project typecheck/lint/build passed; no per-line runtime coverage claim; Generated client AST/model structural parity and endpoint-pattern review; 231 interfaces checked,Generated model/endpoint AST and contract parity; not a complete human semantic read | full-AST-generated-model-structural-parity-or-endpoint-pattern
frontend/src/api/generated/models/screeningUploadIn.ts,generated_api_client,757,32,30c9c851e340b8b6157e2bacfd2be708cdbb44cac27b9721623539f615d983a4,complete_generated_structural_review,frontend_audit,Frontend project typecheck/lint/build passed; no per-line runtime coverage claim; Generated client AST/model structural parity and endpoint-pattern review; 231 interfaces checked,Generated model/endpoint AST and contract parity; not a complete human semantic read | full-AST-generated-model-structural-parity-or-endpoint-pattern
frontend/src/api/generated/models/screeningUploadInBucket.ts,generated_api_client,571,22,e1661e088faad616a097ff1c09066af39c2b92ed94deade070c1714a53ba7456,complete_generated_structural_review,frontend_audit,Frontend project typecheck/lint/build passed; no per-line runtime coverage claim; Generated client AST/model structural parity and endpoint-pattern review; 231 interfaces checked,Generated model/endpoint AST and contract parity; not a complete human semantic read | full-AST-generated-model-structural-parity-or-endpoint-pattern
frontend/src/api/generated/models/screeningUploadInContentType.ts,generated_api_client,369,14,185da13d78b8e230c993b9be840b28a96b98192a860903b61c1b39cf4ea15347,complete_generated_structural_review,frontend_audit,Frontend project typecheck/lint/build passed; no per-line runtime coverage claim; Generated client AST/model structural parity and endpoint-pattern review; 231 interfaces checked,Generated model/endpoint AST and contract parity; not a complete human semantic read | full-AST-generated-model-structural-parity-or-endpoint-pattern
frontend/src/api/generated/models/screeningUploadOut.ts,generated_api_client,813,25,b7fd37dfcbc2a37cea978769c2a5aade2fc4f4d4c9431e7540170fd1be838057,complete_generated_structural_review,frontend_audit,Frontend project typecheck/lint/build passed; no per-line runtime coverage claim; Generated client AST/model structural parity and endpoint-pattern review; 231 interfaces checked,Generated model/endpoint AST and contract parity; not a complete human semantic read | full-AST-generated-model-structural-parity-or-endpoint-pattern
frontend/src/api/generated/models/screeningUploadOutUploadFields.ts,generated_api_client,198,8,95d09215e6110dd5df1f1fb8497f7025c9b9c5eec5d4076060640459b151c6ec,complete_generated_structural_review,frontend_audit,Frontend project typecheck/lint/build passed; no per-line runtime coverage claim; Generated client AST/model structural parity and endpoint-pattern review; 231 interfaces checked,Generated model/endpoint AST and contract parity; not a complete human semantic read | full-AST-generated-model-structural-parity-or-endpoint-pattern
frontend/src/api/generated/models/sensitivityItem.ts,generated_api_client,347,17,6e5b0a41e4a2542385dcc48e912ff7be6a3fb1d9c498318a64ef16d55f27b123,complete_generated_structural_review,frontend_audit,Frontend project typecheck/lint/build passed; no per-line runtime coverage claim; Generated client AST/model structural parity and endpoint-pattern review; 231 interfaces checked,Generated model/endpoint AST and contract parity; not a complete human semantic read | full-AST-generated-model-structural-parity-or-endpoint-pattern
frontend/src/api/generated/models/simBirth.ts,generated_api_client,302,15,3ca7383c4d280c5515903fcc97d226a8005863dd6792487a08e14e7680824814,complete_generated_structural_review,frontend_audit,Frontend project typecheck/lint/build passed; no per-line runtime coverage claim; Generated client AST/model structural parity and endpoint-pattern review; 231 interfaces checked,Generated model/endpoint AST and contract parity; not a complete human semantic read | full-AST-generated-model-structural-parity-or-endpoint-pattern
frontend/src/api/generated/models/simExit.ts,generated_api_client,237,14,06fdb40daa56f7b20a5ea45ffc215c7ff431edff6aca987d51d5f6ae42e0b158,complete_generated_structural_review,frontend_audit,Frontend project typecheck/lint/build passed; no per-line runtime coverage claim; Generated client AST/model structural parity and endpoint-pattern review; 231 interfaces checked,Generated model/endpoint AST and contract parity; not a complete human semantic read | full-AST-generated-model-structural-parity-or-endpoint-pattern
frontend/src/api/generated/models/simKidBirth.ts,generated_api_client,209,12,f11093c1c597a66e9733b01682b220ef3b7c4af1f796387a12f25e4c77c32ea0,complete_generated_structural_review,frontend_audit,Frontend project typecheck/lint/build passed; no per-line runtime coverage claim; Generated client AST/model structural parity and endpoint-pattern review; 231 interfaces checked,Generated model/endpoint AST and contract parity; not a complete human semantic read | full-AST-generated-model-structural-parity-or-endpoint-pattern
frontend/src/api/generated/models/simMove.ts,generated_api_client,430,20,27948eb098228d11c1d522ddc3d3c0b032daf4d76430b6e181d6166d60b1006f,complete_generated_structural_review,frontend_audit,Frontend project typecheck/lint/build passed; no per-line runtime coverage claim; Generated client AST/model structural parity and endpoint-pattern review; 231 interfaces checked,Generated model/endpoint AST and contract parity; not a complete human semantic read | full-AST-generated-model-structural-parity-or-endpoint-pattern
frontend/src/api/generated/models/simTask.ts,generated_api_client,424,22,a0a7bee2f4a4ab0c9b10795560eee02e41ef10710352c1ab8ca04c57ec94d6ec,complete_generated_structural_review,frontend_audit,Frontend project typecheck/lint/build passed; no per-line runtime coverage claim; Generated client AST/model structural parity and endpoint-pattern review; 231 interfaces checked,Generated model/endpoint AST and contract parity; not a complete human semantic read | full-AST-generated-model-structural-parity-or-endpoint-pattern
frontend/src/api/generated/models/simulationAssumptions.ts,generated_api_client,1513,39,570d071d03d53371aa35cdec1b4a9bdd76af8b465c3061a7a97657bbbdc1d7bf,complete_generated_structural_review,frontend_audit,Frontend project typecheck/lint/build passed; no per-line runtime coverage claim; Generated client AST/model structural parity and endpoint-pattern review; 231 interfaces checked,Generated model/endpoint AST and contract parity; not a complete human semantic read | full-AST-generated-model-structural-parity-or-endpoint-pattern
frontend/src/api/generated/models/simulationResult.ts,generated_api_client,1508,39,f6e6b75ee8e55d210a7fe72901e9986f329c1599dcffd383342a03e11e8d80e2,complete_generated_structural_review,frontend_audit,Frontend project typecheck/lint/build passed; no per-line runtime coverage claim; Generated client AST/model structural parity and endpoint-pattern review; 231 interfaces checked,Generated model/endpoint AST and contract parity; not a complete human semantic read | full-AST-generated-model-structural-parity-or-endpoint-pattern
frontend/src/api/generated/models/statusChangeIn.ts,generated_api_client,1034,29,5e8bc06223c862ec43f33122b6b9f4141bcaadb6fef70c6a05c046537f251857,complete_generated_structural_review,frontend_audit,Frontend project typecheck/lint/build passed; no per-line runtime coverage claim; Generated client AST/model structural parity and endpoint-pattern review; 231 interfaces checked,Generated model/endpoint AST and contract parity; not a complete human semantic read | full-AST-generated-model-structural-parity-or-endpoint-pattern
frontend/src/api/generated/models/statusChangeInDisposalMethod.ts,generated_api_client,442,17,d96ad330da4c227faf66d82bcfea83a91337cd21ca08542558919178f8eaaa35,complete_generated_structural_review,frontend_audit,Frontend project typecheck/lint/build passed; no per-line runtime coverage claim; Generated client AST/model structural parity and endpoint-pattern review; 231 interfaces checked,Generated model/endpoint AST and contract parity; not a complete human semantic read | full-AST-generated-model-structural-parity-or-endpoint-pattern
frontend/src/api/generated/models/statusChangeInMortalityCauseCode.ts,generated_api_client,824,29,7cb70ffa23dd2bbffcddad044218a69d461caba3be0538a395970e694233e915,complete_generated_structural_review,frontend_audit,Frontend project typecheck/lint/build passed; no per-line runtime coverage claim; Generated client AST/model structural parity and endpoint-pattern review; 231 interfaces checked,Generated model/endpoint AST and contract parity; not a complete human semantic read | full-AST-generated-model-structural-parity-or-endpoint-pattern
frontend/src/api/generated/models/statusChangeInNewStatus.ts,generated_api_client,343,15,9c1a5685faf22e8a8729216f88cfe91d41b2cdb699ffe782536c2ca9b42c7da1,complete_generated_structural_review,frontend_audit,Frontend project typecheck/lint/build passed; no per-line runtime coverage claim; Generated client AST/model structural parity and endpoint-pattern review; 231 interfaces checked,Generated model/endpoint AST and contract parity; not a complete human semantic read | full-AST-generated-model-structural-parity-or-endpoint-pattern
frontend/src/api/generated/models/stockAddIn.ts,generated_api_client,210,11,74dc94cd677adefd2ff6a88b3ae52941178347ef3b63f8b3a796e8d616fafc47,complete_generated_structural_review,frontend_audit,Frontend project typecheck/lint/build passed; no per-line runtime coverage claim; Generated client AST/model structural parity and endpoint-pattern review; 231 interfaces checked,Generated model/endpoint AST and contract parity; not a complete human semantic read | full-AST-generated-model-structural-parity-or-endpoint-pattern
frontend/src/api/generated/models/targetFill.ts,generated_api_client,393,20,acb61762a191f2c50a48e35055d3ec1ad06206e24d20426bb801fdad7806ace8,complete_generated_structural_review,frontend_audit,Frontend project typecheck/lint/build passed; no per-line runtime coverage claim; Generated client AST/model structural parity and endpoint-pattern review; 231 interfaces checked,Generated model/endpoint AST and contract parity; not a complete human semantic read | full-AST-generated-model-structural-parity-or-endpoint-pattern
frontend/src/api/generated/models/targetRisk.ts,generated_api_client,260,14,1ad37c957e1ec815fa49f2537567d97707dc3047549b99f37414799b000381ee,complete_generated_structural_review,frontend_audit,Frontend project typecheck/lint/build passed; no per-line runtime coverage claim; Generated client AST/model structural parity and endpoint-pattern review; 231 interfaces checked,Generated model/endpoint AST and contract parity; not a complete human semantic read | full-AST-generated-model-structural-parity-or-endpoint-pattern
frontend/src/api/generated/models/taskCreateIn.ts,generated_api_client,489,21,6ea9a1aece71c503eea6d371070cf4a7851d1f80d0478d9b1fd9bffee89814aa,complete_generated_structural_review,frontend_audit,Frontend project typecheck/lint/build passed; no per-line runtime coverage claim; Generated client AST/model structural parity and endpoint-pattern review; 231 interfaces checked,Generated model/endpoint AST and contract parity; not a complete human semantic read | full-AST-generated-model-structural-parity-or-endpoint-pattern
frontend/src/api/generated/models/taskCreateInCategory.ts,generated_api_client,337,15,bd2b54922957c801352b2482e61b738d1f47994e838c6489f8ca91daab6d316d,complete_generated_structural_review,frontend_audit,Frontend project typecheck/lint/build passed; no per-line runtime coverage claim; Generated client AST/model structural parity and endpoint-pattern review; 231 interfaces checked,Generated model/endpoint AST and contract parity; not a complete human semantic read | full-AST-generated-model-structural-parity-or-endpoint-pattern
frontend/src/api/generated/models/taskOut.ts,generated_api_client,1299,44,aeb7a99cc86c8367cac1d378343c86795e857018d557989d53602f103df9f22e,complete_generated_structural_review,frontend_audit,Frontend project typecheck/lint/build passed; no per-line runtime coverage claim; Generated client AST/model structural parity and endpoint-pattern review; 231 interfaces checked,Generated model/endpoint AST and contract parity; not a complete human semantic read | full-AST-generated-model-structural-parity-or-endpoint-pattern
frontend/src/api/generated/models/taskOutCategory.ts,generated_api_client,865,35,9957705fe1163c7cb09b8a997150b67e52950f27af27b0bc5549159ef00017cd,complete_generated_structural_review,frontend_audit,Frontend project typecheck/lint/build passed; no per-line runtime coverage claim; Generated client AST/model structural parity and endpoint-pattern review; 231 interfaces checked,Generated model/endpoint AST and contract parity; not a complete human semantic read | full-AST-generated-model-structural-parity-or-endpoint-pattern
frontend/src/api/generated/models/taskOutStatus.ts,generated_api_client,335,16,950784dcd6a2306328c1447f92b8a5995abeda2650e382de52ddf23ec43a1454,complete_generated_structural_review,frontend_audit,Frontend project typecheck/lint/build passed; no per-line runtime coverage claim; Generated client AST/model structural parity and endpoint-pattern review; 231 interfaces checked,Generated model/endpoint AST and contract parity; not a complete human semantic read | full-AST-generated-model-structural-parity-or-endpoint-pattern
frontend/src/api/generated/models/taskOutTitleArgs.ts,generated_api_client,187,8,63fba332ddf80802fbd1787687b4b5738bb4b9bbced06fd2219111b46e79ccf8,complete_generated_structural_review,frontend_audit,Frontend project typecheck/lint/build passed; no per-line runtime coverage claim; Generated client AST/model structural parity and endpoint-pattern review; 231 interfaces checked,Generated model/endpoint AST and contract parity; not a complete human semantic read | full-AST-generated-model-structural-parity-or-endpoint-pattern
frontend/src/api/generated/models/taskRejectIn.ts,generated_api_client,384,18,866c21d1b02d917c9f3f76819fd1923cc6bac14a1b419a1335c194c42798de8b,complete_generated_structural_review,frontend_audit,Frontend project typecheck/lint/build passed; no per-line runtime coverage claim; Generated client AST/model structural parity and endpoint-pattern review; 231 interfaces checked,Generated model/endpoint AST and contract parity; not a complete human semantic read | full-AST-generated-model-structural-parity-or-endpoint-pattern
frontend/src/api/generated/models/taskSkipIn.ts,generated_api_client,376,18,4b54dc8dd9ffbdced5d5baafc06212f6ab33e0272a0846d512c4e5b4b954a19e,complete_generated_structural_review,frontend_audit,Frontend project typecheck/lint/build passed; no per-line runtime coverage claim; Generated client AST/model structural parity and endpoint-pattern review; 231 interfaces checked,Generated model/endpoint AST and contract parity; not a complete human semantic read | full-AST-generated-model-structural-parity-or-endpoint-pattern
frontend/src/api/generated/models/taskTabsOut.ts,generated_api_client,625,27,cd08e7ffdcf91872cca6bc20e68a2efb95334582013962397b155c24cf932f98,complete_generated_structural_review,frontend_audit,Frontend project typecheck/lint/build passed; no per-line runtime coverage claim; Generated client AST/model structural parity and endpoint-pattern review; 231 interfaces checked,Generated model/endpoint AST and contract parity; not a complete human semantic read | full-AST-generated-model-structural-parity-or-endpoint-pattern
frontend/src/api/generated/models/teamOut.ts,generated_api_client,532,17,2936012c2553d52753e3395cded2b4e105a7baab5bd13123d435b90fd1c55159,complete_generated_structural_review,frontend_audit,Frontend project typecheck/lint/build passed; no per-line runtime coverage claim; Generated client AST/model structural parity and endpoint-pattern review; 231 interfaces checked,Generated model/endpoint AST and contract parity; not a complete human semantic read | full-AST-generated-model-structural-parity-or-endpoint-pattern
frontend/src/api/generated/models/teamOutPermissionLabels.ts,generated_api_client,191,8,dd2269e35125ab0cc9b3e2c34d5188bcdd5f285b24673872b7a4101f2964529b,complete_generated_structural_review,frontend_audit,Frontend project typecheck/lint/build passed; no per-line runtime coverage claim; Generated client AST/model structural parity and endpoint-pattern review; 231 interfaces checked,Generated model/endpoint AST and contract parity; not a complete human semantic read | full-AST-generated-model-structural-parity-or-endpoint-pattern
frontend/src/api/generated/models/terminalValueBreakdown.ts,generated_api_client,896,26,231e2bd6145c95169d92b82461b9a418c6da57af5f47c53307b29265d9d05472,complete_generated_structural_review,frontend_audit,Frontend project typecheck/lint/build passed; no per-line runtime coverage claim; Generated client AST/model structural parity and endpoint-pattern review; 231 interfaces checked,Generated model/endpoint AST and contract parity; not a complete human semantic read | full-AST-generated-model-structural-parity-or-endpoint-pattern
frontend/src/api/generated/models/tokenOut.ts,generated_api_client,264,13,829e9ea5044a783fcb78701e55e0e6f549e2e689985a22e131328c80381a4baf,complete_generated_structural_review,frontend_audit,Frontend project typecheck/lint/build passed; no per-line runtime coverage claim; Generated client AST/model structural parity and endpoint-pattern review; 231 interfaces checked,Generated model/endpoint AST and contract parity; not a complete human semantic read | full-AST-generated-model-structural-parity-or-endpoint-pattern
frontend/src/api/generated/models/totpChallengeIn.ts,generated_api_client,373,20,0f0040c0904c2f75aa7f6024045bc868021d2fef72dc8f3010467440ebff9871,complete_generated_structural_review,frontend_audit,Frontend project typecheck/lint/build passed; no per-line runtime coverage claim; Generated client AST/model structural parity and endpoint-pattern review; 231 interfaces checked,Generated model/endpoint AST and contract parity; not a complete human semantic read | full-AST-generated-model-structural-parity-or-endpoint-pattern
frontend/src/api/generated/models/totpCodeIn.ts,generated_api_client,257,15,3fb041dbdd63defc404ef7ddf9ac1bee6e7877a4a6c138eb69b5e655d9473b5b,complete_generated_structural_review,frontend_audit,Frontend project typecheck/lint/build passed; no per-line runtime coverage claim; Generated client AST/model structural parity and endpoint-pattern review; 231 interfaces checked,Generated model/endpoint AST and contract parity; not a complete human semantic read | full-AST-generated-model-structural-parity-or-endpoint-pattern
frontend/src/api/generated/models/totpDisableIn.ts,generated_api_client,344,20,45c5af21dc148b18c3377087a3c3d3359a5cc34e9b2db3eff5bba2cfb91a0813,complete_generated_structural_review,frontend_audit,Frontend project typecheck/lint/build passed; no per-line runtime coverage claim; Generated client AST/model structural parity and endpoint-pattern review; 231 interfaces checked,Generated model/endpoint AST and contract parity; not a complete human semantic read | full-AST-generated-model-structural-parity-or-endpoint-pattern
frontend/src/api/generated/models/totpEnrollIn.ts,generated_api_client,246,14,da24f0480b0920a6fd46b892fc289168b9991374389880a9cb7d094d55e9e762,complete_generated_structural_review,frontend_audit,Frontend project typecheck/lint/build passed; no per-line runtime coverage claim; Generated client AST/model structural parity and endpoint-pattern review; 231 interfaces checked,Generated model/endpoint AST and contract parity; not a complete human semantic read | full-AST-generated-model-structural-parity-or-endpoint-pattern
frontend/src/api/generated/models/totpEnrollOut.ts,generated_api_client,204,11,e94f281ba09c6a53327fe81e8aab1522a60ff7bf9366f7f2dcdbbdb30125daf9,complete_generated_structural_review,frontend_audit,Frontend project typecheck/lint/build passed; no per-line runtime coverage claim; Generated client AST/model structural parity and endpoint-pattern review; 231 interfaces checked,Generated model/endpoint AST and contract parity; not a complete human semantic read | full-AST-generated-model-structural-parity-or-endpoint-pattern
frontend/src/api/generated/models/totpRecoveryCodesOut.ts,generated_api_client,463,17,37cc0d3cd2b50e16c53318783d1848d02a43783640ff166f4e70fb7e635b9d52,complete_generated_structural_review,frontend_audit,Frontend project typecheck/lint/build passed; no per-line runtime coverage claim; Generated client AST/model structural parity and endpoint-pattern review; 231 interfaces checked,Generated model/endpoint AST and contract parity; not a complete human semantic read | full-AST-generated-model-structural-parity-or-endpoint-pattern
frontend/src/api/generated/models/totpRecoveryRegenerateIn.ts,generated_api_client,571,25,cb987eddba810b9b87243334b3b54975dc31764281a23e586d411a6281bde79b,complete_generated_structural_review,frontend_audit,Frontend project typecheck/lint/build passed; no per-line runtime coverage claim; Generated client AST/model structural parity and endpoint-pattern review; 231 interfaces checked,Generated model/endpoint AST and contract parity; not a complete human semantic read | full-AST-generated-model-structural-parity-or-endpoint-pattern
frontend/src/api/generated/models/transactionCorrectionIn.ts,generated_api_client,814,29,de85891fbf7e18f3c41a302ce2850c8a0c9b0d1bcc93a7226b8c4da843303f6f,complete_generated_structural_review,frontend_audit,Frontend project typecheck/lint/build passed; no per-line runtime coverage claim; Generated client AST/model structural parity and endpoint-pattern review; 231 interfaces checked,Generated model/endpoint AST and contract parity; not a complete human semantic read | full-AST-generated-model-structural-parity-or-endpoint-pattern
frontend/src/api/generated/models/transactionCorrectionInCategory.ts,generated_api_client,529,21,4cd99c5a218891149a0eac6de433e03f1a509676823213c15f3496719bc45a8f,complete_generated_structural_review,frontend_audit,Frontend project typecheck/lint/build passed; no per-line runtime coverage claim; Generated client AST/model structural parity and endpoint-pattern review; 231 interfaces checked,Generated model/endpoint AST and contract parity; not a complete human semantic read | full-AST-generated-model-structural-parity-or-endpoint-pattern
frontend/src/api/generated/models/transactionCorrectionInType.ts,generated_api_client,349,14,a0165e90658b9223c65f717cae33679122fc012b3f87a42fb905b4fe6fae4980,complete_generated_structural_review,frontend_audit,Frontend project typecheck/lint/build passed; no per-line runtime coverage claim; Generated client AST/model structural parity and endpoint-pattern review; 231 interfaces checked,Generated model/endpoint AST and contract parity; not a complete human semantic read | full-AST-generated-model-structural-parity-or-endpoint-pattern
frontend/src/api/generated/models/transactionIn.ts,generated_api_client,453,17,6c3bf27e310070144c2255552ec12cd2e1ca1a1c6100958ba77ec605fe065634,complete_generated_structural_review,frontend_audit,Frontend project typecheck/lint/build passed; no per-line runtime coverage claim; Generated client AST/model structural parity and endpoint-pattern review; 231 interfaces checked,Generated model/endpoint AST and contract parity; not a complete human semantic read | full-AST-generated-model-structural-parity-or-endpoint-pattern
frontend/src/api/generated/models/transactionInCategory.ts,generated_api_client,489,21,0fe82b6981a274afc14bbc84152603802ea0061e9b7ba692cafad416201928af,complete_generated_structural_review,frontend_audit,Frontend project typecheck/lint/build passed; no per-line runtime coverage claim; Generated client AST/model structural parity and endpoint-pattern review; 231 interfaces checked,Generated model/endpoint AST and contract parity; not a complete human semantic read | full-AST-generated-model-structural-parity-or-endpoint-pattern
frontend/src/api/generated/models/transactionInType.ts,generated_api_client,309,14,274e47e22322b638968dc247488ffb27c5d07c97ed58fa212ddd7d93704643d5,complete_generated_structural_review,frontend_audit,Frontend project typecheck/lint/build passed; no per-line runtime coverage claim; Generated client AST/model structural parity and endpoint-pattern review; 231 interfaces checked,Generated model/endpoint AST and contract parity; not a complete human semantic read | full-AST-generated-model-structural-parity-or-endpoint-pattern
frontend/src/api/generated/models/transactionOut.ts,generated_api_client,706,26,57e87e9e13adef3a0f7bbab6804af23a26e32f22cbefe55f808814be93d28be6,complete_generated_structural_review,frontend_audit,Frontend project typecheck/lint/build passed; no per-line runtime coverage claim; Generated client AST/model structural parity and endpoint-pattern review; 231 interfaces checked,Generated model/endpoint AST and contract parity; not a complete human semantic read | full-AST-generated-model-structural-parity-or-endpoint-pattern
frontend/src/api/generated/models/transactionOutCategory.ts,generated_api_client,493,21,9762af45fd9568fb19bc9ce049af50eb51bff1159445096a4ad4bcda4a3e49b5,complete_generated_structural_review,frontend_audit,Frontend project typecheck/lint/build passed; no per-line runtime coverage claim; Generated client AST/model structural parity and endpoint-pattern review; 231 interfaces checked,Generated model/endpoint AST and contract parity; not a complete human semantic read | full-AST-generated-model-structural-parity-or-endpoint-pattern
frontend/src/api/generated/models/transactionOutType.ts,generated_api_client,313,14,7d5828ba53d0ae89d4b5c864201094d295303c828cbc7e850bfdbb974d98dd49,complete_generated_structural_review,frontend_audit,Frontend project typecheck/lint/build passed; no per-line runtime coverage claim; Generated client AST/model structural parity and endpoint-pattern review; 231 interfaces checked,Generated model/endpoint AST and contract parity; not a complete human semantic read | full-AST-generated-model-structural-parity-or-endpoint-pattern
frontend/src/api/generated/models/transitionCount.ts,generated_api_client,245,13,91e045798f0bc33335447c015df6b9a33484f7575ce9b1f673c2edae77bebc4e,complete_generated_structural_review,frontend_audit,Frontend project typecheck/lint/build passed; no per-line runtime coverage claim; Generated client AST/model structural parity and endpoint-pattern review; 231 interfaces checked,Generated model/endpoint AST and contract parity; not a complete human semantic read | full-AST-generated-model-structural-parity-or-endpoint-pattern
frontend/src/api/generated/models/ultrasoundIn.ts,generated_api_client,236,12,c09066ccd0f4f30f090e8ce369d233f89fc13e6f6453f029b963da3c9094a103,complete_generated_structural_review,frontend_audit,Frontend project typecheck/lint/build passed; no per-line runtime coverage claim; Generated client AST/model structural parity and endpoint-pattern review; 231 interfaces checked,Generated model/endpoint AST and contract parity; not a complete human semantic read | full-AST-generated-model-structural-parity-or-endpoint-pattern
frontend/src/api/generated/models/userOut.ts,generated_api_client,338,15,4a1fb19e6896980cecc564e4d65a90067caff9d3f967d4e1c2a5884657a2f0cf,complete_generated_structural_review,frontend_audit,Frontend project typecheck/lint/build passed; no per-line runtime coverage claim; Generated client AST/model structural parity and endpoint-pattern review; 231 interfaces checked,Generated model/endpoint AST and contract parity; not a complete human semantic read | full-AST-generated-model-structural-parity-or-endpoint-pattern
frontend/src/api/generated/models/userOutTotpState.ts,generated_api_client,312,14,d89836cf8ac2061947e11bf7f7c9fce3eb3b9ac9074dbcd7533cbd5a886d5b53,complete_generated_structural_review,frontend_audit,Frontend project typecheck/lint/build passed; no per-line runtime coverage claim; Generated client AST/model structural parity and endpoint-pattern review; 231 interfaces checked,Generated model/endpoint AST and contract parity; not a complete human semantic read | full-AST-generated-model-structural-parity-or-endpoint-pattern
frontend/src/api/generated/models/viabilityMetrics.ts,generated_api_client,806,33,6edf30cd00d54ac7a270d7af1c452007572af67b4e90f72855a56eacbed2901e,complete_generated_structural_review,frontend_audit,Frontend project typecheck/lint/build passed; no per-line runtime coverage claim; Generated client AST/model structural parity and endpoint-pattern review; 231 interfaces checked,Generated model/endpoint AST and contract parity; not a complete human semantic read | full-AST-generated-model-structural-parity-or-endpoint-pattern
frontend/src/api/generated/models/weightIn.ts,generated_api_client,251,13,682e979ebc0f328df8a216daafe0ef819160db6b1b680c6598ed1d1f030990b9,complete_generated_structural_review,frontend_audit,Frontend project typecheck/lint/build passed; no per-line runtime coverage claim; Generated client AST/model structural parity and endpoint-pattern review; 231 interfaces checked,Generated model/endpoint AST and contract parity; not a complete human semantic read | full-AST-generated-model-structural-parity-or-endpoint-pattern
frontend/src/api/generated/models/weightRecordOut.ts,generated_api_client,284,15,e80ff100e39560ce8da1a342095d410c417b3f8c6d014e4db4951a6ba20becfa,complete_generated_structural_review,frontend_audit,Frontend project typecheck/lint/build passed; no per-line runtime coverage claim; Generated client AST/model structural parity and endpoint-pattern review; 231 interfaces checked,Generated model/endpoint AST and contract parity; not a complete human semantic read | full-AST-generated-model-structural-parity-or-endpoint-pattern
frontend/src/api/generated/models/workerCreateIn.ts,generated_api_client,367,19,98dcd166ffa8043449916ace35a71d3444fd67ff10b37781947433698c8fb906,complete_generated_structural_review,frontend_audit,Frontend project typecheck/lint/build passed; no per-line runtime coverage claim; Generated client AST/model structural parity and endpoint-pattern review; 231 interfaces checked,Generated model/endpoint AST and contract parity; not a complete human semantic read | full-AST-generated-model-structural-parity-or-endpoint-pattern
frontend/src/api/generated/models/workerLoginIn.ts,generated_api_client,490,28,97f7105f685537f9ef2a4e680ff71184a58c5261be6102d823985a0b1fc98ab9,complete_generated_structural_review,frontend_audit,Frontend project typecheck/lint/build passed; no per-line runtime coverage claim; Generated client AST/model structural parity and endpoint-pattern review; 231 interfaces checked,Generated model/endpoint AST and contract parity; not a complete human semantic read | full-AST-generated-model-structural-parity-or-endpoint-pattern
frontend/src/api/generated/models/workerPinResetIn.ts,generated_api_client,327,18,29849dd377722843846b85714405e45f69d02aee8e22afcd9333fc9fcb0f80b5,complete_generated_structural_review,frontend_audit,Frontend project typecheck/lint/build passed; no per-line runtime coverage claim; Generated client AST/model structural parity and endpoint-pattern review; 231 interfaces checked,Generated model/endpoint AST and contract parity; not a complete human semantic read | full-AST-generated-model-structural-parity-or-endpoint-pattern
frontend/src/api/generated/models/workerRosterApiAuthWorkerRosterGetParams.ts,generated_api_client,250,14,e893e6dbd5a395c7150750c9e7b9920437b9d07623b74fcc6b771b233639e103,complete_generated_structural_review,frontend_audit,Frontend project typecheck/lint/build passed; no per-line runtime coverage claim; Generated client AST/model structural parity and endpoint-pattern review; 231 interfaces checked,Generated model/endpoint AST and contract parity; not a complete human semantic read | full-AST-generated-model-structural-parity-or-endpoint-pattern
frontend/src/api/generated/models/workerRosterEntryOut.ts,generated_api_client,219,11,f6f06c2739a40fbf12b009962589f98aae1439e5f3ac61cb19f100954677645f,complete_generated_structural_review,frontend_audit,Frontend project typecheck/lint/build passed; no per-line runtime coverage claim; Generated client AST/model structural parity and endpoint-pattern review; 231 interfaces checked,Generated model/endpoint AST and contract parity; not a complete human semantic read | full-AST-generated-model-structural-parity-or-endpoint-pattern
frontend/src/api/generated/models/workerRosterOut.ts,generated_api_client,713,21,ede68173fcc5256eccce9ba93e9a2b01e0b796be8447b849e3c40524e45556bc,complete_generated_structural_review,frontend_audit,Frontend project typecheck/lint/build passed; no per-line runtime coverage claim; Generated client AST/model structural parity and endpoint-pattern review; 231 interfaces checked,Generated model/endpoint AST and contract parity; not a complete human semantic read | full-AST-generated-model-structural-parity-or-endpoint-pattern
frontend/src/api/generated/models/workerStatusIn.ts,generated_api_client,186,10,c0135b605ba8d8d14b8e5b7dcf0d68c9f33680fef89d9b67e45841f26a1cadbf,complete_generated_structural_review,frontend_audit,Frontend project typecheck/lint/build passed; no per-line runtime coverage claim; Generated client AST/model structural parity and endpoint-pattern review; 231 interfaces checked,Generated model/endpoint AST and contract parity; not a complete human semantic read | full-AST-generated-model-structural-parity-or-endpoint-pattern
frontend/src/app/(app)/animals/[id]/page.aria2.test.tsx,test_source_and_support,9225,251,574b67649e86202cdea1aad6352c2f055192e1d99da498bb83a393bc44d5c613,suite_execution_without_full_semantic_read,,Frontend project typecheck/lint/build passed; no per-line runtime coverage claim; Frontend Vitest suite/support: 5082 tests across 314 files passed; no per-file line coverage assertion,Test estate executed at suite level; not every fixture/assertion manually reviewed
frontend/src/app/(app)/animals/[id]/page.detail-panels.test.tsx,test_source_and_support,34921,928,7e58048ff3a304d70bc9442a22a9666ac855784e6d69f19d474bac989b963a10,suite_execution_without_full_semantic_read,,Frontend project typecheck/lint/build passed; no per-line runtime coverage claim; Frontend Vitest suite/support: 5082 tests across 314 files passed; no per-file line coverage assertion,Test estate executed at suite level; not every fixture/assertion manually reviewed
frontend/src/app/(app)/animals/[id]/page.dialog-lifecycle.test.tsx,test_source_and_support,27382,664,4a950580b2d85710d8ae7d2139cf34bfc555f2909142638085ab8f4e5c1cf878,suite_execution_without_full_semantic_read,,Frontend project typecheck/lint/build passed; no per-line runtime coverage claim; Frontend Vitest suite/support: 5082 tests across 314 files passed; no per-file line coverage assertion,Test estate executed at suite level; not every fixture/assertion manually reviewed
frontend/src/app/(app)/animals/[id]/page.dialog-validation.test.tsx,test_source_and_support,26945,670,c989a0de7e63e696c2e82ed03b9f9f2ac6ec248f6c7c7d3b4b8420a9cb3c2377,suite_execution_without_full_semantic_read,,Frontend project typecheck/lint/build passed; no per-line runtime coverage claim; Frontend Vitest suite/support: 5082 tests across 314 files passed; no per-file line coverage assertion,Test estate executed at suite level; not every fixture/assertion manually reviewed
frontend/src/app/(app)/animals/[id]/page.display-copy.test.tsx,test_source_and_support,34395,959,7feaaf940da676ac5f1679d46f07258fa2b7051a2ad01db455205f3a07f6c613,suite_execution_without_full_semantic_read,,Frontend project typecheck/lint/build passed; no per-line runtime coverage claim; Frontend Vitest suite/support: 5082 tests across 314 files passed; no per-file line coverage assertion,Test estate executed at suite level; not every fixture/assertion manually reviewed
frontend/src/app/(app)/animals/[id]/page.i18n.test.tsx,test_source_and_support,7651,212,d67b7674a7ed71b318f69a4222fa99e686f4fbebdafc228fc3ca605e2708cbda,suite_execution_without_full_semantic_read,,Frontend project typecheck/lint/build passed; no per-line runtime coverage claim; Frontend Vitest suite/support: 5082 tests across 314 files passed; no per-file line coverage assertion,Test estate executed at suite level; not every fixture/assertion manually reviewed
frontend/src/app/(app)/animals/[id]/page.mutation.test.tsx,test_source_and_support,15212,428,fb92683b6c4badb2e0b7e184652a7f2db602699ac40f87773909eb49029a6a38,suite_execution_without_full_semantic_read,,Frontend project typecheck/lint/build passed; no per-line runtime coverage claim; Frontend Vitest suite/support: 5082 tests across 314 files passed; no per-file line coverage assertion,Test estate executed at suite level; not every fixture/assertion manually reviewed
frontend/src/app/(app)/animals/[id]/page.phenotype.test.tsx,test_source_and_support,11537,325,acc0255a6dd4169f384a662033eee9ab3fcdc28f81d0c2e5c521ad7587c695ca,sampled_semantic_review,frontend_audit; frontend_domain_pages,Frontend project typecheck/lint/build passed; no per-line runtime coverage claim; Frontend Vitest suite/support: 5082 tests across 314 files passed; no per-file line coverage assertion,delegated-SAMPLED 1–245 (fixtures/harness only) | SAMPLED 1–245 (fixtures/harness only)
frontend/src/app/(app)/animals/[id]/page.test.tsx,test_source_and_support,87402,2061,1189c4a76d0c440e6393ac00f18431bd2b62297a59d98230e4ebba8c9666b581,suite_execution_without_full_semantic_read,,Frontend project typecheck/lint/build passed; no per-line runtime coverage claim; Frontend Vitest suite/support: 5082 tests across 314 files passed; no per-file line coverage assertion,Test estate executed at suite level; not every fixture/assertion manually reviewed
frontend/src/app/(app)/animals/[id]/page.tsx,frontend_application,96955,2419,c58323a05d1da43b0bb00414b5df49bc05b6a7309789f6d025573294b14743bc,complete_semantic_source_review,frontend_audit; frontend_domain_pages,Frontend project typecheck/lint/build passed; no per-line runtime coverage claim; Exercised by passing project unit suites and targeted audit probes; individual execution-path completeness not asserted,complete-source-manual-delegated | FULL 1–2419 (nontruncated overlapping chunks)
frontend/src/app/(app)/animals/new/page.campaign.test.tsx,test_source_and_support,1515,47,292525f1efccbc658cb3158da25f1e1188108302a7d773ee0872eafd92d7fdeb,suite_execution_without_full_semantic_read,,Frontend project typecheck/lint/build passed; no per-line runtime coverage claim; Frontend Vitest suite/support: 5082 tests across 314 files passed; no per-file line coverage assertion,Test estate executed at suite level; not every fixture/assertion manually reviewed
frontend/src/app/(app)/animals/new/page.test.tsx,test_source_and_support,1896,55,b8d9078e1496821a6b383dff4d638bc6c962650cd898b2b94a57fa183ca6a73b,suite_execution_without_full_semantic_read,,Frontend project typecheck/lint/build passed; no per-line runtime coverage claim; Frontend Vitest suite/support: 5082 tests across 314 files passed; no per-file line coverage assertion,Test estate executed at suite level; not every fixture/assertion manually reviewed
frontend/src/app/(app)/animals/new/page.tsx,frontend_application,1951,47,a164c075cd234b96fede873b3875814c584d7623fe370fa1f3322ea95cd6a11d,complete_semantic_source_review,frontend_audit; frontend_domain_pages,Frontend project typecheck/lint/build passed; no per-line runtime coverage claim; Exercised by passing project unit suites and targeted audit probes; individual execution-path completeness not asserted,complete-source-manual | FULL
frontend/src/app/(app)/animals/page.boundaries.test.tsx,test_source_and_support,13075,339,5f38b00ada397225a3e8dc57783cbbcb92aad54125c7153596e07cd9017c597c,suite_execution_without_full_semantic_read,,Frontend project typecheck/lint/build passed; no per-line runtime coverage claim; Frontend Vitest suite/support: 5082 tests across 314 files passed; no per-file line coverage assertion,Test estate executed at suite level; not every fixture/assertion manually reviewed
frontend/src/app/(app)/animals/page.bucket-sex-parity.test.tsx,test_source_and_support,12876,337,a2acbb3b7344f906e1915f64c81d58856b23cd3b5899de48d803f9038934186e,suite_execution_without_full_semantic_read,,Frontend project typecheck/lint/build passed; no per-line runtime coverage claim; Frontend Vitest suite/support: 5082 tests across 314 files passed; no per-file line coverage assertion,Test estate executed at suite level; not every fixture/assertion manually reviewed
frontend/src/app/(app)/animals/page.campaign.test.tsx,test_source_and_support,23322,585,278b9adc35cb0092d13c3f25e69ecc8db4cbda1a7b1d3bf7b32e6921dc0de072,suite_execution_without_full_semantic_read,,Frontend project typecheck/lint/build passed; no per-line runtime coverage claim; Frontend Vitest suite/support: 5082 tests across 314 files passed; no per-file line coverage assertion,Test estate executed at suite level; not every fixture/assertion manually reviewed
frontend/src/app/(app)/animals/page.deeplink.test.tsx,test_source_and_support,2920,79,1ed352d5e7fa09cc5b17e35223c512d346c78824c3cfee88949853c195fdb2a1,suite_execution_without_full_semantic_read,,Frontend project typecheck/lint/build passed; no per-line runtime coverage claim; Frontend Vitest suite/support: 5082 tests across 314 files passed; no per-file line coverage assertion,Test estate executed at suite level; not every fixture/assertion manually reviewed
frontend/src/app/(app)/animals/page.dom-caps.test.tsx,test_source_and_support,3513,109,ba14e6ca19497baedfbbae74315574b16e7db23b567f2e901a8ebde0551c0e2e,suite_execution_without_full_semantic_read,,Frontend project typecheck/lint/build passed; no per-line runtime coverage claim; Frontend Vitest suite/support: 5082 tests across 314 files passed; no per-file line coverage assertion,Test estate executed at suite level; not every fixture/assertion manually reviewed
frontend/src/app/(app)/animals/page.extended.test.tsx,test_source_and_support,47142,1112,17655e55e46e8afdf662b6abf5e065653f7c39a217bd1fa52139b79843a352dc,suite_execution_without_full_semantic_read,,Frontend project typecheck/lint/build passed; no per-line runtime coverage claim; Frontend Vitest suite/support: 5082 tests across 314 files passed; no per-file line coverage assertion,Test estate executed at suite level; not every fixture/assertion manually reviewed
frontend/src/app/(app)/animals/page.filters-and-labels.test.tsx,test_source_and_support,23235,568,929dde0c1d10e8d50fa73ee0063ac087712d32bc6164b33a5028c8b5875e351e,suite_execution_without_full_semantic_read,,Frontend project typecheck/lint/build passed; no per-line runtime coverage claim; Frontend Vitest suite/support: 5082 tests across 314 files passed; no per-file line coverage assertion,Test estate executed at suite level; not every fixture/assertion manually reviewed
frontend/src/app/(app)/animals/page.i18n.test.tsx,test_source_and_support,7468,167,5064736c3046745264bce4d58dd8c180f93163a687632fdee7f481180cb4287d,suite_execution_without_full_semantic_read,,Frontend project typecheck/lint/build passed; no per-line runtime coverage claim; Frontend Vitest suite/support: 5082 tests across 314 files passed; no per-file line coverage assertion,Test estate executed at suite level; not every fixture/assertion manually reviewed
frontend/src/app/(app)/animals/page.mutation.test.tsx,test_source_and_support,28498,680,091de97c2524e2b99f9996d744da833964e813bc07b7c842387c6d1287bb24c7,suite_execution_without_full_semantic_read,,Frontend project typecheck/lint/build passed; no per-line runtime coverage claim; Frontend Vitest suite/support: 5082 tests across 314 files passed; no per-file line coverage assertion,Test estate executed at suite level; not every fixture/assertion manually reviewed
frontend/src/app/(app)/animals/page.pagination.test.tsx,test_source_and_support,26123,600,1dda825c511429c750070d18dcc3e0de2d39a29e6e36390e9bcf7661f4d33b88,suite_execution_without_full_semantic_read,,Frontend project typecheck/lint/build passed; no per-line runtime coverage claim; Frontend Vitest suite/support: 5082 tests across 314 files passed; no per-file line coverage assertion,Test estate executed at suite level; not every fixture/assertion manually reviewed
frontend/src/app/(app)/animals/page.phenotype.test.tsx,test_source_and_support,3923,114,c01a2e7de30b92f6b1b90df808d5592025200da5cd47b09bcf08109194013652,suite_execution_without_full_semantic_read,,Frontend project typecheck/lint/build passed; no per-line runtime coverage claim; Frontend Vitest suite/support: 5082 tests across 314 files passed; no per-file line coverage assertion,Test estate executed at suite level; not every fixture/assertion manually reviewed
frontend/src/app/(app)/animals/page.races.test.tsx,test_source_and_support,9358,260,3f93bd0b1ba50d045f57a65cd9c8391929dc3f2becd14c52388c3326cc712b98,suite_execution_without_full_semantic_read,,Frontend project typecheck/lint/build passed; no per-line runtime coverage claim; Frontend Vitest suite/support: 5082 tests across 314 files passed; no per-file line coverage assertion,Test estate executed at suite level; not every fixture/assertion manually reviewed
frontend/src/app/(app)/animals/page.request-contract.test.tsx,test_source_and_support,17459,428,79c03403d86b886147642135f0d785a35ce9b5f790ea0c55fbe8aabba13b445c,suite_execution_without_full_semantic_read,,Frontend project typecheck/lint/build passed; no per-line runtime coverage claim; Frontend Vitest suite/support: 5082 tests across 314 files passed; no per-file line coverage assertion,Test estate executed at suite level; not every fixture/assertion manually reviewed
frontend/src/app/(app)/animals/page.search-normalisation.test.tsx,test_source_and_support,23456,591,4b3da10a9d78fea8175497cad7fdca16aae43c528c760d601f96eb1ca7069824,suite_execution_without_full_semantic_read,,Frontend project typecheck/lint/build passed; no per-line runtime coverage claim; Frontend Vitest suite/support: 5082 tests across 314 files passed; no per-file line coverage assertion,Test estate executed at suite level; not every fixture/assertion manually reviewed
frontend/src/app/(app)/animals/page.test.tsx,test_source_and_support,8863,248,142cd666a9fe119ed61a2e3b6be9e1a478fa9b3755d90cffdd79e43732537a5b,suite_execution_without_full_semantic_read,,Frontend project typecheck/lint/build passed; no per-line runtime coverage claim; Frontend Vitest suite/support: 5082 tests across 314 files passed; no per-file line coverage assertion,Test estate executed at suite level; not every fixture/assertion manually reviewed
frontend/src/app/(app)/animals/page.tsx,frontend_application,77531,1730,29c8921454bff4f4942baad25c3e7c64fe736b8f8dcd7a50f9b9e3c0a1ac3f9c,complete_semantic_source_review,frontend_audit; frontend_domain_pages,Frontend project typecheck/lint/build passed; no per-line runtime coverage claim; Exercised by passing project unit suites and targeted audit probes; individual execution-path completeness not asserted,complete-source-manual-delegated | FULL 1–1730 (nontruncated overlapping chunks)
frontend/src/app/(app)/animals/select-label.bugs.test.tsx,test_source_and_support,4262,119,04b68f536680f66377a7c285bdbc3f453bfdb254b003a35cbd8e277a3d6ecfb6,suite_execution_without_full_semantic_read,,Frontend project typecheck/lint/build passed; no per-line runtime coverage claim; Frontend Vitest suite/support: 5082 tests across 314 files passed; no per-file line coverage assertion,Test estate executed at suite level; not every fixture/assertion manually reviewed
frontend/src/app/(app)/app-layout-client.campaign.test.tsx,test_source_and_support,3251,85,9b77ae0045bfd8c2966c1186ef47c919fce279d03258c7b11b2df59421dce6e5,suite_execution_without_full_semantic_read,,Frontend project typecheck/lint/build passed; no per-line runtime coverage claim; Frontend Vitest suite/support: 5082 tests across 314 files passed; no per-file line coverage assertion,Test estate executed at suite level; not every fixture/assertion manually reviewed
frontend/src/app/(app)/app-layout-client.mutation.test.tsx,test_source_and_support,7403,207,4dcc5f3c44c387cf6ce07b7aecdd61f87f8498a6aa6bddb6067a7c64793ac187,suite_execution_without_full_semantic_read,,Frontend project typecheck/lint/build passed; no per-line runtime coverage claim; Frontend Vitest suite/support: 5082 tests across 314 files passed; no per-file line coverage assertion,Test estate executed at suite level; not every fixture/assertion manually reviewed
frontend/src/app/(app)/app-layout-client.tsx,frontend_application,17029,479,4813e62156c4e7f38c250d77d2708f109f66d8ff0efa137857b0739036dd42f1,complete_semantic_source_review,frontend_audit,Frontend project typecheck/lint/build passed; no per-line runtime coverage claim; Exercised by passing project unit suites and targeted audit probes; individual execution-path completeness not asserted,complete-source-manual
frontend/src/app/(app)/breeding/[id]/ultrasound/page.test.tsx,test_source_and_support,2035,66,f50076671c47a19f9e194eb93c0f8e320b0b217db995b8e15b459ebc35de1012,suite_execution_without_full_semantic_read,,Frontend project typecheck/lint/build passed; no per-line runtime coverage claim; Frontend Vitest suite/support: 5082 tests across 314 files passed; no per-file line coverage assertion,Test estate executed at suite level; not every fixture/assertion manually reviewed
frontend/src/app/(app)/breeding/[id]/ultrasound/page.tsx,frontend_application,2518,69,803a71ecca3c254ead31c7801b74f91f041dc084f9389e339b570002b5e251ef,complete_semantic_source_review,frontend_audit; frontend_domain_pages,Frontend project typecheck/lint/build passed; no per-line runtime coverage claim; Exercised by passing project unit suites and targeted audit probes; individual execution-path completeness not asserted,complete-source-manual | FULL 1–69
frontend/src/app/(app)/breeding/page.campaign.test.tsx,test_source_and_support,30730,811,1c76dfd3b299171e77997db1a8194f979f9111a70c68ad7962aad75dc584d497,suite_execution_without_full_semantic_read,,Frontend project typecheck/lint/build passed; no per-line runtime coverage claim; Frontend Vitest suite/support: 5082 tests across 314 files passed; no per-file line coverage assertion,Test estate executed at suite level; not every fixture/assertion manually reviewed
frontend/src/app/(app)/breeding/page.dialog-guards.test.tsx,test_source_and_support,31303,798,5c4ae49da6891894e6d105efdea4c775dd18f69408f8e7ef475ada81646caada,suite_execution_without_full_semantic_read,,Frontend project typecheck/lint/build passed; no per-line runtime coverage claim; Frontend Vitest suite/support: 5082 tests across 314 files passed; no per-file line coverage assertion,Test estate executed at suite level; not every fixture/assertion manually reviewed
frontend/src/app/(app)/breeding/page.dom-caps.test.tsx,test_source_and_support,5408,155,4c111b9379d0719cea9a5127d8675cbf33e311ab8c79fb2f15ad76547fa5fc28,suite_execution_without_full_semantic_read,,Frontend project typecheck/lint/build passed; no per-line runtime coverage claim; Frontend Vitest suite/support: 5082 tests across 314 files passed; no per-file line coverage assertion,Test estate executed at suite level; not every fixture/assertion manually reviewed
frontend/src/app/(app)/breeding/page.extended.test.tsx,test_source_and_support,48502,1210,cba6fb434650a0bdf3eb880704d12a2dcbf0fd313cdc75b51a99618bcb603127,suite_execution_without_full_semantic_read,,Frontend project typecheck/lint/build passed; no per-line runtime coverage claim; Frontend Vitest suite/support: 5082 tests across 314 files passed; no per-file line coverage assertion,Test estate executed at suite level; not every fixture/assertion manually reviewed
frontend/src/app/(app)/breeding/page.i18n.test.tsx,test_source_and_support,5904,150,3361f71f7d333f85552e74859861d9870fb2306d02e6327e81220d01b9a04b34,suite_execution_without_full_semantic_read,,Frontend project typecheck/lint/build passed; no per-line runtime coverage claim; Frontend Vitest suite/support: 5082 tests across 314 files passed; no per-file line coverage assertion,Test estate executed at suite level; not every fixture/assertion manually reviewed
frontend/src/app/(app)/breeding/page.mobile-cards.test.tsx,test_source_and_support,5805,168,a629297beb3c47cc47bb64612ad11d6c4899449ecbb8eab22c8ef767b2966e80,suite_execution_without_full_semantic_read,,Frontend project typecheck/lint/build passed; no per-line runtime coverage claim; Frontend Vitest suite/support: 5082 tests across 314 files passed; no per-file line coverage assertion,Test estate executed at suite level; not every fixture/assertion manually reviewed
frontend/src/app/(app)/breeding/page.mutation.test.tsx,test_source_and_support,28895,784,d1e87a8e8ee8b6ae8389687c44d5dd4e410b73a8cf63611674669028b154f864,suite_execution_without_full_semantic_read,,Frontend project typecheck/lint/build passed; no per-line runtime coverage claim; Frontend Vitest suite/support: 5082 tests across 314 files passed; no per-file line coverage assertion,Test estate executed at suite level; not every fixture/assertion manually reviewed
frontend/src/app/(app)/breeding/page.outcome-copy.test.tsx,test_source_and_support,29906,740,336dd08873f302e5beaa651f4a56d6653a11e1f60fb95b020db43fb46bc0f1a4,suite_execution_without_full_semantic_read,,Frontend project typecheck/lint/build passed; no per-line runtime coverage claim; Frontend Vitest suite/support: 5082 tests across 314 files passed; no per-file line coverage assertion,Test estate executed at suite level; not every fixture/assertion manually reviewed
frontend/src/app/(app)/breeding/page.tsx,frontend_application,60270,1397,2189e837999efd45f954a9939907e363f4847072db3454ee248ecd8e3318d06d,complete_semantic_source_review,frontend_audit; frontend_domain_pages,Frontend project typecheck/lint/build passed; no per-line runtime coverage claim; Exercised by passing project unit suites and targeted audit probes; individual execution-path completeness not asserted,complete-source-manual-delegated | FULL 1–1397 (nontruncated overlapping chunks)
frontend/src/app/(app)/buckets/page.campaign.test.tsx,test_source_and_support,1491,50,fc2d7bfdfb30180c9bf9a193892b06d3afc4fa70df195e59019ef60d2b168a47,suite_execution_without_full_semantic_read,,Frontend project typecheck/lint/build passed; no per-line runtime coverage claim; Frontend Vitest suite/support: 5082 tests across 314 files passed; no per-file line coverage assertion,Test estate executed at suite level; not every fixture/assertion manually reviewed
frontend/src/app/(app)/buckets/page.mutation.test.tsx,test_source_and_support,5135,157,0b38c851ac0672df26c210b105234c044d8e717a07a1640a60cc7d182fa93d00,suite_execution_without_full_semantic_read,,Frontend project typecheck/lint/build passed; no per-line runtime coverage claim; Frontend Vitest suite/support: 5082 tests across 314 files passed; no per-file line coverage assertion,Test estate executed at suite level; not every fixture/assertion manually reviewed
frontend/src/app/(app)/buckets/page.preview-truncation.test.tsx,test_source_and_support,4482,130,23a8b48ef87fda11d22780714e60cf2f6ae325c34cc33400327860bbe71b63e3,suite_execution_without_full_semantic_read,,Frontend project typecheck/lint/build passed; no per-line runtime coverage claim; Frontend Vitest suite/support: 5082 tests across 314 files passed; no per-file line coverage assertion,Test estate executed at suite level; not every fixture/assertion manually reviewed
frontend/src/app/(app)/buckets/page.test.tsx,test_source_and_support,12922,346,3d5aa3ca56495d9efda028c01c6bdd973b777195169dd4be8d92b83fe2e12f96,suite_execution_without_full_semantic_read,,Frontend project typecheck/lint/build passed; no per-line runtime coverage claim; Frontend Vitest suite/support: 5082 tests across 314 files passed; no per-file line coverage assertion,Test estate executed at suite level; not every fixture/assertion manually reviewed
frontend/src/app/(app)/buckets/page.tsx,frontend_application,7921,205,7e5552c5f80ff5f67175401fcbc9690056b6b226007f4f2f222b7a137f4950e1,complete_semantic_source_review,frontend_audit,Frontend project typecheck/lint/build passed; no per-line runtime coverage claim; Exercised by passing project unit suites and targeted audit probes; individual execution-path completeness not asserted,complete-source-manual
frontend/src/app/(app)/dashboard/page.advisory.test.tsx,test_source_and_support,5811,194,fd75e039d8fb22e7cec5db69169ff26e97f4eb613712b9c368fc01a91ab8da1f,suite_execution_without_full_semantic_read,,Frontend project typecheck/lint/build passed; no per-line runtime coverage claim; Frontend Vitest suite/support: 5082 tests across 314 files passed; no per-file line coverage assertion,Test estate executed at suite level; not every fixture/assertion manually reviewed
frontend/src/app/(app)/dashboard/page.extended.test.tsx,test_source_and_support,32338,878,ede0fc8b6e99e25ce7edec2acb86ad8c0cb2741b090bf48a9cbbf64b19a402ad,suite_execution_without_full_semantic_read,,Frontend project typecheck/lint/build passed; no per-line runtime coverage claim; Frontend Vitest suite/support: 5082 tests across 314 files passed; no per-file line coverage assertion,Test estate executed at suite level; not every fixture/assertion manually reviewed
frontend/src/app/(app)/dashboard/page.mutation.test.tsx,test_source_and_support,14729,414,c042c48f8a3e304e3c72871da4c03f9af1a5292227a4349b3852f82d46e8976f,suite_execution_without_full_semantic_read,,Frontend project typecheck/lint/build passed; no per-line runtime coverage claim; Frontend Vitest suite/support: 5082 tests across 314 files passed; no per-file line coverage assertion,Test estate executed at suite level; not every fixture/assertion manually reviewed
frontend/src/app/(app)/dashboard/page.test.tsx,test_source_and_support,31619,871,7ffddc77c63bffa68ae25f71f719e0475071b3a156cf48c4e6df695968e07580,suite_execution_without_full_semantic_read,,Frontend project typecheck/lint/build passed; no per-line runtime coverage claim; Frontend Vitest suite/support: 5082 tests across 314 files passed; no per-file line coverage assertion,Test estate executed at suite level; not every fixture/assertion manually reviewed
frontend/src/app/(app)/dashboard/page.tsx,frontend_application,44777,1020,856339c2c45a3fb6296ce4b0d9f8d516a0f98777a0dfeb45c8330d0d68037b4e,complete_semantic_source_review,frontend_audit; frontend_domain_pages,Frontend project typecheck/lint/build passed; no per-line runtime coverage claim; Exercised by passing project unit suites and targeted audit probes; individual execution-path completeness not asserted,complete-source-manual-delegated | FULL 1–1020 (nontruncated overlapping chunks)
frontend/src/app/(app)/error.tsx,frontend_application,1245,40,f54de5d669d710174eb173d8a386dcbfbb026dbb8ee4c9587a1f35fa08694ffc,complete_semantic_source_review,frontend_audit,Frontend project typecheck/lint/build passed; no per-line runtime coverage claim; Exercised by passing project unit suites and targeted audit probes; individual execution-path completeness not asserted,complete-source-manual
frontend/src/app/(app)/feeding/inventory/page.extended.test.tsx,test_source_and_support,23250,618,d80c08ed87d29b3f98d19c04846b20266f9b37d2d9773950d23e2e1cbd84b6a3,suite_execution_without_full_semantic_read,,Frontend project typecheck/lint/build passed; no per-line runtime coverage claim; Frontend Vitest suite/support: 5082 tests across 314 files passed; no per-file line coverage assertion,Test estate executed at suite level; not every fixture/assertion manually reviewed
frontend/src/app/(app)/feeding/inventory/page.mobile-cards.test.tsx,test_source_and_support,4132,116,d65fb7dba1197fefd54ac39b33d96f4dc00e065c3af15a1be88bf3964923ff80,suite_execution_without_full_semantic_read,,Frontend project typecheck/lint/build passed; no per-line runtime coverage claim; Frontend Vitest suite/support: 5082 tests across 314 files passed; no per-file line coverage assertion,Test estate executed at suite level; not every fixture/assertion manually reviewed
frontend/src/app/(app)/feeding/inventory/page.mutation.test.tsx,test_source_and_support,17140,411,4d297518708b49ea7cbff36546f1a84aaabc7a48bfdf3224f2dbec2061760fcf,suite_execution_without_full_semantic_read,,Frontend project typecheck/lint/build passed; no per-line runtime coverage claim; Frontend Vitest suite/support: 5082 tests across 314 files passed; no per-file line coverage assertion,Test estate executed at suite level; not every fixture/assertion manually reviewed
frontend/src/app/(app)/feeding/inventory/page.tabs-and-stock.test.tsx,test_source_and_support,24068,638,c4649e994c581ce5ba1d99f985560b3990e4c1693489138ebbe73360f9563cad,suite_execution_without_full_semantic_read,,Frontend project typecheck/lint/build passed; no per-line runtime coverage claim; Frontend Vitest suite/support: 5082 tests across 314 files passed; no per-file line coverage assertion,Test estate executed at suite level; not every fixture/assertion manually reviewed
frontend/src/app/(app)/feeding/inventory/page.tsx,frontend_application,26357,677,11372ee74b770786894009ca08dd3323e53dcda25b1114d08233b302d0240b7d,complete_semantic_source_review,frontend_audit; frontend_domain_pages,Frontend project typecheck/lint/build passed; no per-line runtime coverage claim; Exercised by passing project unit suites and targeted audit probes; individual execution-path completeness not asserted,complete-source-manual-delegated | FULL 1–677 (nontruncated overlapping chunks)
frontend/src/app/(app)/feeding/page.badge.test.tsx,test_source_and_support,3778,127,0346dd969cc0354cd999b5e63eb93f57ff575c53d546ed874050b23bef793d9f,suite_execution_without_full_semantic_read,,Frontend project typecheck/lint/build passed; no per-line runtime coverage claim; Frontend Vitest suite/support: 5082 tests across 314 files passed; no per-file line coverage assertion,Test estate executed at suite level; not every fixture/assertion manually reviewed
frontend/src/app/(app)/feeding/page.completion-boundaries.test.tsx,test_source_and_support,29982,827,c0b36bb1b6ab6d210f2f27db74e4af0088d023278e7ec0ba71ddf3129e2779db,suite_execution_without_full_semantic_read,,Frontend project typecheck/lint/build passed; no per-line runtime coverage claim; Frontend Vitest suite/support: 5082 tests across 314 files passed; no per-file line coverage assertion,Test estate executed at suite level; not every fixture/assertion manually reviewed
frontend/src/app/(app)/feeding/page.echo.test.tsx,test_source_and_support,4114,118,7d7831c93ba5f9ef21dd42058d7c0afa2ef3985bce1df72f56f9cae88006bbd5,suite_execution_without_full_semantic_read,,Frontend project typecheck/lint/build passed; no per-line runtime coverage claim; Frontend Vitest suite/support: 5082 tests across 314 files passed; no per-file line coverage assertion,Test estate executed at suite level; not every fixture/assertion manually reviewed
frontend/src/app/(app)/feeding/page.extended.test.tsx,test_source_and_support,40537,1075,463d7b262b4e50fd5f2dcfa7de1e7f43f3d544629c5c6f9e66fb1686618ae46d,suite_execution_without_full_semantic_read,,Frontend project typecheck/lint/build passed; no per-line runtime coverage claim; Frontend Vitest suite/support: 5082 tests across 314 files passed; no per-file line coverage assertion,Test estate executed at suite level; not every fixture/assertion manually reviewed
frontend/src/app/(app)/feeding/page.language.test.tsx,test_source_and_support,4856,123,24f9f5da7283c91f363884483a2cd7164190ae4f98ab6f34969c84a2e2f6cd8f,suite_execution_without_full_semantic_read,,Frontend project typecheck/lint/build passed; no per-line runtime coverage claim; Frontend Vitest suite/support: 5082 tests across 314 files passed; no per-file line coverage assertion,Test estate executed at suite level; not every fixture/assertion manually reviewed
frontend/src/app/(app)/feeding/page.mobile-cards.test.tsx,test_source_and_support,3883,116,0558d1cefc5b5dbb3947cccd30612d5e4132ea4e415c9cb4dc92e04976fe696d,suite_execution_without_full_semantic_read,,Frontend project typecheck/lint/build passed; no per-line runtime coverage claim; Frontend Vitest suite/support: 5082 tests across 314 files passed; no per-file line coverage assertion,Test estate executed at suite level; not every fixture/assertion manually reviewed
frontend/src/app/(app)/feeding/page.mutation.test.tsx,test_source_and_support,9357,250,70926b728fd9651c5c2170e8015a6dc8f2ad77ff90d2a4b87b52cfa62addc8dc,suite_execution_without_full_semantic_read,,Frontend project typecheck/lint/build passed; no per-line runtime coverage claim; Frontend Vitest suite/support: 5082 tests across 314 files passed; no per-file line coverage assertion,Test estate executed at suite level; not every fixture/assertion manually reviewed
frontend/src/app/(app)/feeding/page.mutation2.test.tsx,test_source_and_support,24434,657,ebb6aa2609fea98ac69afe90d03661b5b7e0171378c0ed94768cc470c5026df7,suite_execution_without_full_semantic_read,,Frontend project typecheck/lint/build passed; no per-line runtime coverage claim; Frontend Vitest suite/support: 5082 tests across 314 files passed; no per-file line coverage assertion,Test estate executed at suite level; not every fixture/assertion manually reviewed
frontend/src/app/(app)/feeding/page.races.test.tsx,test_source_and_support,5411,140,28b86696864e70d00426e8b1a62c03c733115e60477fa8a35fd473ab711e8df9,suite_execution_without_full_semantic_read,,Frontend project typecheck/lint/build passed; no per-line runtime coverage claim; Frontend Vitest suite/support: 5082 tests across 314 files passed; no per-file line coverage assertion,Test estate executed at suite level; not every fixture/assertion manually reviewed
frontend/src/app/(app)/feeding/page.section-wiring.test.tsx,test_source_and_support,28521,757,15a1764c71448f63a542e52b3f771c23432cecc314e00bea41744576b8b2a707,suite_execution_without_full_semantic_read,,Frontend project typecheck/lint/build passed; no per-line runtime coverage claim; Frontend Vitest suite/support: 5082 tests across 314 files passed; no per-file line coverage assertion,Test estate executed at suite level; not every fixture/assertion manually reviewed
frontend/src/app/(app)/feeding/page.tsx,frontend_application,49072,1186,7c6c6f1feff71bc996aa46126811f8a685f8f61bc140d78a8073efa223dc341e,complete_semantic_source_review,frontend_audit; frontend_domain_pages,Frontend project typecheck/lint/build passed; no per-line runtime coverage claim; Exercised by passing project unit suites and targeted audit probes; individual execution-path completeness not asserted,complete-source-manual-delegated | FULL 1–1186 (nontruncated overlapping chunks)
frontend/src/app/(app)/feeding/recipes/page.extended.test.tsx,test_source_and_support,5871,168,a133c1a65135772b1304ed56d0826559ae7eaa84c32aa9e22b3398250dd67cec,suite_execution_without_full_semantic_read,,Frontend project typecheck/lint/build passed; no per-line runtime coverage claim; Frontend Vitest suite/support: 5082 tests across 314 files passed; no per-file line coverage assertion,Test estate executed at suite level; not every fixture/assertion manually reviewed
frontend/src/app/(app)/feeding/recipes/page.mutation.test.tsx,test_source_and_support,5164,140,489f490a0811ea3dc46ee2a385e23a93f657223080e04f0c1f78c0e83acf12eb,suite_execution_without_full_semantic_read,,Frontend project typecheck/lint/build passed; no per-line runtime coverage claim; Frontend Vitest suite/support: 5082 tests across 314 files passed; no per-file line coverage assertion,Test estate executed at suite level; not every fixture/assertion manually reviewed
frontend/src/app/(app)/feeding/recipes/page.tabs-and-pending.test.tsx,test_source_and_support,5813,147,12108f047a458c9b17aa69e9ca7c317df5dd6a45e8da34c1d7142e9b309e56b6,suite_execution_without_full_semantic_read,,Frontend project typecheck/lint/build passed; no per-line runtime coverage claim; Frontend Vitest suite/support: 5082 tests across 314 files passed; no per-file line coverage assertion,Test estate executed at suite level; not every fixture/assertion manually reviewed
frontend/src/app/(app)/feeding/recipes/page.tsx,frontend_application,5815,167,6c987b2d66252b8cc9768ef73893549d7a0ca8cdc011ab13237075273a2dbf52,complete_semantic_source_review,frontend_audit; frontend_domain_pages,Frontend project typecheck/lint/build passed; no per-line runtime coverage claim; Exercised by passing project unit suites and targeted audit probes; individual execution-path completeness not asserted,complete-source-manual-delegated | FULL 1–167 (nontruncated overlapping chunks)
frontend/src/app/(app)/finance/insurance/page.aria.test.tsx,test_source_and_support,6645,165,e8d1144434ac877e216ab3d5630031d734efdea147b80feec7103d5b2190bc0e,suite_execution_without_full_semantic_read,,Frontend project typecheck/lint/build passed; no per-line runtime coverage claim; Frontend Vitest suite/support: 5082 tests across 314 files passed; no per-file line coverage assertion,Test estate executed at suite level; not every fixture/assertion manually reviewed
frontend/src/app/(app)/finance/insurance/page.i18n.test.tsx,test_source_and_support,4700,112,fcb426a302a79b8d3aa61ff4d560ad40963a7d8b759541fc493697e61f6c03d6,suite_execution_without_full_semantic_read,,Frontend project typecheck/lint/build passed; no per-line runtime coverage claim; Frontend Vitest suite/support: 5082 tests across 314 files passed; no per-file line coverage assertion,Test estate executed at suite level; not every fixture/assertion manually reviewed
frontend/src/app/(app)/finance/insurance/page.mobile-cards.test.tsx,test_source_and_support,4384,127,80ae1ab5238a2f0a3cef27557767825644fa40db18f98702e736a2c88acc0fed,suite_execution_without_full_semantic_read,,Frontend project typecheck/lint/build passed; no per-line runtime coverage claim; Frontend Vitest suite/support: 5082 tests across 314 files passed; no per-file line coverage assertion,Test estate executed at suite level; not every fixture/assertion manually reviewed
frontend/src/app/(app)/finance/insurance/page.test.tsx,test_source_and_support,19562,513,a124e9cff5d212976b81978b5be45dfda433fded45bd53e8d5ab4f69e9898c66,sampled_semantic_review,frontend_audit; frontend_domain_pages,Frontend project typecheck/lint/build passed; no per-line runtime coverage claim; Frontend Vitest suite/support: 5082 tests across 314 files passed; no per-file line coverage assertion,delegated-SAMPLED 1–270 (fixtures/harness only) | SAMPLED 1–270 (fixtures/harness only)
frontend/src/app/(app)/finance/insurance/page.tsx,frontend_application,42656,1086,2545166f0e388d8efc73f702931e39956ab55a66e9b6520fdbb709fb46ed01ae,complete_semantic_source_review,frontend_audit; frontend_domain_pages,Frontend project typecheck/lint/build passed; no per-line runtime coverage claim; Exercised by passing project unit suites and targeted audit probes; individual execution-path completeness not asserted,complete-source-manual-delegated | FULL 1–1086 (nontruncated overlapping chunks)
frontend/src/app/(app)/finance/page.bugs.test.tsx,test_source_and_support,7671,189,f356a778cd24c31654bdc385bbdf844a086e944e2dd89aa454eec25fd52a4839,suite_execution_without_full_semantic_read,,Frontend project typecheck/lint/build passed; no per-line runtime coverage claim; Frontend Vitest suite/support: 5082 tests across 314 files passed; no per-file line coverage assertion,Test estate executed at suite level; not every fixture/assertion manually reviewed
frontend/src/app/(app)/finance/page.campaign.test.tsx,test_source_and_support,32436,782,d18f6a59010ccc433e3f946142116687f12ab10a470b68233efdff46ee838f83,suite_execution_without_full_semantic_read,,Frontend project typecheck/lint/build passed; no per-line runtime coverage claim; Frontend Vitest suite/support: 5082 tests across 314 files passed; no per-file line coverage assertion,Test estate executed at suite level; not every fixture/assertion manually reviewed
frontend/src/app/(app)/finance/page.dom-caps.test.tsx,test_source_and_support,3315,98,42c553bbcf8eb5d753045178deaf57393ac14cbf49ed11731c9b3fb2bd93ffa7,suite_execution_without_full_semantic_read,,Frontend project typecheck/lint/build passed; no per-line runtime coverage claim; Frontend Vitest suite/support: 5082 tests across 314 files passed; no per-file line coverage assertion,Test estate executed at suite level; not every fixture/assertion manually reviewed
frontend/src/app/(app)/finance/page.extended.test.tsx,test_source_and_support,45239,1182,8ce99894c975e894c7290b9a136697519491f6232f7e205fa986ef85059799f6,sampled_semantic_review,frontend_audit; frontend_domain_pages,Frontend project typecheck/lint/build passed; no per-line runtime coverage claim; Frontend Vitest suite/support: 5082 tests across 314 files passed; no per-file line coverage assertion,delegated-SAMPLED 1–140 (fixtures/harness only) | SAMPLED 1–140 (fixtures/harness only)
frontend/src/app/(app)/finance/page.i18n.test.tsx,test_source_and_support,5463,141,f7eda5915a4b6fe541a0b32bb688864102c1dc3ec01a12e42568197307a7a842,suite_execution_without_full_semantic_read,,Frontend project typecheck/lint/build passed; no per-line runtime coverage claim; Frontend Vitest suite/support: 5082 tests across 314 files passed; no per-file line coverage assertion,Test estate executed at suite level; not every fixture/assertion manually reviewed
frontend/src/app/(app)/finance/page.ledger-copy.test.tsx,test_source_and_support,27871,743,6d784d92b710deedc147371c8f0ceef9e55a19ffbc137b67bf131635d9839a4c,suite_execution_without_full_semantic_read,,Frontend project typecheck/lint/build passed; no per-line runtime coverage claim; Frontend Vitest suite/support: 5082 tests across 314 files passed; no per-file line coverage assertion,Test estate executed at suite level; not every fixture/assertion manually reviewed
frontend/src/app/(app)/finance/page.ledger-gating.test.tsx,test_source_and_support,25285,645,202e02f763748e1ea83842e64eb43bb3e024e69386eda49e5f51a9e71f55037c,suite_execution_without_full_semantic_read,,Frontend project typecheck/lint/build passed; no per-line runtime coverage claim; Frontend Vitest suite/support: 5082 tests across 314 files passed; no per-file line coverage assertion,Test estate executed at suite level; not every fixture/assertion manually reviewed
frontend/src/app/(app)/finance/page.mobile-cards.test.tsx,test_source_and_support,5957,174,b5adf8ad726842f312a07b679057c41c7a3147f912c4519d972d71b5fa0e9da3,suite_execution_without_full_semantic_read,,Frontend project typecheck/lint/build passed; no per-line runtime coverage claim; Frontend Vitest suite/support: 5082 tests across 314 files passed; no per-file line coverage assertion,Test estate executed at suite level; not every fixture/assertion manually reviewed
frontend/src/app/(app)/finance/page.mutation.test.tsx,test_source_and_support,26981,697,8157244df44e22be965a92c41712be0752ddbd13c06a892d210ad84a4cfa586b,suite_execution_without_full_semantic_read,,Frontend project typecheck/lint/build passed; no per-line runtime coverage claim; Frontend Vitest suite/support: 5082 tests across 314 files passed; no per-file line coverage assertion,Test estate executed at suite level; not every fixture/assertion manually reviewed
frontend/src/app/(app)/finance/page.tsx,frontend_application,63950,1500,15e59500c7d6c1c213aa94179a29a012b109a7642768152c5c2f469049bae29a,complete_semantic_source_review,frontend_audit; frontend_domain_pages,Frontend project typecheck/lint/build passed; no per-line runtime coverage claim; Exercised by passing project unit suites and targeted audit probes; individual execution-path completeness not asserted,complete-source-manual-delegated | FULL 1–1500 (nontruncated overlapping chunks)
frontend/src/app/(app)/health/new/page.test.tsx,test_source_and_support,1978,61,62a3d29b002e672903a6fc0cb15c8d9b19d6878f7d192096dc7a13f220101cb4,suite_execution_without_full_semantic_read,,Frontend project typecheck/lint/build passed; no per-line runtime coverage claim; Frontend Vitest suite/support: 5082 tests across 314 files passed; no per-file line coverage assertion,Test estate executed at suite level; not every fixture/assertion manually reviewed
frontend/src/app/(app)/health/new/page.tsx,frontend_application,1294,39,00b9bb7068cc8edbaa5a1a7c2bd35d1463a95906362e6bacd8ad4c69492beb5e,complete_semantic_source_review,frontend_audit; frontend_domain_pages,Frontend project typecheck/lint/build passed; no per-line runtime coverage claim; Exercised by passing project unit suites and targeted audit probes; individual execution-path completeness not asserted,complete-source-manual | FULL 1–39
frontend/src/app/(app)/health/page.async-ownership.test.tsx,test_source_and_support,30234,792,7d71c9bc829a69cf1e90d021346870b20c1cf5ab650180063f318bf4295ce877,suite_execution_without_full_semantic_read,,Frontend project typecheck/lint/build passed; no per-line runtime coverage claim; Frontend Vitest suite/support: 5082 tests across 314 files passed; no per-file line coverage assertion,Test estate executed at suite level; not every fixture/assertion manually reviewed
frontend/src/app/(app)/health/page.bugs.test.tsx,test_source_and_support,13115,376,0daaf1a126648a35c61f742afc795faa1b1ffbd198123ef97bd96efe342b1fcd,suite_execution_without_full_semantic_read,,Frontend project typecheck/lint/build passed; no per-line runtime coverage claim; Frontend Vitest suite/support: 5082 tests across 314 files passed; no per-file line coverage assertion,Test estate executed at suite level; not every fixture/assertion manually reviewed
frontend/src/app/(app)/health/page.campaign.test.tsx,test_source_and_support,21902,604,edbe9cb7cb95ca84103d6589da887cd4067b088b567129fb03743636891941c3,suite_execution_without_full_semantic_read,,Frontend project typecheck/lint/build passed; no per-line runtime coverage claim; Frontend Vitest suite/support: 5082 tests across 314 files passed; no per-file line coverage assertion,Test estate executed at suite level; not every fixture/assertion manually reviewed
frontend/src/app/(app)/health/page.copy-and-errors.test.tsx,test_source_and_support,34908,851,6899aea7873d461113ce9a63390145cfe021d59c1f5d464e7b74f912a832f4f5,suite_execution_without_full_semantic_read,,Frontend project typecheck/lint/build passed; no per-line runtime coverage claim; Frontend Vitest suite/support: 5082 tests across 314 files passed; no per-file line coverage assertion,Test estate executed at suite level; not every fixture/assertion manually reviewed
frontend/src/app/(app)/health/page.dialog-chronology.test.tsx,test_source_and_support,24709,672,924509e0a6de9f0035f3b1be20e093b0648a54586c5ce1a36e58762578b2d851,suite_execution_without_full_semantic_read,,Frontend project typecheck/lint/build passed; no per-line runtime coverage claim; Frontend Vitest suite/support: 5082 tests across 314 files passed; no per-file line coverage assertion,Test estate executed at suite level; not every fixture/assertion manually reviewed
frontend/src/app/(app)/health/page.dialog-field-states.test.tsx,test_source_and_support,20881,550,180dab2374537916089db6ee47ebe04494e29495f8c6c4f247d93ec05bae2f42,suite_execution_without_full_semantic_read,,Frontend project typecheck/lint/build passed; no per-line runtime coverage claim; Frontend Vitest suite/support: 5082 tests across 314 files passed; no per-file line coverage assertion,Test estate executed at suite level; not every fixture/assertion manually reviewed
frontend/src/app/(app)/health/page.dialog-state-ownership.test.tsx,test_source_and_support,37405,1012,a6395809034d281e164b29ae9b5a79e2cfed8c87e382f582fb9ed0cab398e276,suite_execution_without_full_semantic_read,,Frontend project typecheck/lint/build passed; no per-line runtime coverage claim; Frontend Vitest suite/support: 5082 tests across 314 files passed; no per-file line coverage assertion,Test estate executed at suite level; not every fixture/assertion manually reviewed
frontend/src/app/(app)/health/page.dom-caps.test.tsx,test_source_and_support,5040,131,70708f8d3a73bf2c9f57d99c7d5524c7239679c14d66f020127a56ce091dc525,suite_execution_without_full_semantic_read,,Frontend project typecheck/lint/build passed; no per-line runtime coverage claim; Frontend Vitest suite/support: 5082 tests across 314 files passed; no per-file line coverage assertion,Test estate executed at suite level; not every fixture/assertion manually reviewed
frontend/src/app/(app)/health/page.extended.test.tsx,test_source_and_support,77746,2007,df8078ad33e89fc267df9e85be53472bd96228c07dd9f9cd1f46af1900f3b59e,suite_execution_without_full_semantic_read,,Frontend project typecheck/lint/build passed; no per-line runtime coverage claim; Frontend Vitest suite/support: 5082 tests across 314 files passed; no per-file line coverage assertion,Test estate executed at suite level; not every fixture/assertion manually reviewed
frontend/src/app/(app)/health/page.i18n.test.tsx,test_source_and_support,13640,334,b6113ff35a44f0e17ca403748c852f23161736fbf7a57d662cbf669932d0e513,suite_execution_without_full_semantic_read,,Frontend project typecheck/lint/build passed; no per-line runtime coverage claim; Frontend Vitest suite/support: 5082 tests across 314 files passed; no per-file line coverage assertion,Test estate executed at suite level; not every fixture/assertion manually reviewed
frontend/src/app/(app)/health/page.mutation.test.tsx,test_source_and_support,29864,817,93f84dd5deee2053c69855b98194e2651c8dc1608f6b2d0f5216b4b068102079,suite_execution_without_full_semantic_read,,Frontend project typecheck/lint/build passed; no per-line runtime coverage claim; Frontend Vitest suite/support: 5082 tests across 314 files passed; no per-file line coverage assertion,Test estate executed at suite level; not every fixture/assertion manually reviewed
frontend/src/app/(app)/health/page.traceability.test.tsx,test_source_and_support,20593,541,11cd11af35a796b8758e3ec04eb1da50f1b46065acadb18c836e5ecc222d0121,suite_execution_without_full_semantic_read,,Frontend project typecheck/lint/build passed; no per-line runtime coverage claim; Frontend Vitest suite/support: 5082 tests across 314 files passed; no per-file line coverage assertion,Test estate executed at suite level; not every fixture/assertion manually reviewed
frontend/src/app/(app)/health/page.tsx,frontend_application,102981,2175,42d944836a9a5ddbf100a405b3c26bc6bc2f2abc80a188278df5b8f209644c30,complete_semantic_source_review,frontend_audit; frontend_domain_pages,Frontend project typecheck/lint/build passed; no per-line runtime coverage claim; Exercised by passing project unit suites and targeted audit probes; individual execution-path completeness not asserted,complete-source-manual-delegated | FULL 1–2175 (nontruncated overlapping chunks)
frontend/src/app/(app)/health/page.validation-mapping.test.tsx,test_source_and_support,9369,301,2f1d72508681c1e4cabd2b8bd75c555c4f48d39fc1d5b759552b7a12a6a950d5,suite_execution_without_full_semantic_read,,Frontend project typecheck/lint/build passed; no per-line runtime coverage claim; Frontend Vitest suite/support: 5082 tests across 314 files passed; no per-file line coverage assertion,Test estate executed at suite level; not every fixture/assertion manually reviewed
frontend/src/app/(app)/health/page.wire-contracts.test.tsx,test_source_and_support,21840,616,0b4463320744e1b816431b47b9751750aa6500a4dbf05e9487f71af55a5c3c57,suite_execution_without_full_semantic_read,,Frontend project typecheck/lint/build passed; no per-line runtime coverage claim; Frontend Vitest suite/support: 5082 tests across 314 files passed; no per-file line coverage assertion,Test estate executed at suite level; not every fixture/assertion manually reviewed
frontend/src/app/(app)/health/schedule/[animalId]/page.mobile-cards.test.tsx,test_source_and_support,3426,98,2d2da75d7325980b53c4672a71d3ca3a0771be9f60a974e5129630ca4bd18813,suite_execution_without_full_semantic_read,,Frontend project typecheck/lint/build passed; no per-line runtime coverage claim; Frontend Vitest suite/support: 5082 tests across 314 files passed; no per-file line coverage assertion,Test estate executed at suite level; not every fixture/assertion manually reviewed
frontend/src/app/(app)/health/schedule/[animalId]/page.mutation.test.tsx,test_source_and_support,5995,159,f935e936fe48cfea1f8be43a922a25b7801133ac6d26ce7e3c00813f8963b3f8,suite_execution_without_full_semantic_read,,Frontend project typecheck/lint/build passed; no per-line runtime coverage claim; Frontend Vitest suite/support: 5082 tests across 314 files passed; no per-file line coverage assertion,Test estate executed at suite level; not every fixture/assertion manually reviewed
frontend/src/app/(app)/health/schedule/[animalId]/page.test.tsx,test_source_and_support,12558,324,e5a42ab9b8c4f567e4ad10fc66a3d4316d8467d05ad05241b3e255124eabd772,suite_execution_without_full_semantic_read,,Frontend project typecheck/lint/build passed; no per-line runtime coverage claim; Frontend Vitest suite/support: 5082 tests across 314 files passed; no per-file line coverage assertion,Test estate executed at suite level; not every fixture/assertion manually reviewed
frontend/src/app/(app)/health/schedule/[animalId]/page.tsx,frontend_application,11533,296,44d115aeee6d020e0660eef7f4f679e9a57bdc22aac23b64ad22b0a5233e9f43,complete_semantic_source_review,frontend_audit; frontend_domain_pages,Frontend project typecheck/lint/build passed; no per-line runtime coverage claim; Exercised by passing project unit suites and targeted audit probes; individual execution-path completeness not asserted,complete-source-manual | FULL 1–296
frontend/src/app/(app)/health/task-prefill.test.ts,test_source_and_support,5508,174,d5f7baf38dde7488cf982ef99964eafab324f54a22051d87e6908db6a55bf84b,suite_execution_without_full_semantic_read,,Frontend project typecheck/lint/build passed; no per-line runtime coverage claim; Frontend Vitest suite/support: 5082 tests across 314 files passed; no per-file line coverage assertion,Test estate executed at suite level; not every fixture/assertion manually reviewed
frontend/src/app/(app)/health/task-prefill.ts,frontend_application,1221,27,29da8ea9c70201796327613c589d782755b01b6cfd5d6dd8ae8ab28db8f2cdbf,complete_semantic_source_review,frontend_audit; frontend_domain_pages,Frontend project typecheck/lint/build passed; no per-line runtime coverage claim; Exercised by passing project unit suites and targeted audit probes; individual execution-path completeness not asserted,complete-source-manual | FULL 1–27
frontend/src/app/(app)/kidding/new/page.test.tsx,test_source_and_support,2319,67,d8b8639cb36185a755d8a1adfeb61b5a381c6e8787d5f8b8836d2806bfb4cd1c,suite_execution_without_full_semantic_read,,Frontend project typecheck/lint/build passed; no per-line runtime coverage claim; Frontend Vitest suite/support: 5082 tests across 314 files passed; no per-file line coverage assertion,Test estate executed at suite level; not every fixture/assertion manually reviewed
frontend/src/app/(app)/kidding/new/page.tsx,frontend_application,1674,43,93046b09bc029eee10cd0dbf70c49366b579bd78474fb0745e12485cc8eebcf3,complete_semantic_source_review,frontend_audit; frontend_domain_pages,Frontend project typecheck/lint/build passed; no per-line runtime coverage claim; Exercised by passing project unit suites and targeted audit probes; individual execution-path completeness not asserted,complete-source-manual | FULL 1–43
frontend/src/app/(app)/kidding/page.extended.test.tsx,test_source_and_support,44777,1177,e7c73db090e3d3a55067c49b37090c9447124587a6e3bfbf09db31ef10a0cfed,suite_execution_without_full_semantic_read,,Frontend project typecheck/lint/build passed; no per-line runtime coverage claim; Frontend Vitest suite/support: 5082 tests across 314 files passed; no per-file line coverage assertion,Test estate executed at suite level; not every fixture/assertion manually reviewed
frontend/src/app/(app)/kidding/page.i18n.test.tsx,test_source_and_support,6436,166,a9d4c22047f0a70af03c647ab432872fb3fe90d9297918e335cd58a17a659ec4,suite_execution_without_full_semantic_read,,Frontend project typecheck/lint/build passed; no per-line runtime coverage claim; Frontend Vitest suite/support: 5082 tests across 314 files passed; no per-file line coverage assertion,Test estate executed at suite level; not every fixture/assertion manually reviewed
frontend/src/app/(app)/kidding/page.mobile-cards.test.tsx,test_source_and_support,7382,219,a4ad797920d261c6f59d878d66c57649358a214448aa172013d547d385038fb7,suite_execution_without_full_semantic_read,,Frontend project typecheck/lint/build passed; no per-line runtime coverage claim; Frontend Vitest suite/support: 5082 tests across 314 files passed; no per-file line coverage assertion,Test estate executed at suite level; not every fixture/assertion manually reviewed
frontend/src/app/(app)/kidding/page.mutation.test.tsx,test_source_and_support,29314,763,c9a2f684fd080e67ac652135cbbafba984ca033e6470e8ac99633bfaafe83ed5,suite_execution_without_full_semantic_read,,Frontend project typecheck/lint/build passed; no per-line runtime coverage claim; Frontend Vitest suite/support: 5082 tests across 314 files passed; no per-file line coverage assertion,Test estate executed at suite level; not every fixture/assertion manually reviewed
frontend/src/app/(app)/kidding/page.queue-copy.test.tsx,test_source_and_support,26087,685,ae8f6f6768dd13f1eea7818059ccf55581ffdde628d8d5a82f51356cc2cf0070,suite_execution_without_full_semantic_read,,Frontend project typecheck/lint/build passed; no per-line runtime coverage claim; Frontend Vitest suite/support: 5082 tests across 314 files passed; no per-file line coverage assertion,Test estate executed at suite level; not every fixture/assertion manually reviewed
frontend/src/app/(app)/kidding/page.record-guards.test.tsx,test_source_and_support,35582,925,8a487271277d4eefde29c0798d4b3b52d7141e7bd1d6220153fa1d7a2e2ab862,suite_execution_without_full_semantic_read,,Frontend project typecheck/lint/build passed; no per-line runtime coverage claim; Frontend Vitest suite/support: 5082 tests across 314 files passed; no per-file line coverage assertion,Test estate executed at suite level; not every fixture/assertion manually reviewed
frontend/src/app/(app)/kidding/page.species.test.tsx,test_source_and_support,4148,129,c1ad25318f8ad48475ee2ef5568c485a789177a86a0814ac65d416b375b3ea88,suite_execution_without_full_semantic_read,,Frontend project typecheck/lint/build passed; no per-line runtime coverage claim; Frontend Vitest suite/support: 5082 tests across 314 files passed; no per-file line coverage assertion,Test estate executed at suite level; not every fixture/assertion manually reviewed
frontend/src/app/(app)/kidding/page.tsx,frontend_application,66657,1558,ce75ef52e2c8765946694137522f81be964156d3e08ec3e1368eda8e687ff097,complete_semantic_source_review,frontend_audit; frontend_domain_pages,Frontend project typecheck/lint/build passed; no per-line runtime coverage claim; Exercised by passing project unit suites and targeted audit probes; individual execution-path completeness not asserted,complete-source-manual-delegated | FULL 1–1558 (nontruncated overlapping chunks)
frontend/src/app/(app)/layout.server.test.tsx,test_source_and_support,2065,63,062043b5d4f26922403ea1625678d32832099c7958b14ce325c60e1073c72fa5,suite_execution_without_full_semantic_read,,Frontend project typecheck/lint/build passed; no per-line runtime coverage claim; Frontend Vitest suite/support: 5082 tests across 314 files passed; no per-file line coverage assertion,Test estate executed at suite level; not every fixture/assertion manually reviewed
frontend/src/app/(app)/layout.test.tsx,test_source_and_support,33385,892,4f9993d5f7c71a2b3a1900aed23381bc5e74dd7016087cbe617a88681546ac25,suite_execution_without_full_semantic_read,,Frontend project typecheck/lint/build passed; no per-line runtime coverage claim; Frontend Vitest suite/support: 5082 tests across 314 files passed; no per-file line coverage assertion,Test estate executed at suite level; not every fixture/assertion manually reviewed
frontend/src/app/(app)/layout.tsx,frontend_application,805,17,a07ef9eb894b46afa47d70eb5a60f5bc020ce1e69bea70d4b99a32bfde077a72,complete_semantic_source_review,frontend_audit,Frontend project typecheck/lint/build passed; no per-line runtime coverage claim; Exercised by passing project unit suites and targeted audit probes; individual execution-path completeness not asserted,complete-source-manual
frontend/src/app/(app)/loading.tsx,frontend_application,763,19,4a0089b302fcb343e991c9b5fa65b578fa6afbf0a396bec35c9a0a29f7a17026,complete_semantic_source_review,frontend_audit,Frontend project typecheck/lint/build passed; no per-line runtime coverage claim; Exercised by passing project unit suites and targeted audit probes; individual execution-path completeness not asserted,complete-source-manual
frontend/src/app/(app)/no-access/page.tsx,frontend_application,1152,33,7126ae76a9273e9551e73edcbd546ec2f5b05a021ce7d051135ba504161f5033,complete_semantic_source_review,frontend_audit,Frontend project typecheck/lint/build passed; no per-line runtime coverage claim; Exercised by passing project unit suites and targeted audit probes; individual execution-path completeness not asserted,complete-source-manual
frontend/src/app/(app)/not-found.tsx,frontend_application,1392,36,af683196decc25649e977826c89ca62f95af3af0f9661311f49b4f2992639a9d,complete_semantic_source_review,frontend_audit,Frontend project typecheck/lint/build passed; no per-line runtime coverage claim; Exercised by passing project unit suites and targeted audit probes; individual execution-path completeness not asserted,complete-source-manual
frontend/src/app/(app)/ops-simulation/page.format-kg.test.tsx,test_source_and_support,3913,134,dd21792c578edb18c0b2b5328361f32edce9b2749ec63bce80155f04a696d3dc,suite_execution_without_full_semantic_read,,Frontend project typecheck/lint/build passed; no per-line runtime coverage claim; Frontend Vitest suite/support: 5082 tests across 314 files passed; no per-file line coverage assertion,Test estate executed at suite level; not every fixture/assertion manually reviewed
frontend/src/app/(app)/ops-simulation/page.mutation.test.tsx,test_source_and_support,13663,393,7273643dfea12998f1c0c62e5009c7656a8115bb2fc6a18d7498141416128d81,suite_execution_without_full_semantic_read,,Frontend project typecheck/lint/build passed; no per-line runtime coverage claim; Frontend Vitest suite/support: 5082 tests across 314 files passed; no per-file line coverage assertion,Test estate executed at suite level; not every fixture/assertion manually reviewed
frontend/src/app/(app)/ops-simulation/page.test.tsx,test_source_and_support,15981,454,c7d21a08ca954c1f87da15ddc8d9c103bf8d14248c210212e587c4a25bb92056,suite_execution_without_full_semantic_read,,Frontend project typecheck/lint/build passed; no per-line runtime coverage claim; Frontend Vitest suite/support: 5082 tests across 314 files passed; no per-file line coverage assertion,Test estate executed at suite level; not every fixture/assertion manually reviewed
frontend/src/app/(app)/ops-simulation/page.tsx,frontend_application,48468,1213,cf99520f2188cc147bca6ed13ba77c2dbd75e5819494f1e4311e49c42865bc06,complete_semantic_source_review,frontend_audit,Frontend project typecheck/lint/build passed; no per-line runtime coverage claim; Exercised by passing project unit suites and targeted audit probes; individual execution-path completeness not asserted,"Full visible source read; larger files read in chunks, filling earlier sampled ranges."
frontend/src/app/(app)/owner/page.dom-caps.test.tsx,test_source_and_support,5617,167,331b111998035e07c59b8c18e7283a083d474f00e1c60670c3686fddd143d782,suite_execution_without_full_semantic_read,,Frontend project typecheck/lint/build passed; no per-line runtime coverage claim; Frontend Vitest suite/support: 5082 tests across 314 files passed; no per-file line coverage assertion,Test estate executed at suite level; not every fixture/assertion manually reviewed
frontend/src/app/(app)/owner/page.test.tsx,test_source_and_support,7515,230,8e914133d24977c76174dd1ab7d13e5eb03f448f11f10b7e53e031516a9f3d2d,suite_execution_without_full_semantic_read,,Frontend project typecheck/lint/build passed; no per-line runtime coverage claim; Frontend Vitest suite/support: 5082 tests across 314 files passed; no per-file line coverage assertion,Test estate executed at suite level; not every fixture/assertion manually reviewed
frontend/src/app/(app)/owner/page.tsx,frontend_application,10470,252,60b25c8bb5e83eda3889946ab2d4ece49cbc0ea73b2a09cda4edc57ec336c5f7,complete_semantic_source_review,frontend_audit,Frontend project typecheck/lint/build passed; no per-line runtime coverage claim; Exercised by passing project unit suites and targeted audit probes; individual execution-path completeness not asserted,complete-source-manual
frontend/src/app/(app)/planner/page.campaign.test.tsx,test_source_and_support,33041,846,caa982e6709c1eb74cb4b9bbc2e4e2a4ab05decfb808db7668344b25f0329c2b,suite_execution_without_full_semantic_read,,Frontend project typecheck/lint/build passed; no per-line runtime coverage claim; Frontend Vitest suite/support: 5082 tests across 314 files passed; no per-file line coverage assertion,Test estate executed at suite level; not every fixture/assertion manually reviewed
frontend/src/app/(app)/planner/page.i18n.test.tsx,test_source_and_support,5087,122,138c402a42ec26a6ba67c8d6374962f9bb88f2f19e819161b6dc0ece574c606c,suite_execution_without_full_semantic_read,,Frontend project typecheck/lint/build passed; no per-line runtime coverage claim; Frontend Vitest suite/support: 5082 tests across 314 files passed; no per-file line coverage assertion,Test estate executed at suite level; not every fixture/assertion manually reviewed
frontend/src/app/(app)/planner/page.mobile-cards.test.tsx,test_source_and_support,8600,238,b3def87dca1d48c0c5cfa64a5c582fec049192bb09d2100df1504a1c40303e9f,suite_execution_without_full_semantic_read,,Frontend project typecheck/lint/build passed; no per-line runtime coverage claim; Frontend Vitest suite/support: 5082 tests across 314 files passed; no per-file line coverage assertion,Test estate executed at suite level; not every fixture/assertion manually reviewed
frontend/src/app/(app)/planner/page.mutation.test.tsx,test_source_and_support,17651,406,822d20e798a6f27f7b9a5cf95eaea414b163edaa5bc72ae49e4b24acea6ec64e,suite_execution_without_full_semantic_read,,Frontend project typecheck/lint/build passed; no per-line runtime coverage claim; Frontend Vitest suite/support: 5082 tests across 314 files passed; no per-file line coverage assertion,Test estate executed at suite level; not every fixture/assertion manually reviewed
frontend/src/app/(app)/planner/page.mutation2.test.tsx,test_source_and_support,71628,1589,be18c0e6134c72a6671f1341e36460ce2e34c4bdbc0a39a98b4e13aa725adac6,suite_execution_without_full_semantic_read,,Frontend project typecheck/lint/build passed; no per-line runtime coverage claim; Frontend Vitest suite/support: 5082 tests across 314 files passed; no per-file line coverage assertion,Test estate executed at suite level; not every fixture/assertion manually reviewed
frontend/src/app/(app)/planner/page.nlm-dpr.test.tsx,test_source_and_support,7992,219,3c9f95f8491db5bafe54f0c76e509280326d32b35da8ff4732ce6c9172a76093,suite_execution_without_full_semantic_read,,Frontend project typecheck/lint/build passed; no per-line runtime coverage claim; Frontend Vitest suite/support: 5082 tests across 314 files passed; no per-file line coverage assertion,Test estate executed at suite level; not every fixture/assertion manually reviewed
frontend/src/app/(app)/planner/page.test.tsx,test_source_and_support,16840,467,f089fb3d8ee6b5599e6f76e00c2cb17ac0987cefb5cca6925688ac2dd5eca7fb,suite_execution_without_full_semantic_read,,Frontend project typecheck/lint/build passed; no per-line runtime coverage claim; Frontend Vitest suite/support: 5082 tests across 314 files passed; no per-file line coverage assertion,Test estate executed at suite level; not every fixture/assertion manually reviewed
frontend/src/app/(app)/planner/page.tsx,frontend_application,72349,1693,944cf77ba802d10263ef85e34afdf2515eb0348c05bb18446901b89db5af16a1,complete_semantic_source_review,frontend_audit,Frontend project typecheck/lint/build passed; no per-line runtime coverage claim; Exercised by passing project unit suites and targeted audit probes; individual execution-path completeness not asserted,"Full visible source read; larger files read in chunks, filling earlier sampled ranges."
frontend/src/app/(app)/purchases/page.aria.test.tsx,test_source_and_support,4718,114,d0249f3460b7ac06ed2cc613a6ec6bc4bd056fa215ae11c433533078b9b1219b,suite_execution_without_full_semantic_read,,Frontend project typecheck/lint/build passed; no per-line runtime coverage claim; Frontend Vitest suite/support: 5082 tests across 314 files passed; no per-file line coverage assertion,Test estate executed at suite level; not every fixture/assertion manually reviewed
frontend/src/app/(app)/purchases/page.extended.test.tsx,test_source_and_support,30353,819,d3ebf5a09f8657ce4710eecd0d7de665e65e0bb865ef45b4a1763ed036813924,suite_execution_without_full_semantic_read,,Frontend project typecheck/lint/build passed; no per-line runtime coverage claim; Frontend Vitest suite/support: 5082 tests across 314 files passed; no per-file line coverage assertion,Test estate executed at suite level; not every fixture/assertion manually reviewed
frontend/src/app/(app)/purchases/page.i18n.test.tsx,test_source_and_support,5524,124,437b0464abd2f3bade3d336a1814ecfe7a38cb67d48775174a600a51eef79252,suite_execution_without_full_semantic_read,,Frontend project typecheck/lint/build passed; no per-line runtime coverage claim; Frontend Vitest suite/support: 5082 tests across 314 files passed; no per-file line coverage assertion,Test estate executed at suite level; not every fixture/assertion manually reviewed
frontend/src/app/(app)/purchases/page.mutation.test.tsx,test_source_and_support,25922,670,cb75f14c9cd547da7d4b192e1265cb3833452fced11420c5ea5035e2ee91a6e5,suite_execution_without_full_semantic_read,,Frontend project typecheck/lint/build passed; no per-line runtime coverage claim; Frontend Vitest suite/support: 5082 tests across 314 files passed; no per-file line coverage assertion,Test estate executed at suite level; not every fixture/assertion manually reviewed
frontend/src/app/(app)/purchases/page.requests-and-states.test.tsx,test_source_and_support,19378,531,c7029efc5622e4d11132a6d38b19eadb59f74ebb6050c0482ca47f94383c43ea,suite_execution_without_full_semantic_read,,Frontend project typecheck/lint/build passed; no per-line runtime coverage claim; Frontend Vitest suite/support: 5082 tests across 314 files passed; no per-file line coverage assertion,Test estate executed at suite level; not every fixture/assertion manually reviewed
frontend/src/app/(app)/purchases/page.tsx,frontend_application,50210,1140,94a112811b1c8dae36a6e9b041f942c998a0535725bc35914e7deb8cae5a0403,complete_semantic_source_review,frontend_audit; frontend_domain_pages,Frontend project typecheck/lint/build passed; no per-line runtime coverage claim; Exercised by passing project unit suites and targeted audit probes; individual execution-path completeness not asserted,complete-source-manual-delegated | FULL 1–1140 (nontruncated overlapping chunks)
frontend/src/app/(app)/reports/page.extended.test.tsx,test_source_and_support,10491,296,cac9ba6552c9e71f225c6d0b4620e87d6056377b3f32b8b5df40e3d20928f5cb,suite_execution_without_full_semantic_read,,Frontend project typecheck/lint/build passed; no per-line runtime coverage claim; Frontend Vitest suite/support: 5082 tests across 314 files passed; no per-file line coverage assertion,Test estate executed at suite level; not every fixture/assertion manually reviewed
frontend/src/app/(app)/reports/page.mutation.test.tsx,test_source_and_support,7113,228,7e11e915d6c692bfb4d31f7c173cc45c4b20a9a733b080875d3fdd0739acc457,suite_execution_without_full_semantic_read,,Frontend project typecheck/lint/build passed; no per-line runtime coverage claim; Frontend Vitest suite/support: 5082 tests across 314 files passed; no per-file line coverage assertion,Test estate executed at suite level; not every fixture/assertion manually reviewed
frontend/src/app/(app)/reports/page.tsx,frontend_application,15695,383,f41482e0a5cba37f2ea203e9855799961c4f61b8902ee9bd42fefe52f48a83f1,complete_semantic_source_review,frontend_audit,Frontend project typecheck/lint/build passed; no per-line runtime coverage claim; Exercised by passing project unit suites and targeted audit probes; individual execution-path completeness not asserted,complete-source-manual
frontend/src/app/(app)/reports/page.withheld-sections.test.tsx,test_source_and_support,14337,341,432c8bfdb0f6a50ec35aeb3f2e4007be131449349109530770d6610b6d65cdde,suite_execution_without_full_semantic_read,,Frontend project typecheck/lint/build passed; no per-line runtime coverage claim; Frontend Vitest suite/support: 5082 tests across 314 files passed; no per-file line coverage assertion,Test estate executed at suite level; not every fixture/assertion manually reviewed
frontend/src/app/(app)/route-states.test.tsx,test_source_and_support,6225,155,ffc2a170b8ed4ab7cd287d5dd98eb4b07e2a1e2ec6ee466d8a531e61bc5e1ccf,suite_execution_without_full_semantic_read,,Frontend project typecheck/lint/build passed; no per-line runtime coverage claim; Frontend Vitest suite/support: 5082 tests across 314 files passed; no per-file line coverage assertion,Test estate executed at suite level; not every fixture/assertion manually reviewed
frontend/src/app/(app)/screening/page.test.tsx,test_source_and_support,14775,453,357802a7415487bd798030784cb6a3277d7cb529217c45fa1a1679e5eedb880f,suite_execution_without_full_semantic_read,,Frontend project typecheck/lint/build passed; no per-line runtime coverage claim; Frontend Vitest suite/support: 5082 tests across 314 files passed; no per-file line coverage assertion,Test estate executed at suite level; not every fixture/assertion manually reviewed
frontend/src/app/(app)/screening/page.tsx,frontend_application,27988,665,41abf9997e7c65b04f88c6190f19a38adfb9b7cb475d2e5147471018e02669e2,complete_semantic_source_review,frontend_audit,Frontend project typecheck/lint/build passed; no per-line runtime coverage claim; Exercised by passing project unit suites and targeted audit probes; individual execution-path completeness not asserted,complete-source-manual
frontend/src/app/(app)/simulation/components/editor-widgets.tsx,frontend_application,2655,87,888077a1bbd57cb0bd88f2360870c0960fe258145e03c0da36d0e5de8748f069,complete_semantic_source_review,frontend_audit,Frontend project typecheck/lint/build passed; no per-line runtime coverage claim; Exercised by passing project unit suites and targeted audit probes; individual execution-path completeness not asserted,complete-source-manual
frontend/src/app/(app)/simulation/components/format-helpers.ts,frontend_application,1334,30,47c60fac0e96a18e2c9778e1d7096a591c287983ead01d8d3dd436b750a8a988,complete_semantic_source_review,frontend_audit,Frontend project typecheck/lint/build passed; no per-line runtime coverage claim; Exercised by passing project unit suites and targeted audit probes; individual execution-path completeness not asserted,complete-source-manual
frontend/src/app/(app)/simulation/components/number-inputs.tsx,frontend_application,11613,336,0534f7c51b17edda3287877f346175ef3d304e4ada38ecd0b47ca7c1e77f7578,complete_semantic_source_review,frontend_audit,Frontend project typecheck/lint/build passed; no per-line runtime coverage claim; Exercised by passing project unit suites and targeted audit probes; individual execution-path completeness not asserted,complete-source-manual
frontend/src/app/(app)/simulation/components/results-visuals.i18n.test.tsx,test_source_and_support,1496,38,0e9cf7ac9d630d66fcc344853f8500ff386bc83f5818f741f03f92affd546c94,suite_execution_without_full_semantic_read,,Frontend project typecheck/lint/build passed; no per-line runtime coverage claim; Frontend Vitest suite/support: 5082 tests across 314 files passed; no per-file line coverage assertion,Test estate executed at suite level; not every fixture/assertion manually reviewed
frontend/src/app/(app)/simulation/components/results-visuals.tsx,frontend_application,12480,318,df58d7c2861e35b4b1c7ab39300d70f01d1a3e09eb2e738884da0ff8c641485a,complete_semantic_source_review,frontend_audit,Frontend project typecheck/lint/build passed; no per-line runtime coverage claim; Exercised by passing project unit suites and targeted audit probes; individual execution-path completeness not asserted,complete-source-manual
frontend/src/app/(app)/simulation/page.editor-and-run-options.test.tsx,test_source_and_support,23119,683,3ea6ff35039929e867e0550dfa2e4fb0749bc59f3b4bd23eb99011d3599ebc26,suite_execution_without_full_semantic_read,,Frontend project typecheck/lint/build passed; no per-line runtime coverage claim; Frontend Vitest suite/support: 5082 tests across 314 files passed; no per-file line coverage assertion,Test estate executed at suite level; not every fixture/assertion manually reviewed
frontend/src/app/(app)/simulation/page.editor-bindings.test.tsx,test_source_and_support,39116,1075,4ab04c5b08e5be79cd3c96976b5fa6a21a04fdad50665ffcec96a38411e35ca1,suite_execution_without_full_semantic_read,,Frontend project typecheck/lint/build passed; no per-line runtime coverage claim; Frontend Vitest suite/support: 5082 tests across 314 files passed; no per-file line coverage assertion,Test estate executed at suite level; not every fixture/assertion manually reviewed
frontend/src/app/(app)/simulation/page.editor-projection.test.tsx,test_source_and_support,44269,1289,ea123a555cd5c0d509ac4ffdf7b32ce57edebf5a25b4306c563322ba0e9a36fa,suite_execution_without_full_semantic_read,,Frontend project typecheck/lint/build passed; no per-line runtime coverage claim; Frontend Vitest suite/support: 5082 tests across 314 files passed; no per-file line coverage assertion,Test estate executed at suite level; not every fixture/assertion manually reviewed
frontend/src/app/(app)/simulation/page.events.test.tsx,test_source_and_support,84594,2355,4103bb57088cc3264c4c13981603600ecaca175320a21d47c52eb61f4cf0f3d4,suite_execution_without_full_semantic_read,,Frontend project typecheck/lint/build passed; no per-line runtime coverage claim; Frontend Vitest suite/support: 5082 tests across 314 files passed; no per-file line coverage assertion,Test estate executed at suite level; not every fixture/assertion manually reviewed
frontend/src/app/(app)/simulation/page.explain.test.tsx,test_source_and_support,9853,281,56479bc3a3f6cb80918fbcb221d397e9fe3a684f39246c5f2d4561c08a6f8959,suite_execution_without_full_semantic_read,,Frontend project typecheck/lint/build passed; no per-line runtime coverage claim; Frontend Vitest suite/support: 5082 tests across 314 files passed; no per-file line coverage assertion,Test estate executed at suite level; not every fixture/assertion manually reviewed
frontend/src/app/(app)/simulation/page.field-contracts.test.tsx,test_source_and_support,17377,470,155b5587bd2d37564bd9fe2c21611227a18a147ac788630ea2971447fb9bf019,suite_execution_without_full_semantic_read,,Frontend project typecheck/lint/build passed; no per-line runtime coverage claim; Frontend Vitest suite/support: 5082 tests across 314 files passed; no per-file line coverage assertion,Test estate executed at suite level; not every fixture/assertion manually reviewed
frontend/src/app/(app)/simulation/page.field-help.test.tsx,test_source_and_support,12178,375,574ed99f4d4f51278e770762052d5e330f05addae84387ce8b6f24fd7faf8b76,suite_execution_without_full_semantic_read,,Frontend project typecheck/lint/build passed; no per-line runtime coverage claim; Frontend Vitest suite/support: 5082 tests across 314 files passed; no per-file line coverage assertion,Test estate executed at suite level; not every fixture/assertion manually reviewed
frontend/src/app/(app)/simulation/page.field-heuristics.test.tsx,test_source_and_support,23304,671,22f4ae0caf2921b8b5423e6655ade7794215b00fb406f4bc5a238b06e67f5955,suite_execution_without_full_semantic_read,,Frontend project typecheck/lint/build passed; no per-line runtime coverage claim; Frontend Vitest suite/support: 5082 tests across 314 files passed; no per-file line coverage assertion,Test estate executed at suite level; not every fixture/assertion manually reviewed
frontend/src/app/(app)/simulation/page.i18n.test.tsx,test_source_and_support,4949,123,f1c572f30d93ef6f4d84159ae7bdee0276c9ba7b918e1dd29b1332fd661da53d,suite_execution_without_full_semantic_read,,Frontend project typecheck/lint/build passed; no per-line runtime coverage claim; Frontend Vitest suite/support: 5082 tests across 314 files passed; no per-file line coverage assertion,Test estate executed at suite level; not every fixture/assertion manually reviewed
frontend/src/app/(app)/simulation/page.meat-mode.test.tsx,test_source_and_support,7862,246,99f1547c0901534af379c74e42099777a5461a849c3a395728c89e9420f392ed,suite_execution_without_full_semantic_read,,Frontend project typecheck/lint/build passed; no per-line runtime coverage claim; Frontend Vitest suite/support: 5082 tests across 314 files passed; no per-file line coverage assertion,Test estate executed at suite level; not every fixture/assertion manually reviewed
frontend/src/app/(app)/simulation/page.metric-explanations.test.tsx,test_source_and_support,40068,1092,e8a59f24ea844ed8d069c752bdc1e4003ee0fa39497899be4494b5ef6ac8f1b8,suite_execution_without_full_semantic_read,,Frontend project typecheck/lint/build passed; no per-line runtime coverage claim; Frontend Vitest suite/support: 5082 tests across 314 files passed; no per-file line coverage assertion,Test estate executed at suite level; not every fixture/assertion manually reviewed
frontend/src/app/(app)/simulation/page.metric-thresholds.test.tsx,test_source_and_support,20551,618,cc86e6e1967440d88540fdf02ae4819c1402ce52fc07d3915d29f7f234e8c385,suite_execution_without_full_semantic_read,,Frontend project typecheck/lint/build passed; no per-line runtime coverage claim; Frontend Vitest suite/support: 5082 tests across 314 files passed; no per-file line coverage assertion,Test estate executed at suite level; not every fixture/assertion manually reviewed
frontend/src/app/(app)/simulation/page.mutation.test.tsx,test_source_and_support,49649,1296,bed91ede381c13f4dfbaf01675c67033683360ce157cb19d876c60dc0e58f0ca,suite_execution_without_full_semantic_read,,Frontend project typecheck/lint/build passed; no per-line runtime coverage claim; Frontend Vitest suite/support: 5082 tests across 314 files passed; no per-file line coverage assertion,Test estate executed at suite level; not every fixture/assertion manually reviewed
frontend/src/app/(app)/simulation/page.result-behaviour.test.tsx,test_source_and_support,23387,712,aa1b696814f0d785cf0fd1f543efacc93a9ca3952859548154771c401947fb10,suite_execution_without_full_semantic_read,,Frontend project typecheck/lint/build passed; no per-line runtime coverage claim; Frontend Vitest suite/support: 5082 tests across 314 files passed; no per-file line coverage assertion,Test estate executed at suite level; not every fixture/assertion manually reviewed
frontend/src/app/(app)/simulation/page.result-tables.test.tsx,test_source_and_support,40657,1169,c5394c2f8f1c34d7a09d591ebf2e847b1d2a90b8b2ccc67609df597b75441006,suite_execution_without_full_semantic_read,,Frontend project typecheck/lint/build passed; no per-line runtime coverage claim; Frontend Vitest suite/support: 5082 tests across 314 files passed; no per-file line coverage assertion,Test estate executed at suite level; not every fixture/assertion manually reviewed
frontend/src/app/(app)/simulation/page.scenario-writes.test.tsx,test_source_and_support,21436,538,47077b6f0063006c7749e15d1b9f62ba3ca3a6862b2746ef4b008b97791fba77,suite_execution_without_full_semantic_read,,Frontend project typecheck/lint/build passed; no per-line runtime coverage claim; Frontend Vitest suite/support: 5082 tests across 314 files passed; no per-file line coverage assertion,Test estate executed at suite level; not every fixture/assertion manually reviewed
frontend/src/app/(app)/simulation/page.sign-boundaries.test.tsx,test_source_and_support,36433,939,98aa66eeed1b62253545234d7705c1ce91ffb193980e3d897adfd9a950f8b5bc,suite_execution_without_full_semantic_read,,Frontend project typecheck/lint/build passed; no per-line runtime coverage claim; Frontend Vitest suite/support: 5082 tests across 314 files passed; no per-file line coverage assertion,Test estate executed at suite level; not every fixture/assertion manually reviewed
frontend/src/app/(app)/simulation/page.stored-payloads.test.tsx,test_source_and_support,40477,1117,d416a338f77462474dae8e21867cf4f200e815d17552794582bd677882dd76c6,suite_execution_without_full_semantic_read,,Frontend project typecheck/lint/build passed; no per-line runtime coverage claim; Frontend Vitest suite/support: 5082 tests across 314 files passed; no per-file line coverage assertion,Test estate executed at suite level; not every fixture/assertion manually reviewed
frontend/src/app/(app)/simulation/page.test.tsx,test_source_and_support,45243,1233,4db704facc4851d403b07fe5a10cb751da02447ac2b59020d4bc0055b16c189b,suite_execution_without_full_semantic_read,,Frontend project typecheck/lint/build passed; no per-line runtime coverage claim; Frontend Vitest suite/support: 5082 tests across 314 files passed; no per-file line coverage assertion,Test estate executed at suite level; not every fixture/assertion manually reviewed
frontend/src/app/(app)/simulation/page.tsx,frontend_application,174514,4251,54631e1136f939904fce4b8b104e02d60cc0896c64dbe33cee4492a5de204ac8,complete_semantic_source_review,frontend_audit,Frontend project typecheck/lint/build passed; no per-line runtime coverage claim; Exercised by passing project unit suites and targeted audit probes; individual execution-path completeness not asserted,"Full visible source read; larger files read in chunks, filling earlier sampled ranges."
frontend/src/app/(app)/tasks/page.board-copy.test.tsx,test_source_and_support,41198,1098,452005936215aa1331a25479d86c9d0ad48fdc5e575068f100f8b74845b1c99f,suite_execution_without_full_semantic_read,,Frontend project typecheck/lint/build passed; no per-line runtime coverage claim; Frontend Vitest suite/support: 5082 tests across 314 files passed; no per-file line coverage assertion,Test estate executed at suite level; not every fixture/assertion manually reviewed
frontend/src/app/(app)/tasks/page.board-guards.test.tsx,test_source_and_support,35019,915,328c4f180f024abc396a0c29783f0a8453f74efec6cda7229d39110a7afee374,suite_execution_without_full_semantic_read,,Frontend project typecheck/lint/build passed; no per-line runtime coverage claim; Frontend Vitest suite/support: 5082 tests across 314 files passed; no per-file line coverage assertion,Test estate executed at suite level; not every fixture/assertion manually reviewed
frontend/src/app/(app)/tasks/page.campaign.test.tsx,test_source_and_support,58151,1523,d00795e464c5064b407ede989f1a65b94a3c17015d79d490a8fdbe399a8ede7f,suite_execution_without_full_semantic_read,,Frontend project typecheck/lint/build passed; no per-line runtime coverage claim; Frontend Vitest suite/support: 5082 tests across 314 files passed; no per-file line coverage assertion,Test estate executed at suite level; not every fixture/assertion manually reviewed
frontend/src/app/(app)/tasks/page.deeplink.test.tsx,test_source_and_support,7640,224,6f9d6e88e7756191717784c2b4a9281ec1147888feac4155353345532939d715,suite_execution_without_full_semantic_read,,Frontend project typecheck/lint/build passed; no per-line runtime coverage claim; Frontend Vitest suite/support: 5082 tests across 314 files passed; no per-file line coverage assertion,Test estate executed at suite level; not every fixture/assertion manually reviewed
frontend/src/app/(app)/tasks/page.extended.test.tsx,test_source_and_support,40794,1054,8bfc64d0f29169f574b523d6f5b93804fce8823d06eb1af3b957c73cbfdc14bc,suite_execution_without_full_semantic_read,,Frontend project typecheck/lint/build passed; no per-line runtime coverage claim; Frontend Vitest suite/support: 5082 tests across 314 files passed; no per-file line coverage assertion,Test estate executed at suite level; not every fixture/assertion manually reviewed
frontend/src/app/(app)/tasks/page.mutation.test.tsx,test_source_and_support,24928,707,e6ecee3cdb25eeb9e9418af21369d98cb82ee29865b21c5c1bd691eb584e04aa,suite_execution_without_full_semantic_read,,Frontend project typecheck/lint/build passed; no per-line runtime coverage claim; Frontend Vitest suite/support: 5082 tests across 314 files passed; no per-file line coverage assertion,Test estate executed at suite level; not every fixture/assertion manually reviewed
frontend/src/app/(app)/tasks/page.optimistic.test.tsx,test_source_and_support,6121,186,d3e782b34af8072206dc59d50e24c692a4f7a5deb1a0edee85297dd4c6ec183e,suite_execution_without_full_semantic_read,,Frontend project typecheck/lint/build passed; no per-line runtime coverage claim; Frontend Vitest suite/support: 5082 tests across 314 files passed; no per-file line coverage assertion,Test estate executed at suite level; not every fixture/assertion manually reviewed
frontend/src/app/(app)/tasks/page.pagination.test.tsx,test_source_and_support,13821,344,efe067199cc01a5eeb69f91265688e5e966f8e57f813edacd8775992b5e7e96f,suite_execution_without_full_semantic_read,,Frontend project typecheck/lint/build passed; no per-line runtime coverage claim; Frontend Vitest suite/support: 5082 tests across 314 files passed; no per-file line coverage assertion,Test estate executed at suite level; not every fixture/assertion manually reviewed
frontend/src/app/(app)/tasks/page.taskgen.test.tsx,test_source_and_support,3708,125,fba79c347ca0457bf4dd02c5e269adf48589b9c82eaad828b641f47e4c297bba,suite_execution_without_full_semantic_read,,Frontend project typecheck/lint/build passed; no per-line runtime coverage claim; Frontend Vitest suite/support: 5082 tests across 314 files passed; no per-file line coverage assertion,Test estate executed at suite level; not every fixture/assertion manually reviewed
frontend/src/app/(app)/tasks/page.test.tsx,test_source_and_support,12900,364,3b263b95ccda0addffd9dccda19df587bee2c6dab39f275aeef582d5fe3d9571,suite_execution_without_full_semantic_read,,Frontend project typecheck/lint/build passed; no per-line runtime coverage claim; Frontend Vitest suite/support: 5082 tests across 314 files passed; no per-file line coverage assertion,Test estate executed at suite level; not every fixture/assertion manually reviewed
frontend/src/app/(app)/tasks/page.tsx,frontend_application,56800,1328,463d5e1a59e9e67f626c85192710614931902ffff7b5be8518f732efaf09bc2a,complete_semantic_source_review,frontend_audit; frontend_domain_pages,Frontend project typecheck/lint/build passed; no per-line runtime coverage claim; Exercised by passing project unit suites and targeted audit probes; individual execution-path completeness not asserted,complete-source-manual-delegated | FULL 1–1328 (nontruncated overlapping chunks)
frontend/src/app/(app)/tasks/page.worker-ux.test.tsx,test_source_and_support,23830,582,5a783f6925f004f74d8cd87225a92e9228a529410ee54142151bd4c2ce9b236e,suite_execution_without_full_semantic_read,,Frontend project typecheck/lint/build passed; no per-line runtime coverage claim; Frontend Vitest suite/support: 5082 tests across 314 files passed; no per-file line coverage assertion,Test estate executed at suite level; not every fixture/assertion manually reviewed
frontend/src/app/(app)/tasks/reject-dialog.attrs.test.tsx,test_source_and_support,4522,150,6113197f591bc0b4c18f35bfde549f9bc120589355831bea68ca4e2d87975e8d,suite_execution_without_full_semantic_read,,Frontend project typecheck/lint/build passed; no per-line runtime coverage claim; Frontend Vitest suite/support: 5082 tests across 314 files passed; no per-file line coverage assertion,Test estate executed at suite level; not every fixture/assertion manually reviewed
frontend/src/app/(app)/team/page.dom-caps.test.tsx,test_source_and_support,5194,161,6e3df66159d2926c42fef200d8686b8d1a8f91958c10824b552ab13f7a46832b,suite_execution_without_full_semantic_read,,Frontend project typecheck/lint/build passed; no per-line runtime coverage claim; Frontend Vitest suite/support: 5082 tests across 314 files passed; no per-file line coverage assertion,Test estate executed at suite level; not every fixture/assertion manually reviewed
frontend/src/app/(app)/team/page.extended.test.tsx,test_source_and_support,77983,2097,eb1300a45fd8b14383096e2dbdf930128557c32d4b4435bd3e3f1fb9697fa965,suite_execution_without_full_semantic_read,,Frontend project typecheck/lint/build passed; no per-line runtime coverage claim; Frontend Vitest suite/support: 5082 tests across 314 files passed; no per-file line coverage assertion,Test estate executed at suite level; not every fixture/assertion manually reviewed
frontend/src/app/(app)/team/page.i18n.test.tsx,test_source_and_support,7617,191,bf93c3e0675ab081b8e7f30b212d8834f43991de423a39aafafb21d21a3185df,suite_execution_without_full_semantic_read,,Frontend project typecheck/lint/build passed; no per-line runtime coverage claim; Frontend Vitest suite/support: 5082 tests across 314 files passed; no per-file line coverage assertion,Test estate executed at suite level; not every fixture/assertion manually reviewed
frontend/src/app/(app)/team/page.mobile-cards.test.tsx,test_source_and_support,5661,151,a224bd52d13b39810b68af41d5d2491fcfe18776f6995b8da781bc298b015c40,suite_execution_without_full_semantic_read,,Frontend project typecheck/lint/build passed; no per-line runtime coverage claim; Frontend Vitest suite/support: 5082 tests across 314 files passed; no per-file line coverage assertion,Test estate executed at suite level; not every fixture/assertion manually reviewed
frontend/src/app/(app)/team/page.mutation.test.tsx,test_source_and_support,27720,775,4e432f347db207ef75654b6a6712d3d6b2611bd7a795a059339ac1d86698a962,suite_execution_without_full_semantic_read,,Frontend project typecheck/lint/build passed; no per-line runtime coverage claim; Frontend Vitest suite/support: 5082 tests across 314 files passed; no per-file line coverage assertion,Test estate executed at suite level; not every fixture/assertion manually reviewed
frontend/src/app/(app)/team/page.notifications.test.tsx,test_source_and_support,11609,315,3c7de9959a5cf249bb70b1f52b06c8de1e12a31eee3f7b5ea636d5a9bbc59afc,suite_execution_without_full_semantic_read,,Frontend project typecheck/lint/build passed; no per-line runtime coverage claim; Frontend Vitest suite/support: 5082 tests across 314 files passed; no per-file line coverage assertion,Test estate executed at suite level; not every fixture/assertion manually reviewed
frontend/src/app/(app)/team/page.races.test.tsx,test_source_and_support,4694,184,be60fb86453b19d8c25b3733f6de60e0e4818434c485f0f76b9bba1269d2231e,suite_execution_without_full_semantic_read,,Frontend project typecheck/lint/build passed; no per-line runtime coverage claim; Frontend Vitest suite/support: 5082 tests across 314 files passed; no per-file line coverage assertion,Test estate executed at suite level; not every fixture/assertion manually reviewed
frontend/src/app/(app)/team/page.roles-copy.test.tsx,test_source_and_support,39997,1056,17c2d05337be9b5ba1cbe7e33b83ba969ec9d4ca891f9dd15905015cce86fb66,suite_execution_without_full_semantic_read,,Frontend project typecheck/lint/build passed; no per-line runtime coverage claim; Frontend Vitest suite/support: 5082 tests across 314 files passed; no per-file line coverage assertion,Test estate executed at suite level; not every fixture/assertion manually reviewed
frontend/src/app/(app)/team/page.test.tsx,test_source_and_support,7329,214,cc567d9b4c0bfbe13bfc8b49eec819311265bb502fd3141af432c11ecf24c4c8,suite_execution_without_full_semantic_read,,Frontend project typecheck/lint/build passed; no per-line runtime coverage claim; Frontend Vitest suite/support: 5082 tests across 314 files passed; no per-file line coverage assertion,Test estate executed at suite level; not every fixture/assertion manually reviewed
frontend/src/app/(app)/team/page.tsx,frontend_application,71246,2039,18a95203ddef7b76bc4ef2c6fca75dfcbf50336522d7ffc87a775cd425851ff9,complete_semantic_source_review,frontend_audit,Frontend project typecheck/lint/build passed; no per-line runtime coverage claim; Exercised by passing project unit suites and targeted audit probes; individual execution-path completeness not asserted,"Full visible source read; larger files read in chunks, filling earlier sampled ranges."
frontend/src/app/(app)/team/page.worker-and-role-guards.test.tsx,test_source_and_support,41492,1001,dd96d64c30d6bf871d3473863d4fc953551f326fad43f6a2a32002de22d152c9,suite_execution_without_full_semantic_read,,Frontend project typecheck/lint/build passed; no per-line runtime coverage claim; Frontend Vitest suite/support: 5082 tests across 314 files passed; no per-file line coverage assertion,Test estate executed at suite level; not every fixture/assertion manually reviewed
frontend/src/app/apple-icon.png,binary_or_vector_asset,4414,11,378fa608f03be6ed3934a3b5723d24472c96fc896a91279ec7bb7f9702391d09,asset_metadata_review,frontend_audit,Content/metadata inventory; no dedicated execution verification asserted,Image metadata reviewed; not visually reviewed
frontend/src/app/auth-pages.dom-caps.test.tsx,test_source_and_support,2804,67,f1950ab229daf337b71225b0907a7e01a713edd5d8041a670766fed674ea4f87,suite_execution_without_full_semantic_read,,Frontend project typecheck/lint/build passed; no per-line runtime coverage claim; Frontend Vitest suite/support: 5082 tests across 314 files passed; no per-file line coverage assertion,Test estate executed at suite level; not every fixture/assertion manually reviewed
frontend/src/app/error.test.tsx,test_source_and_support,1933,47,8c5a654854dc3077ba4514674f5ed1592a8ab151ec83ded7354a4f087267c98d,suite_execution_without_full_semantic_read,,Frontend project typecheck/lint/build passed; no per-line runtime coverage claim; Frontend Vitest suite/support: 5082 tests across 314 files passed; no per-file line coverage assertion,Test estate executed at suite level; not every fixture/assertion manually reviewed
frontend/src/app/error.tsx,frontend_application,1343,42,0089f1853cf6bb87c291e0a51e695d8c06e2b8d053c2e3b5a404815d74faf4c0,complete_semantic_source_review,frontend_audit,Frontend project typecheck/lint/build passed; no per-line runtime coverage claim; Exercised by passing project unit suites and targeted audit probes; individual execution-path completeness not asserted,complete-source-manual
frontend/src/app/farm-select/page.campaign.test.tsx,test_source_and_support,3306,89,97d2877d20b317a57e1b39d3d43d7218f5f5c23e3f22d2721022311cd65d9495,suite_execution_without_full_semantic_read,,Frontend project typecheck/lint/build passed; no per-line runtime coverage claim; Frontend Vitest suite/support: 5082 tests across 314 files passed; no per-file line coverage assertion,Test estate executed at suite level; not every fixture/assertion manually reviewed
frontend/src/app/farm-select/page.mutation.test.tsx,test_source_and_support,5634,161,439a1695d6068acc9c07460a29aacb0eb7f2b8f184d4305caf97b349a7f805e7,suite_execution_without_full_semantic_read,,Frontend project typecheck/lint/build passed; no per-line runtime coverage claim; Frontend Vitest suite/support: 5082 tests across 314 files passed; no per-file line coverage assertion,Test estate executed at suite level; not every fixture/assertion manually reviewed
frontend/src/app/farm-select/page.test.tsx,test_source_and_support,37750,979,d31e504523db12f386df47919422a76968b2715353c7e2429677f1c36ba21110,suite_execution_without_full_semantic_read,,Frontend project typecheck/lint/build passed; no per-line runtime coverage claim; Frontend Vitest suite/support: 5082 tests across 314 files passed; no per-file line coverage assertion,Test estate executed at suite level; not every fixture/assertion manually reviewed
frontend/src/app/farm-select/page.tsx,frontend_application,15832,380,7da19d3221213d2cf67f10d8c56ec5abdca8d03a720774fb6634c42ca809aeee,complete_semantic_source_review,frontend_audit,Frontend project typecheck/lint/build passed; no per-line runtime coverage claim; Exercised by passing project unit suites and targeted audit probes; individual execution-path completeness not asserted,complete-source-manual
frontend/src/app/global-error.test.tsx,test_source_and_support,2916,67,ccf1bbcff258e2e1fb44bea57e8c75aec410309e4c1e455e8c86f20c07cfc7f9,suite_execution_without_full_semantic_read,,Frontend project typecheck/lint/build passed; no per-line runtime coverage claim; Frontend Vitest suite/support: 5082 tests across 314 files passed; no per-file line coverage assertion,Test estate executed at suite level; not every fixture/assertion manually reviewed
frontend/src/app/global-error.tsx,frontend_application,1601,49,a90165461bc2f29dd9aa6c842ddb674446cd59098d34fbeb1bb4a4a8281e212e,complete_semantic_source_review,frontend_audit,Frontend project typecheck/lint/build passed; no per-line runtime coverage claim; Exercised by passing project unit suites and targeted audit probes; individual execution-path completeness not asserted,complete-source-manual
frontend/src/app/globals.css,frontend_application,7712,216,cb98b6d55cbeb8f1de341b02e541321021a7c5ac4cbbb3006eca6adc1d41e8c4,complete_semantic_source_review,frontend_audit,Frontend project typecheck/lint/build passed; no per-line runtime coverage claim; Exercised by passing project unit suites and targeted audit probes; individual execution-path completeness not asserted,complete-source-manual
frontend/src/app/healthz/route.test.ts,test_source_and_support,643,20,4ac5c9c80b34a23d916b7d2a95b5151ce8129ec3b17674abadb195f62c0c3847,suite_execution_without_full_semantic_read,,Frontend project typecheck/lint/build passed; no per-line runtime coverage claim; Frontend Vitest suite/support: 5082 tests across 314 files passed; no per-file line coverage assertion,Test estate executed at suite level; not every fixture/assertion manually reviewed
frontend/src/app/healthz/route.ts,frontend_application,846,20,3c059d56b14c0198da07357544fa91cfb9520e56793cda3f24e4fb5d3f39a4f5,complete_semantic_source_review,frontend_audit,Frontend project typecheck/lint/build passed; no per-line runtime coverage claim; Exercised by passing project unit suites and targeted audit probes; individual execution-path completeness not asserted,complete-source-manual
frontend/src/app/icon.svg,binary_or_vector_asset,622,12,72b2f39795977139d32d57d1d56d45a1bf80099dfab612cebc837daacf283b8f,complete_semantic_source_review,frontend_audit,Content/metadata inventory; no dedicated execution verification asserted,complete-source-manual
frontend/src/app/layout.mutation.test.tsx,test_source_and_support,1652,48,7d1900d4b01e95552363a398c5027ab01070244e0d72738429c11286acf5997e,suite_execution_without_full_semantic_read,,Frontend project typecheck/lint/build passed; no per-line runtime coverage claim; Frontend Vitest suite/support: 5082 tests across 314 files passed; no per-file line coverage assertion,Test estate executed at suite level; not every fixture/assertion manually reviewed
frontend/src/app/layout.test.tsx,test_source_and_support,6728,172,9b66b0fa360054b60c8cdcc8b49c4a943a2f83ad7e273f29490ab239ddc55377,suite_execution_without_full_semantic_read,,Frontend project typecheck/lint/build passed; no per-line runtime coverage claim; Frontend Vitest suite/support: 5082 tests across 314 files passed; no per-file line coverage assertion,Test estate executed at suite level; not every fixture/assertion manually reviewed
frontend/src/app/layout.tsx,frontend_application,2091,63,b7f78657561d001de4d317e44309bf0b3090dcbadfced7c56eb7c680d3f8efb5,complete_semantic_source_review,frontend_audit,Frontend project typecheck/lint/build passed; no per-line runtime coverage claim; Exercised by passing project unit suites and targeted audit probes; individual execution-path completeness not asserted,complete-source-manual
frontend/src/app/login/page.campaign.test.tsx,test_source_and_support,4212,112,82b2d4bfd3fb9cc2029c1cc5214f5a8e8082a5c88834c505877cd0a98c247503,suite_execution_without_full_semantic_read,,Frontend project typecheck/lint/build passed; no per-line runtime coverage claim; Frontend Vitest suite/support: 5082 tests across 314 files passed; no per-file line coverage assertion,Test estate executed at suite level; not every fixture/assertion manually reviewed
frontend/src/app/login/page.extended.test.tsx,test_source_and_support,19672,517,fa1d9d222fa1338ab3683c1dc748ed6d46f349400aa013eb360fdc926c9c3904,suite_execution_without_full_semantic_read,,Frontend project typecheck/lint/build passed; no per-line runtime coverage claim; Frontend Vitest suite/support: 5082 tests across 314 files passed; no per-file line coverage assertion,Test estate executed at suite level; not every fixture/assertion manually reviewed
frontend/src/app/login/page.mutation.test.tsx,test_source_and_support,5357,139,d0bd6f98afc5f1ed2eee10dadc179cd5847ada0205a71a4fb57144a85f9d072d,suite_execution_without_full_semantic_read,,Frontend project typecheck/lint/build passed; no per-line runtime coverage claim; Frontend Vitest suite/support: 5082 tests across 314 files passed; no per-file line coverage assertion,Test estate executed at suite level; not every fixture/assertion manually reviewed
frontend/src/app/login/page.test.tsx,test_source_and_support,18972,489,9e323308ab4e3770f10f1dc1a90085a775c5eb11e1f97404a169bae6e104b40c,suite_execution_without_full_semantic_read,,Frontend project typecheck/lint/build passed; no per-line runtime coverage claim; Frontend Vitest suite/support: 5082 tests across 314 files passed; no per-file line coverage assertion,Test estate executed at suite level; not every fixture/assertion manually reviewed
frontend/src/app/login/page.totp.test.tsx,test_source_and_support,9063,223,fc729174af64832f0b124fbcfdff08d092912f77fcc7379b72c3585b59b4a690,suite_execution_without_full_semantic_read,,Frontend project typecheck/lint/build passed; no per-line runtime coverage claim; Frontend Vitest suite/support: 5082 tests across 314 files passed; no per-file line coverage assertion,Test estate executed at suite level; not every fixture/assertion manually reviewed
frontend/src/app/login/page.tsx,frontend_application,14262,358,a77aeef6181579f4b55e9b07ba5892d0067563b2e4ffe957213e04bdc186db80,complete_semantic_source_review,frontend_audit,Frontend project typecheck/lint/build passed; no per-line runtime coverage claim; Exercised by passing project unit suites and targeted audit probes; individual execution-path completeness not asserted,complete-source-manual
frontend/src/app/manifest.test.ts,test_source_and_support,2197,59,1af888693a826f12e51f1fe767af84daa9cd917b7135fa033f83f2268322c6d1,suite_execution_without_full_semantic_read,,Frontend project typecheck/lint/build passed; no per-line runtime coverage claim; Frontend Vitest suite/support: 5082 tests across 314 files passed; no per-file line coverage assertion,Test estate executed at suite level; not every fixture/assertion manually reviewed
frontend/src/app/manifest.ts,frontend_application,1598,38,05132ad5dc215b51a47064a233f94e0cbdb2b18f4f07e8791a975c75db3f53a7,complete_semantic_source_review,frontend_audit,Frontend project typecheck/lint/build passed; no per-line runtime coverage claim; Exercised by passing project unit suites and targeted audit probes; individual execution-path completeness not asserted,complete-source-manual
frontend/src/app/misc-pages.dom-caps.test.tsx,test_source_and_support,3453,89,9174dc0e2dc80c802e098384fee95c6534d35078b945e0cf430ef106a1d28755,suite_execution_without_full_semantic_read,,Frontend project typecheck/lint/build passed; no per-line runtime coverage claim; Frontend Vitest suite/support: 5082 tests across 314 files passed; no per-file line coverage assertion,Test estate executed at suite level; not every fixture/assertion manually reviewed
frontend/src/app/page.test.tsx,test_source_and_support,7984,216,f24565c10a6c23f0564f322479edb2a9da2ce863814e12edbb57a0cd152932b3,suite_execution_without_full_semantic_read,,Frontend project typecheck/lint/build passed; no per-line runtime coverage claim; Frontend Vitest suite/support: 5082 tests across 314 files passed; no per-file line coverage assertion,Test estate executed at suite level; not every fixture/assertion manually reviewed
frontend/src/app/page.tsx,frontend_application,1550,48,e77128534dbb20bb8742e71fa7aee07b4b842f7ab1ab8ed47ef90167e737b6e7,complete_semantic_source_review,frontend_audit,Frontend project typecheck/lint/build passed; no per-line runtime coverage claim; Exercised by passing project unit suites and targeted audit probes; individual execution-path completeness not asserted,complete-source-manual
frontend/src/app/register/page.campaign.test.tsx,test_source_and_support,1856,53,db473e2d74e6a979b2861dd1f760413db3c204ac9d7d4880376ca41ded52287c,suite_execution_without_full_semantic_read,,Frontend project typecheck/lint/build passed; no per-line runtime coverage claim; Frontend Vitest suite/support: 5082 tests across 314 files passed; no per-file line coverage assertion,Test estate executed at suite level; not every fixture/assertion manually reviewed
frontend/src/app/register/page.mutation.test.tsx,test_source_and_support,5063,129,f1e07ff7f825095aa919af1f9ec8d66a185c8c4e2412079af242fd07b509172b,suite_execution_without_full_semantic_read,,Frontend project typecheck/lint/build passed; no per-line runtime coverage claim; Frontend Vitest suite/support: 5082 tests across 314 files passed; no per-file line coverage assertion,Test estate executed at suite level; not every fixture/assertion manually reviewed
frontend/src/app/register/page.test.tsx,test_source_and_support,32490,836,c91a4e8a44a710b8d543c806ef2bd343458b9efb15452206669040ce7722e1de,suite_execution_without_full_semantic_read,,Frontend project typecheck/lint/build passed; no per-line runtime coverage claim; Frontend Vitest suite/support: 5082 tests across 314 files passed; no per-file line coverage assertion,Test estate executed at suite level; not every fixture/assertion manually reviewed
frontend/src/app/register/page.tsx,frontend_application,7627,205,4500c47c1476bc1fd4f4ed3e5c9ade566288a291c4106b68419157d3d8130a67,complete_semantic_source_review,frontend_audit,Frontend project typecheck/lint/build passed; no per-line runtime coverage claim; Exercised by passing project unit suites and targeted audit probes; individual execution-path completeness not asserted,complete-source-manual
frontend/src/app/worker/layout.test.tsx,test_source_and_support,14710,408,f5d179ccd4daadbc62e69e32f5c120c99d5a86383efc016068f15d573505d56e,suite_execution_without_full_semantic_read,,Frontend project typecheck/lint/build passed; no per-line runtime coverage claim; Frontend Vitest suite/support: 5082 tests across 314 files passed; no per-file line coverage assertion,Test estate executed at suite level; not every fixture/assertion manually reviewed
frontend/src/app/worker/layout.tsx,frontend_application,12075,312,a315425b1f846a1ccb88131c90c1f90aa184c0c258f808cee2c9adb507559a53,complete_semantic_source_review,frontend_audit,Frontend project typecheck/lint/build passed; no per-line runtime coverage claim; Exercised by passing project unit suites and targeted audit probes; individual execution-path completeness not asserted,complete-source-manual
frontend/src/app/worker/login/page.tsx,frontend_application,19678,572,234feb624742d994a87386243a7b03c1759c644e88c55dbedcdb670807d04af4,complete_semantic_source_review,frontend_audit,Frontend project typecheck/lint/build passed; no per-line runtime coverage claim; Exercised by passing project unit suites and targeted audit probes; individual execution-path completeness not asserted,complete-source-manual
frontend/src/app/worker/page.test.tsx,test_source_and_support,36064,926,6096d5643b2f4851ff2357577f778c03e788378ae3f611c723ea57983e2778ca,suite_execution_without_full_semantic_read,,Frontend project typecheck/lint/build passed; no per-line runtime coverage claim; Frontend Vitest suite/support: 5082 tests across 314 files passed; no per-file line coverage assertion,Test estate executed at suite level; not every fixture/assertion manually reviewed
frontend/src/app/worker/page.touch-targets.test.tsx,test_source_and_support,3609,115,93e0337c21a163313e82cedc1104462a4d2a8aca22bbf9d7f8c77978bc8a7c3e,suite_execution_without_full_semantic_read,,Frontend project typecheck/lint/build passed; no per-line runtime coverage claim; Frontend Vitest suite/support: 5082 tests across 314 files passed; no per-file line coverage assertion,Test estate executed at suite level; not every fixture/assertion manually reviewed
frontend/src/app/worker/page.tsx,frontend_application,13769,351,619a3c6e9fdd9276a650a7634451f3fffa07e7ef3d92a05390d8516043c3807e,complete_semantic_source_review,frontend_audit,Frontend project typecheck/lint/build passed; no per-line runtime coverage claim; Exercised by passing project unit suites and targeted audit probes; individual execution-path completeness not asserted,complete-source-manual
frontend/src/components/account-dialog.aria.test.tsx,test_source_and_support,11341,260,9d584e6651f88f9405ed4f693efab3e8a4f8cfd78f9f25c00b161143038a2c3d,suite_execution_without_full_semantic_read,,Frontend project typecheck/lint/build passed; no per-line runtime coverage claim; Frontend Vitest suite/support: 5082 tests across 314 files passed; no per-file line coverage assertion,Test estate executed at suite level; not every fixture/assertion manually reviewed
frontend/src/components/account-dialog.campaign.test.tsx,test_source_and_support,5273,138,551791ae191441c9c3e5afbcbe93f5b3f0483b72da16974f92de09be3e8579fa,suite_execution_without_full_semantic_read,,Frontend project typecheck/lint/build passed; no per-line runtime coverage claim; Frontend Vitest suite/support: 5082 tests across 314 files passed; no per-file line coverage assertion,Test estate executed at suite level; not every fixture/assertion manually reviewed
frontend/src/components/account-dialog.i18n.test.tsx,test_source_and_support,5435,120,2e3507e59214472665d77e3c0d22a3306af3aedd6942796327539bb50c7f362a,suite_execution_without_full_semantic_read,,Frontend project typecheck/lint/build passed; no per-line runtime coverage claim; Frontend Vitest suite/support: 5082 tests across 314 files passed; no per-file line coverage assertion,Test estate executed at suite level; not every fixture/assertion manually reviewed
frontend/src/components/account-dialog.locks-and-recovery.test.tsx,test_source_and_support,17512,404,9cf5da45aa9bddf1f9b71f92672c01afdc8532d13a774e055f2cc1f17eda9693,suite_execution_without_full_semantic_read,,Frontend project typecheck/lint/build passed; no per-line runtime coverage claim; Frontend Vitest suite/support: 5082 tests across 314 files passed; no per-file line coverage assertion,Test estate executed at suite level; not every fixture/assertion manually reviewed
frontend/src/components/account-dialog.mutation.test.tsx,test_source_and_support,14622,371,886dd93e2323370f21d698939bdb3ec58c56134e256479784a0894257a226e76,suite_execution_without_full_semantic_read,,Frontend project typecheck/lint/build passed; no per-line runtime coverage claim; Frontend Vitest suite/support: 5082 tests across 314 files passed; no per-file line coverage assertion,Test estate executed at suite level; not every fixture/assertion manually reviewed
frontend/src/components/account-dialog.test.tsx,test_source_and_support,37946,918,f5772138e326a920a9c7a94f22729a8112b8ad7ff84b29abae76e970ccece37a,suite_execution_without_full_semantic_read,,Frontend project typecheck/lint/build passed; no per-line runtime coverage claim; Frontend Vitest suite/support: 5082 tests across 314 files passed; no per-file line coverage assertion,Test estate executed at suite level; not every fixture/assertion manually reviewed
frontend/src/components/account-dialog.totp.test.tsx,test_source_and_support,33837,730,65bc39df089fe6ccf680edfa1b53234bde6d5cb7400867c2e7aaebef8adc953e,suite_execution_without_full_semantic_read,,Frontend project typecheck/lint/build passed; no per-line runtime coverage claim; Frontend Vitest suite/support: 5082 tests across 314 files passed; no per-file line coverage assertion,Test estate executed at suite level; not every fixture/assertion manually reviewed
frontend/src/components/account-dialog.tsx,frontend_application,38395,941,04f4aea8ece4369358c06d802b5ec04c420c231f4717b070fdc5ea1e71bbcb55,complete_semantic_source_review,frontend_audit,Frontend project typecheck/lint/build passed; no per-line runtime coverage claim; Exercised by passing project unit suites and targeted audit probes; individual execution-path completeness not asserted,"Full visible source read; larger files read in chunks, filling earlier sampled ranges."
frontend/src/components/animal-picker.falsy-props.test.tsx,test_source_and_support,5619,165,4a33196672caf605457f66a8a50795822332277c870c07eb09d4429f6685d817,suite_execution_without_full_semantic_read,,Frontend project typecheck/lint/build passed; no per-line runtime coverage claim; Frontend Vitest suite/support: 5082 tests across 314 files passed; no per-file line coverage assertion,Test estate executed at suite level; not every fixture/assertion manually reviewed
frontend/src/components/animal-picker.tsx,frontend_application,5528,180,82ce96358df441af6251d96c2ce1049b25707d3ac21f509818f25df9ee1682c6,complete_semantic_source_review,frontend_audit,Frontend project typecheck/lint/build passed; no per-line runtime coverage claim; Exercised by passing project unit suites and targeted audit probes; individual execution-path completeness not asserted,complete-source-manual
frontend/src/components/auth-layout.mutation.test.tsx,test_source_and_support,3759,90,4b46928938ba2fd8b7157fec872cf034628a4c765d63912332fb86ed6e78f711,suite_execution_without_full_semantic_read,,Frontend project typecheck/lint/build passed; no per-line runtime coverage claim; Frontend Vitest suite/support: 5082 tests across 314 files passed; no per-file line coverage assertion,Test estate executed at suite level; not every fixture/assertion manually reviewed
frontend/src/components/auth-layout.tsx,frontend_application,4777,130,9dce58541a385dba446f65488160a24b6eb05edd32bb28c7a45d8f5ba27bbe16,complete_semantic_source_review,frontend_audit,Frontend project typecheck/lint/build passed; no per-line runtime coverage claim; Exercised by passing project unit suites and targeted audit probes; individual execution-path completeness not asserted,complete-source-manual
frontend/src/components/breeding-candidate-picker.tsx,frontend_application,4067,118,fec049e1a7b04ea20724fbf3a2d3fbc2cff366cdf3362a43e0195d2cdfc8c01f,complete_semantic_source_review,frontend_audit,Frontend project typecheck/lint/build passed; no per-line runtime coverage claim; Exercised by passing project unit suites and targeted audit probes; individual execution-path completeness not asserted,complete-source-manual
frontend/src/components/charts.mutation.test.tsx,test_source_and_support,17563,467,9375d57e124177935bae195c644514660cca3e510ad8f1daa424ece423015d6f,suite_execution_without_full_semantic_read,,Frontend project typecheck/lint/build passed; no per-line runtime coverage claim; Frontend Vitest suite/support: 5082 tests across 314 files passed; no per-file line coverage assertion,Test estate executed at suite level; not every fixture/assertion manually reviewed
frontend/src/components/charts.test.tsx,test_source_and_support,5017,134,419ec9951a50c2f7338228e9890e56bea479ce0a5829e4bee4f69205ff7e587f,suite_execution_without_full_semantic_read,,Frontend project typecheck/lint/build passed; no per-line runtime coverage claim; Frontend Vitest suite/support: 5082 tests across 314 files passed; no per-file line coverage assertion,Test estate executed at suite level; not every fixture/assertion manually reviewed
frontend/src/components/charts.tsx,frontend_application,7849,244,f61d3770491099359412ec20cb5d87a801d02bb7d0d612ab1a66f51013001c64,complete_semantic_source_review,frontend_audit,Frontend project typecheck/lint/build passed; no per-line runtime coverage claim; Exercised by passing project unit suites and targeted audit probes; individual execution-path completeness not asserted,complete-source-manual
frontend/src/components/data-table-card.mutation.test.tsx,test_source_and_support,1557,47,e8c1233813acc8593ee0a1042c07dbeed13d47eb832836f99dceb4061868f433,suite_execution_without_full_semantic_read,,Frontend project typecheck/lint/build passed; no per-line runtime coverage claim; Frontend Vitest suite/support: 5082 tests across 314 files passed; no per-file line coverage assertion,Test estate executed at suite level; not every fixture/assertion manually reviewed
frontend/src/components/data-table-card.tsx,frontend_application,1566,56,917990d9be5412f6536e1f093efc95413454031decc841efc39f612951febf60,complete_semantic_source_review,frontend_audit,Frontend project typecheck/lint/build passed; no per-line runtime coverage claim; Exercised by passing project unit suites and targeted audit probes; individual execution-path completeness not asserted,complete-source-manual
frontend/src/components/display-components.test.tsx,test_source_and_support,7993,195,737b381e470bb44690d57a176fd59ed36e3b2dea3cfaaa0df921d700319793f5,suite_execution_without_full_semantic_read,,Frontend project typecheck/lint/build passed; no per-line runtime coverage claim; Frontend Vitest suite/support: 5082 tests across 314 files passed; no per-file line coverage assertion,Test estate executed at suite level; not every fixture/assertion manually reviewed
frontend/src/components/domain-picker-branches.test.tsx,test_source_and_support,26184,808,6ff0a283447bdfa79cb8ed4a9e1518d9bab72fe20fbe6a412d16b47d3ad0a846,suite_execution_without_full_semantic_read,,Frontend project typecheck/lint/build passed; no per-line runtime coverage claim; Frontend Vitest suite/support: 5082 tests across 314 files passed; no per-file line coverage assertion,Test estate executed at suite level; not every fixture/assertion manually reviewed
frontend/src/components/empty-state.tsx,frontend_application,1892,54,f04325f08e5758ad9f3c76eefc850fd021235d77f50b9cad5b7150d8858f9dbd,complete_semantic_source_review,frontend_audit,Frontend project typecheck/lint/build passed; no per-line runtime coverage claim; Exercised by passing project unit suites and targeted audit probes; individual execution-path completeness not asserted,complete-source-manual
frontend/src/components/forms-campaign.test.tsx,test_source_and_support,6700,196,8342e3e757dc3d6e26005554f3315168ce056f1c7bd96702e1d1ecb517752884,suite_execution_without_full_semantic_read,,Frontend project typecheck/lint/build passed; no per-line runtime coverage claim; Frontend Vitest suite/support: 5082 tests across 314 files passed; no per-file line coverage assertion,Test estate executed at suite level; not every fixture/assertion manually reviewed
frontend/src/components/health-target-pickers.falsy.test.tsx,test_source_and_support,3932,112,89e91bc9d4bc396b0bd1a7c283bb613dfe74c6c389ae65314461bea49f13e31f,suite_execution_without_full_semantic_read,,Frontend project typecheck/lint/build passed; no per-line runtime coverage claim; Frontend Vitest suite/support: 5082 tests across 314 files passed; no per-file line coverage assertion,Test estate executed at suite level; not every fixture/assertion manually reviewed
frontend/src/components/health-target-pickers.tsx,frontend_application,6988,220,2518200ca2d5448df7b22a1031da69480ed7941c90bb7b727fc1ed940958bb3f,complete_semantic_source_review,frontend_audit,Frontend project typecheck/lint/build passed; no per-line runtime coverage claim; Exercised by passing project unit suites and targeted audit probes; individual execution-path completeness not asserted,complete-source-manual
frontend/src/components/language-toggle.test.tsx,test_source_and_support,1054,33,236db2d54060cfdcaa66caefadd4a60d33a464d90e35742bcf67ffeaf0fb1411,suite_execution_without_full_semantic_read,,Frontend project typecheck/lint/build passed; no per-line runtime coverage claim; Frontend Vitest suite/support: 5082 tests across 314 files passed; no per-file line coverage assertion,Test estate executed at suite level; not every fixture/assertion manually reviewed
frontend/src/components/language-toggle.tsx,frontend_application,1769,57,f72176c59d3d2397726db76b413a08f50207116f63597114b5f8ee7010f631d4,complete_semantic_source_review,frontend_audit,Frontend project typecheck/lint/build passed; no per-line runtime coverage claim; Exercised by passing project unit suites and targeted audit probes; individual execution-path completeness not asserted,complete-source-manual
frontend/src/components/logo.mutation.test.tsx,test_source_and_support,1489,49,2ee0c10a1ee269011dc74d8dad99f5c86aa19e2e7f371b20c7206b5a0b395332,suite_execution_without_full_semantic_read,,Frontend project typecheck/lint/build passed; no per-line runtime coverage claim; Frontend Vitest suite/support: 5082 tests across 314 files passed; no per-file line coverage assertion,Test estate executed at suite level; not every fixture/assertion manually reviewed
frontend/src/components/logo.tsx,frontend_application,1660,57,d19a68c97f484e11c184b525b7dbc15e19a955493d5b04d2a46e17894c42b264,complete_semantic_source_review,frontend_audit,Frontend project typecheck/lint/build passed; no per-line runtime coverage claim; Exercised by passing project unit suites and targeted audit probes; individual execution-path completeness not asserted,complete-source-manual
frontend/src/components/page-header.tsx,frontend_application,947,40,b1204c14ebbbdb2e47bd33674342e14ff4fa6b9f984b0e6d00bc7af5534b339d,complete_semantic_source_review,frontend_audit,Frontend project typecheck/lint/build passed; no per-line runtime coverage claim; Exercised by passing project unit suites and targeted audit probes; individual execution-path completeness not asserted,complete-source-manual
frontend/src/components/paginated-pickers.test.tsx,test_source_and_support,13338,362,2713eb5d74949dd36d206f0e5a5deadf97a65de43466c9920f580324f08a2669,suite_execution_without_full_semantic_read,,Frontend project typecheck/lint/build passed; no per-line runtime coverage claim; Frontend Vitest suite/support: 5082 tests across 314 files passed; no per-file line coverage assertion,Test estate executed at suite level; not every fixture/assertion manually reviewed
frontend/src/components/pagination-controls.test.tsx,test_source_and_support,5379,164,ba5f211ddbf1568719fecbf5233e301e0bbee3e1a8db1b858a5e1b8f27fdb5eb,suite_execution_without_full_semantic_read,,Frontend project typecheck/lint/build passed; no per-line runtime coverage claim; Frontend Vitest suite/support: 5082 tests across 314 files passed; no per-file line coverage assertion,Test estate executed at suite level; not every fixture/assertion manually reviewed
frontend/src/components/pagination-controls.tsx,frontend_application,3394,83,aa3fa28f409ace86f92bf7b95310f6a28b7b48c27a8a2b9be270e47884dd9673,complete_semantic_source_review,frontend_audit,Frontend project typecheck/lint/build passed; no per-line runtime coverage claim; Exercised by passing project unit suites and targeted audit probes; individual execution-path completeness not asserted,complete-source-manual
frontend/src/components/permission-gate.campaign.test.tsx,test_source_and_support,2810,94,eb5f606d5d6d8f89340c18495fa764f0163acb9c3cff5fcce0d20dbd9815bade,suite_execution_without_full_semantic_read,,Frontend project typecheck/lint/build passed; no per-line runtime coverage claim; Frontend Vitest suite/support: 5082 tests across 314 files passed; no per-file line coverage assertion,Test estate executed at suite level; not every fixture/assertion manually reviewed
frontend/src/components/permission-gate.test.tsx,test_source_and_support,4303,114,0b36610e35695259dd0ea24af6260873af3fe8e3e93a9f2be88a6d27cb5a9c2f,suite_execution_without_full_semantic_read,,Frontend project typecheck/lint/build passed; no per-line runtime coverage claim; Frontend Vitest suite/support: 5082 tests across 314 files passed; no per-file line coverage assertion,Test estate executed at suite level; not every fixture/assertion manually reviewed
frontend/src/components/permission-gate.tsx,frontend_application,4173,119,4439f3f8921e6229854ef1cedabb190b064de1a8a7b322417ec679d725dce902,complete_semantic_source_review,frontend_audit,Frontend project typecheck/lint/build passed; no per-line runtime coverage claim; Exercised by passing project unit suites and targeted audit probes; individual execution-path completeness not asserted,complete-source-manual
frontend/src/components/permissions-error.tsx,frontend_application,632,20,838653b9b2391663df81c44e8f72f00f45f6d990db47b4882125fb6552b95900,complete_semantic_source_review,frontend_audit,Frontend project typecheck/lint/build passed; no per-line runtime coverage claim; Exercised by passing project unit suites and targeted audit probes; individual execution-path completeness not asserted,complete-source-manual
frontend/src/components/providers.tsx,frontend_application,1732,49,b56f955dd7bea80aa26e43b87096efff272b1d90b0f336f3d95439654478eac9,complete_semantic_source_review,frontend_audit,Frontend project typecheck/lint/build passed; no per-line runtime coverage claim; Exercised by passing project unit suites and targeted audit probes; individual execution-path completeness not asserted,complete-source-manual
frontend/src/components/remote-picker.i18n.test.tsx,test_source_and_support,4022,82,d84877167794bea7c736ecaec8d216f4d2797f3dda27d8e90c4e2a4e27670e9a,suite_execution_without_full_semantic_read,,Frontend project typecheck/lint/build passed; no per-line runtime coverage claim; Frontend Vitest suite/support: 5082 tests across 314 files passed; no per-file line coverage assertion,Test estate executed at suite level; not every fixture/assertion manually reviewed
frontend/src/components/remote-picker.mutation.test.tsx,test_source_and_support,7256,217,00d23a5bfbcd287c130bdb59f6f30c1bfe3d5782cc6d23730ed903a4e9c27217,suite_execution_without_full_semantic_read,,Frontend project typecheck/lint/build passed; no per-line runtime coverage claim; Frontend Vitest suite/support: 5082 tests across 314 files passed; no per-file line coverage assertion,Test estate executed at suite level; not every fixture/assertion manually reviewed
frontend/src/components/remote-picker.test.tsx,test_source_and_support,33773,815,e37584c631ee2b67f2d9d3da37e12d66d456a91d0ca7237e401e882a5e3fa795,suite_execution_without_full_semantic_read,,Frontend project typecheck/lint/build passed; no per-line runtime coverage claim; Frontend Vitest suite/support: 5082 tests across 314 files passed; no per-file line coverage assertion,Test estate executed at suite level; not every fixture/assertion manually reviewed
frontend/src/components/remote-picker.trigger-and-status.test.tsx,test_source_and_support,13922,346,03e7a72eb92fefb2d0b9a0b7d6b72377982ba486e3124d5181b392790f92d214,suite_execution_without_full_semantic_read,,Frontend project typecheck/lint/build passed; no per-line runtime coverage claim; Frontend Vitest suite/support: 5082 tests across 314 files passed; no per-file line coverage assertion,Test estate executed at suite level; not every fixture/assertion manually reviewed
frontend/src/components/remote-picker.tsx,frontend_application,19433,526,ad577e731a86331b76bdc7f8b1f125ce5451e07adbbaaf1537354594f2a94ead,complete_semantic_source_review,frontend_audit,Frontend project typecheck/lint/build passed; no per-line runtime coverage claim; Exercised by passing project unit suites and targeted audit probes; individual execution-path completeness not asserted,complete-source-manual
frontend/src/components/screening-check-dialog.test.tsx,test_source_and_support,39579,1027,08fa469d89a31ca6205044b26a71d9fd9ac709744707b4daa42f9d3d81c30eb8,suite_execution_without_full_semantic_read,,Frontend project typecheck/lint/build passed; no per-line runtime coverage claim; Frontend Vitest suite/support: 5082 tests across 314 files passed; no per-file line coverage assertion,Test estate executed at suite level; not every fixture/assertion manually reviewed
frontend/src/components/screening-check-dialog.tsx,frontend_application,13855,356,61d6e73c6c1eba67401ab35cdc84dfb3a873848eff80a96fd042840d60ca16fa,complete_semantic_source_review,frontend_audit,Frontend project typecheck/lint/build passed; no per-line runtime coverage claim; Exercised by passing project unit suites and targeted audit probes; individual execution-path completeness not asserted,complete-source-manual
frontend/src/components/section-nav.test.tsx,test_source_and_support,5417,134,1454c65a06ed32ea7c86f31e038cb4bc712b600a32d21a31dd7dabd41c58bf1e,suite_execution_without_full_semantic_read,,Frontend project typecheck/lint/build passed; no per-line runtime coverage claim; Frontend Vitest suite/support: 5082 tests across 314 files passed; no per-file line coverage assertion,Test estate executed at suite level; not every fixture/assertion manually reviewed
frontend/src/components/section-nav.tsx,frontend_application,2075,62,9d480ba642597caadd4a7b89161c6a9d9dcca5efab280efb907fe4bc9d95dd38,complete_semantic_source_review,frontend_audit,Frontend project typecheck/lint/build passed; no per-line runtime coverage claim; Exercised by passing project unit suites and targeted audit probes; individual execution-path completeness not asserted,complete-source-manual
frontend/src/components/sidebar.test.tsx,test_source_and_support,5718,195,046aaee33d5dca4c75872f9632affc6993b0098d42e95b9611ad5474c1eb7a7f,suite_execution_without_full_semantic_read,,Frontend project typecheck/lint/build passed; no per-line runtime coverage claim; Frontend Vitest suite/support: 5082 tests across 314 files passed; no per-file line coverage assertion,Test estate executed at suite level; not every fixture/assertion manually reviewed
frontend/src/components/skeletons.mutation.test.tsx,test_source_and_support,7322,196,e7f68cb50d275b5f584f1e8ea4883ead076a8f3f09fc984b03316c0c27ded661,suite_execution_without_full_semantic_read,,Frontend project typecheck/lint/build passed; no per-line runtime coverage claim; Frontend Vitest suite/support: 5082 tests across 314 files passed; no per-file line coverage assertion,Test estate executed at suite level; not every fixture/assertion manually reviewed
frontend/src/components/skeletons.tsx,frontend_application,4178,162,7d0d2206e393e221416687c057f767c99507772e73b36d11b2881c3b27104119,complete_semantic_source_review,frontend_audit,Frontend project typecheck/lint/build passed; no per-line runtime coverage claim; Exercised by passing project unit suites and targeted audit probes; individual execution-path completeness not asserted,complete-source-manual
frontend/src/components/stale-data-notice.test.tsx,test_source_and_support,899,25,30f82592bf01aa8c05b68c82f4aeb8161e79020e584607f0ffee6fc840e3d9b2,suite_execution_without_full_semantic_read,,Frontend project typecheck/lint/build passed; no per-line runtime coverage claim; Frontend Vitest suite/support: 5082 tests across 314 files passed; no per-file line coverage assertion,Test estate executed at suite level; not every fixture/assertion manually reviewed
frontend/src/components/stale-data-notice.tsx,frontend_application,1125,30,11ccd00fdf6cf387ef5c8e4ce09ba2dfd2eb58d2969a14bdd9139c03e206a0cc,complete_semantic_source_review,frontend_audit,Frontend project typecheck/lint/build passed; no per-line runtime coverage claim; Exercised by passing project unit suites and targeted audit probes; individual execution-path completeness not asserted,complete-source-manual
frontend/src/components/stat-card.mutation.test.tsx,test_source_and_support,2710,81,4274916508c9394c0adbb747c6b193116eb715a373c5680ce87b7a686df63309,suite_execution_without_full_semantic_read,,Frontend project typecheck/lint/build passed; no per-line runtime coverage claim; Frontend Vitest suite/support: 5082 tests across 314 files passed; no per-file line coverage assertion,Test estate executed at suite level; not every fixture/assertion manually reviewed
frontend/src/components/stat-card.tsx,frontend_application,2805,101,f5c5e98b19b7538d014c04b3a2b4a10b51d3253586d0d1bf210eb6f155d28cea,complete_semantic_source_review,frontend_audit,Frontend project typecheck/lint/build passed; no per-line runtime coverage claim; Exercised by passing project unit suites and targeted audit probes; individual execution-path completeness not asserted,complete-source-manual
frontend/src/components/status-badge.test.tsx,test_source_and_support,956,23,2efb0e63c9c577a3f438d1b7035f3621489099102e8f38ab4c8095fd7eb99d58,suite_execution_without_full_semantic_read,,Frontend project typecheck/lint/build passed; no per-line runtime coverage claim; Frontend Vitest suite/support: 5082 tests across 314 files passed; no per-file line coverage assertion,Test estate executed at suite level; not every fixture/assertion manually reviewed
frontend/src/components/status-badge.tsx,frontend_application,3741,119,4f59f737cd305c1f36297c30b4cd8891f9038dfae2511c68ee8ce6ade15cff2b,complete_semantic_source_review,frontend_audit,Frontend project typecheck/lint/build passed; no per-line runtime coverage claim; Exercised by passing project unit suites and targeted audit probes; individual execution-path completeness not asserted,complete-source-manual
frontend/src/components/task-row-actions.tsx,frontend_application,22266,542,94099ce0b86aa6ebb0b5bfa64e645aba9100b34435b900752c33b47b5effdf2d,complete_semantic_source_review,frontend_audit,Frontend project typecheck/lint/build passed; no per-line runtime coverage claim; Exercised by passing project unit suites and targeted audit probes; individual execution-path completeness not asserted,complete-source-manual
frontend/src/components/theme-toggle.mutation.test.tsx,test_source_and_support,3482,88,b3a2f007d28ae2bcce19f9348114116de030b4cf31d03bf033e5bd7778cdb997,suite_execution_without_full_semantic_read,,Frontend project typecheck/lint/build passed; no per-line runtime coverage claim; Frontend Vitest suite/support: 5082 tests across 314 files passed; no per-file line coverage assertion,Test estate executed at suite level; not every fixture/assertion manually reviewed
frontend/src/components/theme-toggle.test.tsx,test_source_and_support,2070,63,96a9e5e5eef65a5f2da66d65ea3a8155094f3f818709ad20ce9a86e2538e5a74,suite_execution_without_full_semantic_read,,Frontend project typecheck/lint/build passed; no per-line runtime coverage claim; Frontend Vitest suite/support: 5082 tests across 314 files passed; no per-file line coverage assertion,Test estate executed at suite level; not every fixture/assertion manually reviewed
frontend/src/components/theme-toggle.tsx,frontend_application,1815,56,4508971f1b663cb35017939e85ccaef1f85c9567d0cafdc550dfad853c193920,complete_semantic_source_review,frontend_audit,Frontend project typecheck/lint/build passed; no per-line runtime coverage claim; Exercised by passing project unit suites and targeted audit probes; individual execution-path completeness not asserted,complete-source-manual
frontend/src/components/ui/badge.tsx,frontend_application,2310,59,752c2be1710236e814d991c6ffc9c980488d16e352dfb0d88781a3ee30172b7b,complete_semantic_source_review,frontend_audit,Frontend project typecheck/lint/build passed; no per-line runtime coverage claim; Exercised by passing project unit suites and targeted audit probes; individual execution-path completeness not asserted,complete-source-manual
frontend/src/components/ui/base-primitives.test.tsx,test_source_and_support,27027,833,8dbdcac1daae56dfa6172318b83a84b43d2ec4e61e3aa171b9533ac307614959,suite_execution_without_full_semantic_read,,Frontend project typecheck/lint/build passed; no per-line runtime coverage claim; Frontend Vitest suite/support: 5082 tests across 314 files passed; no per-file line coverage assertion,Test estate executed at suite level; not every fixture/assertion manually reviewed
frontend/src/components/ui/button.tsx,frontend_application,3387,60,a98ae11e3bd1dd96f53ce93d5729448cff9790599287c1401fc87defd1d9ac4c,complete_semantic_source_review,frontend_audit,Frontend project typecheck/lint/build passed; no per-line runtime coverage claim; Exercised by passing project unit suites and targeted audit probes; individual execution-path completeness not asserted,complete-source-manual
frontend/src/components/ui/card.tsx,frontend_application,2644,103,4053a6c3443bf7d8c5c699176b341b84f384c0d194a4aa9bec08bd002043d12f,complete_semantic_source_review,frontend_audit,Frontend project typecheck/lint/build passed; no per-line runtime coverage claim; Exercised by passing project unit suites and targeted audit probes; individual execution-path completeness not asserted,complete-source-manual
frontend/src/components/ui/checkbox.tsx,frontend_application,1689,36,a69ce843f5b8ae40eb8996dfa4b281c37bcc1aafb0b684203d3e68eda4a32665,complete_semantic_source_review,frontend_audit,Frontend project typecheck/lint/build passed; no per-line runtime coverage claim; Exercised by passing project unit suites and targeted audit probes; individual execution-path completeness not asserted,complete-source-manual
frontend/src/components/ui/dialog.tsx,frontend_application,4272,167,7ce252afde43ae85f03f23ab69cbcbdf2ff40b2c2dcfaee9da647303ba812708,complete_semantic_source_review,frontend_audit; frontend_domain_pages,Frontend project typecheck/lint/build passed; no per-line runtime coverage claim; Exercised by passing project unit suites and targeted audit probes; individual execution-path completeness not asserted,complete-source-manual | FULL
frontend/src/components/ui/input.tsx,frontend_application,1040,20,c0cd81080504437f920e2ae5773b29f043ebb978e8a37416179d125b80241f0b,complete_semantic_source_review,frontend_audit,Frontend project typecheck/lint/build passed; no per-line runtime coverage claim; Exercised by passing project unit suites and targeted audit probes; individual execution-path completeness not asserted,complete-source-manual
frontend/src/components/ui/label.tsx,frontend_application,518,20,7f19b8476658d25ff197c84030e58cd7395059d876a54630e025951e474ebdae,complete_semantic_source_review,frontend_audit,Frontend project typecheck/lint/build passed; no per-line runtime coverage claim; Exercised by passing project unit suites and targeted audit probes; individual execution-path completeness not asserted,complete-source-manual
frontend/src/components/ui/select-sheet-tabs-table.test.tsx,test_source_and_support,29945,818,38d50b585ff008414f5f468a7e18c4bd792e3a07926dce3c837a09055ea69021,suite_execution_without_full_semantic_read,,Frontend project typecheck/lint/build passed; no per-line runtime coverage claim; Frontend Vitest suite/support: 5082 tests across 314 files passed; no per-file line coverage assertion,Test estate executed at suite level; not every fixture/assertion manually reviewed
frontend/src/components/ui/select.tsx,frontend_application,7304,217,04d376b607823409dc26679ab0d708bc968eca3d6898c18b8558a6e458798c3f,complete_semantic_source_review,frontend_audit,Frontend project typecheck/lint/build passed; no per-line runtime coverage claim; Exercised by passing project unit suites and targeted audit probes; individual execution-path completeness not asserted,complete-source-manual
frontend/src/components/ui/separator.tsx,frontend_application,545,25,75085bd84ff6965e4a356c53a4689799cabf65caa93c0bba064d5a0c6fa78f13,complete_semantic_source_review,frontend_audit,Frontend project typecheck/lint/build passed; no per-line runtime coverage claim; Exercised by passing project unit suites and targeted audit probes; individual execution-path completeness not asserted,complete-source-manual
frontend/src/components/ui/sheet.tsx,frontend_application,4630,140,e0cf69e29d00c68202dd8ec0f0f0eb61434fcb5f641155827f46e623d900ef04,complete_semantic_source_review,frontend_audit,Frontend project typecheck/lint/build passed; no per-line runtime coverage claim; Exercised by passing project unit suites and targeted audit probes; individual execution-path completeness not asserted,complete-source-manual
frontend/src/components/ui/sidebar.mutation.test.tsx,test_source_and_support,2637,82,bd13ad611ec85387f8264bbcd21b7e8551277557c0c14bba6fa3a3926bcc9f4f,suite_execution_without_full_semantic_read,,Frontend project typecheck/lint/build passed; no per-line runtime coverage claim; Frontend Vitest suite/support: 5082 tests across 314 files passed; no per-file line coverage assertion,Test estate executed at suite level; not every fixture/assertion manually reviewed
frontend/src/components/ui/sidebar.state.test.tsx,test_source_and_support,20871,642,3bebe48d9433641340080fc2cc65b1c0e0f2ac3e40e3264f19463871cd076916,suite_execution_without_full_semantic_read,,Frontend project typecheck/lint/build passed; no per-line runtime coverage claim; Frontend Vitest suite/support: 5082 tests across 314 files passed; no per-file line coverage assertion,Test estate executed at suite level; not every fixture/assertion manually reviewed
frontend/src/components/ui/sidebar.structure.test.tsx,test_source_and_support,29475,892,805b0b6284c3c45e5eab5212cedd675925b60c289410b13aaee184cd317192ff,suite_execution_without_full_semantic_read,,Frontend project typecheck/lint/build passed; no per-line runtime coverage claim; Frontend Vitest suite/support: 5082 tests across 314 files passed; no per-file line coverage assertion,Test estate executed at suite level; not every fixture/assertion manually reviewed
frontend/src/components/ui/sidebar.tsx,frontend_application,22756,737,e7e47ad7504b275fc9c5a35c88c3b0122b9272cc43c272aa8fe75b5792499278,complete_semantic_source_review,frontend_audit,Frontend project typecheck/lint/build passed; no per-line runtime coverage claim; Exercised by passing project unit suites and targeted audit probes; individual execution-path completeness not asserted,complete-source-manual
frontend/src/components/ui/skeleton.tsx,frontend_application,275,13,8110bba70d0cb9fe968c0b7bd092ad12258caef40b028b4a87f402bdab907faf,complete_semantic_source_review,frontend_audit,Frontend project typecheck/lint/build passed; no per-line runtime coverage claim; Exercised by passing project unit suites and targeted audit probes; individual execution-path completeness not asserted,complete-source-manual
frontend/src/components/ui/sonner.tsx,frontend_application,1815,56,538f8b37b00df06f5a3293155c5109e70b05e68b0e86b01191b6181f48cb18b6,complete_semantic_source_review,frontend_audit,Frontend project typecheck/lint/build passed; no per-line runtime coverage claim; Exercised by passing project unit suites and targeted audit probes; individual execution-path completeness not asserted,complete-source-manual
frontend/src/components/ui/table.mutation.test.tsx,test_source_and_support,7298,218,1e37717e308314ba295e39a4cb4ce7a2e4867fd2666d2e5dd6a61b9ddeb97360,suite_execution_without_full_semantic_read,,Frontend project typecheck/lint/build passed; no per-line runtime coverage claim; Frontend Vitest suite/support: 5082 tests across 314 files passed; no per-file line coverage assertion,Test estate executed at suite level; not every fixture/assertion manually reviewed
frontend/src/components/ui/table.tsx,frontend_application,4050,163,2783b7980df0a5e6362011601990b9d3589c43b822c27b359bd73e8f528bca71,complete_semantic_source_review,frontend_audit,Frontend project typecheck/lint/build passed; no per-line runtime coverage claim; Exercised by passing project unit suites and targeted audit probes; individual execution-path completeness not asserted,complete-source-manual
frontend/src/components/ui/tabs.tsx,frontend_application,3790,87,8920d2f96cca1103105779f9aaee3f6f6fc558c4655749a88d99d3c33bdc18b4,complete_semantic_source_review,frontend_audit,Frontend project typecheck/lint/build passed; no per-line runtime coverage claim; Exercised by passing project unit suites and targeted audit probes; individual execution-path completeness not asserted,complete-source-manual
frontend/src/components/ui/textarea.tsx,frontend_application,842,18,58b58d84fc54ba5f4ca46937870c619349fd9eccc4d494250ac7bc73a94e05e9,complete_semantic_source_review,frontend_audit,Frontend project typecheck/lint/build passed; no per-line runtime coverage claim; Exercised by passing project unit suites and targeted audit probes; individual execution-path completeness not asserted,complete-source-manual
frontend/src/components/ui/tooltip.mutation.test.tsx,test_source_and_support,1975,59,5a896d673ff3da465d1a4171ab04f887da4661abe6c9199e9c7cb41ac8449797,suite_execution_without_full_semantic_read,,Frontend project typecheck/lint/build passed; no per-line runtime coverage claim; Frontend Vitest suite/support: 5082 tests across 314 files passed; no per-file line coverage assertion,Test estate executed at suite level; not every fixture/assertion manually reviewed
frontend/src/components/ui/tooltip.tsx,frontend_application,2846,66,2cea2294d4947b88d815860f64e0b5e0eb47a59bde47cfd194aac2230c923865,complete_semantic_source_review,frontend_audit,Frontend project typecheck/lint/build passed; no per-line runtime coverage claim; Exercised by passing project unit suites and targeted audit probes; individual execution-path completeness not asserted,complete-source-manual
frontend/src/hooks/use-mobile.test.tsx,test_source_and_support,3546,104,d068e9f926056cae5facbb3b93742dafab80fff36cca3356fcd5400e8bc06ae0,suite_execution_without_full_semantic_read,,Frontend project typecheck/lint/build passed; no per-line runtime coverage claim; Frontend Vitest suite/support: 5082 tests across 314 files passed; no per-file line coverage assertion,Test estate executed at suite level; not every fixture/assertion manually reviewed
frontend/src/hooks/use-mobile.ts,frontend_application,562,22,c24080b5f4a209c07290cdb3a84d219b60c7809dea7ca441c5925ad6c4bf7b0d,complete_semantic_source_review,frontend_audit,Frontend project typecheck/lint/build passed; no per-line runtime coverage claim; Exercised by passing project unit suites and targeted audit probes; individual execution-path completeness not asserted,complete-source-manual
frontend/src/lib/active-language.ts,frontend_application,682,20,10445bbd9b34df7f213b902c478c3cafb1bb9ff3ef7da6f0e5fc0ec7e32c7efa,complete_semantic_source_review,frontend_audit,Frontend project typecheck/lint/build passed; no per-line runtime coverage claim; Exercised by passing project unit suites and targeted audit probes; individual execution-path completeness not asserted,complete-source-manual
frontend/src/lib/api-campaign.test.ts,test_source_and_support,15745,417,ce065b931823b3e31eb454444a98bcb98bb5a2498f258e08ed283fc2fd55042c,suite_execution_without_full_semantic_read,,Frontend project typecheck/lint/build passed; no per-line runtime coverage claim; Frontend Vitest suite/support: 5082 tests across 314 files passed; no per-file line coverage assertion,Test estate executed at suite level; not every fixture/assertion manually reviewed
frontend/src/lib/api-client.boundary.test.ts,test_source_and_support,15455,413,80ad675dade17f6f5f740d98999468953717f216c47afc5dde617d52edbd58b5,suite_execution_without_full_semantic_read,,Frontend project typecheck/lint/build passed; no per-line runtime coverage claim; Frontend Vitest suite/support: 5082 tests across 314 files passed; no per-file line coverage assertion,Test estate executed at suite level; not every fixture/assertion manually reviewed
frontend/src/lib/api-client.extended.test.ts,test_source_and_support,31774,969,8039e9a527373f4dbb5812c20838668edd78ee9425a616820cb4f3a622b8f5f0,suite_execution_without_full_semantic_read,,Frontend project typecheck/lint/build passed; no per-line runtime coverage claim; Frontend Vitest suite/support: 5082 tests across 314 files passed; no per-file line coverage assertion,Test estate executed at suite level; not every fixture/assertion manually reviewed
frontend/src/lib/api-client.mutation.test.ts,test_source_and_support,18127,538,63143d4e896d09a4d2baf7d7b4f7e1ff7994ec79bf83de0b0d60a6bbb2bf27aa,suite_execution_without_full_semantic_read,,Frontend project typecheck/lint/build passed; no per-line runtime coverage claim; Frontend Vitest suite/support: 5082 tests across 314 files passed; no per-file line coverage assertion,Test estate executed at suite level; not every fixture/assertion manually reviewed
frontend/src/lib/api-client.races.test.ts,test_source_and_support,17761,494,61d5f89b385ec90292b72e80fa4b9eb4ec3f87acae67994cfc490ea8852b70b4,suite_execution_without_full_semantic_read,,Frontend project typecheck/lint/build passed; no per-line runtime coverage claim; Frontend Vitest suite/support: 5082 tests across 314 files passed; no per-file line coverage assertion,Test estate executed at suite level; not every fixture/assertion manually reviewed
frontend/src/lib/api-client.refresh-concurrency.test.ts,test_source_and_support,22841,628,ec49c4ead428e1a5c3b082193a12b5b373065a756f16af5ff0fbe85a92d107dc,suite_execution_without_full_semantic_read,,Frontend project typecheck/lint/build passed; no per-line runtime coverage claim; Frontend Vitest suite/support: 5082 tests across 314 files passed; no per-file line coverage assertion,Test estate executed at suite level; not every fixture/assertion manually reviewed
frontend/src/lib/api-client.refresh-outcomes.test.ts,test_source_and_support,10939,316,ebc74bfa801531a8803460e322a83af92f8571c44b835183a3a5574883b31421,suite_execution_without_full_semantic_read,,Frontend project typecheck/lint/build passed; no per-line runtime coverage claim; Frontend Vitest suite/support: 5082 tests across 314 files passed; no per-file line coverage assertion,Test estate executed at suite level; not every fixture/assertion manually reviewed
frontend/src/lib/api-client.signal-composition.test.ts,test_source_and_support,8236,208,9cd85bb41137e46449250a7c5382d7c70dfcdb84fe7b458fb1a1f0b38c44403d,suite_execution_without_full_semantic_read,,Frontend project typecheck/lint/build passed; no per-line runtime coverage claim; Frontend Vitest suite/support: 5082 tests across 314 files passed; no per-file line coverage assertion,Test estate executed at suite level; not every fixture/assertion manually reviewed
frontend/src/lib/api-client.test.ts,test_source_and_support,15463,431,3f10ca48569ca73788c8471004826589d2d2c0333a141bbc3dfcfce7d32a59cb,suite_execution_without_full_semantic_read,,Frontend project typecheck/lint/build passed; no per-line runtime coverage claim; Frontend Vitest suite/support: 5082 tests across 314 files passed; no per-file line coverage assertion,Test estate executed at suite level; not every fixture/assertion manually reviewed
frontend/src/lib/api-client.token-hazards.test.ts,test_source_and_support,17305,472,7aeb02ad4de79818d3790c490b21f7e49429ccc757608785a57e349b1d93cdbd,suite_execution_without_full_semantic_read,,Frontend project typecheck/lint/build passed; no per-line runtime coverage claim; Frontend Vitest suite/support: 5082 tests across 314 files passed; no per-file line coverage assertion,Test estate executed at suite level; not every fixture/assertion manually reviewed
frontend/src/lib/api-client.ts,frontend_application,44829,994,3348f0fbfefebc0f0cbf0f19929e381e15f92860c3e3fafe32eb2fbcba29639b,complete_semantic_source_review,frontend_audit,Frontend project typecheck/lint/build passed; no per-line runtime coverage claim; Exercised by passing project unit suites and targeted audit probes; individual execution-path completeness not asserted,complete-source-manual
frontend/src/lib/api-client.validation.test.ts,test_source_and_support,6037,163,fb96de1b237b49b01edca4b505905e0524fdbe4dd60ef2771587844f34042285,suite_execution_without_full_semantic_read,,Frontend project typecheck/lint/build passed; no per-line runtime coverage claim; Frontend Vitest suite/support: 5082 tests across 314 files passed; no per-file line coverage assertion,Test estate executed at suite level; not every fixture/assertion manually reviewed
frontend/src/lib/auth-context.bugs.test.tsx,test_source_and_support,15512,418,82139aacf19fec677fa60716ccafbfeac1ecce3d31b36ad992e35f23b414f129,suite_execution_without_full_semantic_read,,Frontend project typecheck/lint/build passed; no per-line runtime coverage claim; Frontend Vitest suite/support: 5082 tests across 314 files passed; no per-file line coverage assertion,Test estate executed at suite level; not every fixture/assertion manually reviewed
frontend/src/lib/auth-context.campaign.test.tsx,test_source_and_support,15473,416,8b3a017ab329fca32d94752949022f558d934b2c5bf4b2298d4e22ce57791c27,suite_execution_without_full_semantic_read,,Frontend project typecheck/lint/build passed; no per-line runtime coverage claim; Frontend Vitest suite/support: 5082 tests across 314 files passed; no per-file line coverage assertion,Test estate executed at suite level; not every fixture/assertion manually reviewed
frontend/src/lib/auth-context.farm-timezone.test.tsx,test_source_and_support,2541,71,6ad243d87509e0d6657d5fa73a4671c63409a45cb5815fb4a43e614bd9022ebc,suite_execution_without_full_semantic_read,,Frontend project typecheck/lint/build passed; no per-line runtime coverage claim; Frontend Vitest suite/support: 5082 tests across 314 files passed; no per-file line coverage assertion,Test estate executed at suite level; not every fixture/assertion manually reviewed
frontend/src/lib/auth-context.latches.test.tsx,test_source_and_support,19686,608,5bca67f64452eac7f44d17595cda22f949c4894fb9ef17977e793d5f34aa487f,suite_execution_without_full_semantic_read,,Frontend project typecheck/lint/build passed; no per-line runtime coverage claim; Frontend Vitest suite/support: 5082 tests across 314 files passed; no per-file line coverage assertion,Test estate executed at suite level; not every fixture/assertion manually reviewed
frontend/src/lib/auth-context.races.test.tsx,test_source_and_support,38280,1193,9d4324bdf7667ce8daa2627c65a1d33b5557f89a554060d5471bb52a6d31dff6,suite_execution_without_full_semantic_read,,Frontend project typecheck/lint/build passed; no per-line runtime coverage claim; Frontend Vitest suite/support: 5082 tests across 314 files passed; no per-file line coverage assertion,Test estate executed at suite level; not every fixture/assertion manually reviewed
frontend/src/lib/auth-context.session-states.test.tsx,test_source_and_support,14490,414,9b0f4386f7aa78ed4e50333a1f4cccd5d26fe243a97b39e4dd5aaa062e96c56d,suite_execution_without_full_semantic_read,,Frontend project typecheck/lint/build passed; no per-line runtime coverage claim; Frontend Vitest suite/support: 5082 tests across 314 files passed; no per-file line coverage assertion,Test estate executed at suite level; not every fixture/assertion manually reviewed
frontend/src/lib/auth-context.teardown.test.tsx,test_source_and_support,21595,618,f092ad96a1475cbaf9df903a93394d9521a330ea868ec86c7c61ab30460cf258,suite_execution_without_full_semantic_read,,Frontend project typecheck/lint/build passed; no per-line runtime coverage claim; Frontend Vitest suite/support: 5082 tests across 314 files passed; no per-file line coverage assertion,Test estate executed at suite level; not every fixture/assertion manually reviewed
frontend/src/lib/auth-context.test.tsx,test_source_and_support,35565,999,9a65e4509311b72e8df2b81ec72ab3ab45ad439c841e0256dd09a38f776cf723,suite_execution_without_full_semantic_read,,Frontend project typecheck/lint/build passed; no per-line runtime coverage claim; Frontend Vitest suite/support: 5082 tests across 314 files passed; no per-file line coverage assertion,Test estate executed at suite level; not every fixture/assertion manually reviewed
frontend/src/lib/auth-context.tsx,frontend_application,31239,694,981ed3e15061a0aea1d272b5dae3ddffa40a6096d231d0e788b01dafd0d3a5b5,complete_semantic_source_review,frontend_audit,Frontend project typecheck/lint/build passed; no per-line runtime coverage claim; Exercised by passing project unit suites and targeted audit probes; individual execution-path completeness not asserted,complete-source-manual
frontend/src/lib/backend-caps.test.ts,test_source_and_support,3927,93,721780e1d8a6be7b5b28a33916e1dd2ab7e628d2acd5e023f70c21e03d4780ac,suite_execution_without_full_semantic_read,,Frontend project typecheck/lint/build passed; no per-line runtime coverage claim; Frontend Vitest suite/support: 5082 tests across 314 files passed; no per-file line coverage assertion,Test estate executed at suite level; not every fixture/assertion manually reviewed
frontend/src/lib/backend-caps.ts,frontend_application,1095,25,512e57814789a790302f131c58ef96b31d80d3c60f32c6b07e1bb5b008c5307b,complete_semantic_source_review,frontend_audit,Frontend project typecheck/lint/build passed; no per-line runtime coverage claim; Exercised by passing project unit suites and targeted audit probes; individual execution-path completeness not asserted,complete-source-manual
frontend/src/lib/backend-constants-parity.test.ts,test_source_and_support,1815,43,39c406c09d41d02a5e730006ac89dfc14f63d0998e5e07bc63fa2d9677fbe3a8,suite_execution_without_full_semantic_read,,Frontend project typecheck/lint/build passed; no per-line runtime coverage claim; Frontend Vitest suite/support: 5082 tests across 314 files passed; no per-file line coverage assertion,Test estate executed at suite level; not every fixture/assertion manually reviewed
frontend/src/lib/backend-rewrites.ts,frontend_application,2607,57,66ed0fc5f35144aa69b9c890a6bb20ecd1be0543a0706edc9c3f0cad2b728bda,complete_semantic_source_review,frontend_audit,Frontend project typecheck/lint/build passed; no per-line runtime coverage claim; Exercised by passing project unit suites and targeted audit probes; individual execution-path completeness not asserted,complete-source-manual
frontend/src/lib/brand.test.ts,test_source_and_support,603,18,f42d11b0add9a23f9d78c3cb06dbf3249640f75c9a6a2371bf3a6495eb93c1dd,suite_execution_without_full_semantic_read,,Frontend project typecheck/lint/build passed; no per-line runtime coverage claim; Frontend Vitest suite/support: 5082 tests across 314 files passed; no per-file line coverage assertion,Test estate executed at suite level; not every fixture/assertion manually reviewed
frontend/src/lib/brand.ts,frontend_application,858,14,244d7e848b77a1c93c4b982724342ff60265f1136099435c483e309445fea86c,complete_semantic_source_review,frontend_audit,Frontend project typecheck/lint/build passed; no per-line runtime coverage claim; Exercised by passing project unit suites and targeted audit probes; individual execution-path completeness not asserted,complete-source-manual
frontend/src/lib/bucket-sex.test.ts,test_source_and_support,2307,57,213c7f59583b8b33f93296b62159dff7ba413550969cdf46e2690ee6b1ef1843,suite_execution_without_full_semantic_read,,Frontend project typecheck/lint/build passed; no per-line runtime coverage claim; Frontend Vitest suite/support: 5082 tests across 314 files passed; no per-file line coverage assertion,Test estate executed at suite level; not every fixture/assertion manually reviewed
frontend/src/lib/bucket-sex.ts,frontend_application,670,16,7d621b122c4fd1135b281778f7cb909e6f55ad16882481e456a3e508d344783a,complete_semantic_source_review,frontend_audit,Frontend project typecheck/lint/build passed; no per-line runtime coverage claim; Exercised by passing project unit suites and targeted audit probes; individual execution-path completeness not asserted,complete-source-manual
frontend/src/lib/csp.ts,frontend_application,5196,129,29dae0871067674d23ceb5621f31fc4ef0a19110b6c135d6583864b8f210e7ef,complete_semantic_source_review,frontend_audit,Frontend project typecheck/lint/build passed; no per-line runtime coverage claim; Exercised by passing project unit suites and targeted audit probes; individual execution-path completeness not asserted,complete-source-manual
frontend/src/lib/enum-labels.te.test.tsx,test_source_and_support,4675,100,928bfa1c9c68ad190ee924a84114c199a3b563b2c5f24cdba95867f92e3a5317,suite_execution_without_full_semantic_read,,Frontend project typecheck/lint/build passed; no per-line runtime coverage claim; Frontend Vitest suite/support: 5082 tests across 314 files passed; no per-file line coverage assertion,Test estate executed at suite level; not every fixture/assertion manually reviewed
frontend/src/lib/enum-labels.test.ts,test_source_and_support,6888,123,07c38c6ed33d33e07e7bd0de158c840bf294d172e16f436b92710e19daf798a6,suite_execution_without_full_semantic_read,,Frontend project typecheck/lint/build passed; no per-line runtime coverage claim; Frontend Vitest suite/support: 5082 tests across 314 files passed; no per-file line coverage assertion,Test estate executed at suite level; not every fixture/assertion manually reviewed
frontend/src/lib/enum-labels.titlecase.test.ts,test_source_and_support,2585,69,e1f00e6e81ef8b0002748504bf0c98bbc83a5b0254dc0bc52daa3af6b7aa9e16,suite_execution_without_full_semantic_read,,Frontend project typecheck/lint/build passed; no per-line runtime coverage claim; Frontend Vitest suite/support: 5082 tests across 314 files passed; no per-file line coverage assertion,Test estate executed at suite level; not every fixture/assertion manually reviewed
frontend/src/lib/enum-labels.ts,frontend_application,15433,415,3bddd49d8c97c5002f3c98cf7d1b5c21d8b4af955f0722c722f20f20567df714,complete_semantic_source_review,frontend_audit,Frontend project typecheck/lint/build passed; no per-line runtime coverage claim; Exercised by passing project unit suites and targeted audit probes; individual execution-path completeness not asserted,complete-source-manual
frontend/src/lib/farm-scope-guard.test.ts,test_source_and_support,1041,35,6cc5d8b6eb9824fec5fc9addce0e12135f66b0dfbebb191588b1d3c5245d4cfe,suite_execution_without_full_semantic_read,,Frontend project typecheck/lint/build passed; no per-line runtime coverage claim; Frontend Vitest suite/support: 5082 tests across 314 files passed; no per-file line coverage assertion,Test estate executed at suite level; not every fixture/assertion manually reviewed
frontend/src/lib/farm-scope-guard.ts,frontend_application,769,18,57b738ba25bbdca50361ffe3537a8a2b6014800ef92a7f201789270e9d14ade2,complete_semantic_source_review,frontend_audit; frontend_domain_pages,Frontend project typecheck/lint/build passed; no per-line runtime coverage claim; Exercised by passing project unit suites and targeted audit probes; individual execution-path completeness not asserted,complete-source-manual | FULL
frontend/src/lib/farm-vocabulary.test.ts,test_source_and_support,1640,51,3135edb0f1ed105e8dcbc13fa6c6f5b002dee863f6ca62010752308db23db081,suite_execution_without_full_semantic_read,,Frontend project typecheck/lint/build passed; no per-line runtime coverage claim; Frontend Vitest suite/support: 5082 tests across 314 files passed; no per-file line coverage assertion,Test estate executed at suite level; not every fixture/assertion manually reviewed
frontend/src/lib/farm-vocabulary.ts,frontend_application,4438,116,cd0d259a889e28114a59e9f759654cf34c6913f4c722e0e8f6511f504f6ba818,complete_semantic_source_review,frontend_audit,Frontend project typecheck/lint/build passed; no per-line runtime coverage claim; Exercised by passing project unit suites and targeted audit probes; individual execution-path completeness not asserted,complete-source-manual
frontend/src/lib/format.bugs.test.ts,test_source_and_support,4809,111,60f896aae7c9ae1736bc73f297412dc31e3cf32c5ed77985e33e5f588a02d629,suite_execution_without_full_semantic_read,,Frontend project typecheck/lint/build passed; no per-line runtime coverage claim; Frontend Vitest suite/support: 5082 tests across 314 files passed; no per-file line coverage assertion,Test estate executed at suite level; not every fixture/assertion manually reviewed
frontend/src/lib/format.extended.test.ts,test_source_and_support,11499,290,499d486672c27a3be16d9490cc0ce96dad3ca8f1675253da814695e94afabdde,suite_execution_without_full_semantic_read,,Frontend project typecheck/lint/build passed; no per-line runtime coverage claim; Frontend Vitest suite/support: 5082 tests across 314 files passed; no per-file line coverage assertion,Test estate executed at suite level; not every fixture/assertion manually reviewed
frontend/src/lib/format.locale.test.ts,test_source_and_support,3140,78,cdaa253ecc19db506084508717bb3efb08c44f656888e10817ccafdfdb650215,suite_execution_without_full_semantic_read,,Frontend project typecheck/lint/build passed; no per-line runtime coverage claim; Frontend Vitest suite/support: 5082 tests across 314 files passed; no per-file line coverage assertion,Test estate executed at suite level; not every fixture/assertion manually reviewed
frontend/src/lib/format.mutation.test.ts,test_source_and_support,8268,198,834550fee499a8358c04757ee91295e789674cb521aea307c9fc1406542e2453,suite_execution_without_full_semantic_read,,Frontend project typecheck/lint/build passed; no per-line runtime coverage claim; Frontend Vitest suite/support: 5082 tests across 314 files passed; no per-file line coverage assertion,Test estate executed at suite level; not every fixture/assertion manually reviewed
frontend/src/lib/format.test.ts,test_source_and_support,3705,97,ea6f00ffad35639d5754a53c0de7ba1f0cd030fad95ff56a75e2c0b818866f0b,suite_execution_without_full_semantic_read,,Frontend project typecheck/lint/build passed; no per-line runtime coverage claim; Frontend Vitest suite/support: 5082 tests across 314 files passed; no per-file line coverage assertion,Test estate executed at suite level; not every fixture/assertion manually reviewed
frontend/src/lib/format.ts,frontend_application,11433,259,38c7f0efab1b43f78e13e0c2bafcdf4496e38e8d5cb3d62ad9d0c5cc61ddb6c6,complete_semantic_source_review,frontend_audit,Frontend project typecheck/lint/build passed; no per-line runtime coverage claim; Exercised by passing project unit suites and targeted audit probes; individual execution-path completeness not asserted,complete-source-manual
frontend/src/lib/format.utc.test.ts,test_source_and_support,2166,62,9ffbf1d4cf9f0bb38bef6c9c397d65bdd327bf1231bb50fd3b8a831baa2d0ce3,suite_execution_without_full_semantic_read,,Frontend project typecheck/lint/build passed; no per-line runtime coverage claim; Frontend Vitest suite/support: 5082 tests across 314 files passed; no per-file line coverage assertion,Test estate executed at suite level; not every fixture/assertion manually reviewed
frontend/src/lib/i18n/en.ts,localization_catalog,179589,3269,6860362dbd3a52b8c8e184f57e38777fab3178eeabc3156e3115150d62ff2901,complete_parity_sampled_language_semantics,frontend_audit,"Frontend project typecheck/lint/build passed; no per-line runtime coverage claim; Complete English/Telugu key, empty-value and interpolation parity: 2797 keys each",All keys/values/interpolations checked mechanically; translation meaning not exhaustively reviewed by a fluent speaker | complete-key-and-placeholder-parity-plus-AST; translation semantics not all manually reviewed
frontend/src/lib/i18n/english-literal-baseline.json,frontend_application,249,5,7553c1e08c5cc5fa502cfa6e07bc422f0d0bd66a66bfd741f461d9d1fadeb665,complete_semantic_source_review,frontend_audit,JSON syntax validated; Exercised by passing project unit suites and targeted audit probes; individual execution-path completeness not asserted,"Full visible source read; larger files read in chunks, filling earlier sampled ranges."
frontend/src/lib/i18n/english-literal-scanner.test.ts,test_source_and_support,7538,185,3436c55b19c35df77fa089365f28c1fddca1d7bc046ab126b032e1c1cd592393,suite_execution_without_full_semantic_read,,Frontend project typecheck/lint/build passed; no per-line runtime coverage claim; Frontend Vitest suite/support: 5082 tests across 314 files passed; no per-file line coverage assertion,Test estate executed at suite level; not every fixture/assertion manually reviewed
frontend/src/lib/i18n/gate.test.ts,test_source_and_support,6867,135,f48f9fe651b80c41fc61df5be81cadf84ca6f3b46a4a59ce0307d78e81fda6aa,suite_execution_without_full_semantic_read,,Frontend project typecheck/lint/build passed; no per-line runtime coverage claim; Frontend Vitest suite/support: 5082 tests across 314 files passed; no per-file line coverage assertion,Test estate executed at suite level; not every fixture/assertion manually reviewed
frontend/src/lib/i18n/i18n-campaign.test.tsx,test_source_and_support,4304,120,1dd66673f6ee44d9069b9d6f2583e541d8e3f95b75a4492c70479f04c1892251,suite_execution_without_full_semantic_read,,Frontend project typecheck/lint/build passed; no per-line runtime coverage claim; Frontend Vitest suite/support: 5082 tests across 314 files passed; no per-file line coverage assertion,Test estate executed at suite level; not every fixture/assertion manually reviewed
frontend/src/lib/i18n/i18n.test.tsx,test_source_and_support,6487,184,74b4551370c7d1848fae4b27afbf164d7f14e7a88a226dde33a0989db9ec47bd,suite_execution_without_full_semantic_read,,Frontend project typecheck/lint/build passed; no per-line runtime coverage claim; Frontend Vitest suite/support: 5082 tests across 314 files passed; no per-file line coverage assertion,Test estate executed at suite level; not every fixture/assertion manually reviewed
frontend/src/lib/i18n/index.tsx,frontend_application,5802,143,cd74f2c612362a141de2a163d8d3b819915ff20bb88778556aad70fbd44f615a,complete_semantic_source_review,frontend_audit,Frontend project typecheck/lint/build passed; no per-line runtime coverage claim; Exercised by passing project unit suites and targeted audit probes; individual execution-path completeness not asserted,complete-source-manual
frontend/src/lib/i18n/te.ts,localization_catalog,310100,3222,b81269f3b12437febac4486e0b716461d660862449148efae8672899d1cd665c,complete_parity_sampled_language_semantics,frontend_audit,"Frontend project typecheck/lint/build passed; no per-line runtime coverage claim; Complete English/Telugu key, empty-value and interpolation parity: 2797 keys each",All keys/values/interpolations checked mechanically; translation meaning not exhaustively reviewed by a fluent speaker | complete-key-and-placeholder-parity-plus-AST; translation semantics not all manually reviewed
frontend/src/lib/idempotent-request.mutation.test.ts,test_source_and_support,25511,776,ed5d5c56250d105e26603b6f7faed47f708f207a1d730985f53ed0f2b0e82802,suite_execution_without_full_semantic_read,,Frontend project typecheck/lint/build passed; no per-line runtime coverage claim; Frontend Vitest suite/support: 5082 tests across 314 files passed; no per-file line coverage assertion,Test estate executed at suite level; not every fixture/assertion manually reviewed
frontend/src/lib/idempotent-request.persistence.test.ts,test_source_and_support,28675,817,ae31d6e1ef19823f93833789252718d2999106420a3eb61a1d02e32aed469244,suite_execution_without_full_semantic_read,,Frontend project typecheck/lint/build passed; no per-line runtime coverage claim; Frontend Vitest suite/support: 5082 tests across 314 files passed; no per-file line coverage assertion,Test estate executed at suite level; not every fixture/assertion manually reviewed
frontend/src/lib/idempotent-request.test.ts,test_source_and_support,47483,1260,79b4542b2f57b60945e9a11ade0d2de98b49feb922f755518458466aabeb67db,suite_execution_without_full_semantic_read,,Frontend project typecheck/lint/build passed; no per-line runtime coverage claim; Frontend Vitest suite/support: 5082 tests across 314 files passed; no per-file line coverage assertion,Test estate executed at suite level; not every fixture/assertion manually reviewed
frontend/src/lib/idempotent-request.ts,frontend_application,28392,622,2713c18bc36df68816427f4e99b5ed62d603ec6c8ba1883482be2bf099c8d675,complete_semantic_source_review,frontend_audit,Frontend project typecheck/lint/build passed; no per-line runtime coverage claim; Exercised by passing project unit suites and targeted audit probes; individual execution-path completeness not asserted,complete-source-manual
frontend/src/lib/image-deps-guard.equals.test.ts,test_source_and_support,847,20,8bddd998d543f66f44082e7403257b65b0232113ad5dd9d923ec21e941f7d43f,suite_execution_without_full_semantic_read,,Frontend project typecheck/lint/build passed; no per-line runtime coverage claim; Frontend Vitest suite/support: 5082 tests across 314 files passed; no per-file line coverage assertion,Test estate executed at suite level; not every fixture/assertion manually reviewed
frontend/src/lib/image-deps-guard.test.ts,test_source_and_support,7147,185,98ab4369b7add1702b913405745664480ec5bccff9c18d1e3aa0aec531583f10,suite_execution_without_full_semantic_read,,Frontend project typecheck/lint/build passed; no per-line runtime coverage claim; Frontend Vitest suite/support: 5082 tests across 314 files passed; no per-file line coverage assertion,Test estate executed at suite level; not every fixture/assertion manually reviewed
frontend/src/lib/image-deps-guard.ts,frontend_application,6412,163,30423c1df9a43fb30b92b7f9ab903b3af5ec7c9c446f3af2e92e3cd6ec1e815f,complete_semantic_source_review,frontend_audit,Frontend project typecheck/lint/build passed; no per-line runtime coverage claim; Exercised by passing project unit suites and targeted audit probes; individual execution-path completeness not asserted,complete-source-manual
frontend/src/lib/mutations.ts,frontend_application,1067,21,cd7a115eba797d5708e9e621cf17512ce2d7821b1c5de74442cffe1644a8d574,complete_semantic_source_review,frontend_audit,Frontend project typecheck/lint/build passed; no per-line runtime coverage claim; Exercised by passing project unit suites and targeted audit probes; individual execution-path completeness not asserted,complete-source-manual
frontend/src/lib/offline-queue.boundaries.test.ts,test_source_and_support,8079,212,8c19e5371bd761a658d3987756d0bd12b7792918a4d786bea9df3a263d9f1ba7,suite_execution_without_full_semantic_read,,Frontend project typecheck/lint/build passed; no per-line runtime coverage claim; Frontend Vitest suite/support: 5082 tests across 314 files passed; no per-file line coverage assertion,Test estate executed at suite level; not every fixture/assertion manually reviewed
frontend/src/lib/offline-queue.test.ts,test_source_and_support,39554,917,1b0562383cd6e123699a5b2f63849dbf7d0e2734ff6314610af26e0466138130,suite_execution_without_full_semantic_read,,Frontend project typecheck/lint/build passed; no per-line runtime coverage claim; Frontend Vitest suite/support: 5082 tests across 314 files passed; no per-file line coverage assertion,Test estate executed at suite level; not every fixture/assertion manually reviewed
frontend/src/lib/offline-queue.ts,frontend_application,27016,575,fa746c486ab5292fa90f6b375635f3d6622a8ad23133e8901d9ea9c918135bb9,complete_semantic_source_review,frontend_audit,Frontend project typecheck/lint/build passed; no per-line runtime coverage claim; Exercised by passing project unit suites and targeted audit probes; individual execution-path completeness not asserted,complete-source-manual
frontend/src/lib/permission-envelope.test.ts,test_source_and_support,2160,54,e6e5cad4274742e1f26ee436b5698c85ed23867c00b250ded2cf4fb85eeae60e,suite_execution_without_full_semantic_read,,Frontend project typecheck/lint/build passed; no per-line runtime coverage claim; Frontend Vitest suite/support: 5082 tests across 314 files passed; no per-file line coverage assertion,Test estate executed at suite level; not every fixture/assertion manually reviewed
frontend/src/lib/permission-envelope.ts,frontend_application,1387,33,f6a862c9254e1835f38dc3546cda7a73fe84bc6b654c6a453803d0e712c110ea,complete_semantic_source_review,frontend_audit,Frontend project typecheck/lint/build passed; no per-line runtime coverage claim; Exercised by passing project unit suites and targeted audit probes; individual execution-path completeness not asserted,complete-source-manual
frontend/src/lib/permission-navigation.campaign.test.ts,test_source_and_support,1068,26,b0cf6464ace2e1abfe6c08d24ea24dfebef17249dea90d1d0cdd61cede411069,suite_execution_without_full_semantic_read,,Frontend project typecheck/lint/build passed; no per-line runtime coverage claim; Frontend Vitest suite/support: 5082 tests across 314 files passed; no per-file line coverage assertion,Test estate executed at suite level; not every fixture/assertion manually reviewed
frontend/src/lib/permission-navigation.routes.test.ts,test_source_and_support,4371,112,11ab4f8a11f3fc6d6b5303831bebe0dc9d2607d434e61b659cc324244814e3c4,suite_execution_without_full_semantic_read,,Frontend project typecheck/lint/build passed; no per-line runtime coverage claim; Frontend Vitest suite/support: 5082 tests across 314 files passed; no per-file line coverage assertion,Test estate executed at suite level; not every fixture/assertion manually reviewed
frontend/src/lib/permission-navigation.test.ts,test_source_and_support,7223,184,07ffde9c25d1f1083ae62da50cd7066b892b2834b0272d1715650e5b60f9bd14,suite_execution_without_full_semantic_read,,Frontend project typecheck/lint/build passed; no per-line runtime coverage claim; Frontend Vitest suite/support: 5082 tests across 314 files passed; no per-file line coverage assertion,Test estate executed at suite level; not every fixture/assertion manually reviewed
frontend/src/lib/permission-navigation.ts,frontend_application,8013,179,e1f873ffb4196a727c74e69728d3237a4042bc161851e30492d66e7b3fb404f9,complete_semantic_source_review,frontend_audit; frontend_domain_pages,Frontend project typecheck/lint/build passed; no per-line runtime coverage claim; Exercised by passing project unit suites and targeted audit probes; individual execution-path completeness not asserted,"complete-source-manual | FULL 1–179 (initial 1–160, final 161–179)"
frontend/src/lib/persisted-numbers.test.ts,test_source_and_support,4787,109,c484a8eaad4777bbb101a0499dfe2c629c54badb2a6f3804d2dd834a0b7a7845,suite_execution_without_full_semantic_read,,Frontend project typecheck/lint/build passed; no per-line runtime coverage claim; Frontend Vitest suite/support: 5082 tests across 314 files passed; no per-file line coverage assertion,Test estate executed at suite level; not every fixture/assertion manually reviewed
frontend/src/lib/persisted-numbers.ts,frontend_application,1555,33,c34342a0db989e2181d425349fcb2710607b15b954c9e9c880c3444d0c5d8d10,complete_semantic_source_review,frontend_audit,Frontend project typecheck/lint/build passed; no per-line runtime coverage claim; Exercised by passing project unit suites and targeted audit probes; individual execution-path completeness not asserted,complete-source-manual
frontend/src/lib/query-invalidation.test.ts,test_source_and_support,2811,87,b475de9025ac3136d7045e96425c62e5251afe439f365be1742f50608c9e81ec,suite_execution_without_full_semantic_read,,Frontend project typecheck/lint/build passed; no per-line runtime coverage claim; Frontend Vitest suite/support: 5082 tests across 314 files passed; no per-file line coverage assertion,Test estate executed at suite level; not every fixture/assertion manually reviewed
frontend/src/lib/query-invalidation.ts,frontend_application,1802,44,a9df2795389eb4d2a68a7bb71f4722aaeb8c63819b962f5a75900109b0dd0eee,complete_semantic_source_review,frontend_audit,Frontend project typecheck/lint/build passed; no per-line runtime coverage claim; Exercised by passing project unit suites and targeted audit probes; individual execution-path completeness not asserted,complete-source-manual
frontend/src/lib/safe-storage.test.ts,test_source_and_support,1551,44,53fcb32774c0b370dbc4e0b7a26660ed40b4d5935e0e7586f8f35841da94e1a4,suite_execution_without_full_semantic_read,,Frontend project typecheck/lint/build passed; no per-line runtime coverage claim; Frontend Vitest suite/support: 5082 tests across 314 files passed; no per-file line coverage assertion,Test estate executed at suite level; not every fixture/assertion manually reviewed
frontend/src/lib/safe-storage.ts,frontend_application,705,17,4dbfed300d778c96ee22945db792db81b9e0b00e137494bf11df4e5c54950eb6,complete_semantic_source_review,frontend_audit,Frontend project typecheck/lint/build passed; no per-line runtime coverage claim; Exercised by passing project unit suites and targeted audit probes; individual execution-path completeness not asserted,complete-source-manual
frontend/src/lib/server-error-phrases.test.tsx,test_source_and_support,5657,138,cdccdb8c134f61bf8dbe162809aff523ebffba72fba88177aeff6b95bd4d38fa,suite_execution_without_full_semantic_read,,Frontend project typecheck/lint/build passed; no per-line runtime coverage claim; Frontend Vitest suite/support: 5082 tests across 314 files passed; no per-file line coverage assertion,Test estate executed at suite level; not every fixture/assertion manually reviewed
frontend/src/lib/server-error-phrases.ts,frontend_application,4666,96,85a57b79bffd6897d54076ba94b0dce768c9d9bd167612804c17b0840c7ca085,complete_semantic_source_review,frontend_audit,Frontend project typecheck/lint/build passed; no per-line runtime coverage claim; Exercised by passing project unit suites and targeted audit probes; individual execution-path completeness not asserted,complete-source-manual
frontend/src/lib/simulation-field-help.copy.test.ts,test_source_and_support,8028,179,faa5ff25a1434b254786326c44932f15435f746fb71714e11448b222398c3814,suite_execution_without_full_semantic_read,,Frontend project typecheck/lint/build passed; no per-line runtime coverage claim; Frontend Vitest suite/support: 5082 tests across 314 files passed; no per-file line coverage assertion,Test estate executed at suite level; not every fixture/assertion manually reviewed
frontend/src/lib/simulation-field-help.ts,frontend_application,37918,606,dafd16dd77224d1956ff6d3e6033d8e816b3fd0fa3099239e4fb13cdba95cb5b,complete_semantic_source_review,frontend_audit,Frontend project typecheck/lint/build passed; no per-line runtime coverage claim; Exercised by passing project unit suites and targeted audit probes; individual execution-path completeness not asserted,"Full visible source read; larger files read in chunks, filling earlier sampled ranges."
frontend/src/lib/task-action-access.test.ts,test_source_and_support,6781,169,6123e50774cfbd23c590b52779d4c4797e49d1515500d41f05de84f4dc41ba60,suite_execution_without_full_semantic_read,,Frontend project typecheck/lint/build passed; no per-line runtime coverage claim; Frontend Vitest suite/support: 5082 tests across 314 files passed; no per-file line coverage assertion,Test estate executed at suite level; not every fixture/assertion manually reviewed
frontend/src/lib/task-action-access.ts,frontend_application,4210,83,23bb4ad9e75f041de09218669727a7784afedc82658265c520abe9b0d3d9fff3,complete_semantic_source_review,frontend_audit; frontend_domain_pages,Frontend project typecheck/lint/build passed; no per-line runtime coverage claim; Exercised by passing project unit suites and targeted audit probes; individual execution-path completeness not asserted,complete-source-manual | FULL
frontend/src/lib/task-optimistic.test.ts,test_source_and_support,5526,149,0699c6160939577d5c4418892e3b2ed40befea64c1c93958e60e1a3344df0e04,suite_execution_without_full_semantic_read,,Frontend project typecheck/lint/build passed; no per-line runtime coverage claim; Frontend Vitest suite/support: 5082 tests across 314 files passed; no per-file line coverage assertion,Test estate executed at suite level; not every fixture/assertion manually reviewed
frontend/src/lib/task-optimistic.ts,frontend_application,3853,96,8ffc5a0fa84ea4324ad323b7f1a4c23eac2c79343117ef2bf7a33ea0cc9f9383,complete_semantic_source_review,frontend_audit,Frontend project typecheck/lint/build passed; no per-line runtime coverage claim; Exercised by passing project unit suites and targeted audit probes; individual execution-path completeness not asserted,complete-source-manual
frontend/src/lib/task-title.nulls.test.ts,test_source_and_support,3077,79,90eba30b51cade4437364c069605fcba4f1c85ba39f3b63ab7dcf47cb3b51092,suite_execution_without_full_semantic_read,,Frontend project typecheck/lint/build passed; no per-line runtime coverage claim; Frontend Vitest suite/support: 5082 tests across 314 files passed; no per-file line coverage assertion,Test estate executed at suite level; not every fixture/assertion manually reviewed
frontend/src/lib/task-title.test.ts,test_source_and_support,8776,263,43721326c3d2857892277aca03a69177976f7120475679f04496d83b530120d4,suite_execution_without_full_semantic_read,,Frontend project typecheck/lint/build passed; no per-line runtime coverage claim; Frontend Vitest suite/support: 5082 tests across 314 files passed; no per-file line coverage assertion,Test estate executed at suite level; not every fixture/assertion manually reviewed
frontend/src/lib/task-title.ts,frontend_application,3446,90,7b12b6313a87b2fa0e64fe0d32c77a7e48b835da5f4b8e5e48877bb7a74dd662,complete_semantic_source_review,frontend_audit,Frontend project typecheck/lint/build passed; no per-line runtime coverage claim; Exercised by passing project unit suites and targeted audit probes; individual execution-path completeness not asserted,complete-source-manual
frontend/src/lib/use-permissions.campaign.test.tsx,test_source_and_support,1257,38,44da717e5481f599dc7666464523808ed4fc3f6d252c0b920b8896871d03df05,suite_execution_without_full_semantic_read,,Frontend project typecheck/lint/build passed; no per-line runtime coverage claim; Frontend Vitest suite/support: 5082 tests across 314 files passed; no per-file line coverage assertion,Test estate executed at suite level; not every fixture/assertion manually reviewed
frontend/src/lib/use-permissions.test.tsx,test_source_and_support,10036,275,b519a35f5004aa48bfb0d37d80d7ae6e7ee535bb5a1e90f4198c23a02d2f29dd,suite_execution_without_full_semantic_read,,Frontend project typecheck/lint/build passed; no per-line runtime coverage claim; Frontend Vitest suite/support: 5082 tests across 314 files passed; no per-file line coverage assertion,Test estate executed at suite level; not every fixture/assertion manually reviewed
frontend/src/lib/use-permissions.ts,frontend_application,2261,53,e334ea7de099d2bd0b76f443b0c5c1db0bed98d2dd49c20cc96f42ecd5634188,complete_semantic_source_review,frontend_audit,Frontend project typecheck/lint/build passed; no per-line runtime coverage claim; Exercised by passing project unit suites and targeted audit probes; individual execution-path completeness not asserted,complete-source-manual
frontend/src/lib/use-single-flight.test.tsx,test_source_and_support,3724,117,51ba94164399c81fd59211c031da3a30155555ed945a1f40cb92c80a1deed5d7,suite_execution_without_full_semantic_read,,Frontend project typecheck/lint/build passed; no per-line runtime coverage claim; Frontend Vitest suite/support: 5082 tests across 314 files passed; no per-file line coverage assertion,Test estate executed at suite level; not every fixture/assertion manually reviewed
frontend/src/lib/use-single-flight.ts,frontend_application,1686,42,86bcfa807052de033714aac2db99fad734cc4b05bdb2882b643a18d13e206b20,complete_semantic_source_review,frontend_audit; frontend_domain_pages,Frontend project typecheck/lint/build passed; no per-line runtime coverage claim; Exercised by passing project unit suites and targeted audit probes; individual execution-path completeness not asserted,complete-source-manual | FULL
frontend/src/lib/use-url-state.test.tsx,test_source_and_support,5681,163,60009deea531d521a9e1fd20d7b77831aa5e99ef872ba7c1ad5a5da363518c53,suite_execution_without_full_semantic_read,,Frontend project typecheck/lint/build passed; no per-line runtime coverage claim; Frontend Vitest suite/support: 5082 tests across 314 files passed; no per-file line coverage assertion,Test estate executed at suite level; not every fixture/assertion manually reviewed
frontend/src/lib/use-url-state.ts,frontend_application,4252,105,751873d77922a1048f8b205d6f1e873c937285c6e773d3ab65aad46bfc2a5a21,complete_semantic_source_review,frontend_audit,Frontend project typecheck/lint/build passed; no per-line runtime coverage claim; Exercised by passing project unit suites and targeted audit probes; individual execution-path completeness not asserted,complete-source-manual
frontend/src/lib/utils.test.ts,test_source_and_support,5189,159,22106a6c2e66edbdf6062ab3f7082b0482e4db7bf52919937c7db702ceb7702e,suite_execution_without_full_semantic_read,,Frontend project typecheck/lint/build passed; no per-line runtime coverage claim; Frontend Vitest suite/support: 5082 tests across 314 files passed; no per-file line coverage assertion,Test estate executed at suite level; not every fixture/assertion manually reviewed
frontend/src/lib/utils.ts,frontend_application,1851,37,01e6c7f228b230060c9c1c2aa9a400189bf59dc51f000411e6dd1e690658bbe0,complete_semantic_source_review,frontend_audit,Frontend project typecheck/lint/build passed; no per-line runtime coverage claim; Exercised by passing project unit suites and targeted audit probes; individual execution-path completeness not asserted,complete-source-manual
frontend/src/next-config.test.ts,test_source_and_support,1944,51,957fa6eb45296502c0fae46337489459170b45baf7585d5d99771563766058b3,suite_execution_without_full_semantic_read,,Frontend project typecheck/lint/build passed; no per-line runtime coverage claim; Frontend Vitest suite/support: 5082 tests across 314 files passed; no per-file line coverage assertion,Test estate executed at suite level; not every fixture/assertion manually reviewed
frontend/src/proxy.test.ts,test_source_and_support,5054,118,55bac6506ca059b2b829b6eb919adaa4818b3e87b9c50028374a520d15186f5e,suite_execution_without_full_semantic_read,,Frontend project typecheck/lint/build passed; no per-line runtime coverage claim; Frontend Vitest suite/support: 5082 tests across 314 files passed; no per-file line coverage assertion,Test estate executed at suite level; not every fixture/assertion manually reviewed
frontend/src/proxy.ts,frontend_application,3277,73,b3aae187a36633aa797dd52e1bff1d059f7b7c9c3f820b8b1b1cd0acbf83dc53,complete_semantic_source_review,frontend_audit,Frontend project typecheck/lint/build passed; no per-line runtime coverage claim; Exercised by passing project unit suites and targeted audit probes; individual execution-path completeness not asserted,"Full visible source read; larger files read in chunks, filling earlier sampled ranges."
frontend/src/test/adversarial/adv-A-concurrency.test.tsx,test_source_and_support,10981,308,b71c65fd0d76765a9ef7d57372d71c2811bf9403c031b331b70780afe719dec5,suite_execution_without_full_semantic_read,,Frontend project typecheck/lint/build passed; no per-line runtime coverage claim; Frontend Vitest suite/support: 5082 tests across 314 files passed; no per-file line coverage assertion,Test estate executed at suite level; not every fixture/assertion manually reviewed
frontend/src/test/adversarial/adv-B-authorization.test.tsx,test_source_and_support,5386,137,77de37acdf9372dbdc5fdde44613d2b79e0140d54c0c0e579fe1a0f583ac7171,suite_execution_without_full_semantic_read,,Frontend project typecheck/lint/build passed; no per-line runtime coverage claim; Frontend Vitest suite/support: 5082 tests across 314 files passed; no per-file line coverage assertion,Test estate executed at suite level; not every fixture/assertion manually reviewed
frontend/src/test/adversarial/adv-B-path-injection.test.ts,test_source_and_support,7361,202,7c421e502bdbc104c4b190fc7e50b87cbf851cd28b542f6a39a1fdf0d8c2a7ff,suite_execution_without_full_semantic_read,,Frontend project typecheck/lint/build passed; no per-line runtime coverage claim; Frontend Vitest suite/support: 5082 tests across 314 files passed; no per-file line coverage assertion,Test estate executed at suite level; not every fixture/assertion manually reviewed
frontend/src/test/adversarial/adv-C-input.test.tsx,test_source_and_support,8688,205,baddd7bfe44ae1b94d79447d50c450deae4c8c037dc2a6cdd61b08f49a056d49,suite_execution_without_full_semantic_read,,Frontend project typecheck/lint/build passed; no per-line runtime coverage claim; Frontend Vitest suite/support: 5082 tests across 314 files passed; no per-file line coverage assertion,Test estate executed at suite level; not every fixture/assertion manually reviewed
frontend/src/test/adversarial/adv-C3-dates.test.ts,test_source_and_support,3572,96,6ef49325c0ddcc3578d7c44d36158bada16273250cd72f39d0f6f8929c6237cc,suite_execution_without_full_semantic_read,,Frontend project typecheck/lint/build passed; no per-line runtime coverage claim; Frontend Vitest suite/support: 5082 tests across 314 files passed; no per-file line coverage assertion,Test estate executed at suite level; not every fixture/assertion manually reviewed
frontend/src/test/adversarial/adv-C4-enum-drift.test.ts,test_source_and_support,4621,97,e33576df62bd75fd811e7c96ace1ef6cff28d10683569d8d90d88d3633458efd,suite_execution_without_full_semantic_read,,Frontend project typecheck/lint/build passed; no per-line runtime coverage claim; Frontend Vitest suite/support: 5082 tests across 314 files passed; no per-file line coverage assertion,Test estate executed at suite level; not every fixture/assertion manually reviewed
frontend/src/test/adversarial/adv-D-transport.test.ts,test_source_and_support,7863,195,f6cb7e339ef3dc2e993d98b9548ffcc259bc6bbabe667f3c606c11fa9fd0a552,suite_execution_without_full_semantic_read,,Frontend project typecheck/lint/build passed; no per-line runtime coverage claim; Frontend Vitest suite/support: 5082 tests across 314 files passed; no per-file line coverage assertion,Test estate executed at suite level; not every fixture/assertion manually reviewed
frontend/src/test/adversarial/adv-E-state.test.tsx,test_source_and_support,6137,172,7011c7f075d62a646832993df419dd882aff6c23fd57ed9bc80b5eaa6d1ede6b,suite_execution_without_full_semantic_read,,Frontend project typecheck/lint/build passed; no per-line runtime coverage claim; Frontend Vitest suite/support: 5082 tests across 314 files passed; no per-file line coverage assertion,Test estate executed at suite level; not every fixture/assertion manually reviewed
frontend/src/test/adversarial/adv-G-config.test.ts,test_source_and_support,11329,217,e48f7dd6f2b08f58f04e430a29b8e368c41849ade83ae09737dc8a43cb40c6ce,suite_execution_without_full_semantic_read,,Frontend project typecheck/lint/build passed; no per-line runtime coverage claim; Frontend Vitest suite/support: 5082 tests across 314 files passed; no per-file line coverage assertion,Test estate executed at suite level; not every fixture/assertion manually reviewed
frontend/src/test/adversarial/adv-sw-update.test.ts,test_source_and_support,10678,259,5e4dd53f0a83aa008f29955b3bca8a718ddbb285e903c4a950c71b0fb9a77cd2,suite_execution_without_full_semantic_read,,Frontend project typecheck/lint/build passed; no per-line runtime coverage claim; Frontend Vitest suite/support: 5082 tests across 314 files passed; no per-file line coverage assertion,Test estate executed at suite level; not every fixture/assertion manually reviewed
frontend/src/test/intl-stub.ts,test_source_and_support,1190,29,7e2d77c686d2c780bfb04b2f07886850209ff6473ee94e54cbd82794dd42962f,complete_semantic_source_review,frontend_audit,Frontend project typecheck/lint/build passed; no per-line runtime coverage claim; Frontend Vitest suite/support: 5082 tests across 314 files passed; no per-file line coverage assertion,"Full visible source read; larger files read in chunks, filling earlier sampled ranges."
frontend/src/test/lib/csp.test.ts,test_source_and_support,7419,166,1c1e5e5492717f1f8dcabe9d8bb9c23d14b9b1270f406f15a776361a89f89f06,suite_execution_without_full_semantic_read,,Frontend project typecheck/lint/build passed; no per-line runtime coverage claim; Frontend Vitest suite/support: 5082 tests across 314 files passed; no per-file line coverage assertion,Test estate executed at suite level; not every fixture/assertion manually reviewed
frontend/src/test/msw-server.ts,test_source_and_support,3514,111,fdc013c276ceb0a833b6b568c1173e5de6a77d4f234f14fc8f11f7c80d8a43ce,complete_semantic_source_review,frontend_audit,Frontend project typecheck/lint/build passed; no per-line runtime coverage claim; Frontend Vitest suite/support: 5082 tests across 314 files passed; no per-file line coverage assertion,"Full visible source read; larger files read in chunks, filling earlier sampled ranges."
frontend/src/test/render.tsx,test_source_and_support,2027,62,6f436ccfd82b34b66ce03321b89378b4139cf6f09cb59b3cb8adfc745ca580b8,complete_semantic_source_review,frontend_audit; frontend_domain_pages,Frontend project typecheck/lint/build passed; no per-line runtime coverage claim; Frontend Vitest suite/support: 5082 tests across 314 files passed; no per-file line coverage assertion,complete-source-manual-delegated | FULL (probe harness)
frontend/src/test/settle.ts,test_source_and_support,859,19,605033a8728df69bd03ad9ef54dc61fadaf4d29261b18a0da863246fa50df071,complete_semantic_source_review,frontend_audit,Frontend project typecheck/lint/build passed; no per-line runtime coverage claim; Frontend Vitest suite/support: 5082 tests across 314 files passed; no per-file line coverage assertion,"Full visible source read; larger files read in chunks, filling earlier sampled ranges."
frontend/tsconfig.json,build_tooling_or_repository_configuration,779,36,c985227e5f9c25bab7a76c589603ebd300d1ed024a1c407a19b0a0db870e2183,complete_semantic_source_review,frontend_audit,JSON syntax validated,"Full visible source read; larger files read in chunks, filling earlier sampled ranges."
frontend/vitest.components.config.ts,build_tooling_or_repository_configuration,1189,32,9351109a24b6e2f89d824a0b729a0b63ee8171cd4daa33076a418b44a64ba1a2,complete_semantic_source_review,frontend_audit,Frontend project typecheck/lint/build passed; no per-line runtime coverage claim,"Full visible source read; larger files read in chunks, filling earlier sampled ranges."
frontend/vitest.config.ts,build_tooling_or_repository_configuration,4711,82,d975b76965d4e7174a923bea5898cb3d48d70b854c8dd30636e35e2f11bf0a87,complete_semantic_source_review,frontend_audit; frontend_domain_pages,Frontend project typecheck/lint/build passed; no per-line runtime coverage claim,complete-source-manual-delegated | FULL
frontend/vitest.libcore.config.ts,build_tooling_or_repository_configuration,1582,40,24e0b5ee47e419a61410e771ccdc8bba36e441e322abc6a4ea2caee05f155b19,complete_semantic_source_review,frontend_audit,Frontend project typecheck/lint/build passed; no per-line runtime coverage claim,"Full visible source read; larger files read in chunks, filling earlier sampled ranges."
frontend/vitest.mutation.config.ts,build_tooling_or_repository_configuration,1930,46,439501a4456553a0344e1d7f2029af2b8a139fc8adeccb54f10ae421a261244d,complete_semantic_source_review,frontend_audit,Frontend project typecheck/lint/build passed; no per-line runtime coverage claim,"Full visible source read; larger files read in chunks, filling earlier sampled ranges."
frontend/vitest.setup.ts,build_tooling_or_repository_configuration,3333,92,f6a50169687ff25ea990a0ecc7dcbe5ddf31d78099dc1343bc4bb6dc8bbc9e6b,complete_semantic_source_review,frontend_audit,Frontend project typecheck/lint/build passed; no per-line runtime coverage claim,"Full visible source read; larger files read in chunks, filling earlier sampled ranges."
shared/openapi.json,openapi_contract,1016806,36899,4b89ab80662204f5d5dec6c9b523ddf7d5be62d1c77f3e6b16aafa40609894d2,mechanical_review_without_full_semantic_read,,"JSON syntax validated; Fresh OpenAPI export structurally equal: 101 paths, 235 schemas",Inventory plus structural/static or project-level checks; full human semantic source reading not asserted
