[WebServer] (node:79922) Warning: The 'NO_COLOR' env is ignored due to the 'FORCE_COLOR' env being set.
[WebServer] (Use `node --trace-warnings ...` to show where the warning was created)
[WebServer] INFO:     Started server process [79928]
[WebServer] INFO:     Waiting for application startup.
[WebServer] 2026-10-04 15:29:23,420 INFO goatfarm [-] startup (environment=development)
[WebServer] INFO:     Application startup complete.
[WebServer] INFO:     Uvicorn running on http://127.0.0.1:8000 (Press CTRL+C to quit)
[WebServer] 2026-10-04 15:29:24,511 INFO goatfarm [2b588d3de7b7497980222708b4216b5f] request method=GET path=/openapi.json status=200 duration_ms=650.61
[WebServer] 2026-10-04 15:29:24,692 INFO goatfarm [ca0941c82f044a44a0088202ba9d3617] request method=POST path=/api/auth/register status=201 duration_ms=147.44
[WebServer] 2026-10-04 15:29:24,730 INFO goatfarm [b8ed216127c04c90b3adabe05efeb7a6] request method=POST path=/api/auth/farms status=201 duration_ms=34.79

Running 102 tests using 1 worker

(node:79946) Warning: The 'NO_COLOR' env is ignored due to the 'FORCE_COLOR' env being set.
(Use `node --trace-warnings ...` to show where the warning was created)
[WebServer] 2026-10-04 15:29:26,155 WARNING goatfarm.audit [0f893106728b46fe9af7ba7d8c496fa6] security_signal_started event='auth.refresh.invalid' aggregation='process-memory' — invalid or replayed refresh credentials rejected
[WebServer] 2026-10-04 15:29:26,155 INFO goatfarm [0f893106728b46fe9af7ba7d8c496fa6] request method=POST path=/api/auth/refresh status=401 duration_ms=1.31
[WebServer] 2026-10-04 15:29:26,500 INFO goatfarm [5bc70af8a7e44a22a294c4a84dcbd350] request method=POST path=/api/auth/login status=200 duration_ms=164.88
[WebServer] 2026-10-04 15:29:26,518 INFO goatfarm [d1a7b05e30a640bd80c9e632ced47404] request method=GET path=/api/auth/farms status=200 duration_ms=14.58
[WebServer] 2026-10-04 15:29:26,535 INFO goatfarm [04cb5432bf774719a7cda8a3d1dbfd3d] request method=GET path=/api/auth/permissions status=200 duration_ms=9.75
[WebServer] 2026-10-04 15:29:26,827 INFO goatfarm [221f451d37754899948ee03602d2c78f] request method=POST path=/api/auth/refresh status=200 duration_ms=120.84
[WebServer] 2026-10-04 15:29:26,845 INFO goatfarm [8a9f00e6491c4994bfea9d6091d93740] request method=GET path=/api/dashboard status=200 duration_ms=265.94
[WebServer] 2026-10-04 15:29:26,845 INFO goatfarm [9ff1f2c487ff4f70908e70363ff644d6] request method=GET path=/api/auth/farms status=200 duration_ms=14.74
[WebServer] 2026-10-04 15:29:26,862 INFO goatfarm [2bd4c227f9c34f9f8f6c87f77ed9319f] request method=GET path=/api/auth/permissions status=200 duration_ms=6.29
[WebServer] 2026-10-04 15:29:26,931 INFO goatfarm [05ba37925c9e4547ba4c52282aa6f1dc] request method=GET path=/api/dashboard status=200 duration_ms=57.41
  ✓    1 [webkit] › e2e/a11y-gate.spec.ts:68:7 › a11y gate › /dashboard (en) has no serious accessibility violations (2.6s)
[WebServer] 2026-10-04 15:29:28,308 INFO goatfarm [0f59e49607e647eca928582c5d44b812] request method=POST path=/api/auth/refresh status=401 duration_ms=0.56
[WebServer] 2026-10-04 15:29:28,600 INFO goatfarm [de8b5a1dd7ed49339e16568ab8af9af8] request method=POST path=/api/auth/login status=200 duration_ms=150.74
[WebServer] 2026-10-04 15:29:28,612 INFO goatfarm [182b6e1095464bb4a6bbe3eb6f4d7855] request method=GET path=/api/auth/farms status=200 duration_ms=7.70
[WebServer] 2026-10-04 15:29:28,623 INFO goatfarm [9b89bcbd21754cb5a56d6c6ce90e081b] request method=GET path=/api/auth/permissions status=200 duration_ms=6.79
[WebServer] 2026-10-04 15:29:28,698 INFO goatfarm [9e5b9b7e45ab4adeb71df3c173060fc9] request method=GET path=/api/dashboard status=200 duration_ms=39.83
[WebServer] 2026-10-04 15:29:28,900 INFO goatfarm [54cce495c92f4483a0b44e0540055524] request method=POST path=/api/auth/refresh status=200 duration_ms=105.09
[WebServer] 2026-10-04 15:29:28,912 INFO goatfarm [8ce07ea3d68c425cb75f0c044c786deb] request method=GET path=/api/auth/farms status=200 duration_ms=8.61
[WebServer] 2026-10-04 15:29:28,938 INFO goatfarm [4c83f3d255094fa88fb7b202754af753] request method=GET path=/api/auth/permissions status=200 duration_ms=10.32
[WebServer] 2026-10-04 15:29:28,957 INFO goatfarm [717e702365e3424e8b4bc8148240ab5d] request method=GET path=/api/owner/overview status=200 duration_ms=32.39
[WebServer] 2026-10-04 15:29:28,960 INFO goatfarm [40ea7032be054fb793d6195769fadf4e] request method=GET path=/api/owner/benchmarks status=200 duration_ms=33.63
  ✓    2 [webkit] › e2e/a11y-gate.spec.ts:68:7 › a11y gate › /owner (en) has no serious accessibility violations (2.0s)
[WebServer] 2026-10-04 15:29:30,293 INFO goatfarm [b93526f8322d489db539ec5732d7562c] request method=POST path=/api/auth/refresh status=401 duration_ms=0.67
[WebServer] 2026-10-04 15:29:30,578 INFO goatfarm [7c628020baa04ee194eabe233339e5e4] request method=POST path=/api/auth/login status=200 duration_ms=155.55
[WebServer] 2026-10-04 15:29:30,594 INFO goatfarm [0493d525e6f94a139c324f069ba012b6] request method=GET path=/api/auth/farms status=200 duration_ms=11.70
[WebServer] 2026-10-04 15:29:30,607 INFO goatfarm [967511cbbbdb4cef8a46d01f4fb1a1c7] request method=GET path=/api/auth/permissions status=200 duration_ms=8.23
[WebServer] 2026-10-04 15:29:30,703 INFO goatfarm [4919f2613f6640fdb4e6400625c642a3] request method=GET path=/api/dashboard status=200 duration_ms=56.06
[WebServer] 2026-10-04 15:29:30,879 INFO goatfarm [c6b9940006914be3aaf814bfd7d33fd8] request method=POST path=/api/auth/refresh status=200 duration_ms=101.72
[WebServer] 2026-10-04 15:29:30,891 INFO goatfarm [82fc00ee549b4efd94d5e649a5c988c6] request method=GET path=/api/auth/farms status=200 duration_ms=7.88
[WebServer] 2026-10-04 15:29:30,908 INFO goatfarm [ffcd63c2ec374e2db8a0a4feb72a3d27] request method=GET path=/api/auth/permissions status=200 duration_ms=6.91
[WebServer] 2026-10-04 15:29:30,937 INFO goatfarm [92b5e1a93f904b9d8745f76a211b0812] request method=GET path=/api/animals status=200 duration_ms=12.09
  ✓    3 [webkit] › e2e/a11y-gate.spec.ts:68:7 › a11y gate › /animals (en) has no serious accessibility violations (2.0s)
[WebServer] 2026-10-04 15:29:32,230 INFO goatfarm [26439bb2ddb14cab901eb7f942ced218] request method=POST path=/api/auth/refresh status=401 duration_ms=0.61
[WebServer] 2026-10-04 15:29:32,532 INFO goatfarm [9c681f828c5f4495865585d4b87039fd] request method=POST path=/api/auth/login status=200 duration_ms=153.89
[WebServer] 2026-10-04 15:29:32,543 INFO goatfarm [97cc0a6d2daa404492eb1b1d2cabbf17] request method=GET path=/api/auth/farms status=200 duration_ms=7.25
[WebServer] 2026-10-04 15:29:32,554 INFO goatfarm [5a6ab602fa234ea58029cb7c212d4e33] request method=GET path=/api/auth/permissions status=200 duration_ms=6.71
[WebServer] 2026-10-04 15:29:32,651 INFO goatfarm [b23d34362ded4a6d9b9df3b64a313ea8] request method=GET path=/api/dashboard status=200 duration_ms=58.44
[WebServer] 2026-10-04 15:29:32,830 INFO goatfarm [52d1fc7e2aeb48b3bae842a72cf1d671] request method=POST path=/api/auth/refresh status=200 duration_ms=105.92
[WebServer] 2026-10-04 15:29:32,843 INFO goatfarm [c96e13b5614b4d08a402c2db5d19b655] request method=GET path=/api/auth/farms status=200 duration_ms=9.70
[WebServer] 2026-10-04 15:29:32,860 INFO goatfarm [912e43fb2dfe48af81d9eb36514839d5] request method=GET path=/api/auth/permissions status=200 duration_ms=6.54
[WebServer] 2026-10-04 15:29:32,886 INFO goatfarm [f9e4f53d7d414012b35455eee7a6cc2f] request method=GET path=/api/buckets status=200 duration_ms=15.83
  ✓    4 [webkit] › e2e/a11y-gate.spec.ts:68:7 › a11y gate › /buckets (en) has no serious accessibility violations (2.0s)
[WebServer] 2026-10-04 15:29:34,219 INFO goatfarm [4e35d3db746e4b16b90562cb6311c465] request method=POST path=/api/auth/refresh status=401 duration_ms=0.51
[WebServer] 2026-10-04 15:29:34,502 INFO goatfarm [f32195c958cd4aa4a1346859cb257f41] request method=POST path=/api/auth/login status=200 duration_ms=154.09
[WebServer] 2026-10-04 15:29:34,513 INFO goatfarm [a61f90b8a02947499a89db800511096d] request method=GET path=/api/auth/farms status=200 duration_ms=6.85
[WebServer] 2026-10-04 15:29:34,524 INFO goatfarm [d697a4c513784e6f88fe10009e43ee98] request method=GET path=/api/auth/permissions status=200 duration_ms=6.48
[WebServer] 2026-10-04 15:29:34,605 INFO goatfarm [1a5a585ba4f74b7289b6b4102d2c8c33] request method=GET path=/api/dashboard status=200 duration_ms=41.38
[WebServer] 2026-10-04 15:29:34,810 INFO goatfarm [6eea253ae00c45cea1f91a970791c3ef] request method=POST path=/api/auth/refresh status=200 duration_ms=106.20
[WebServer] 2026-10-04 15:29:34,819 INFO goatfarm [b34d487e41b4464d9b4f06e266d576d4] request method=GET path=/api/auth/farms status=200 duration_ms=6.10
[WebServer] 2026-10-04 15:29:34,836 INFO goatfarm [e9c12b2696af42ecbd0de5e934c5e370] request method=GET path=/api/auth/permissions status=200 duration_ms=6.92
[WebServer] 2026-10-04 15:29:34,866 INFO goatfarm [31217b52b4724df0addf8db4524e4f98] request method=GET path=/api/breeding status=200 duration_ms=18.36
  ✓    5 [webkit] › e2e/a11y-gate.spec.ts:68:7 › a11y gate › /breeding (en) has no serious accessibility violations (1.9s)
[WebServer] 2026-10-04 15:29:36,161 INFO goatfarm [287a0a118b2042b6bf56deaf30b8dccb] request method=POST path=/api/auth/refresh status=401 duration_ms=0.68
[WebServer] 2026-10-04 15:29:36,448 INFO goatfarm [590075eed8604f3ea2558e8734834c63] request method=POST path=/api/auth/login status=200 duration_ms=158.84
[WebServer] 2026-10-04 15:29:36,460 INFO goatfarm [620f90cb02c343fea129a09b71523cda] request method=GET path=/api/auth/farms status=200 duration_ms=9.17
[WebServer] 2026-10-04 15:29:36,473 INFO goatfarm [43a46f3caced4401b85f30c5cdb2ad96] request method=GET path=/api/auth/permissions status=200 duration_ms=7.75
[WebServer] 2026-10-04 15:29:36,552 INFO goatfarm [280a2e96f3d7438884889620382cee7f] request method=GET path=/api/dashboard status=200 duration_ms=39.81
[WebServer] 2026-10-04 15:29:36,739 INFO goatfarm [7cd1a6fa6d624acc986332ada9e7feeb] request method=POST path=/api/auth/refresh status=200 duration_ms=105.28
[WebServer] 2026-10-04 15:29:36,748 INFO goatfarm [f0f5a4f03deb479f9c93eb629c5dece3] request method=GET path=/api/auth/farms status=200 duration_ms=5.75
[WebServer] 2026-10-04 15:29:36,764 INFO goatfarm [bcb457939abe498d98ea47bb59a06d1d] request method=GET path=/api/auth/permissions status=200 duration_ms=6.10
[WebServer] 2026-10-04 15:29:36,810 INFO goatfarm [8b2d56faa7d349a1b9aebf1c9d518cf6] request method=GET path=/api/kidding status=200 duration_ms=33.44
  ✓    6 [webkit] › e2e/a11y-gate.spec.ts:68:7 › a11y gate › /kidding (en) has no serious accessibility violations (1.9s)
[WebServer] 2026-10-04 15:29:38,059 INFO goatfarm [54527b992bd742fa83582f292dd8138c] request method=POST path=/api/auth/refresh status=401 duration_ms=0.57
[WebServer] 2026-10-04 15:29:38,387 INFO goatfarm [66dd2129f43e4716aecdd8fb6bac0b01] request method=POST path=/api/auth/login status=200 duration_ms=181.22
[WebServer] 2026-10-04 15:29:38,399 INFO goatfarm [69451de79ac5458a8acf11538951d19d] request method=GET path=/api/auth/farms status=200 duration_ms=7.66
[WebServer] 2026-10-04 15:29:38,411 INFO goatfarm [f87c15af29014f88a3de17f2231dbfab] request method=GET path=/api/auth/permissions status=200 duration_ms=7.10
[WebServer] 2026-10-04 15:29:38,508 INFO goatfarm [cfdfe76bbf7342f6a3fe17f9caa2d29e] request method=GET path=/api/dashboard status=200 duration_ms=59.99
[WebServer] 2026-10-04 15:29:38,683 INFO goatfarm [2d4ec8c8ebd142c5ae3f815dd4c5caaf] request method=POST path=/api/auth/refresh status=200 duration_ms=103.85
[WebServer] 2026-10-04 15:29:38,693 INFO goatfarm [8b96527f01b64e2d91e01612e25059f5] request method=GET path=/api/auth/farms status=200 duration_ms=6.73
[WebServer] 2026-10-04 15:29:38,709 INFO goatfarm [fa14d3f44f8a4d368c9228ff6cf80297] request method=GET path=/api/auth/permissions status=200 duration_ms=6.47
[WebServer] 2026-10-04 15:29:38,752 INFO goatfarm [38aa84f1ae734765aa773f6553b75c31] request method=GET path=/api/feeding/records status=200 duration_ms=28.41
[WebServer] 2026-10-04 15:29:38,754 INFO goatfarm [1ed22a0b493f4480b5dffeddcc1658d5] request method=GET path=/api/feeding/recipes status=200 duration_ms=30.50
[WebServer] 2026-10-04 15:29:38,765 INFO goatfarm [3cee3008af274d4e96e58b4bff517ef3] request method=GET path=/api/feeding/plan status=200 duration_ms=43.71
  ✓    7 [webkit] › e2e/a11y-gate.spec.ts:68:7 › a11y gate › /feeding (en) has no serious accessibility violations (2.0s)
[WebServer] 2026-10-04 15:29:40,065 INFO goatfarm [a2a0e010a59d4e5aa820d105ce413892] request method=POST path=/api/auth/refresh status=401 duration_ms=0.58
[WebServer] 2026-10-04 15:29:40,350 INFO goatfarm [d1dd3cbb3c464213b46708181db144a5] request method=POST path=/api/auth/login status=200 duration_ms=157.48
[WebServer] 2026-10-04 15:29:40,364 INFO goatfarm [47c3077650044bf285d55cec1ad22acf] request method=GET path=/api/auth/farms status=200 duration_ms=9.58
[WebServer] 2026-10-04 15:29:40,379 INFO goatfarm [f92be491033f4e1c8f2bb038f73e171c] request method=GET path=/api/auth/permissions status=200 duration_ms=9.79
[WebServer] 2026-10-04 15:29:40,459 INFO goatfarm [b9bfc0ae68e8495cb597d27de6f3831d] request method=GET path=/api/dashboard status=200 duration_ms=40.04
[WebServer] 2026-10-04 15:29:40,642 INFO goatfarm [ba561d6dc90a4fe1b5e48a88cf52f766] request method=POST path=/api/auth/refresh status=200 duration_ms=103.70
[WebServer] 2026-10-04 15:29:40,652 INFO goatfarm [a6489c27f8db40939d6c8c05b5b1b9fe] request method=GET path=/api/auth/farms status=200 duration_ms=6.86
[WebServer] 2026-10-04 15:29:40,669 INFO goatfarm [785b0c7b4ed74fe38e9345004c50de19] request method=GET path=/api/auth/permissions status=200 duration_ms=6.58
[WebServer] 2026-10-04 15:29:40,693 INFO goatfarm [8b51b60c367741d7bf154f13c5e30e2e] request method=GET path=/api/feeding/inventory status=200 duration_ms=12.72
[WebServer] 2026-10-04 15:29:40,695 INFO goatfarm [5257e32f230b4b27a2c10515b11513eb] request method=GET path=/api/feeding/finished-stock status=200 duration_ms=13.37
  ✓    8 [webkit] › e2e/a11y-gate.spec.ts:68:7 › a11y gate › /feeding/inventory (en) has no serious accessibility violations (2.0s)
[WebServer] 2026-10-04 15:29:42,091 INFO goatfarm [21e7d8a63be44b7690c644c402329812] request method=POST path=/api/auth/refresh status=401 duration_ms=0.65
[WebServer] 2026-10-04 15:29:42,379 INFO goatfarm [1d9ab1455a7e4339a68c4e7162f8aac5] request method=POST path=/api/auth/login status=200 duration_ms=158.20
[WebServer] 2026-10-04 15:29:42,390 INFO goatfarm [9fa35f3dc694430bb6aef20c17e41695] request method=GET path=/api/auth/farms status=200 duration_ms=7.63
[WebServer] 2026-10-04 15:29:42,402 INFO goatfarm [8120067915274d9daeba4a6af7acb836] request method=GET path=/api/auth/permissions status=200 duration_ms=6.99
[WebServer] 2026-10-04 15:29:42,477 INFO goatfarm [1b1c931170ff4476967617e01778c6fb] request method=GET path=/api/dashboard status=200 duration_ms=36.54
[WebServer] 2026-10-04 15:29:42,665 INFO goatfarm [b5f522a8558b4f35ba7d5de100936373] request method=POST path=/api/auth/refresh status=200 duration_ms=107.97
[WebServer] 2026-10-04 15:29:42,675 INFO goatfarm [20ceb6871ac74557a4bde4530dfddd5b] request method=GET path=/api/auth/farms status=200 duration_ms=6.94
[WebServer] 2026-10-04 15:29:42,691 INFO goatfarm [0bfc33ceac5246b8af2f49960c84a3ec] request method=GET path=/api/auth/permissions status=200 duration_ms=6.34
[WebServer] 2026-10-04 15:29:42,712 INFO goatfarm [a530d8c924424f198df5e98e954708a3] request method=GET path=/api/feeding/recipes status=200 duration_ms=9.07
  ✓    9 [webkit] › e2e/a11y-gate.spec.ts:68:7 › a11y gate › /feeding/recipes (en) has no serious accessibility violations (2.0s)
[WebServer] 2026-10-04 15:29:44,123 INFO goatfarm [f907ae03f41d4e41be8b426284df2673] request method=POST path=/api/auth/refresh status=401 duration_ms=0.76
[WebServer] 2026-10-04 15:29:44,451 INFO goatfarm [e4d2b0b3ab354a8daf01fc48e3e42efa] request method=POST path=/api/auth/refresh status=401 duration_ms=0.65
[WebServer] 2026-10-04 15:29:44,452 INFO goatfarm [6804292f930149d2a43349cefe42e7ab] request method=POST path=/api/auth/login status=200 duration_ms=172.74
[WebServer] 2026-10-04 15:29:44,464 INFO goatfarm [ccd808afed1c4d9db56b533e77a1b5e6] request method=GET path=/api/auth/farms status=200 duration_ms=8.69
[WebServer] 2026-10-04 15:29:44,476 INFO goatfarm [4d6dc0a563c242faa7e473fc157b5476] request method=GET path=/api/auth/permissions status=200 duration_ms=7.06
[WebServer] 2026-10-04 15:29:44,563 INFO goatfarm [ddbd8acb2fa6409fbfe2400686223e26] request method=GET path=/api/dashboard status=200 duration_ms=41.56
[WebServer] 2026-10-04 15:29:44,749 INFO goatfarm [2f5afbd6db1f4827a141b0a4c0c7eae5] request method=POST path=/api/auth/refresh status=200 duration_ms=102.71
[WebServer] 2026-10-04 15:29:44,759 INFO goatfarm [e55cc1d5880f46c991d95a8ac74ba7fe] request method=GET path=/api/auth/farms status=200 duration_ms=6.23
[WebServer] 2026-10-04 15:29:44,776 INFO goatfarm [56490626538a405e858916a6e4d6db20] request method=GET path=/api/auth/permissions status=200 duration_ms=6.57
[WebServer] 2026-10-04 15:29:44,801 INFO goatfarm [6259d870c68940b38fbff60758643bfd] request method=GET path=/api/purchases status=200 duration_ms=13.50
  ✓   10 [webkit] › e2e/a11y-gate.spec.ts:68:7 › a11y gate › /purchases (en) has no serious accessibility violations (2.0s)
[WebServer] 2026-10-04 15:29:46,104 INFO goatfarm [2bbf7d5c2a1a487aafbd77c9a36617f6] request method=POST path=/api/auth/refresh status=401 duration_ms=0.46
[WebServer] 2026-10-04 15:29:46,385 INFO goatfarm [682b9f49fef34925ac442035450a08dd] request method=POST path=/api/auth/login status=200 duration_ms=153.14
[WebServer] 2026-10-04 15:29:46,397 INFO goatfarm [adb2f7bc59024b7fbf1e43c4039f9413] request method=GET path=/api/auth/farms status=200 duration_ms=8.66
[WebServer] 2026-10-04 15:29:46,409 INFO goatfarm [81151d31651941679a2bf3722b91cc61] request method=GET path=/api/auth/permissions status=200 duration_ms=7.11
[WebServer] 2026-10-04 15:29:46,494 INFO goatfarm [2c1b7cbdea0646b2b4bac5bd6304d124] request method=GET path=/api/dashboard status=200 duration_ms=47.23
[WebServer] 2026-10-04 15:29:46,675 INFO goatfarm [d89fa76156794172b2ba9d14556c0a27] request method=POST path=/api/auth/refresh status=200 duration_ms=100.20
[WebServer] 2026-10-04 15:29:46,683 INFO goatfarm [26934df6ccc646728f2cd94e496df640] request method=GET path=/api/auth/farms status=200 duration_ms=5.18
[WebServer] 2026-10-04 15:29:46,700 INFO goatfarm [b9dad5cb39114a178f5da7bf79de139e] request method=GET path=/api/auth/permissions status=200 duration_ms=6.82
[WebServer] 2026-10-04 15:29:46,741 INFO goatfarm [57c501e0be414ed28ac64ac64b0e051f] request method=GET path=/api/dashboard/reports status=200 duration_ms=31.33
  ✓   11 [webkit] › e2e/a11y-gate.spec.ts:68:7 › a11y gate › /reports (en) has no serious accessibility violations (2.0s)
[WebServer] 2026-10-04 15:29:48,076 INFO goatfarm [b29db6dac01b446d93e4cd5257f96c59] request method=POST path=/api/auth/refresh status=401 duration_ms=1.08
[WebServer] 2026-10-04 15:29:48,379 INFO goatfarm [e7e1d0b663db40f397b115c5a064b68f] request method=POST path=/api/auth/login status=200 duration_ms=154.00
[WebServer] 2026-10-04 15:29:48,392 INFO goatfarm [3e431f49f78745cbaa9420800fbbafb0] request method=GET path=/api/auth/farms status=200 duration_ms=8.93
[WebServer] 2026-10-04 15:29:48,403 INFO goatfarm [ac55647ab6f94500a750174786b0d5cb] request method=GET path=/api/auth/permissions status=200 duration_ms=7.05
[WebServer] 2026-10-04 15:29:48,482 INFO goatfarm [dd51b4a662f347b0a11348d17ac1cec9] request method=GET path=/api/dashboard status=200 duration_ms=39.42
[WebServer] 2026-10-04 15:29:48,679 INFO goatfarm [72c12b792bfe428fac33df65afd77012] request method=POST path=/api/auth/refresh status=200 duration_ms=98.79
[WebServer] 2026-10-04 15:29:48,689 INFO goatfarm [9b69c29da85c4601875168124e8a0ad4] request method=GET path=/api/auth/farms status=200 duration_ms=6.60
[WebServer] 2026-10-04 15:29:48,705 INFO goatfarm [9a4d27cd99e04e4f8f3d8cb87df7d8a7] request method=GET path=/api/auth/permissions status=200 duration_ms=6.01
[WebServer] 2026-10-04 15:29:48,737 INFO goatfarm [fe3f14523a594168849c449e673663a0] request method=GET path=/api/tasks status=200 duration_ms=21.31
  ✓   12 [webkit] › e2e/a11y-gate.spec.ts:68:7 › a11y gate › /tasks (en) has no serious accessibility violations (1.9s)
[WebServer] 2026-10-04 15:29:50,025 INFO goatfarm [504517cfad354e5abec804554dde25a7] request method=POST path=/api/auth/refresh status=401 duration_ms=0.54
[WebServer] 2026-10-04 15:29:50,326 INFO goatfarm [2902dfa8553447fc86a3a04e04568a2b] request method=POST path=/api/auth/login status=200 duration_ms=153.30
[WebServer] 2026-10-04 15:29:50,337 INFO goatfarm [1108eb55ead44029b11ae4565d12fccc] request method=GET path=/api/auth/farms status=200 duration_ms=7.94
[WebServer] 2026-10-04 15:29:50,347 INFO goatfarm [b4a68b81e8b34a17931063ebc92f99fe] request method=GET path=/api/auth/permissions status=200 duration_ms=5.45
[WebServer] 2026-10-04 15:29:50,420 INFO goatfarm [c25a95b4ed1447f4a29a12c2dafc8dc4] request method=GET path=/api/dashboard status=200 duration_ms=35.83
[WebServer] 2026-10-04 15:29:50,611 INFO goatfarm [7996ec32ea2c40bdb31b962a606d0458] request method=POST path=/api/auth/refresh status=200 duration_ms=103.46
[WebServer] 2026-10-04 15:29:50,621 INFO goatfarm [8b4d3a71ad69458eb8570adc70aaa119] request method=GET path=/api/auth/farms status=200 duration_ms=6.39
[WebServer] 2026-10-04 15:29:50,647 INFO goatfarm [8fd666f887a84407a5ecd8e491f2e049] request method=GET path=/api/auth/permissions status=200 duration_ms=6.65
[WebServer] 2026-10-04 15:29:50,665 INFO goatfarm [250e2671adda412b94636e94d144783f] request method=GET path=/api/tasks status=200 duration_ms=13.02
  ✓   13 [webkit] › e2e/a11y-gate.spec.ts:68:7 › a11y gate › /worker (en) has no serious accessibility violations (1.8s)
[WebServer] 2026-10-04 15:29:51,858 INFO goatfarm [16a817b1c2a24d89909efd483d3cac40] request method=POST path=/api/auth/refresh status=401 duration_ms=0.70
  ✓   14 [webkit] › e2e/a11y-gate.spec.ts:68:7 › a11y gate › /login (en) has no serious accessibility violations (1.2s)
[WebServer] 2026-10-04 15:29:53,094 INFO goatfarm [f5484a5f897547e4a530b02f560c9de8] request method=POST path=/api/auth/refresh status=401 duration_ms=0.71
  ✓   15 [webkit] › e2e/a11y-gate.spec.ts:68:7 › a11y gate › /register (en) has no serious accessibility violations (1.2s)
[WebServer] 2026-10-04 15:29:54,260 INFO goatfarm [6eb9499dccfc4b92ab9330a417581138] request method=POST path=/api/auth/refresh status=401 duration_ms=0.56
[WebServer] 2026-10-04 15:29:54,569 INFO goatfarm [fe8d890ab4594f39b08f78607ac3931e] request method=POST path=/api/auth/login status=200 duration_ms=158.47
[WebServer] 2026-10-04 15:29:54,584 INFO goatfarm [5f8824a9e05a4304ba739686553b987c] request method=GET path=/api/auth/farms status=200 duration_ms=11.40
[WebServer] 2026-10-04 15:29:54,598 INFO goatfarm [84ca7c6db5c14e529c31a87d66903878] request method=GET path=/api/auth/permissions status=200 duration_ms=9.62
[WebServer] 2026-10-04 15:29:54,686 INFO goatfarm [a1b15d654b584a23bb16bdab50fd1da1] request method=GET path=/api/dashboard status=200 duration_ms=49.08
[WebServer] 2026-10-04 15:29:54,858 INFO goatfarm [1d546ed8e4d443f9a9cf53f9fe0cc4e4] request method=POST path=/api/auth/refresh status=200 duration_ms=104.19
[WebServer] 2026-10-04 15:29:54,868 INFO goatfarm [a219a8296dca45859db66352d5f8738a] request method=GET path=/api/auth/farms status=200 duration_ms=7.24
  ✓   16 [webkit] › e2e/a11y-gate.spec.ts:68:7 › a11y gate › /farm-select (en) has no serious accessibility violations (1.8s)
[WebServer] 2026-10-04 15:29:56,293 INFO goatfarm [d92d63f295d94e53a5579bffa400f41b] request method=POST path=/api/auth/login status=200 duration_ms=144.41
[WebServer] 2026-10-04 15:29:56,306 INFO goatfarm [dfc4a764b11548a0a19244d824125e0c] request method=GET path=/api/auth/farms status=200 duration_ms=7.54
[WebServer] 2026-10-04 15:29:56,526 INFO goatfarm [b431951877384ba5ae9a879fdda60e86] request method=POST path=/api/auth/refresh status=401 duration_ms=0.53
[WebServer] 2026-10-04 15:29:56,575 INFO goatfarm [32056a8aebd94acabcbc78c34d5a2788] request method=GET path=/api/auth/worker-roster status=200 duration_ms=9.06
  ✓   17 [webkit] › e2e/a11y-gate.spec.ts:68:7 › a11y gate › /worker/login (en) has no serious accessibility violations (1.8s)
[WebServer] 2026-10-04 15:29:57,873 INFO goatfarm [61f71e8d1f43486c90c08bc5756d4d6e] request method=POST path=/api/auth/refresh status=401 duration_ms=0.53
  ✓   18 [webkit] › e2e/a11y-gate.spec.ts:68:7 › a11y gate › /worker/offline (en) has no serious accessibility violations (1.3s)
[WebServer] 2026-10-04 15:29:59,206 INFO goatfarm [d43352ae7f65495d90b56f403f36c71a] request method=POST path=/api/auth/refresh status=401 duration_ms=0.53
[WebServer] 2026-10-04 15:29:59,503 INFO goatfarm [00f2e9f8dc8d4f2a9868c4b198056bdf] request method=POST path=/api/auth/login status=200 duration_ms=158.47
[WebServer] 2026-10-04 15:29:59,518 INFO goatfarm [4a2228d2798f4fbba04a603fba725d33] request method=GET path=/api/auth/farms status=200 duration_ms=10.65
[WebServer] 2026-10-04 15:29:59,530 INFO goatfarm [281d11de70974b30b34865cfb3f87f6f] request method=GET path=/api/auth/permissions status=200 duration_ms=7.81
[WebServer] 2026-10-04 15:29:59,622 INFO goatfarm [4a8d17dd4a0c44cbab6871efbe314744] request method=GET path=/api/dashboard status=200 duration_ms=53.05
[WebServer] 2026-10-04 15:29:59,810 INFO goatfarm [01b60605ac434e26b3cea334ee8d5c6e] request method=POST path=/api/auth/refresh status=200 duration_ms=102.51
[WebServer] 2026-10-04 15:29:59,820 INFO goatfarm [44a7253d64b24a778ab84c6838292da7] request method=GET path=/api/auth/farms status=200 duration_ms=6.70
[WebServer] 2026-10-04 15:29:59,837 INFO goatfarm [f626ccb9169e419ca0a1053a423b2d2b] request method=GET path=/api/auth/permissions status=200 duration_ms=6.78
[WebServer] 2026-10-04 15:29:59,875 INFO goatfarm [89c901e3864f45ec915193646bedb4a9] request method=GET path=/api/screening/images status=200 duration_ms=25.34
[WebServer] 2026-10-04 15:29:59,879 INFO goatfarm [d0d641368be04ddb9a8df98815f49d72] request method=GET path=/api/screening/stats status=200 duration_ms=27.29
  ✓   19 [webkit] › e2e/a11y-gate.spec.ts:68:7 › a11y gate › /screening (en) has no serious accessibility violations (1.9s)
[WebServer] 2026-10-04 15:30:01,163 INFO goatfarm [be9deb214813463b865a00fbf13ebc3a] request method=POST path=/api/auth/refresh status=401 duration_ms=0.65
[WebServer] 2026-10-04 15:30:01,447 INFO goatfarm [a02b4ac8d3704b0fa81dde1577b3b4ca] request method=POST path=/api/auth/login status=200 duration_ms=154.62
[WebServer] 2026-10-04 15:30:01,459 INFO goatfarm [a86953bdffbd4d3bbb6a9dbe24084cd3] request method=GET path=/api/auth/farms status=200 duration_ms=7.44
[WebServer] 2026-10-04 15:30:01,470 INFO goatfarm [7a29927eabe5417497b07471631b0f54] request method=GET path=/api/auth/permissions status=200 duration_ms=6.59
[WebServer] 2026-10-04 15:30:01,544 INFO goatfarm [e6dbd668ded74fff8b4eeb5ef6a997cc] request method=GET path=/api/dashboard status=200 duration_ms=37.82
[WebServer] 2026-10-04 15:30:01,743 INFO goatfarm [3589a3120b5b45019db6346e400aedc0] request method=POST path=/api/auth/refresh status=200 duration_ms=107.31
[WebServer] 2026-10-04 15:30:01,753 INFO goatfarm [0e05858c71bd41df9eac6765a0e91e3a] request method=GET path=/api/auth/farms status=200 duration_ms=6.35
[WebServer] 2026-10-04 15:30:01,768 INFO goatfarm [66ab6d4bce53443b8efad5b473e1d4a7] request method=GET path=/api/auth/permissions status=200 duration_ms=5.47
[WebServer] 2026-10-04 15:30:01,796 INFO goatfarm [f5e9a9619b8448f09d655b167feace5a] request method=GET path=/api/team status=200 duration_ms=16.56
  ✓   20 [webkit] › e2e/a11y-gate.spec.ts:68:7 › a11y gate › /team (en) has no serious accessibility violations (2.0s)
[WebServer] 2026-10-04 15:30:03,147 INFO goatfarm [b9aae450383a41f4a0c903e01214a4bc] request method=POST path=/api/auth/refresh status=401 duration_ms=0.61
[WebServer] 2026-10-04 15:30:03,446 INFO goatfarm [0a6f826762824152835a576a1f983f66] request method=POST path=/api/auth/login status=200 duration_ms=152.31
[WebServer] 2026-10-04 15:30:03,459 INFO goatfarm [d94cd396bcf246a0ae0e7c528d87b6b6] request method=GET path=/api/auth/farms status=200 duration_ms=9.21
[WebServer] 2026-10-04 15:30:03,472 INFO goatfarm [0fdd20f6eba545709371adcb507b59ad] request method=GET path=/api/auth/permissions status=200 duration_ms=8.23
[WebServer] 2026-10-04 15:30:03,544 INFO goatfarm [dcdee71b73994f29ae34fabdb417a4b9] request method=GET path=/api/dashboard status=200 duration_ms=34.28
[WebServer] 2026-10-04 15:30:03,732 INFO goatfarm [050bfc640a2344f4bdb8af0f55de6253] request method=POST path=/api/auth/refresh status=200 duration_ms=99.62
[WebServer] 2026-10-04 15:30:03,742 INFO goatfarm [1d1957d4f2f94becac4d3f9a0558dba2] request method=GET path=/api/auth/farms status=200 duration_ms=6.08
[WebServer] 2026-10-04 15:30:03,758 INFO goatfarm [ddeb5615e567462a84410c4edd1469f1] request method=GET path=/api/auth/permissions status=200 duration_ms=6.06
[WebServer] 2026-10-04 15:30:03,782 INFO goatfarm [12e442117c46483799e94b0df38adbd4] request method=GET path=/api/finance/insurance status=200 duration_ms=13.19
  ✓   21 [webkit] › e2e/a11y-gate.spec.ts:68:7 › a11y gate › /finance/insurance (en) has no serious accessibility violations (1.9s)
[WebServer] 2026-10-04 15:30:05,070 INFO goatfarm [2b8e3013623d497eb62a81ca603b7d26] request method=POST path=/api/auth/refresh status=401 duration_ms=0.61
[WebServer] 2026-10-04 15:30:05,355 INFO goatfarm [6de52abbf2fc4e089db5ba6f8511ebfd] request method=POST path=/api/auth/login status=200 duration_ms=158.51
[WebServer] 2026-10-04 15:30:05,366 INFO goatfarm [b00a9a0c48534e4ca8a71bc76afc349a] request method=GET path=/api/auth/farms status=200 duration_ms=7.62
[WebServer] 2026-10-04 15:30:05,379 INFO goatfarm [99f426a5a71348df843aa4d1ab8d1806] request method=GET path=/api/auth/permissions status=200 duration_ms=7.87
[WebServer] 2026-10-04 15:30:05,458 INFO goatfarm [335b170c97654b29bb3dbf0f43f31376] request method=GET path=/api/dashboard status=200 duration_ms=41.21
[WebServer] 2026-10-04 15:30:05,645 INFO goatfarm [8b5eb4a020d84547bc3854a7e2d1c93c] request method=POST path=/api/auth/refresh status=200 duration_ms=101.24
[WebServer] 2026-10-04 15:30:05,656 INFO goatfarm [efbc9133449c489c82b8dd035d73358d] request method=GET path=/api/auth/farms status=200 duration_ms=6.76
[WebServer] 2026-10-04 15:30:05,673 INFO goatfarm [47a83c8f65d14553b4739b58e0ad2ea6] request method=GET path=/api/auth/permissions status=200 duration_ms=7.15
[WebServer] 2026-10-04 15:30:05,701 INFO goatfarm [6d0e6b5470644db78c30438bac473787] request method=GET path=/api/health/schedule-templates status=200 duration_ms=13.52
[WebServer] 2026-10-04 15:30:05,703 INFO goatfarm [c073b38dd5434d86b756df14c0727a0b] request method=GET path=/api/health/events status=200 duration_ms=17.11
[WebServer] 2026-10-04 15:30:06,522 INFO goatfarm [1c5e971867b54154ae66038ec862d59f] request method=POST path=/api/auth/refresh status=401 duration_ms=0.69
  ✓   22 [webkit] › e2e/a11y-gate.spec.ts:68:7 › a11y gate › /health (en) has no serious accessibility violations (1.9s)
[WebServer] 2026-10-04 15:30:06,986 INFO goatfarm [83974441071743e09600db9e38a8778c] request method=POST path=/api/auth/refresh status=401 duration_ms=0.58
[WebServer] 2026-10-04 15:30:07,272 INFO goatfarm [bf55af35ad3742d9b1eba0977707e1e0] request method=POST path=/api/auth/login status=200 duration_ms=151.74
[WebServer] 2026-10-04 15:30:07,284 INFO goatfarm [a19eb8224753459db4db06425b250681] request method=GET path=/api/auth/farms status=200 duration_ms=9.12
[WebServer] 2026-10-04 15:30:07,296 INFO goatfarm [4af008c1f2784b7198889a7ddca0e711] request method=GET path=/api/auth/permissions status=200 duration_ms=7.63
[WebServer] 2026-10-04 15:30:07,379 INFO goatfarm [3119d71a71714a478c3834defdfb0e28] request method=GET path=/api/dashboard status=200 duration_ms=45.01
[WebServer] 2026-10-04 15:30:07,566 INFO goatfarm [0cb0cf08bdc5427193ce1bbb5d41d948] request method=POST path=/api/auth/refresh status=200 duration_ms=106.52
[WebServer] 2026-10-04 15:30:07,577 INFO goatfarm [95a18b71b14444bbae48b94b6b04027b] request method=GET path=/api/auth/farms status=200 duration_ms=6.58
[WebServer] 2026-10-04 15:30:07,591 INFO goatfarm [a9716ab432194d72afca6e6e05731d8d] request method=GET path=/api/auth/permissions status=200 duration_ms=5.48
[WebServer] 2026-10-04 15:30:07,614 INFO goatfarm [7925ecb0a91042c395fdc73c1905a9ef] request method=GET path=/api/simulation/defaults/breeds status=200 duration_ms=7.25
[WebServer] 2026-10-04 15:30:07,616 INFO goatfarm [35e240019ae840c8915f101d76e1bc74] request method=GET path=/api/simulation/defaults status=200 duration_ms=7.59
[WebServer] 2026-10-04 15:30:07,625 INFO goatfarm [a3c652ab9ce04085a7e551bde483fc72] request method=GET path=/api/planner/plans status=200 duration_ms=15.42
  ✓   23 [webkit] › e2e/a11y-gate.spec.ts:68:7 › a11y gate › /planner (en) has no serious accessibility violations (1.9s)
[WebServer] 2026-10-04 15:30:08,962 INFO goatfarm [7e09b2bde05d461ea2cfba0b0c06fcf7] request method=POST path=/api/auth/refresh status=401 duration_ms=0.67
[WebServer] 2026-10-04 15:30:09,235 INFO goatfarm [12906dd39753407b936cf411a3b00437] request method=POST path=/api/auth/login status=200 duration_ms=160.41
[WebServer] 2026-10-04 15:30:09,247 INFO goatfarm [b753a9f0575742329a7e567a5de8e96c] request method=GET path=/api/auth/farms status=200 duration_ms=8.52
[WebServer] 2026-10-04 15:30:09,258 INFO goatfarm [d714a577d09d4ce2a304cf71fe84e46b] request method=GET path=/api/auth/permissions status=200 duration_ms=6.21
[WebServer] 2026-10-04 15:30:09,333 INFO goatfarm [f78a8d7b076b4cd8a65b3583a1fed258] request method=GET path=/api/dashboard status=200 duration_ms=37.80
[WebServer] 2026-10-04 15:30:09,542 INFO goatfarm [a63f28e8a5214a55a081870021b164e0] request method=POST path=/api/auth/refresh status=200 duration_ms=114.64
[WebServer] 2026-10-04 15:30:09,553 INFO goatfarm [415d5b65ef6b453d84fbe65694c141e2] request method=GET path=/api/auth/farms status=200 duration_ms=7.18
[WebServer] 2026-10-04 15:30:09,570 INFO goatfarm [942504b928ed4915852e664f5849fcd5] request method=GET path=/api/auth/permissions status=200 duration_ms=7.88
[WebServer] 2026-10-04 15:30:09,594 INFO goatfarm [53682731cdca495b9432f7b77cf8cddf] request method=GET path=/api/simulation/defaults/breeds status=200 duration_ms=6.16
[WebServer] 2026-10-04 15:30:09,595 INFO goatfarm [6422d7d02c124f8c9e3b100b7cfc9cb1] request method=GET path=/api/simulation/defaults status=200 duration_ms=6.79
[WebServer] 2026-10-04 15:30:09,604 INFO goatfarm [7228154aa24c489e8801e173efff8cc7] request method=GET path=/api/simulation/scenarios status=200 duration_ms=15.43
  ✓   24 [webkit] › e2e/a11y-gate.spec.ts:68:7 › a11y gate › /simulation (en) has no serious accessibility violations (2.5s)
[WebServer] 2026-10-04 15:30:11,435 INFO goatfarm [5478004db44b44a6a9623b236e08fa98] request method=POST path=/api/auth/refresh status=401 duration_ms=0.58
[WebServer] 2026-10-04 15:30:11,744 INFO goatfarm [e0909437bb434915bc346d3b5dc46f25] request method=POST path=/api/auth/login status=200 duration_ms=159.41
[WebServer] 2026-10-04 15:30:11,756 INFO goatfarm [db6bd843e2c74721a1bcc321132f2306] request method=GET path=/api/auth/farms status=200 duration_ms=8.36
[WebServer] 2026-10-04 15:30:11,768 INFO goatfarm [e483039e27684106aa4c977eb0c1305a] request method=GET path=/api/auth/permissions status=200 duration_ms=6.92
[WebServer] 2026-10-04 15:30:11,836 INFO goatfarm [8ccb8b1fdc9b43a0b8ee235dfcec7739] request method=GET path=/api/dashboard status=200 duration_ms=31.46
[WebServer] 2026-10-04 15:30:12,041 INFO goatfarm [bf7e3f74d10b45f89db3d234ccd07ab2] request method=POST path=/api/auth/refresh status=200 duration_ms=109.06
[WebServer] 2026-10-04 15:30:12,052 INFO goatfarm [3740c6d8ade5474f9f38e31e8a7794c3] request method=GET path=/api/auth/farms status=200 duration_ms=7.80
[WebServer] 2026-10-04 15:30:12,070 INFO goatfarm [a9ebe088d7f042969be72eff769e823e] request method=GET path=/api/auth/permissions status=200 duration_ms=7.31
[WebServer] 2026-10-04 15:30:12,116 INFO goatfarm [91bb6bd587e14b13ba92fe6aa28cb45c] request method=GET path=/api/finance status=200 duration_ms=33.48
  ✓   25 [webkit] › e2e/a11y-gate.spec.ts:68:7 › a11y gate › /finance (en) has no serious accessibility violations (2.0s)
[WebServer] 2026-10-04 15:30:13,460 INFO goatfarm [cec4e0e3cf2e4c7694e6baffe232ebe5] request method=POST path=/api/auth/refresh status=401 duration_ms=0.55
[WebServer] 2026-10-04 15:30:13,758 INFO goatfarm [bcd69b9f7a814cbcbcbdda788ef70e36] request method=POST path=/api/auth/login status=200 duration_ms=150.78
[WebServer] 2026-10-04 15:30:13,768 INFO goatfarm [453f5d9ca5a94bd09205075a4b97c537] request method=GET path=/api/auth/farms status=200 duration_ms=6.85
[WebServer] 2026-10-04 15:30:13,778 INFO goatfarm [d42779b506874049bd38f0191375c9a2] request method=GET path=/api/auth/permissions status=200 duration_ms=5.91
[WebServer] 2026-10-04 15:30:13,847 INFO goatfarm [16d8bae88bcd4514babbd8b8946ffe39] request method=GET path=/api/dashboard status=200 duration_ms=30.18
[WebServer] 2026-10-04 15:30:14,048 INFO goatfarm [3266f3b293da4d388fa505482c8c0ff4] request method=POST path=/api/auth/refresh status=200 duration_ms=106.81
[WebServer] 2026-10-04 15:30:14,057 INFO goatfarm [213ac5a7e08d4d1f9affd0614827e5e7] request method=GET path=/api/auth/farms status=200 duration_ms=6.04
[WebServer] 2026-10-04 15:30:14,074 INFO goatfarm [8b0f72fae9fc460ebd6c0ce734575500] request method=GET path=/api/auth/permissions status=200 duration_ms=6.51
[WebServer] 2026-10-04 15:30:14,129 INFO goatfarm [125bbdc0c9f5494f85cb95b8363b50b4] request method=GET path=/api/dashboard status=200 duration_ms=38.47
  ✓   26 [webkit] › e2e/a11y-gate.spec.ts:68:7 › a11y gate › /dashboard (te) has no serious accessibility violations (2.0s)
[WebServer] 2026-10-04 15:30:15,513 INFO goatfarm [c7f80e033e394afb8ecc0d48181845aa] request method=POST path=/api/auth/refresh status=401 duration_ms=0.67
[WebServer] 2026-10-04 15:30:15,774 INFO goatfarm [d4a2c92193d64af4bce858ec6d919142] request method=POST path=/api/auth/login status=200 duration_ms=153.02
[WebServer] 2026-10-04 15:30:15,784 INFO goatfarm [78d6210e20784e5986456758958c4113] request method=GET path=/api/auth/farms status=200 duration_ms=6.98
[WebServer] 2026-10-04 15:30:15,794 INFO goatfarm [5cb99884451b43e1b33b1010ac7234b9] request method=GET path=/api/auth/permissions status=200 duration_ms=6.02
[WebServer] 2026-10-04 15:30:15,872 INFO goatfarm [44b8e7da49ef44a09d4732fb12a77790] request method=GET path=/api/dashboard status=200 duration_ms=38.35
[WebServer] 2026-10-04 15:30:16,062 INFO goatfarm [25910f6177ca4e40b02ea2263bddf356] request method=POST path=/api/auth/refresh status=200 duration_ms=104.51
[WebServer] 2026-10-04 15:30:16,071 INFO goatfarm [9038bee7d2c242928624a05c383d5da3] request method=GET path=/api/auth/farms status=200 duration_ms=5.72
[WebServer] 2026-10-04 15:30:16,089 INFO goatfarm [43f7f0c3061e45f7befb05cd831030f4] request method=GET path=/api/auth/permissions status=200 duration_ms=6.18
[WebServer] 2026-10-04 15:30:16,097 INFO goatfarm [41c02f104e6d4bdaa357338e89ad3bed] request method=GET path=/api/owner/overview status=200 duration_ms=15.44
[WebServer] 2026-10-04 15:30:16,101 INFO goatfarm [67725652063644899a9bc994dbb3dc77] request method=GET path=/api/owner/benchmarks status=200 duration_ms=18.40
  ✓   27 [webkit] › e2e/a11y-gate.spec.ts:68:7 › a11y gate › /owner (te) has no serious accessibility violations (1.9s)
[WebServer] 2026-10-04 15:30:17,415 INFO goatfarm [95c0f675d3d947ad9b056234102bce12] request method=POST path=/api/auth/refresh status=401 duration_ms=0.61
[WebServer] 2026-10-04 15:30:17,712 INFO goatfarm [b2646a0e7dab47c79d8f2839cd19af45] request method=POST path=/api/auth/login status=200 duration_ms=149.80
[WebServer] 2026-10-04 15:30:17,723 INFO goatfarm [cb547731ef804cd1b4a55cb263236e56] request method=GET path=/api/auth/farms status=200 duration_ms=8.77
[WebServer] 2026-10-04 15:30:17,735 INFO goatfarm [dfe6d94ff0a04cc5b432c282189e37c3] request method=GET path=/api/auth/permissions status=200 duration_ms=6.45
[WebServer] 2026-10-04 15:30:17,811 INFO goatfarm [7b602b17bb2f48f395d922487840eb7a] request method=GET path=/api/dashboard status=200 duration_ms=39.54
[WebServer] 2026-10-04 15:30:18,013 INFO goatfarm [f3648204e6184b5796c88da9f2a30eb7] request method=POST path=/api/auth/refresh status=200 duration_ms=109.54
[WebServer] 2026-10-04 15:30:18,021 INFO goatfarm [ff3c45a7f767475baf7d6c8f31a3c11e] request method=GET path=/api/auth/farms status=200 duration_ms=5.36
[WebServer] 2026-10-04 15:30:18,037 INFO goatfarm [f886f52b211a483ebaf4e3bf0dbabec4] request method=GET path=/api/auth/permissions status=200 duration_ms=5.68
[WebServer] 2026-10-04 15:30:18,070 INFO goatfarm [02277dbf507e458ab0135c4d46b4dac2] request method=GET path=/api/animals status=200 duration_ms=8.43
  ✓   28 [webkit] › e2e/a11y-gate.spec.ts:68:7 › a11y gate › /animals (te) has no serious accessibility violations (2.0s)
[WebServer] 2026-10-04 15:30:19,395 INFO goatfarm [c4835f182c7346c2be36301cfe22b5f3] request method=POST path=/api/auth/refresh status=401 duration_ms=0.54
[WebServer] 2026-10-04 15:30:19,678 INFO goatfarm [bd8cd8c01958460da9e89c885a258bc1] request method=POST path=/api/auth/login status=200 duration_ms=148.67
[WebServer] 2026-10-04 15:30:19,691 INFO goatfarm [9941ab91d51d42d1abf81ea33557613a] request method=GET path=/api/auth/farms status=200 duration_ms=9.78
[WebServer] 2026-10-04 15:30:19,703 INFO goatfarm [6ed5e1b3c6a64659be2f45e1d26d12f2] request method=GET path=/api/auth/permissions status=200 duration_ms=7.37
[WebServer] 2026-10-04 15:30:19,786 INFO goatfarm [f445f888b2084d899919b2cb94013928] request method=GET path=/api/dashboard status=200 duration_ms=45.78
[WebServer] 2026-10-04 15:30:19,978 INFO goatfarm [8c28f347e002409da5e226b3d96bc6e9] request method=POST path=/api/auth/refresh status=200 duration_ms=106.94
[WebServer] 2026-10-04 15:30:19,988 INFO goatfarm [7781c4fbdeeb4f1cade036bff9b58210] request method=GET path=/api/auth/farms status=200 duration_ms=6.31
[WebServer] 2026-10-04 15:30:20,002 INFO goatfarm [19b797625b1140b78c04320ffa08cc22] request method=GET path=/api/auth/permissions status=200 duration_ms=4.97
[WebServer] 2026-10-04 15:30:20,030 INFO goatfarm [91e28cabc6d04409975b3633b5870f2c] request method=GET path=/api/buckets status=200 duration_ms=12.47
  ✓   29 [webkit] › e2e/a11y-gate.spec.ts:68:7 › a11y gate › /buckets (te) has no serious accessibility violations (2.0s)
[WebServer] 2026-10-04 15:30:21,384 INFO goatfarm [8014a6cf0dd0451889c6e0ba909c3bee] request method=POST path=/api/auth/refresh status=401 duration_ms=0.58
[WebServer] 2026-10-04 15:30:21,675 INFO goatfarm [baab02d3940a4f7a9e7aad33af6aa674] request method=POST path=/api/auth/login status=200 duration_ms=157.62
[WebServer] 2026-10-04 15:30:21,685 INFO goatfarm [d3542efdeddc49198394b23ef5ed21da] request method=GET path=/api/auth/farms status=200 duration_ms=6.41
[WebServer] 2026-10-04 15:30:21,696 INFO goatfarm [dd3ff12b106d469da545a7fc7b6ddecf] request method=GET path=/api/auth/permissions status=200 duration_ms=6.07
[WebServer] 2026-10-04 15:30:21,765 INFO goatfarm [4b869ae12c024ea88736f7b906b4e6d8] request method=GET path=/api/dashboard status=200 duration_ms=33.63
[WebServer] 2026-10-04 15:30:21,956 INFO goatfarm [c5c4c0ffe74541749a7287fbb36d25a8] request method=POST path=/api/auth/refresh status=200 duration_ms=101.00
[WebServer] 2026-10-04 15:30:21,966 INFO goatfarm [fa1da526eb5c4c769dc78fe6d818d7b4] request method=GET path=/api/auth/farms status=200 duration_ms=5.91
[WebServer] 2026-10-04 15:30:21,981 INFO goatfarm [9a51ebc1df7e44b987b675bcc68f32a2] request method=GET path=/api/auth/permissions status=200 duration_ms=5.82
[WebServer] 2026-10-04 15:30:22,014 INFO goatfarm [8e1568996d854f0f85e732d2b4fc6586] request method=GET path=/api/breeding status=200 duration_ms=15.30
  ✓   30 [webkit] › e2e/a11y-gate.spec.ts:68:7 › a11y gate › /breeding (te) has no serious accessibility violations (1.9s)
[WebServer] 2026-10-04 15:30:23,317 INFO goatfarm [47ff5e382874417a87b596b00a0b1d7b] request method=POST path=/api/auth/refresh status=401 duration_ms=0.49
[WebServer] 2026-10-04 15:30:23,597 INFO goatfarm [00a1fa39841b4913ace2ea42fb3e5d33] request method=POST path=/api/auth/login status=200 duration_ms=151.68
[WebServer] 2026-10-04 15:30:23,609 INFO goatfarm [55e57a796d014439ade54e0257d67755] request method=GET path=/api/auth/farms status=200 duration_ms=7.75
[WebServer] 2026-10-04 15:30:23,620 INFO goatfarm [7546a66025a2461f86b3120fcb01ab89] request method=GET path=/api/auth/permissions status=200 duration_ms=6.95
[WebServer] 2026-10-04 15:30:23,688 INFO goatfarm [3064d6b8df9e486a8876921f990450df] request method=GET path=/api/dashboard status=200 duration_ms=28.29
[WebServer] 2026-10-04 15:30:23,895 INFO goatfarm [49a9d9cea5774dd5a5ee534d8c53fbcb] request method=POST path=/api/auth/refresh status=200 duration_ms=108.17
[WebServer] 2026-10-04 15:30:23,903 INFO goatfarm [9ad86f958c78478799e095165c8a64a9] request method=GET path=/api/auth/farms status=200 duration_ms=4.70
[WebServer] 2026-10-04 15:30:23,917 INFO goatfarm [fc3567450cb74ed3909c633ddf2c9b1e] request method=GET path=/api/auth/permissions status=200 duration_ms=5.15
[WebServer] 2026-10-04 15:30:23,956 INFO goatfarm [503cd3a1fee4430ea00339e3ad308219] request method=GET path=/api/kidding status=200 duration_ms=21.33
  ✓   31 [webkit] › e2e/a11y-gate.spec.ts:68:7 › a11y gate › /kidding (te) has no serious accessibility violations (1.9s)
[WebServer] 2026-10-04 15:30:25,230 INFO goatfarm [d1ae35cdb12743258b9a7cca01caf903] request method=POST path=/api/auth/refresh status=401 duration_ms=0.56
[WebServer] 2026-10-04 15:30:25,517 INFO goatfarm [f9f62a043d084a73971c7965610f1f64] request method=POST path=/api/auth/login status=200 duration_ms=156.52
[WebServer] 2026-10-04 15:30:25,527 INFO goatfarm [72f46ed2a35e4e2387c39210a9432366] request method=GET path=/api/auth/farms status=200 duration_ms=6.34
[WebServer] 2026-10-04 15:30:25,537 INFO goatfarm [fcf5b9f81b6f4a62ae21be639b1172bb] request method=GET path=/api/auth/permissions status=200 duration_ms=5.47
[WebServer] 2026-10-04 15:30:25,611 INFO goatfarm [dc52360d3b1a448a9594e10cdc0935fe] request method=GET path=/api/dashboard status=200 duration_ms=37.85
[WebServer] 2026-10-04 15:30:25,806 INFO goatfarm [20f110be725447b087e3d650aeb4f838] request method=POST path=/api/auth/refresh status=200 duration_ms=104.94
[WebServer] 2026-10-04 15:30:25,815 INFO goatfarm [dd6488fac3604a7b9e1f852b1140ab85] request method=GET path=/api/auth/farms status=200 duration_ms=5.69
[WebServer] 2026-10-04 15:30:25,829 INFO goatfarm [7c16dbf24f404f5cb262942ec00ff472] request method=GET path=/api/auth/permissions status=200 duration_ms=5.16
[WebServer] 2026-10-04 15:30:25,867 INFO goatfarm [69ac59c76afe4e6abc595a258a91eea3] request method=GET path=/api/feeding/records status=200 duration_ms=17.51
[WebServer] 2026-10-04 15:30:25,867 INFO goatfarm [c8e8e8d016d44d7d8862407e6682d39c] request method=GET path=/api/feeding/recipes status=200 duration_ms=16.99
[WebServer] 2026-10-04 15:30:25,877 INFO goatfarm [6562ec72f04845b1a9b1fd2e917d12ed] request method=GET path=/api/feeding/plan status=200 duration_ms=29.22
  ✓   32 [webkit] › e2e/a11y-gate.spec.ts:68:7 › a11y gate › /feeding (te) has no serious accessibility violations (1.9s)
[WebServer] 2026-10-04 15:30:27,165 INFO goatfarm [88629982ab20474d864db169443fa3d2] request method=POST path=/api/auth/refresh status=401 duration_ms=0.54
[WebServer] 2026-10-04 15:30:27,454 INFO goatfarm [4c081c6a1df54fac9daf3deb8e6efd7c] request method=POST path=/api/auth/login status=200 duration_ms=159.68
[WebServer] 2026-10-04 15:30:27,464 INFO goatfarm [2e881908c8a94d61b73f0784d1478c2d] request method=GET path=/api/auth/farms status=200 duration_ms=6.89
[WebServer] 2026-10-04 15:30:27,475 INFO goatfarm [b5f9fd58d0d945cf929180e4e9d4639c] request method=GET path=/api/auth/permissions status=200 duration_ms=5.91
[WebServer] 2026-10-04 15:30:27,542 INFO goatfarm [f1396650f384484582deba3a64527b7c] request method=GET path=/api/dashboard status=200 duration_ms=30.66
[WebServer] 2026-10-04 15:30:27,746 INFO goatfarm [70ec579c844344398880aa0b7ca08889] request method=POST path=/api/auth/refresh status=200 duration_ms=103.49
[WebServer] 2026-10-04 15:30:27,755 INFO goatfarm [22426b714204437a92d4a54296ce0429] request method=GET path=/api/auth/farms status=200 duration_ms=6.68
[WebServer] 2026-10-04 15:30:27,771 INFO goatfarm [7740d2a775e1407fa12f671d09b0cc65] request method=GET path=/api/auth/permissions status=200 duration_ms=5.91
[WebServer] 2026-10-04 15:30:27,798 INFO goatfarm [52d164a601944d4b9eeae566ebe66eed] request method=GET path=/api/feeding/inventory status=200 duration_ms=9.96
[WebServer] 2026-10-04 15:30:27,799 INFO goatfarm [0a84b1eaacd849a6b7618b7f6f5aefa0] request method=GET path=/api/feeding/finished-stock status=200 duration_ms=9.96
  ✓   33 [webkit] › e2e/a11y-gate.spec.ts:68:7 › a11y gate › /feeding/inventory (te) has no serious accessibility violations (2.0s)
[WebServer] 2026-10-04 15:30:29,181 INFO goatfarm [bf15d3b56a2c45c4bd767833288ae6eb] request method=POST path=/api/auth/refresh status=401 duration_ms=0.57
[WebServer] 2026-10-04 15:30:29,468 INFO goatfarm [a3b766976c694f74bdd742ca2e2b6d1f] request method=POST path=/api/auth/login status=200 duration_ms=150.27
[WebServer] 2026-10-04 15:30:29,478 INFO goatfarm [e83c4e3528f94d2791c42f3c0e947190] request method=GET path=/api/auth/farms status=200 duration_ms=6.88
[WebServer] 2026-10-04 15:30:29,488 INFO goatfarm [cc0fcb7175cf47309a680e15ec65f98f] request method=GET path=/api/auth/permissions status=200 duration_ms=5.86
[WebServer] 2026-10-04 15:30:29,563 INFO goatfarm [cd356d5f2f394a41ac3ec8cc8b5171b0] request method=GET path=/api/dashboard status=200 duration_ms=36.82
[WebServer] 2026-10-04 15:30:29,760 INFO goatfarm [5ff97ed469d74327a34b98c4d33b0f9f] request method=POST path=/api/auth/refresh status=200 duration_ms=102.66
[WebServer] 2026-10-04 15:30:29,769 INFO goatfarm [b7774eea531b45c69c15a38437c5c4e2] request method=GET path=/api/auth/farms status=200 duration_ms=6.20
[WebServer] 2026-10-04 15:30:29,785 INFO goatfarm [f112ff7811144148abac41e6a4612a71] request method=GET path=/api/auth/permissions status=200 duration_ms=6.17
[WebServer] 2026-10-04 15:30:29,812 INFO goatfarm [ec4f9d4050704283b8094da488a03b29] request method=GET path=/api/feeding/recipes status=200 duration_ms=11.15
  ✓   34 [webkit] › e2e/a11y-gate.spec.ts:68:7 › a11y gate › /feeding/recipes (te) has no serious accessibility violations (2.0s)
[WebServer] 2026-10-04 15:30:31,236 INFO goatfarm [1d3ae08cfe414caa8ee0cc0da03febd8] request method=POST path=/api/auth/refresh status=401 duration_ms=0.44
[WebServer] 2026-10-04 15:30:31,523 INFO goatfarm [dc9ebb7a4a0546ba927016b9a1cab00d] request method=POST path=/api/auth/login status=200 duration_ms=156.24
[WebServer] 2026-10-04 15:30:31,533 INFO goatfarm [1e82f2bda0f04e1abbd1139991b4e6e9] request method=GET path=/api/auth/farms status=200 duration_ms=7.30
[WebServer] 2026-10-04 15:30:31,545 INFO goatfarm [17c0529cc5b748a58e4302558342da44] request method=GET path=/api/auth/permissions status=200 duration_ms=7.01
[WebServer] 2026-10-04 15:30:31,620 INFO goatfarm [27be694da4454aa783c65aa969aa935e] request method=GET path=/api/dashboard status=200 duration_ms=38.36
[WebServer] 2026-10-04 15:30:31,812 INFO goatfarm [54b597b9c71849c49c8a96e220bf9589] request method=POST path=/api/auth/refresh status=200 duration_ms=104.72
[WebServer] 2026-10-04 15:30:31,821 INFO goatfarm [4bc067af64fc48b39fe4c423d3f85c12] request method=GET path=/api/auth/farms status=200 duration_ms=6.04
[WebServer] 2026-10-04 15:30:31,837 INFO goatfarm [a4674679787d4987afae43e23e4bdbdb] request method=GET path=/api/auth/permissions status=200 duration_ms=5.67
[WebServer] 2026-10-04 15:30:31,868 INFO goatfarm [8df694ee5bea487c9030708dc3a26cce] request method=GET path=/api/purchases status=200 duration_ms=11.15
  ✓   35 [webkit] › e2e/a11y-gate.spec.ts:68:7 › a11y gate › /purchases (te) has no serious accessibility violations (1.9s)
[WebServer] 2026-10-04 15:30:33,144 INFO goatfarm [62d8a42ac82945e385ce314c703ca183] request method=POST path=/api/auth/refresh status=401 duration_ms=0.56
[WebServer] 2026-10-04 15:30:33,448 INFO goatfarm [2bf4e720487e4494b59cf1693a61e464] request method=POST path=/api/auth/login status=200 duration_ms=157.94
[WebServer] 2026-10-04 15:30:33,460 INFO goatfarm [5cbe5075f302402f9c78b6c938b3fa42] request method=GET path=/api/auth/farms status=200 duration_ms=7.29
[WebServer] 2026-10-04 15:30:33,470 INFO goatfarm [285c68baca9f4f6880a457adb3127b26] request method=GET path=/api/auth/permissions status=200 duration_ms=6.31
[WebServer] 2026-10-04 15:30:33,535 INFO goatfarm [9e5f733b0929417f93fe664e7cefe6f1] request method=GET path=/api/dashboard status=200 duration_ms=28.81
[WebServer] 2026-10-04 15:30:33,726 INFO goatfarm [c6af611f62024d828672c34a015e4f95] request method=POST path=/api/auth/refresh status=200 duration_ms=102.97
[WebServer] 2026-10-04 15:30:33,735 INFO goatfarm [b22577692c994c9eb2a59c8cb800bed4] request method=GET path=/api/auth/farms status=200 duration_ms=6.65
[WebServer] 2026-10-04 15:30:33,752 INFO goatfarm [e5ea9e1eebf94a2d85da1fa761aa7ce4] request method=GET path=/api/auth/permissions status=200 duration_ms=6.85
[WebServer] 2026-10-04 15:30:33,792 INFO goatfarm [5b32a18008ca4f9a914f6d0d0792e00f] request method=GET path=/api/dashboard/reports status=200 duration_ms=25.45
  ✓   36 [webkit] › e2e/a11y-gate.spec.ts:68:7 › a11y gate › /reports (te) has no serious accessibility violations (1.9s)
[WebServer] 2026-10-04 15:30:35,100 INFO goatfarm [a83dfe04434f459186750224aab5f770] request method=POST path=/api/auth/refresh status=401 duration_ms=0.49
[WebServer] 2026-10-04 15:30:35,378 INFO goatfarm [1da4ee76202c49ef93109fe9b8df7bdb] request method=POST path=/api/auth/login status=200 duration_ms=149.70
[WebServer] 2026-10-04 15:30:35,391 INFO goatfarm [0624a39df6464c64a134dd082fc84659] request method=GET path=/api/auth/farms status=200 duration_ms=9.28
[WebServer] 2026-10-04 15:30:35,402 INFO goatfarm [0a74ad5132f443d4aa31035facf3b42c] request method=GET path=/api/auth/permissions status=200 duration_ms=7.67
[WebServer] 2026-10-04 15:30:35,474 INFO goatfarm [5931e97d86054c0fac6c6d936761a986] request method=GET path=/api/dashboard status=200 duration_ms=34.24
[WebServer] 2026-10-04 15:30:35,674 INFO goatfarm [9cac6cad24614e9fb373169735fe991f] request method=POST path=/api/auth/refresh status=200 duration_ms=104.01
[WebServer] 2026-10-04 15:30:35,685 INFO goatfarm [1dcbc1a11300482585f4e890a6263a49] request method=GET path=/api/auth/farms status=200 duration_ms=7.54
[WebServer] 2026-10-04 15:30:35,702 INFO goatfarm [750c6e00d7c446f09d0c6e67c650ef0c] request method=GET path=/api/auth/permissions status=200 duration_ms=7.33
[WebServer] 2026-10-04 15:30:35,737 INFO goatfarm [3e513d4936704a4f907c42f922b759f6] request method=GET path=/api/tasks status=200 duration_ms=18.33
  ✓   37 [webkit] › e2e/a11y-gate.spec.ts:68:7 › a11y gate › /tasks (te) has no serious accessibility violations (2.0s)
[WebServer] 2026-10-04 15:30:37,088 INFO goatfarm [96a0338ca3d04d1eb7edd90eeee17dec] request method=POST path=/api/auth/refresh status=401 duration_ms=0.53
[WebServer] 2026-10-04 15:30:37,375 INFO goatfarm [d5e720573ff64034b0eed3e25aecd30a] request method=POST path=/api/auth/login status=200 duration_ms=151.06
[WebServer] 2026-10-04 15:30:37,387 INFO goatfarm [37c01a4c81f2442e93479f72ad38264f] request method=GET path=/api/auth/farms status=200 duration_ms=8.25
[WebServer] 2026-10-04 15:30:37,400 INFO goatfarm [b72c21d0f6314b64aa61db863f5d4e97] request method=GET path=/api/auth/permissions status=200 duration_ms=7.64
[WebServer] 2026-10-04 15:30:37,476 INFO goatfarm [f3fad2c637804deab838309541440000] request method=GET path=/api/dashboard status=200 duration_ms=38.19
[WebServer] 2026-10-04 15:30:37,668 INFO goatfarm [2be0339aebd3423f9024cf47988628cc] request method=POST path=/api/auth/refresh status=200 duration_ms=105.29
[WebServer] 2026-10-04 15:30:37,678 INFO goatfarm [15352db1975644b8a25da35dfdd268ef] request method=GET path=/api/auth/farms status=200 duration_ms=6.85
[WebServer] 2026-10-04 15:30:37,706 INFO goatfarm [0a3419687f3940b3ba80b2f2ae25398a] request method=GET path=/api/auth/permissions status=200 duration_ms=7.59
[WebServer] 2026-10-04 15:30:37,731 INFO goatfarm [72178dceb8a544d28abecf4ce2f5e2a1] request method=GET path=/api/tasks status=200 duration_ms=17.69
  ✓   38 [webkit] › e2e/a11y-gate.spec.ts:68:7 › a11y gate › /worker (te) has no serious accessibility violations (1.8s)
[WebServer] 2026-10-04 15:30:38,892 INFO goatfarm [1bc4ca12527c477a9ed6f6dfa15909e1] request method=POST path=/api/auth/refresh status=401 duration_ms=0.81
  ✓   39 [webkit] › e2e/a11y-gate.spec.ts:68:7 › a11y gate › /login (te) has no serious accessibility violations (1.2s)
[WebServer] 2026-10-04 15:30:40,132 INFO goatfarm [23761eeed8e54db5bda277ba5ed6d477] request method=POST path=/api/auth/refresh status=401 duration_ms=0.60
  ✓   40 [webkit] › e2e/a11y-gate.spec.ts:68:7 › a11y gate › /register (te) has no serious accessibility violations (1.2s)
[WebServer] 2026-10-04 15:30:41,402 INFO goatfarm [ad01fbcdff3c4fbc9a3c284f4f512555] request method=POST path=/api/auth/refresh status=401 duration_ms=0.55
[WebServer] 2026-10-04 15:30:41,688 INFO goatfarm [b0adf8180ed248fd89a0046e2cd73910] request method=POST path=/api/auth/login status=200 duration_ms=153.43
[WebServer] 2026-10-04 15:30:41,699 INFO goatfarm [57e6dfa436934cad94054c188caa4339] request method=GET path=/api/auth/farms status=200 duration_ms=7.36
[WebServer] 2026-10-04 15:30:41,711 INFO goatfarm [5748515f8b40460fb33a42e09e3e1153] request method=GET path=/api/auth/permissions status=200 duration_ms=7.96
[WebServer] 2026-10-04 15:30:41,791 INFO goatfarm [3d661d0b5900499eb5aac1c9622f1ed5] request method=GET path=/api/dashboard status=200 duration_ms=41.96
[WebServer] 2026-10-04 15:30:41,984 INFO goatfarm [573ff4a7cd5d42ca8c96d67cfc2bc979] request method=POST path=/api/auth/refresh status=200 duration_ms=105.61
[WebServer] 2026-10-04 15:30:41,995 INFO goatfarm [c111342dad1f4b2db091081736219fb0] request method=GET path=/api/auth/farms status=200 duration_ms=6.78
  ✓   41 [webkit] › e2e/a11y-gate.spec.ts:68:7 › a11y gate › /farm-select (te) has no serious accessibility violations (1.8s)
[WebServer] 2026-10-04 15:30:43,429 INFO goatfarm [58a0c680471d41739145cb6fc0d34eb0] request method=POST path=/api/auth/login status=200 duration_ms=138.13
[WebServer] 2026-10-04 15:30:43,440 INFO goatfarm [e06dc44611894e65879d7b1f9417e535] request method=GET path=/api/auth/farms status=200 duration_ms=6.74
[WebServer] 2026-10-04 15:30:43,657 INFO goatfarm [69924f1964bd411685b030abf8a1f5cc] request method=POST path=/api/auth/refresh status=401 duration_ms=0.67
[WebServer] 2026-10-04 15:30:43,718 INFO goatfarm [7a86b96227e14bba85bc40fb33e6533f] request method=GET path=/api/auth/worker-roster status=200 duration_ms=5.29
  ✓   42 [webkit] › e2e/a11y-gate.spec.ts:68:7 › a11y gate › /worker/login (te) has no serious accessibility violations (1.8s)
[WebServer] 2026-10-04 15:30:45,033 INFO goatfarm [cb7d101a43dd45fd85cde965797807b6] request method=POST path=/api/auth/refresh status=401 duration_ms=0.54
  ✓   43 [webkit] › e2e/a11y-gate.spec.ts:68:7 › a11y gate › /worker/offline (te) has no serious accessibility violations (1.4s)
[WebServer] 2026-10-04 15:30:46,389 INFO goatfarm [21a574cf2b2443e5a6dee0d1cb59ca05] request method=POST path=/api/auth/refresh status=401 duration_ms=0.46
[WebServer] 2026-10-04 15:30:46,689 INFO goatfarm [6c19594d36174e0b90e73d8e14a1c7d3] request method=POST path=/api/auth/login status=200 duration_ms=152.02
[WebServer] 2026-10-04 15:30:46,700 INFO goatfarm [438db06ca8724906927c2327ea2f7fb0] request method=GET path=/api/auth/farms status=200 duration_ms=7.20
[WebServer] 2026-10-04 15:30:46,712 INFO goatfarm [6c177f6a58bf4126b858dda64be3df07] request method=GET path=/api/auth/permissions status=200 duration_ms=7.08
[WebServer] 2026-10-04 15:30:46,778 INFO goatfarm [89898d565ef048de964b4700c2fe9d6c] request method=GET path=/api/dashboard status=200 duration_ms=26.44
[WebServer] 2026-10-04 15:30:46,981 INFO goatfarm [e9ea66c1458b4492a14e441b1892df4f] request method=POST path=/api/auth/refresh status=200 duration_ms=100.58
[WebServer] 2026-10-04 15:30:46,990 INFO goatfarm [1d0030d351d34f669d7bb7505bf80a07] request method=GET path=/api/auth/farms status=200 duration_ms=5.83
[WebServer] 2026-10-04 15:30:47,005 INFO goatfarm [88a270aafd9f45f7bb6a5e10865de10d] request method=GET path=/api/auth/permissions status=200 duration_ms=5.28
[WebServer] 2026-10-04 15:30:47,041 INFO goatfarm [843ef0fb1d154baeb13e125e8afa8e55] request method=GET path=/api/screening/images status=200 duration_ms=17.71
[WebServer] 2026-10-04 15:30:47,047 INFO goatfarm [5eec8c451e3e4d33a65fd5025f0516b4] request method=GET path=/api/screening/stats status=200 duration_ms=22.03
  ✓   44 [webkit] › e2e/a11y-gate.spec.ts:68:7 › a11y gate › /screening (te) has no serious accessibility violations (1.9s)
[WebServer] 2026-10-04 15:30:48,350 INFO goatfarm [fd87ea662f124b4783f44d34291a021d] request method=POST path=/api/auth/refresh status=401 duration_ms=0.56
[WebServer] 2026-10-04 15:30:48,632 INFO goatfarm [5f4db762a57c462f89dcaf9db8f42742] request method=POST path=/api/auth/login status=200 duration_ms=153.44
[WebServer] 2026-10-04 15:30:48,645 INFO goatfarm [3b9016832edf467e8f588f50840a58f5] request method=GET path=/api/auth/farms status=200 duration_ms=8.53
[WebServer] 2026-10-04 15:30:48,657 INFO goatfarm [0a1b982678074e44999dfb80115978f8] request method=GET path=/api/auth/permissions status=200 duration_ms=6.80
[WebServer] 2026-10-04 15:30:48,723 INFO goatfarm [cd7d8ba7e004478eb1681a3481856a51] request method=GET path=/api/dashboard status=200 duration_ms=29.23
[WebServer] 2026-10-04 15:30:48,923 INFO goatfarm [c5daeba991e04684a9c805828b030aa5] request method=POST path=/api/auth/refresh status=200 duration_ms=106.96
[WebServer] 2026-10-04 15:30:48,932 INFO goatfarm [8a85103ba8ec4860985609884d0b9c10] request method=GET path=/api/auth/farms status=200 duration_ms=6.18
[WebServer] 2026-10-04 15:30:48,949 INFO goatfarm [6843cca469b64615b1f8c56bb477f4d0] request method=GET path=/api/auth/permissions status=200 duration_ms=5.97
[WebServer] 2026-10-04 15:30:48,978 INFO goatfarm [95b492215af9431486674d5f6c06201f] request method=GET path=/api/team status=200 duration_ms=11.17
  ✓   45 [webkit] › e2e/a11y-gate.spec.ts:68:7 › a11y gate › /team (te) has no serious accessibility violations (2.0s)
  ✘   46 [webkit] › e2e/a11y-gate.spec.ts:68:7 › a11y gate › /finance/insurance (te) has no serious accessibility violations (2.0m)
(node:80773) Warning: The 'NO_COLOR' env is ignored due to the 'FORCE_COLOR' env being set.
(Use `node --trace-warnings ...` to show where the warning was created)
[WebServer] 2026-10-04 15:32:51,147 INFO goatfarm [494c1ec873d24e73a510a3fa86aaa6d6] request method=POST path=/api/auth/refresh status=401 duration_ms=0.52
[WebServer] 2026-10-04 15:32:51,449 INFO goatfarm [3caf6679c0d04921a2b03b389fa7c334] request method=POST path=/api/auth/login status=200 duration_ms=159.45
[WebServer] 2026-10-04 15:32:51,462 INFO goatfarm [81b86aa543224a3d8a5551a50cb20f3a] request method=GET path=/api/auth/farms status=200 duration_ms=9.32
[WebServer] 2026-10-04 15:32:51,475 INFO goatfarm [3b81571a75f74eca950fe194a43a9731] request method=GET path=/api/auth/permissions status=200 duration_ms=7.16
[WebServer] 2026-10-04 15:32:51,551 INFO goatfarm [5df5720a71b34ef48d5809f76dfa5dc9] request method=GET path=/api/dashboard status=200 duration_ms=36.35
[WebServer] 2026-10-04 15:32:51,758 INFO goatfarm [83a6f17b10084f15aef1323ddb8935bf] request method=POST path=/api/auth/refresh status=200 duration_ms=105.49
[WebServer] 2026-10-04 15:32:51,769 INFO goatfarm [e90a2f2210784f2487abf64a1b384bfd] request method=GET path=/api/auth/farms status=200 duration_ms=7.92
[WebServer] 2026-10-04 15:32:51,786 INFO goatfarm [073a0941058848098935a1ecbc425c07] request method=GET path=/api/auth/permissions status=200 duration_ms=6.90
[WebServer] 2026-10-04 15:32:51,814 INFO goatfarm [aa766a6ddffe4dd2b0869bea56d85d70] request method=GET path=/api/health/schedule-templates status=200 duration_ms=9.62
[WebServer] 2026-10-04 15:32:51,816 INFO goatfarm [3a986af3c8d64eb0b687430c83446672] request method=GET path=/api/health/events status=200 duration_ms=12.45
  ✓   47 [webkit] › e2e/a11y-gate.spec.ts:68:7 › a11y gate › /health (te) has no serious accessibility violations (2.3s)
[WebServer] 2026-10-04 15:32:53,192 INFO goatfarm [dae59387ac9d41469ffe929c0f9b8312] request method=POST path=/api/auth/refresh status=401 duration_ms=0.68
[WebServer] 2026-10-04 15:32:53,479 INFO goatfarm [7080a6a3c4a742a29042519a00ce147d] request method=POST path=/api/auth/login status=200 duration_ms=155.68
[WebServer] 2026-10-04 15:32:53,491 INFO goatfarm [8ea9741f746c4f05a93f254a90fe1f1e] request method=GET path=/api/auth/farms status=200 duration_ms=7.99
[WebServer] 2026-10-04 15:32:53,502 INFO goatfarm [3ed62df998184ef69e16894ca541e6da] request method=GET path=/api/auth/permissions status=200 duration_ms=6.97
[WebServer] 2026-10-04 15:32:53,583 INFO goatfarm [2277961309234043a4f21b92f5512767] request method=GET path=/api/dashboard status=200 duration_ms=41.16
[WebServer] 2026-10-04 15:32:53,792 INFO goatfarm [4e54ae3d1ed24ff7a3e009513bce8144] request method=POST path=/api/auth/refresh status=200 duration_ms=104.49
[WebServer] 2026-10-04 15:32:53,802 INFO goatfarm [cb467e2647e94acfbed086a5d174f797] request method=GET path=/api/auth/farms status=200 duration_ms=6.87
[WebServer] 2026-10-04 15:32:53,818 INFO goatfarm [6516855c13a0436fba968ec25dde18a8] request method=GET path=/api/auth/permissions status=200 duration_ms=5.43
[WebServer] 2026-10-04 15:32:53,850 INFO goatfarm [c9ea3d44aef44cf4bfa3722c2b2275ab] request method=GET path=/api/simulation/defaults/breeds status=200 duration_ms=7.94
[WebServer] 2026-10-04 15:32:53,850 INFO goatfarm [4108b16e0d6d45998d9cc55f2d4b88fc] request method=GET path=/api/simulation/defaults status=200 duration_ms=6.93
[WebServer] 2026-10-04 15:32:53,856 INFO goatfarm [ae24558a815d46a7819c57a3b98c4e3a] request method=GET path=/api/planner/plans status=200 duration_ms=11.48
  ✓   48 [webkit] › e2e/a11y-gate.spec.ts:68:7 › a11y gate › /planner (te) has no serious accessibility violations (2.0s)
[WebServer] 2026-10-04 15:32:55,213 INFO goatfarm [41ac47a6dc444c15bb8cc490bd2b8cc0] request method=POST path=/api/auth/refresh status=401 duration_ms=0.48
[WebServer] 2026-10-04 15:32:55,499 INFO goatfarm [3f73196f5a4a4e9fb669c854ff923796] request method=POST path=/api/auth/login status=200 duration_ms=155.33
[WebServer] 2026-10-04 15:32:55,512 INFO goatfarm [534e4c39381a44b2ac4713e483becdab] request method=GET path=/api/auth/farms status=200 duration_ms=8.36
[WebServer] 2026-10-04 15:32:55,524 INFO goatfarm [36a3aaf5726a42529ae20c87e58f4cfd] request method=GET path=/api/auth/permissions status=200 duration_ms=7.60
[WebServer] 2026-10-04 15:32:55,595 INFO goatfarm [ad636e16972b4f62b700f2ba14a23af7] request method=GET path=/api/dashboard status=200 duration_ms=30.96
[WebServer] 2026-10-04 15:32:55,793 INFO goatfarm [bceef337ec174e37b30d44cffb69e9d2] request method=POST path=/api/auth/refresh status=200 duration_ms=106.94
[WebServer] 2026-10-04 15:32:55,801 INFO goatfarm [5cfa67cc0e204b37bebdb73bdcdea5bc] request method=GET path=/api/auth/farms status=200 duration_ms=4.69
[WebServer] 2026-10-04 15:32:55,816 INFO goatfarm [0355341ed37c4a0e9ce9a3ea72fa8bc9] request method=GET path=/api/auth/permissions status=200 duration_ms=5.58
[WebServer] 2026-10-04 15:32:55,845 INFO goatfarm [e620984739764b52b80679fc936a05c6] request method=GET path=/api/simulation/defaults/breeds status=200 duration_ms=4.40
[WebServer] 2026-10-04 15:32:55,846 INFO goatfarm [f4ee51775b6d4811a56cc96be0eac694] request method=GET path=/api/simulation/defaults status=200 duration_ms=6.68
[WebServer] 2026-10-04 15:32:55,851 INFO goatfarm [e4ccd09aafca4344b9fd684d7c898e71] request method=GET path=/api/simulation/scenarios status=200 duration_ms=9.56
  ✓   49 [webkit] › e2e/a11y-gate.spec.ts:68:7 › a11y gate › /simulation (te) has no serious accessibility violations (2.5s)
[WebServer] 2026-10-04 15:32:57,702 INFO goatfarm [8d611e71b0a6405b8f50e0af247d0798] request method=POST path=/api/auth/refresh status=401 duration_ms=0.55
[WebServer] 2026-10-04 15:32:58,007 INFO goatfarm [ff908bfb807645a1bb8354e6f5274b4d] request method=POST path=/api/auth/login status=200 duration_ms=176.26
[WebServer] 2026-10-04 15:32:58,021 INFO goatfarm [cdf853e429d947f5995cf1675370ef60] request method=GET path=/api/auth/farms status=200 duration_ms=10.12
[WebServer] 2026-10-04 15:32:58,033 INFO goatfarm [4a3f001f9c544d668409ece6fc655e0e] request method=GET path=/api/auth/permissions status=200 duration_ms=6.58
[WebServer] 2026-10-04 15:32:58,113 INFO goatfarm [c0e87a8d0a504b84aa5676ea1cc36cc2] request method=GET path=/api/dashboard status=200 duration_ms=38.53
[WebServer] 2026-10-04 15:32:58,297 INFO goatfarm [3a445a86430c4eb9af7e0a94ef06b93a] request method=POST path=/api/auth/refresh status=200 duration_ms=101.02
[WebServer] 2026-10-04 15:32:58,307 INFO goatfarm [432ae11d9d8d4d5785ba41d686e4ec5b] request method=GET path=/api/auth/farms status=200 duration_ms=6.74
[WebServer] 2026-10-04 15:32:58,323 INFO goatfarm [0f3b7d7504564ae7a5dfe7a705e124b8] request method=GET path=/api/auth/permissions status=200 duration_ms=5.86
[WebServer] 2026-10-04 15:32:58,364 INFO goatfarm [0036b4faf3184590b94aeda5dbb606fd] request method=GET path=/api/finance status=200 duration_ms=22.78
  ✓   50 [webkit] › e2e/a11y-gate.spec.ts:68:7 › a11y gate › /finance (te) has no serious accessibility violations (2.1s)
[WebServer] 2026-10-04 15:32:59,781 INFO goatfarm [36ef829c314d446cb2f77072590006d3] request method=POST path=/api/auth/refresh status=401 duration_ms=0.62
[WebServer] 2026-10-04 15:33:00,018 INFO goatfarm [ca1222724b6f47cbb3251987b137298b] request method=POST path=/api/auth/login status=200 duration_ms=139.71
[WebServer] 2026-10-04 15:33:00,027 INFO goatfarm [74914865f1654678b8c3090c7f392c51] request method=GET path=/api/auth/farms status=200 duration_ms=6.31
[WebServer] 2026-10-04 15:33:00,038 INFO goatfarm [e11fabe60b16419bbefa6553bda23d28] request method=GET path=/api/auth/permissions status=200 duration_ms=6.16
[WebServer] 2026-10-04 15:33:00,097 INFO goatfarm [9573e4d2ebb447caab14c76356be8e73] request method=GET path=/api/dashboard status=200 duration_ms=31.95
[WebServer] 2026-10-04 15:33:00,217 INFO goatfarm [d8638fe738b4447ca9c523a19cadcf2f] request method=POST path=/api/auth/refresh status=200 duration_ms=101.68
[WebServer] 2026-10-04 15:33:00,227 INFO goatfarm [e9af709efeb143869fca2dc57661425d] request method=GET path=/api/auth/farms status=200 duration_ms=6.62
[WebServer] 2026-10-04 15:33:00,245 INFO goatfarm [6386cd703a7b430a98e9453cc033a5f4] request method=GET path=/api/auth/permissions status=200 duration_ms=7.52
[WebServer] 2026-10-04 15:33:00,270 INFO goatfarm [98f8c25cf3a64c3ba5fbbf6a6bb67087] request method=GET path=/api/animals status=200 duration_ms=10.15
[WebServer] 2026-10-04 15:33:00,932 INFO goatfarm [1e68e742ae734dc5ba6425fc1c4060ca] request method=POST path=/api/auth/refresh status=200 duration_ms=108.82
[WebServer] 2026-10-04 15:33:00,942 INFO goatfarm [e1828d1f5b3e4c2b9959ad5e70367661] request method=GET path=/api/auth/farms status=200 duration_ms=6.35
[WebServer] 2026-10-04 15:33:00,957 INFO goatfarm [f94117cc0a37485eba945ac23c5f0db6] request method=GET path=/api/auth/permissions status=200 duration_ms=6.58
[WebServer] 2026-10-04 15:33:00,994 INFO goatfarm [8b3cf26330c04ca09a36d49392e4297c] request method=GET path=/api/dashboard status=200 duration_ms=28.30
  ✓   51 [webkit] › e2e/a11y-gate.spec.ts:115:3 › a11y gate › animal validation modal on a manager phone and dashboard on a portrait tablet (2.0s)
[WebServer] 2026-10-04 15:33:01,831 INFO goatfarm [49ad10bfdc2a48cd99e41ca9c2b8ee24] request method=POST path=/api/auth/refresh status=401 duration_ms=0.68
[WebServer] 2026-10-04 15:33:02,092 INFO goatfarm [2d719a34a961408385eb1d86db401c40] request method=POST path=/api/auth/login status=200 duration_ms=153.84
[WebServer] 2026-10-04 15:33:02,102 INFO goatfarm [ee9ddbdea62e429c82e891dd04d4a279] request method=GET path=/api/auth/farms status=200 duration_ms=6.98
[WebServer] 2026-10-04 15:33:02,114 INFO goatfarm [5cffded0429f435e82b97133915889f8] request method=GET path=/api/auth/permissions status=200 duration_ms=7.57
[WebServer] 2026-10-04 15:33:02,181 INFO goatfarm [982c499c59ec4249a345dc72fa14ecb1] request method=GET path=/api/dashboard status=200 duration_ms=27.67
[WebServer] 2026-10-04 15:33:02,379 INFO goatfarm [3cfcf2ce38b84f46830daa1d005f1ea9] request method=POST path=/api/auth/refresh status=200 duration_ms=107.18
[WebServer] 2026-10-04 15:33:02,388 INFO goatfarm [220000394de448539bbd1b12ccb58001] request method=GET path=/api/auth/farms status=200 duration_ms=6.21
[WebServer] 2026-10-04 15:33:02,405 INFO goatfarm [f296b87b39dd4473aac7a7a2f1f59e44] request method=GET path=/api/auth/permissions status=200 duration_ms=7.20
[WebServer] 2026-10-04 15:33:02,434 INFO goatfarm [b09c7b3dfb22427a837d3db6844ad6ff] request method=GET path=/api/animals status=200 duration_ms=11.97
[WebServer] 2026-10-04 15:33:02,962 INFO goatfarm [344e083a5c2643878cda8aab566a3f0d] request method=POST path=/api/animals status=201 duration_ms=49.50
[WebServer] 2026-10-04 15:33:02,982 INFO goatfarm [c95259e8afe142f8bf99be15a40f15c4] request method=GET path=/api/animals status=200 duration_ms=15.97
[WebServer] 2026-10-04 15:33:03,164 INFO goatfarm [68d0abd32a804b68bc38847226857d64] request method=POST path=/api/auth/refresh status=200 duration_ms=101.00
[WebServer] 2026-10-04 15:33:03,173 INFO goatfarm [f516749e5c6e4fa98293c23a17d63c75] request method=GET path=/api/auth/farms status=200 duration_ms=6.05
[WebServer] 2026-10-04 15:33:03,188 INFO goatfarm [cb687bb3319e4a8c9b55f5de72dcbb8f] request method=GET path=/api/auth/permissions status=200 duration_ms=6.03
[WebServer] 2026-10-04 15:33:03,220 INFO goatfarm [4e1e277b0eae4c2c8597e778bd41c6b5] request method=GET path=/api/animals status=200 duration_ms=15.01
[WebServer] 2026-10-04 15:33:03,577 INFO goatfarm [d45068e9f2ba478b80ec085f6b309d0a] request method=GET path=/api/animals status=200 duration_ms=14.88
[WebServer] 2026-10-04 15:33:04,113 INFO goatfarm [824a0ee4499f4e97960896b46074eef5] request method=GET path=/api/animals/32 status=200 duration_ms=28.19
[WebServer] 2026-10-04 15:33:04,141 INFO goatfarm [2aa7d87c1c88425bb20941bd85ecd2eb] request method=GET path=/api/health/restrictions/32 status=200 duration_ms=16.19
[WebServer] 2026-10-04 15:33:04,142 INFO goatfarm [b4bf186e23ed4e0daefbad1c431fbb3b] request method=GET path=/api/finance/animals/32/lifetime-pnl status=200 duration_ms=19.00
  ✓   52 [webkit] › e2e/a11y-gate.spec.ts:135:3 › a11y gate › animal detail state has no serious accessibility violations (3.2s)
[WebServer] 2026-10-04 15:33:04,982 INFO goatfarm [ae87884c4efb4270a6179398ecc186d6] request method=POST path=/api/auth/refresh status=401 duration_ms=0.59
[WebServer] 2026-10-04 15:33:05,274 INFO goatfarm [8c418e8862b24bf09646fe59e4e58203] request method=POST path=/api/auth/login status=200 duration_ms=154.70
[WebServer] 2026-10-04 15:33:05,286 INFO goatfarm [9f358caf8b4b4c14b4b78b83495baf15] request method=GET path=/api/auth/farms status=200 duration_ms=7.60
[WebServer] 2026-10-04 15:33:05,297 INFO goatfarm [92ceb1410e9a4414881d16f5e1778813] request method=GET path=/api/auth/permissions status=200 duration_ms=5.97
[WebServer] 2026-10-04 15:33:05,365 INFO goatfarm [626e5dee4ca24c8d83dd6d3f9c1ab4d8] request method=GET path=/api/dashboard status=200 duration_ms=29.54
[WebServer] 2026-10-04 15:33:05,602 INFO goatfarm [bc81b89c9c9743439b1ef6ba888446b9] request method=POST path=/api/auth/refresh status=200 duration_ms=111.79
[WebServer] 2026-10-04 15:33:05,613 INFO goatfarm [e92de3d7916646828db762af4de1ed81] request method=GET path=/api/auth/farms status=200 duration_ms=7.33
  ✓   53 [webkit] › e2e/a11y-gate.spec.ts:149:3 › a11y gate › permissions error recovery state has no serious accessibility violations (1.2s)
[WebServer] 2026-10-04 15:33:06,141 INFO goatfarm [18da1eaedfeb40b88a300465e50203c9] request method=POST path=/api/auth/refresh status=401 duration_ms=0.46
[WebServer] 2026-10-04 15:33:06,434 INFO goatfarm [0bf0703a518341e98af2761595f890f1] request method=POST path=/api/auth/login status=200 duration_ms=155.19
[WebServer] 2026-10-04 15:33:06,448 INFO goatfarm [bfd19bffbb574903bcc702e2e7d64c33] request method=GET path=/api/auth/farms status=200 duration_ms=9.71
[WebServer] 2026-10-04 15:33:06,460 INFO goatfarm [34596f61d1f449d8a8fd1b0cadaa8067] request method=GET path=/api/auth/permissions status=200 duration_ms=7.50
[WebServer] 2026-10-04 15:33:06,529 INFO goatfarm [a1c575e0b19a485592fb6f89189358ab] request method=GET path=/api/dashboard status=200 duration_ms=30.30
[WebServer] 2026-10-04 15:33:06,715 INFO goatfarm [74bdb05d4a894a4e9f5e7fd49944da23] request method=POST path=/api/auth/refresh status=200 duration_ms=100.64
[WebServer] 2026-10-04 15:33:06,724 INFO goatfarm [5ce0ac003b914ff685188242facbbeb4] request method=GET path=/api/auth/farms status=200 duration_ms=6.23
[WebServer] 2026-10-04 15:33:06,740 INFO goatfarm [8f13f3b3f785442fa137819f32bcc4fa] request method=GET path=/api/auth/permissions status=200 duration_ms=6.19
[WebServer] 2026-10-04 15:33:06,771 INFO goatfarm [15fd2654777a40d0a8ebe8043d7441e1] request method=GET path=/api/animals status=200 duration_ms=12.32
[WebServer] 2026-10-04 15:33:07,430 INFO goatfarm [40e7b1775d2047c087faebb99362514f] request method=POST path=/api/animals status=201 duration_ms=34.37
[WebServer] 2026-10-04 15:33:07,448 INFO goatfarm [3c6ba9ce9d1947bd93afee2bedebefba] request method=GET path=/api/animals status=200 duration_ms=14.23
[WebServer] 2026-10-04 15:33:07,794 INFO goatfarm [4ffd61c6eb054899874f4980ceb91d03] request method=GET path=/api/animals status=200 duration_ms=16.04
[WebServer] 2026-10-04 15:33:08,351 INFO goatfarm [3c5a5364082d481fb89149bae504d4a1] request method=GET path=/api/animals/33 status=200 duration_ms=24.39
[WebServer] 2026-10-04 15:33:08,378 INFO goatfarm [8df81f2d1a554dfe9577635f789d99c5] request method=GET path=/api/health/restrictions/33 status=200 duration_ms=14.76
[WebServer] 2026-10-04 15:33:08,380 INFO goatfarm [c5a708e6a5384412a40a00b521bc2027] request method=GET path=/api/finance/animals/33/lifetime-pnl status=200 duration_ms=18.12
[WebServer] 2026-10-04 15:33:08,733 INFO goatfarm [9002dbde1cf0481eaa1e36782b190ceb] request method=POST path=/api/animals/33/weight status=201 duration_ms=25.11
[WebServer] 2026-10-04 15:33:08,752 INFO goatfarm [b424c1ce17dc4f80a57d19232706ca22] request method=GET path=/api/health/restrictions/33 status=200 duration_ms=13.64
[WebServer] 2026-10-04 15:33:08,758 INFO goatfarm [cbf7dc9ae65b4096869909012e016cf3] request method=GET path=/api/finance/animals/33/lifetime-pnl status=200 duration_ms=19.01
[WebServer] 2026-10-04 15:33:08,762 INFO goatfarm [4caec454c08143498d492833d7d5e083] request method=GET path=/api/animals/33 status=200 duration_ms=25.19
[WebServer] 2026-10-04 15:33:09,275 INFO goatfarm [837d86cd026c497f80425c803b6da1a9] request method=POST path=/api/animals/33/move status=200 duration_ms=26.36
[WebServer] 2026-10-04 15:33:09,292 INFO goatfarm [30397dbdf87d4ccab6548871e158993c] request method=GET path=/api/health/restrictions/33 status=200 duration_ms=12.40
[WebServer] 2026-10-04 15:33:09,299 INFO goatfarm [3296018dd51045019ba52f50dbb63345] request method=GET path=/api/animals/33 status=200 duration_ms=20.78
[WebServer] 2026-10-04 15:33:09,300 INFO goatfarm [aa8d5f90e3494d96bf8fd1d861f9d3dd] request method=GET path=/api/finance/animals/33/lifetime-pnl status=200 duration_ms=20.43
[WebServer] 2026-10-04 15:33:09,466 INFO goatfarm [91e7ca664fa54c25bc91bc3d6296451a] request method=POST path=/api/auth/refresh status=200 duration_ms=106.91
[WebServer] 2026-10-04 15:33:09,475 INFO goatfarm [10bf420b6ff8442385ac907c44b83d8e] request method=GET path=/api/auth/farms status=200 duration_ms=6.49
[WebServer] 2026-10-04 15:33:09,491 INFO goatfarm [c47017a6b8c44d8383c5234ae12b3231] request method=GET path=/api/auth/permissions status=200 duration_ms=6.60
[WebServer] 2026-10-04 15:33:09,523 INFO goatfarm [e3378a4c0807489ca74ad65e5508892e] request method=GET path=/api/animals status=200 duration_ms=17.52
[WebServer] 2026-10-04 15:33:09,877 INFO goatfarm [de1a9a27a0994cf9b36abaf2f2f98a28] request method=GET path=/api/animals status=200 duration_ms=12.82
  ✓   54 [webkit] › e2e/animals.spec.ts:13:3 › animals › create animal, record a weight, move bucket — profile reflects all (4.6s)
[WebServer] 2026-10-04 15:33:10,714 INFO goatfarm [e3067db0e92e4c3cbe2fd18a4969e6bc] request method=GET path=/readyz status=200 duration_ms=4.27
  ✓   55 [webkit] › e2e/api-contract-auth-team.spec.ts:240:3 › frontend proxy auth and team API contracts › proxies the liveness and database-readiness probes (325ms)
[WebServer] 2026-10-04 15:33:10,859 INFO goatfarm [1b3051e93cee4517bf37d4ab4eb69185] request method=POST path=/api/auth/register status=201 duration_ms=136.24
[WebServer] 2026-10-04 15:33:10,888 INFO goatfarm [4d99acb8e12f42de9bcc90e7f17cb5c3] request method=POST path=/api/auth/farms status=201 duration_ms=23.78
[WebServer] 2026-10-04 15:33:11,066 INFO goatfarm.audit [db1bb82304d24663b6deff9fba9ed6dc] security_event event='auth.password.changed' user_id=25 — Password changed (all sessions revoked)
[WebServer] 2026-10-04 15:33:11,066 INFO goatfarm [db1bb82304d24663b6deff9fba9ed6dc] request method=POST path=/api/auth/change-password status=200 duration_ms=173.17
[WebServer] 2026-10-04 15:33:11,174 INFO goatfarm [40e5473f3b734322b2339d07a171d96d] request method=POST path=/api/auth/refresh status=200 duration_ms=102.97
[WebServer] 2026-10-04 15:33:11,183 INFO goatfarm [545bbb4f217d4e9b90e20bd258b21932] request method=GET path=/api/auth/me status=200 duration_ms=4.45
[WebServer] 2026-10-04 15:33:11,195 INFO goatfarm.audit [f82b91b9edd04dc58ad7e87799cb1624] security_event event='auth.account.exported' user_id=25 — account identity and tenant relationships exported
[WebServer] 2026-10-04 15:33:11,195 INFO goatfarm [f82b91b9edd04dc58ad7e87799cb1624] request method=GET path=/api/auth/account/export status=200 duration_ms=9.04
[WebServer] 2026-10-04 15:33:11,243 INFO goatfarm [0dd942ba9a084d1789735fc4b58fef63] request method=POST path=/api/auth/login status=401 duration_ms=40.84
[WebServer] 2026-10-04 15:33:11,381 INFO goatfarm [0b820b1d74604720a0e0ca5b8e26206e] request method=POST path=/api/auth/login status=200 duration_ms=134.57
  ✓   56 [webkit] › e2e/api-contract-auth-team.spec.ts:254:3 › frontend proxy auth and team API contracts › persists password changes and returns exact me/export data through the proxy (664ms)
[WebServer] 2026-10-04 15:33:11,523 INFO goatfarm [5758569074924547b626c460125afa24] request method=POST path=/api/auth/register status=201 duration_ms=132.73
[WebServer] 2026-10-04 15:33:11,534 INFO goatfarm [95dafd01ff824976968fd487d9c648ac] request method=GET path=/api/auth/farms status=200 duration_ms=6.26
[WebServer] 2026-10-04 15:33:11,618 INFO goatfarm.audit [5209c14d98684de1a46132c1a9bdded3] security_event event='auth.account.deleted' user_id=26 — Account deleted
[WebServer] 2026-10-04 15:33:11,618 INFO goatfarm [5209c14d98684de1a46132c1a9bdded3] request method=DELETE path=/api/auth/account status=204 duration_ms=80.78
[WebServer] 2026-10-04 15:33:11,663 INFO goatfarm [42a0e0ebcc0147f398e6017e223111ee] request method=POST path=/api/auth/login status=401 duration_ms=41.34
  ✓   57 [webkit] › e2e/api-contract-auth-team.spec.ts:370:3 › frontend proxy auth and team API contracts › deletes a separate registered non-owner and makes its login unusable (278ms)
[WebServer] 2026-10-04 15:33:11,808 INFO goatfarm [6572fd45e0ae4dac8a621afbc63d4770] request method=POST path=/api/auth/register status=201 duration_ms=136.15
[WebServer] 2026-10-04 15:33:11,830 INFO goatfarm [e3c82365c92d4842988a69ed100dc5ed] request method=POST path=/api/auth/farms status=201 duration_ms=17.72
[WebServer] 2026-10-04 15:33:11,847 INFO goatfarm [7c129096da12486dba840511ba70549c] request method=GET path=/api/team status=200 duration_ms=8.96
[WebServer] 2026-10-04 15:33:11,933 INFO goatfarm.audit [1707a308d21041a6b3f94756280c6bb9] security_event event='team.worker.create' farm_id=13 actor_id=27 membership_id=13 user_id=28 role_id=119 — provisioned worker account with must-change credential
[WebServer] 2026-10-04 15:33:11,934 INFO goatfarm [1707a308d21041a6b3f94756280c6bb9] request method=POST path=/api/team/workers status=201 duration_ms=80.63
[WebServer] 2026-10-04 15:33:11,949 INFO goatfarm [58c27debc9e74f32ad82e52c83081b22] request method=GET path=/api/team status=200 duration_ms=12.36
[WebServer] 2026-10-04 15:33:12,090 INFO goatfarm [4fbcdd15d6164c3797bca9958c99c7d0] request method=POST path=/api/auth/login status=200 duration_ms=136.98
[WebServer] 2026-10-04 15:33:12,160 INFO goatfarm.audit [adf36570eb55443e81f0a00345e4a2fc] security_event event='team.worker.password_reset' farm_id=13 actor_id=27 membership_id=13 user_id=28 — reset provisioned worker credential and revoked sessions
[WebServer] 2026-10-04 15:33:12,160 INFO goatfarm [adf36570eb55443e81f0a00345e4a2fc] request method=POST path=/api/team/workers/13/reset-password status=200 duration_ms=66.14
[WebServer] 2026-10-04 15:33:12,206 INFO goatfarm [78a6e54d59e444c8a81f1fe678dfd210] request method=POST path=/api/auth/login status=401 duration_ms=42.30
[WebServer] 2026-10-04 15:33:12,344 INFO goatfarm [308396b6974747e190609a904f42028c] request method=POST path=/api/auth/login status=200 duration_ms=135.55
[WebServer] 2026-10-04 15:33:12,352 INFO goatfarm [9ca8bfa857744e73a3e7002f2fabbe67] request method=GET path=/api/auth/me status=200 duration_ms=4.28
[WebServer] 2026-10-04 15:33:12,377 INFO goatfarm.audit [cd1d2d4590f44adea493e99fb8c604ac] security_event event='team.role.create' farm_id=13 actor_id=27 role_id=123 — created custom role
[WebServer] 2026-10-04 15:33:12,377 INFO goatfarm [cd1d2d4590f44adea493e99fb8c604ac] request method=POST path=/api/team/roles status=201 duration_ms=22.37
[WebServer] 2026-10-04 15:33:12,391 INFO goatfarm [92f147c7bb4c498e98fa51129a681d41] request method=GET path=/api/team status=200 duration_ms=9.93
[WebServer] 2026-10-04 15:33:12,410 INFO goatfarm.audit [9529a94d557d42c69177a6ea3247867f] security_event event='team.role.update' farm_id=13 actor_id=27 role_id=123 revision=2 — updated role name/description/permissions
[WebServer] 2026-10-04 15:33:12,414 INFO goatfarm [9529a94d557d42c69177a6ea3247867f] request method=PUT path=/api/team/roles/123 status=200 duration_ms=19.33
[WebServer] 2026-10-04 15:33:12,427 INFO goatfarm [d5cb5817cfb642169276d4c59a35ac88] request method=GET path=/api/team status=200 duration_ms=10.07
[WebServer] 2026-10-04 15:33:12,445 INFO goatfarm.audit [9c17ff63cde248e6a198c432364a3241] security_event event='team.role.delete' farm_id=13 actor_id=27 role_id=123 — tombstoned custom role
[WebServer] 2026-10-04 15:33:12,445 INFO goatfarm [9c17ff63cde248e6a198c432364a3241] request method=DELETE path=/api/team/roles/123 status=204 duration_ms=14.66
[WebServer] 2026-10-04 15:33:12,458 INFO goatfarm [d464b3afae9a4278a82e0574c98a23cc] request method=GET path=/api/team status=200 duration_ms=9.84
  ✓   58 [webkit] › e2e/api-contract-auth-team.spec.ts:403:3 › frontend proxy auth and team API contracts › persists worker resets and the full custom-role create/update/delete lifecycle (792ms)
[WebServer] 2026-10-04 15:33:12,611 INFO goatfarm [9c5e60020f2a4298bfc1ab894ee21ead] request method=POST path=/api/auth/register status=201 duration_ms=132.83
[WebServer] 2026-10-04 15:33:12,641 INFO goatfarm [da85e4f9dee1482fb3d7f5a874fbd3e6] request method=POST path=/api/auth/farms status=201 duration_ms=26.55
[WebServer] 2026-10-04 15:33:12,675 INFO goatfarm [2c48ed475cfa4a1d812cbd7ac1b20daa] request method=POST path=/api/animals status=201 duration_ms=18.13
[WebServer] 2026-10-04 15:33:12,717 INFO goatfarm [43dd6fd1642f4ff48bfe51364067b0ce] request method=POST path=/api/animals/34/status status=200 duration_ms=29.92
[WebServer] 2026-10-04 15:33:12,740 INFO goatfarm [831ad199f5244896984a958ee138a1d6] request method=GET path=/api/animals/34 status=200 duration_ms=19.36
  ✓   59 [webkit] › e2e/api-contract-domain.spec.ts:158:3 › frontend proxy domain API contracts › animal status mutation returns and persists the requested lifecycle facts (88ms)
[WebServer] 2026-10-04 15:33:12,774 INFO goatfarm [edd8613b45114e9a8f5de9096256e245] request method=POST path=/api/animals status=201 duration_ms=25.50
[WebServer] 2026-10-04 15:33:12,799 INFO goatfarm [eb41dde2ab4c49309339183a2f24dc6c] request method=POST path=/api/animals status=201 duration_ms=21.49
[WebServer] 2026-10-04 15:33:12,844 INFO goatfarm [9bee52976f9349ca8499b1e5d1efb9d1] request method=POST path=/api/breeding status=201 duration_ms=41.14
[WebServer] 2026-10-04 15:33:12,859 INFO goatfarm [41c186b2e2714f10a3ac222037e4c3f1] request method=GET path=/api/breeding/8 status=200 duration_ms=11.93
[WebServer] 2026-10-04 15:33:12,906 INFO goatfarm [07b7180c57974b42bbd1ebe304773b76] request method=POST path=/api/breeding/8/ultrasound status=200 duration_ms=44.88
[WebServer] 2026-10-04 15:33:12,921 INFO goatfarm [fb6b7745aa544222969bef610827e83b] request method=GET path=/api/kidding/pregnancies/8 status=200 duration_ms=11.33
[WebServer] 2026-10-04 15:33:12,966 INFO goatfarm [8b7890b1444f4e148004b7244f0511bf] request method=POST path=/api/breeding/8/abort status=200 duration_ms=37.40
[WebServer] 2026-10-04 15:33:12,978 INFO goatfarm [ecf879b4acce4f08b9d0fb3c3b45f04d] request method=GET path=/api/breeding/8 status=200 duration_ms=8.99
[WebServer] 2026-10-04 15:33:12,989 INFO goatfarm [ec9402bb3a1f46de97f7dfb60bbf1615] request method=GET path=/api/kidding/pregnancies/8 status=404 duration_ms=7.27
  ✓   60 [webkit] › e2e/api-contract-domain.spec.ts:206:3 › frontend proxy domain API contracts › breeding GET, live-pregnancy GET, and pregnancy abort agree on one record (245ms)
[WebServer] 2026-10-04 15:33:13,033 INFO goatfarm [43d66b8c44784ec1955f20166dcce6e4] request method=POST path=/api/animals status=201 duration_ms=36.29
[WebServer] 2026-10-04 15:33:13,045 INFO goatfarm [ad8842ec3d664a62b47e7a50c9339e2c] request method=GET path=/api/health/purchase-batches status=200 duration_ms=8.70
[WebServer] 2026-10-04 15:33:13,058 INFO goatfarm [03dd808ec1494809ad74908f723393ba] request method=POST path=/api/health/events/preview status=200 duration_ms=9.56
[WebServer] 2026-10-04 15:33:13,078 INFO goatfarm [b6d467f8df6b4f60ac67c4220e58e213] request method=POST path=/api/animals status=201 duration_ms=17.25
[WebServer] 2026-10-04 15:33:13,101 INFO goatfarm [a648e55492854e569e5509f22f6c8fd5] request method=POST path=/api/health/events status=201 duration_ms=19.34
[WebServer] 2026-10-04 15:33:13,114 INFO goatfarm [095a282563a64b40a59e331417e78b84] request method=GET path=/api/health/restrictions/38 status=200 duration_ms=10.04
[WebServer] 2026-10-04 15:33:13,138 INFO goatfarm [1911a015c6f74c23a56232625626225f] request method=POST path=/api/health/restrictions/38/clear status=204 duration_ms=20.35
[WebServer] 2026-10-04 15:33:13,148 INFO goatfarm [ab71d6317b074bd99263f935cb1776f6] request method=GET path=/api/health/restrictions/38 status=200 duration_ms=7.74
[WebServer] 2026-10-04 15:33:13,170 INFO goatfarm [a6b7f064b2aa405e9103341d36fac343] request method=GET path=/api/animals/38 status=200 duration_ms=17.84
  ✓   61 [webkit] › e2e/api-contract-domain.spec.ts:328:3 › frontend proxy domain API contracts › health batch lookup/preview and restriction clearance round-trip their data (178ms)
[WebServer] 2026-10-04 15:33:13,199 INFO goatfarm [1c63a39ecab94ac0a066b622b596973e] request method=POST path=/api/tasks status=201 duration_ms=17.69
[WebServer] 2026-10-04 15:33:13,209 INFO goatfarm [37cd7e55c0b14726b99f46a95d3e7503] request method=GET path=/api/tasks/124 status=200 duration_ms=7.61
[WebServer] 2026-10-04 15:33:13,232 INFO goatfarm [f32ae0f0a2e0419a929b1090c8f7f925] request method=POST path=/api/tasks/124/skip status=200 duration_ms=19.60
[WebServer] 2026-10-04 15:33:13,242 INFO goatfarm [42f4f858eac64d66ad568df789ee3c1e] request method=GET path=/api/tasks/124 status=200 duration_ms=7.48
  ✓   62 [webkit] › e2e/api-contract-domain.spec.ts:510:3 › frontend proxy domain API contracts › task GET returns the created duty and skip remains visible on readback (68ms)
[WebServer] 2026-10-04 15:33:13,267 INFO goatfarm [41c93b43ca4f48059f95a66d6da10387] request method=POST path=/api/animals status=201 duration_ms=17.35
[WebServer] 2026-10-04 15:33:13,281 INFO goatfarm [b9639aabcf0a435faa7e0a32eee0e8c8] request method=POST path=/api/feeding/settings status=204 duration_ms=11.23
[WebServer] 2026-10-04 15:33:13,303 INFO goatfarm [02f794ca58bd4fce92b13b59f92a09c7] request method=GET path=/api/feeding/plan status=200 duration_ms=19.76
[WebServer] 2026-10-04 15:33:13,315 INFO goatfarm [4706a4e196454f12a8e3bde64bc8da06] request method=GET path=/api/feeding/recipes status=200 duration_ms=7.77
[WebServer] 2026-10-04 15:33:13,325 INFO goatfarm [67fa34cdc9744cc2894ae6d8731b4f07] request method=GET path=/api/feeding/inventory status=200 duration_ms=6.82
[WebServer] 2026-10-04 15:33:13,346 INFO goatfarm [dec48b7f07e1429bbf1dfb1cf782147a] request method=POST path=/api/feeding/inventory/134/add status=200 duration_ms=17.65
[WebServer] 2026-10-04 15:33:13,365 INFO goatfarm [b41f00e7843d48f49be3bba84486c3b1] request method=POST path=/api/feeding/inventory/136/add status=200 duration_ms=16.38
[WebServer] 2026-10-04 15:33:13,385 INFO goatfarm [b3f5ce795a2c4d3c9cdbae86b75c1158] request method=POST path=/api/feeding/inventory/135/add status=200 duration_ms=16.88
[WebServer] 2026-10-04 15:33:13,407 INFO goatfarm [4c4ea5e302a9409a8867b725219b72e4] request method=POST path=/api/feeding/inventory/139/add status=200 duration_ms=18.10
[WebServer] 2026-10-04 15:33:13,435 INFO goatfarm [96ab6cfb92a94d97bf29172a518a23fd] request method=POST path=/api/feeding/mix status=200 duration_ms=25.37
[WebServer] 2026-10-04 15:33:13,446 INFO goatfarm [08eea972efa2429bb3bf7edb00b5aff3] request method=GET path=/api/feeding/finished-stock status=200 duration_ms=7.95
[WebServer] 2026-10-04 15:33:13,456 INFO goatfarm [8d20ce6fc6d040659b76a70636090627] request method=GET path=/api/feeding/inventory status=200 duration_ms=6.45
  ✓   63 [webkit] › e2e/api-contract-domain.spec.ts:568:3 › frontend proxy domain API contracts › feeding setting and recipe mix are reflected by plan, inventory, and finished stock (212ms)
[WebServer] 2026-10-04 15:33:13,480 INFO goatfarm [9cdd4e0dea974d6ba0fc227a65620232] request method=POST path=/api/finance/new status=201 duration_ms=14.78
[WebServer] 2026-10-04 15:33:13,499 INFO goatfarm [5b41d92b96594056bdcf5e2241c6886f] request method=POST path=/api/finance/transactions/10/correct status=201 duration_ms=16.64
[WebServer] 2026-10-04 15:33:13,522 INFO goatfarm [7c12d0429d6040e2acdf0fa58eb284bf] request method=GET path=/api/finance status=200 duration_ms=20.18
  ✓   64 [webkit] › e2e/api-contract-domain.spec.ts:669:3 › frontend proxy domain API contracts › finance correction returns the replacement and preserves the voided source audit (64ms)
[WebServer] 2026-10-04 15:33:13,543 INFO goatfarm [44b8262726aa4db489cfefe3989ba60b] request method=GET path=/api/simulation/herd-snapshot status=200 duration_ms=11.91
[WebServer] 2026-10-04 15:33:13,568 INFO goatfarm [3987dfd0fc8b4687884a0463ce95c057] request method=POST path=/api/animals status=201 duration_ms=21.95
[WebServer] 2026-10-04 15:33:13,581 INFO goatfarm [911e06c8031b4639b88553fc6f6aaf63] request method=GET path=/api/simulation/herd-snapshot status=200 duration_ms=9.86
[WebServer] 2026-10-04 15:33:13,589 INFO goatfarm [2ec208560c234705864b69cbf495f81d] request method=GET path=/api/simulation/defaults status=200 duration_ms=5.30
[WebServer] 2026-10-04 15:33:13,612 INFO goatfarm [4ec873b3860a479d978303711c982779] request method=POST path=/api/simulation/scenarios status=201 duration_ms=18.71
[WebServer] 2026-10-04 15:33:13,634 INFO goatfarm [98aefe3027034212a242dcc480282ca8] request method=POST path=/api/simulation/scenarios status=201 duration_ms=18.67
[WebServer] 2026-10-04 15:33:13,647 INFO goatfarm [3bb4687a1d98481796a71dbab0dac3f1] request method=GET path=/api/simulation/scenarios/4 status=200 duration_ms=9.61
[WebServer] 2026-10-04 15:33:13,666 INFO goatfarm [a3379844ea48470582df7e2862268c3c] request method=PATCH path=/api/simulation/scenarios/4 status=200 duration_ms=15.20
[WebServer] 2026-10-04 15:33:13,677 INFO goatfarm [37f28b2c4b0c4a2db0ee7bd4711d6aac] request method=GET path=/api/simulation/scenarios/4 status=200 duration_ms=7.75
[WebServer] 2026-10-04 15:33:13,770 INFO goatfarm [52875161215743c98858cc3b0398b9c8] request method=GET path=/api/simulation/scenarios/compare status=200 duration_ms=89.56
[WebServer] 2026-10-04 15:33:13,790 INFO goatfarm [a092efb178b74a5d8b1fae14a3d22e41] request method=DELETE path=/api/simulation/scenarios/5 status=204 duration_ms=13.30
[WebServer] 2026-10-04 15:33:13,799 INFO goatfarm [a27aa5d0a56c4a9da3028cddfb9b0a94] request method=GET path=/api/simulation/scenarios/5 status=404 duration_ms=7.05
[WebServer] 2026-10-04 15:33:13,810 INFO goatfarm [a84a07a32b644dbf9ed2cb2df4179a53] request method=GET path=/api/simulation/scenarios status=200 duration_ms=7.37
  ✓   65 [webkit] › e2e/api-contract-domain.spec.ts:748:3 › frontend proxy domain API contracts › herd snapshot and scenario GET/PATCH/compare/DELETE stay consistent (284ms)
[WebServer] 2026-10-04 15:33:14,190 INFO goatfarm [9b064edb107540159ce7d314739ca34c] request method=POST path=/api/auth/refresh status=401 duration_ms=0.58
[WebServer] 2026-10-04 15:33:14,477 INFO goatfarm [bfe202e976694d11bae9c63e97b18f5d] request method=POST path=/api/auth/login status=200 duration_ms=153.17
[WebServer] 2026-10-04 15:33:14,489 INFO goatfarm [98b8d7ba9838458499ce7024a097822e] request method=GET path=/api/auth/farms status=200 duration_ms=8.04
[WebServer] 2026-10-04 15:33:14,500 INFO goatfarm [18083f6b4cc747d7b43ce382674285f5] request method=GET path=/api/auth/permissions status=200 duration_ms=6.30
[WebServer] 2026-10-04 15:33:14,571 INFO goatfarm [c914a51a7e0c4aeeb43973ec94c3ab97] request method=GET path=/api/dashboard status=200 duration_ms=31.26
[WebServer] 2026-10-04 15:33:14,753 INFO goatfarm [336e038be5f445769bade821621b3516] request method=POST path=/api/auth/logout status=204 duration_ms=15.55
  ✓   66 [webkit] › e2e/auth.spec.ts:21:3 › auth › owner signs in, sees the full nav, and logout returns to /login (950ms)
[WebServer] 2026-10-04 15:33:15,137 INFO goatfarm [7dff23fd464f452f90c2510f2709e90a] request method=POST path=/api/auth/refresh status=401 duration_ms=0.57
  ✓   67 [webkit] › e2e/auth.spec.ts:47:3 › auth › unauthenticated visit to an app page redirects to /login (409ms)
[WebServer] 2026-10-04 15:33:15,551 INFO goatfarm [f416b79741cd4fc98ab5c8d4e792ff33] request method=POST path=/api/auth/refresh status=401 duration_ms=0.54
[WebServer] 2026-10-04 15:33:15,739 INFO goatfarm [2366783b314d442b8c47d16acb4c7a77] request method=POST path=/api/auth/login status=401 duration_ms=47.35
  ✓   68 [webkit] › e2e/auth.spec.ts:52:3 › auth › wrong password shows an error and stays on /login (590ms)
[WebServer] 2026-10-04 15:33:16,126 INFO goatfarm [0b45d2e7c58d49caa4843a2655959b84] request method=POST path=/api/auth/refresh status=401 duration_ms=0.60
[WebServer] 2026-10-04 15:33:16,426 INFO goatfarm [8a67a2834d5640ee8c455d275379a899] request method=POST path=/api/auth/login status=200 duration_ms=148.79
[WebServer] 2026-10-04 15:33:16,438 INFO goatfarm [752220917ccc44cd939154b2c0127370] request method=GET path=/api/auth/farms status=200 duration_ms=8.38
[WebServer] 2026-10-04 15:33:16,450 INFO goatfarm [5a3f887442ca42cdbcfa6bd80120117e] request method=GET path=/api/auth/permissions status=200 duration_ms=7.57
[WebServer] 2026-10-04 15:33:16,519 INFO goatfarm [769d7bfbfc3b4b80b2658f26efc43fef] request method=GET path=/api/dashboard status=200 duration_ms=30.14
  ✓   69 [webkit] › e2e/auth.spec.ts:63:3 › auth › signIn helper lands on the dashboard (798ms)
[WebServer] 2026-10-04 15:33:16,945 INFO goatfarm [c15722861dce469fb170a4d02b3e4d83] request method=POST path=/api/auth/refresh status=401 duration_ms=0.66
[WebServer] 2026-10-04 15:33:17,245 INFO goatfarm [9b16d68db4b04f328f582cbc3c7debdc] request method=POST path=/api/auth/login status=200 duration_ms=148.40
[WebServer] 2026-10-04 15:33:17,256 INFO goatfarm [a705983d1deb42569c42f99cad886cd0] request method=GET path=/api/auth/farms status=200 duration_ms=7.09
[WebServer] 2026-10-04 15:33:17,266 INFO goatfarm [f7c8c16828cb4f879ccb5dc3d8012e30] request method=GET path=/api/auth/permissions status=200 duration_ms=6.16
[WebServer] 2026-10-04 15:33:17,340 INFO goatfarm [28b2d867729843b1a8538ac2fc2b5f90] request method=GET path=/api/dashboard status=200 duration_ms=34.89
[WebServer] 2026-10-04 15:33:17,807 INFO goatfarm [25ff31e3c5654b2ea15f4b816443bfe1] request method=GET path=/api/animals status=200 duration_ms=14.84
  ✓   70 [webkit] › e2e/auth.spec.ts:69:3 › auth › authenticated shell fits supported narrow widths and hands off navigation focus (1.2s)
[WebServer] 2026-10-04 15:33:18,210 INFO goatfarm [fcd793b6826f4c689c8480491ffe7ca8] request method=POST path=/api/auth/refresh status=401 duration_ms=0.64
[WebServer] 2026-10-04 15:33:18,470 INFO goatfarm [d73b29b4d35b4c27a01403d5db2384bd] request method=POST path=/api/auth/register status=201 duration_ms=145.11
[WebServer] 2026-10-04 15:33:18,481 INFO goatfarm [3ce27b13c0fc4b70b1d6ed41f5570d4c] request method=GET path=/api/auth/farms status=200 duration_ms=7.44
[WebServer] 2026-10-04 15:33:18,994 INFO goatfarm [4875e91cb8f04cb594fdb677cae06fe2] request method=POST path=/api/auth/refresh status=200 duration_ms=105.08
[WebServer] 2026-10-04 15:33:19,004 INFO goatfarm [9f6956295cea4740a9df22422fd2a1d9] request method=GET path=/api/auth/farms status=200 duration_ms=6.50
[WebServer] 2026-10-04 15:33:19,143 INFO goatfarm [dfbcdf04c1cd460387b0991c7c1169ff] request method=POST path=/api/auth/logout status=204 duration_ms=15.41
  ✓   71 [webkit] › e2e/auth.spec.ts:105:3 › auth › sign-out propagates between farmless tabs without a farm storage key (1.3s)
[WebServer] 2026-10-04 15:33:19,556 INFO goatfarm [e4fa62bce104410fb48704116a634e13] request method=POST path=/api/auth/refresh status=401 duration_ms=0.59
[WebServer] 2026-10-04 15:33:19,846 INFO goatfarm [d5d833a462e04d7896ca9a8f803a695c] request method=POST path=/api/auth/login status=200 duration_ms=155.06
[WebServer] 2026-10-04 15:33:19,858 INFO goatfarm [c1a355a4280d4cca85fe29cef7cecdfc] request method=GET path=/api/auth/farms status=200 duration_ms=8.61
[WebServer] 2026-10-04 15:33:19,870 INFO goatfarm [8f3d2128931141c39abe67e33d867e2f] request method=GET path=/api/auth/permissions status=200 duration_ms=6.84
[WebServer] 2026-10-04 15:33:19,941 INFO goatfarm [b4ca0c0f137e4ad495f06719232fd888] request method=GET path=/api/dashboard status=200 duration_ms=32.54
[WebServer] 2026-10-04 15:33:20,138 INFO goatfarm [84159a848773438fac944faae1840a40] request method=POST path=/api/auth/refresh status=200 duration_ms=110.40
[WebServer] 2026-10-04 15:33:20,148 INFO goatfarm [a1d398c1d5864403ae9e26c696628f25] request method=GET path=/api/auth/farms status=200 duration_ms=6.72
[WebServer] 2026-10-04 15:33:20,166 INFO goatfarm [9103300e83d1422a9dac5c9594b4eba4] request method=GET path=/api/auth/permissions status=200 duration_ms=6.79
[WebServer] 2026-10-04 15:33:20,200 INFO goatfarm [0b17791422d840d3819fe5174ffe80de] request method=GET path=/api/animals status=200 duration_ms=16.31
[WebServer] 2026-10-04 15:33:20,892 INFO goatfarm [d885227b578742619322a277f193b3a0] request method=POST path=/api/animals status=201 duration_ms=30.96
[WebServer] 2026-10-04 15:33:20,911 INFO goatfarm [8efedd07217b4288a131601762ba9ec0] request method=GET path=/api/animals status=200 duration_ms=14.43
[WebServer] 2026-10-04 15:33:21,118 INFO goatfarm [151d0613147d4f5db7b3ecb387680fe1] request method=POST path=/api/auth/refresh status=200 duration_ms=104.37
[WebServer] 2026-10-04 15:33:21,129 INFO goatfarm [73467907f8d8443d976ff22f35a6de4d] request method=GET path=/api/auth/farms status=200 duration_ms=7.50
[WebServer] 2026-10-04 15:33:21,144 INFO goatfarm [ecca8af98c374b61b7e856e4dcfdf54a] request method=GET path=/api/auth/permissions status=200 duration_ms=6.86
[WebServer] 2026-10-04 15:33:21,176 INFO goatfarm [6c152e605538473098f0f29b77960921] request method=GET path=/api/animals status=200 duration_ms=17.47
[WebServer] 2026-10-04 15:33:21,810 INFO goatfarm [a5a4697aec4647a8b4f4701173b3a6ff] request method=POST path=/api/animals status=201 duration_ms=27.63
[WebServer] 2026-10-04 15:33:21,828 INFO goatfarm [f91dc6dd7e5947a6897ea087437c071a] request method=GET path=/api/animals status=200 duration_ms=14.35
[WebServer] 2026-10-04 15:33:22,003 INFO goatfarm [071834cd4edd470f8352c0ed53b24dbf] request method=POST path=/api/auth/refresh status=200 duration_ms=113.95
[WebServer] 2026-10-04 15:33:22,014 INFO goatfarm [2ec76f5c50e94ed6ac8a5f8ac9b9cdaf] request method=GET path=/api/auth/farms status=200 duration_ms=7.71
[WebServer] 2026-10-04 15:33:22,030 INFO goatfarm [c3eb90a758154bf7993164d7eac8e1d1] request method=GET path=/api/auth/permissions status=200 duration_ms=6.50
[WebServer] 2026-10-04 15:33:22,056 INFO goatfarm [7073c6ad8612462d8d938d1c899d5853] request method=GET path=/api/breeding status=200 duration_ms=15.65
[WebServer] 2026-10-04 15:33:22,267 INFO goatfarm [b6f3caa77fda40da8fe8b048029fbf79] request method=GET path=/api/breeding/candidates status=200 duration_ms=16.44
[WebServer] 2026-10-04 15:33:22,502 INFO goatfarm [36fe05313eeb481b8b849a70efc1b0b7] request method=GET path=/api/breeding/candidates status=200 duration_ms=15.75
[WebServer] 2026-10-04 15:33:22,742 INFO goatfarm [44fb938501474e53a51b79ad5afdbb83] request method=POST path=/api/breeding status=201 duration_ms=54.88
[WebServer] 2026-10-04 15:33:22,761 INFO goatfarm [2919290a825949b69ac03371fe5116cd] request method=GET path=/api/breeding status=200 duration_ms=14.91
[WebServer] 2026-10-04 15:33:22,930 INFO goatfarm [b33c6216848247a38472e7fa6d60392a] request method=POST path=/api/auth/refresh status=200 duration_ms=105.49
[WebServer] 2026-10-04 15:33:22,940 INFO goatfarm [f886b5ad0fa649c591bd9f2d88fb69a6] request method=GET path=/api/auth/farms status=200 duration_ms=5.83
[WebServer] 2026-10-04 15:33:22,955 INFO goatfarm [23c365f0dfd943529027d6deec4e0f5b] request method=GET path=/api/auth/permissions status=200 duration_ms=6.19
[WebServer] 2026-10-04 15:33:23,023 INFO goatfarm [53fac659e69b4ce7a102c8dbfa42e4ba] request method=GET path=/api/breeding status=200 duration_ms=44.54
[WebServer] 2026-10-04 15:33:23,420 INFO goatfarm [c9530cb168d643ff9daff13434d3c654] request method=POST path=/api/breeding/9/ultrasound status=200 duration_ms=45.31
[WebServer] 2026-10-04 15:33:23,439 INFO goatfarm [1fda11ec0c6c4133846f505e46d075a7] request method=GET path=/api/breeding status=200 duration_ms=15.41
[WebServer] 2026-10-04 15:33:23,626 INFO goatfarm [aec63e30cd274960907a1170b2ff1b07] request method=POST path=/api/auth/refresh status=200 duration_ms=107.57
[WebServer] 2026-10-04 15:33:23,636 INFO goatfarm [1342891e840a413ca946a7a6a74498ae] request method=GET path=/api/auth/farms status=200 duration_ms=7.25
[WebServer] 2026-10-04 15:33:23,653 INFO goatfarm [f09ee25b76304246a5b4691b67d9d567] request method=GET path=/api/auth/permissions status=200 duration_ms=8.08
[WebServer] 2026-10-04 15:33:23,683 INFO goatfarm [a2ac63f8482d4a90ae1d49adeae2d018] request method=GET path=/api/animals status=200 duration_ms=16.96
[WebServer] 2026-10-04 15:33:24,039 INFO goatfarm [63b51dd5feef4d068dc621ba0eed29c1] request method=GET path=/api/animals status=200 duration_ms=13.38
[WebServer] 2026-10-04 15:33:24,570 INFO goatfarm [9eef9202b38c432a8671bfb7e1395be9] request method=GET path=/api/animals/41 status=200 duration_ms=16.60
[WebServer] 2026-10-04 15:33:24,590 INFO goatfarm [c9e32eb8cd5744cab700319c35f323bb] request method=GET path=/api/health/restrictions/41 status=200 duration_ms=9.91
[WebServer] 2026-10-04 15:33:24,595 INFO goatfarm [b3b94200d4594f82bdf4a298954b457d] request method=GET path=/api/finance/animals/41/lifetime-pnl status=200 duration_ms=16.33
  ✓   72 [webkit] › e2e/breeding-flow.spec.ts:16:3 › breeding flow › doe is bred, confirmed pregnant via ultrasound, moves to PREGNANCY_EARLY (5.4s)
[WebServer] 2026-10-04 15:33:25,054 INFO goatfarm [d06f6ee579834e018f9f4f36a8091253] request method=POST path=/api/auth/register status=201 duration_ms=132.07
[WebServer] 2026-10-04 15:33:25,075 INFO goatfarm [27f6ac03a9ec4ff3957969c43c4d9687] request method=POST path=/api/auth/farms status=201 duration_ms=17.81
[WebServer] 2026-10-04 15:33:25,086 INFO goatfarm [6384f63284304290b65c3d637796d068] request method=GET path=/api/team status=200 duration_ms=8.53
[WebServer] 2026-10-04 15:33:25,180 INFO goatfarm.audit [ac178b4a43984606ac351c46fb5e8cba] security_event event='team.worker.create' farm_id=15 actor_id=31 membership_id=14 user_id=32 role_id=138 — provisioned worker account with must-change credential
[WebServer] 2026-10-04 15:33:25,181 INFO goatfarm [ac178b4a43984606ac351c46fb5e8cba] request method=POST path=/api/team/workers status=201 duration_ms=90.89
[WebServer] 2026-10-04 15:33:25,321 INFO goatfarm [b0c69f5d12284bd191b73d4a9277958c] request method=POST path=/api/auth/login status=200 duration_ms=137.33
[WebServer] 2026-10-04 15:33:25,497 INFO goatfarm.audit [bb26d5c9acb8428c9c7dfa292b5feaf3] security_event event='auth.password.changed' user_id=32 — Password changed (all sessions revoked)
[WebServer] 2026-10-04 15:33:25,497 INFO goatfarm [bb26d5c9acb8428c9c7dfa292b5feaf3] request method=POST path=/api/auth/change-password status=200 duration_ms=173.76
[WebServer] 2026-10-04 15:33:25,510 WARNING goatfarm.audit [7860e9b3c5f04289ba5c16201c14559a] security_signal_started event='rbac.denied' aggregation='process-memory' — authenticated requests missing a required permission
[WebServer] 2026-10-04 15:33:25,510 INFO goatfarm [7860e9b3c5f04289ba5c16201c14559a] request method=GET path=/api/finance status=403 duration_ms=9.52
  ✓   73 [webkit] › e2e/cross-tenant.spec.ts:94:3 › cross-tenant and horizontal authorization negatives › a provisioned worker without finance.view is refused 403 on the finance API (896ms)
[WebServer] 2026-10-04 15:33:25,649 INFO goatfarm [8e5114ba9392487b8ab95cc4d2f422a6] request method=POST path=/api/auth/register status=201 duration_ms=131.58
[WebServer] 2026-10-04 15:33:25,670 INFO goatfarm [df44c13a56244c3996c1339b6992c2fd] request method=POST path=/api/auth/farms status=201 duration_ms=17.46
[WebServer] 2026-10-04 15:33:25,807 INFO goatfarm [97165c20cfda4b8899a3f8ecf7cf5e64] request method=POST path=/api/auth/register status=201 duration_ms=133.89
[WebServer] 2026-10-04 15:33:25,847 INFO goatfarm [2371e990f71d4309b22b3f928a8ec67f] request method=POST path=/api/auth/farms status=201 duration_ms=37.28
[WebServer] 2026-10-04 15:33:25,868 INFO goatfarm [1026c8bc1ac943438555ce0505fb1867] request method=POST path=/api/animals status=201 duration_ms=18.06
[WebServer] 2026-10-04 15:33:25,887 INFO goatfarm [02ed8a7c981d4b448986a3338e9697f1] request method=GET path=/api/animals/43 status=200 duration_ms=15.29
[WebServer] 2026-10-04 15:33:25,896 INFO goatfarm [f9ff039a55684e1783b1d84db57e8538] request method=GET path=/api/animals/43 status=404 duration_ms=6.55
[WebServer] 2026-10-04 15:33:25,906 INFO goatfarm [ef2e21ddf56e432b9ae27bbbd883fa5e] request method=GET path=/api/animals/43 status=404 duration_ms=6.75
  ✓   74 [webkit] › e2e/cross-tenant.spec.ts:157:3 › cross-tenant and horizontal authorization negatives › another farm's owner cannot read this farm's animal: uniform 404s (393ms)
[WebServer] 2026-10-04 15:33:25,913 INFO goatfarm [5d464e7b9d9143f7a15e90265def391c] request method=GET path=/api/animals status=401 duration_ms=0.59
  ✓   75 [webkit] › e2e/cross-tenant.spec.ts:202:3 › cross-tenant and horizontal authorization negatives › logged-out API access is refused 401 (4ms)
[WebServer] 2026-10-04 15:33:26,306 INFO goatfarm [2660053128ba409db0087dec864101a4] request method=POST path=/api/auth/refresh status=401 duration_ms=0.61
[WebServer] 2026-10-04 15:33:26,572 INFO goatfarm [584fed3d32154d64bb3ee0d231675ebe] request method=POST path=/api/auth/login status=200 duration_ms=156.64
[WebServer] 2026-10-04 15:33:26,583 INFO goatfarm [5584e998df83497ead571533cbd0821d] request method=GET path=/api/auth/farms status=200 duration_ms=7.63
[WebServer] 2026-10-04 15:33:26,596 INFO goatfarm [2a16107107af4510a93da90f11344bc3] request method=GET path=/api/auth/permissions status=200 duration_ms=7.73
[WebServer] 2026-10-04 15:33:26,667 INFO goatfarm [7cc3baba019d463fac0342b2fd8b5709] request method=GET path=/api/dashboard status=200 duration_ms=34.64
[WebServer] 2026-10-04 15:33:26,858 INFO goatfarm [2df72f93e8334e7880ec0e1a05045a57] request method=POST path=/api/auth/refresh status=200 duration_ms=103.08
[WebServer] 2026-10-04 15:33:26,868 INFO goatfarm [0669886ab4cb4020b833249c8e0e8ac5] request method=GET path=/api/auth/farms status=200 duration_ms=6.36
[WebServer] 2026-10-04 15:33:26,885 INFO goatfarm [c2d40d3240f24e0880f444c5bd1a0949] request method=GET path=/api/auth/permissions status=200 duration_ms=6.72
[WebServer] 2026-10-04 15:33:26,919 INFO goatfarm [b02a1a385bb744de9b7f4fa8d7c92e1b] request method=GET path=/api/animals status=200 duration_ms=17.24
[WebServer] 2026-10-04 15:33:27,291 INFO goatfarm [5b0290929edd472a957d399f4c515a85] request method=POST path=/api/animals status=201 duration_ms=21.75
[WebServer] 2026-10-04 15:33:27,309 INFO goatfarm [03f6ba228cec4077b840ede00b160d60] request method=GET path=/api/animals status=200 duration_ms=13.40
[WebServer] 2026-10-04 15:33:31,749 INFO goatfarm [dbf452493fc1431eb230b2c68c397cb7] request method=POST path=/api/auth/farms status=201 duration_ms=25.83
[WebServer] 2026-10-04 15:33:31,761 INFO goatfarm [527cafaa26314e3d8731f3016a6d2c8e] request method=GET path=/api/auth/farms status=200 duration_ms=8.38
[WebServer] 2026-10-04 15:33:31,771 INFO goatfarm [d87038bf12654311bb9e74810f8bf56e] request method=GET path=/api/auth/permissions status=200 duration_ms=6.72
[WebServer] 2026-10-04 15:33:31,803 INFO goatfarm [dc6c29ce926e4451b134df40036a99f3] request method=GET path=/api/animals status=200 duration_ms=11.58
[WebServer] 2026-10-04 15:33:31,956 INFO goatfarm [1f7dcaf3aa73425cb9e5a583cf5836b8] request method=GET path=/api/auth/permissions status=200 duration_ms=6.74
[WebServer] 2026-10-04 15:33:32,002 INFO goatfarm [579976454f944d2da609ec1eea232fbb] request method=GET path=/api/animals status=200 duration_ms=17.69
[WebServer] 2026-10-04 15:33:32,339 INFO goatfarm [3034447cb30e41eca5292cd8a8c0e4d8] request method=GET path=/api/animals status=200 duration_ms=12.04
  ✓   76 [webkit] › e2e/farm-switch.spec.ts:22:3 › farm switching › switching farms renders none of the previous farm's cached data (6.9s)
[WebServer] 2026-10-04 15:33:33,199 INFO goatfarm [54f582e99fb74e08a46ffba6c421c36d] request method=POST path=/api/auth/refresh status=401 duration_ms=0.55
[WebServer] 2026-10-04 15:33:33,498 INFO goatfarm [80a1c4df09464b9cb4f8c6c203359def] request method=POST path=/api/auth/login status=200 duration_ms=151.06
[WebServer] 2026-10-04 15:33:33,511 INFO goatfarm [91d3334c7ab54fd399cef84c502d6875] request method=GET path=/api/auth/farms status=200 duration_ms=9.28
[WebServer] 2026-10-04 15:33:33,524 INFO goatfarm [7cb7e3b6dd5e43eca28381175e107fad] request method=GET path=/api/auth/permissions status=200 duration_ms=8.56
[WebServer] 2026-10-04 15:33:33,602 INFO goatfarm [6708ae9eaaac48fdb27f64a43cd826a5] request method=GET path=/api/dashboard status=200 duration_ms=40.54
[WebServer] 2026-10-04 15:33:33,793 INFO goatfarm [1e5f269fbc824232947403578a36636d] request method=POST path=/api/auth/refresh status=200 duration_ms=109.13
[WebServer] 2026-10-04 15:33:33,803 INFO goatfarm [3ca4627aaa0b423b98606afd5baa04a4] request method=GET path=/api/auth/farms status=200 duration_ms=6.73
[WebServer] 2026-10-04 15:33:33,820 INFO goatfarm [118e677dbe154a1c8f66604e0e09d130] request method=GET path=/api/auth/permissions status=200 duration_ms=6.98
[WebServer] 2026-10-04 15:33:33,848 INFO goatfarm [9a9018e1b9a24d7db45039f30dd49743] request method=GET path=/api/animals status=200 duration_ms=10.59
[WebServer] 2026-10-04 15:33:34,378 INFO goatfarm [accf3bf5144a4086a1b740bfda08b4f6] request method=POST path=/api/animals status=201 duration_ms=23.93
[WebServer] 2026-10-04 15:33:34,397 INFO goatfarm [219b39b950bb4913b73040ef2c81ba8b] request method=GET path=/api/animals status=200 duration_ms=14.50
[WebServer] 2026-10-04 15:33:34,552 INFO goatfarm [143ec0c4aabd4b44bd230985346426c4] request method=POST path=/api/auth/refresh status=200 duration_ms=103.05
[WebServer] 2026-10-04 15:33:34,561 INFO goatfarm [efa5cd42680d48b99e77153f403d2691] request method=GET path=/api/auth/farms status=200 duration_ms=6.36
[WebServer] 2026-10-04 15:33:34,576 INFO goatfarm [60972613a73146c8b0357605d1477383] request method=GET path=/api/auth/permissions status=200 duration_ms=5.99
[WebServer] 2026-10-04 15:33:34,596 INFO goatfarm [32e27dc78de34ecd9598d261096316db] request method=GET path=/api/feeding/finished-stock status=200 duration_ms=9.22
[WebServer] 2026-10-04 15:33:34,596 INFO goatfarm [45df24448f12489182812ceb11c7db01] request method=GET path=/api/feeding/inventory status=200 duration_ms=10.43
[WebServer] 2026-10-04 15:33:34,848 INFO goatfarm [95e9fd9f4b8743a5866b914bf6a70e9a] request method=POST path=/api/feeding/inventory/102/add status=200 duration_ms=16.68
[WebServer] 2026-10-04 15:33:34,862 INFO goatfarm [e590922619104a05ae2c5c716f2cbaec] request method=GET path=/api/feeding/inventory status=200 duration_ms=9.06
[WebServer] 2026-10-04 15:33:34,864 INFO goatfarm [a6ee5c6e58c64f9cbb33c0bd11ffb138] request method=GET path=/api/feeding/finished-stock status=200 duration_ms=9.90
[WebServer] 2026-10-04 15:33:35,024 INFO goatfarm [ae9c66f92a6f46d7a039d504ef742efd] request method=POST path=/api/auth/refresh status=200 duration_ms=101.97
[WebServer] 2026-10-04 15:33:35,034 INFO goatfarm [d902b187b98f4afd9235b11627d29b1a] request method=GET path=/api/auth/farms status=200 duration_ms=6.47
[WebServer] 2026-10-04 15:33:35,049 INFO goatfarm [fff8d3b96583451b83c971a3dce47a95] request method=GET path=/api/auth/permissions status=200 duration_ms=6.51
[WebServer] 2026-10-04 15:33:35,077 INFO goatfarm [16ec389b07de400199acace365585519] request method=GET path=/api/feeding/recipes status=200 duration_ms=16.08
[WebServer] 2026-10-04 15:33:35,078 INFO goatfarm [c6f7a2ba395b4208bdb43c140ca3af16] request method=GET path=/api/feeding/records status=200 duration_ms=17.49
[WebServer] 2026-10-04 15:33:35,090 INFO goatfarm [a3ec2e4fb250411b95d88c590d513d05] request method=GET path=/api/feeding/plan status=200 duration_ms=31.18
[WebServer] 2026-10-04 15:33:35,638 INFO goatfarm [615c509b84e24efa8a19d8eef98c8134] request method=POST path=/api/feeding/dispense status=201 duration_ms=19.28
[WebServer] 2026-10-04 15:33:35,658 INFO goatfarm [e0e042f521184ed79784393d8e75c167] request method=GET path=/api/feeding/recipes status=200 duration_ms=16.32
[WebServer] 2026-10-04 15:33:35,661 INFO goatfarm [658e6d7fca394795b18fd711a5ef5ea9] request method=GET path=/api/feeding/records status=200 duration_ms=18.97
[WebServer] 2026-10-04 15:33:35,667 INFO goatfarm [db2ba028b31a46ee8acfb66411661d00] request method=GET path=/api/feeding/plan status=200 duration_ms=25.79
  ✓   77 [webkit] › e2e/feeding-finance.spec.ts:6:3 › feeding and finance › feeding plan shows the 40/20/40 shift split and records a dispense (2.8s)
[WebServer] 2026-10-04 15:33:36,053 INFO goatfarm [ade252d97d1947acb81e6d0bc7720c35] request method=POST path=/api/auth/refresh status=401 duration_ms=0.67
[WebServer] 2026-10-04 15:33:36,369 INFO goatfarm [368369877cb1463eb8f6b9bf4478aba8] request method=POST path=/api/auth/login status=200 duration_ms=164.31
[WebServer] 2026-10-04 15:33:36,381 INFO goatfarm [0866202562bf4120b2196c760cb1c1a7] request method=GET path=/api/auth/farms status=200 duration_ms=8.35
[WebServer] 2026-10-04 15:33:36,394 INFO goatfarm [f2927bd6eff24865a23ba6aa75da9149] request method=GET path=/api/auth/permissions status=200 duration_ms=7.71
[WebServer] 2026-10-04 15:33:36,480 INFO goatfarm [d9319e5c4c7a400486c9170ff90bb521] request method=GET path=/api/dashboard status=200 duration_ms=46.15
[WebServer] 2026-10-04 15:33:36,672 INFO goatfarm [bc90ab9c7f144ff0ad3cf00b9f719430] request method=POST path=/api/auth/refresh status=200 duration_ms=110.07
[WebServer] 2026-10-04 15:33:36,682 INFO goatfarm [dfc33b2dac4d4b71b9cbbe859c662a79] request method=GET path=/api/auth/farms status=200 duration_ms=6.78
[WebServer] 2026-10-04 15:33:36,699 INFO goatfarm [292b78a1a15a437f96c42d404189dd4a] request method=GET path=/api/auth/permissions status=200 duration_ms=6.71
[WebServer] 2026-10-04 15:33:36,761 INFO goatfarm [208ac2783b124c2197494b91640c1d82] request method=GET path=/api/finance status=200 duration_ms=48.44
[WebServer] 2026-10-04 15:33:37,179 INFO goatfarm [c50078a3ecee4e65bbcf1ce5e4909735] request method=POST path=/api/finance/new status=201 duration_ms=16.69
[WebServer] 2026-10-04 15:33:37,206 INFO goatfarm [ebb05479d45c49ca92b8eb13cf57379c] request method=GET path=/api/finance status=200 duration_ms=22.36
  ✓   78 [webkit] › e2e/feeding-finance.spec.ts:77:3 › feeding and finance › adding an expense transaction lists it in the ledger (1.5s)
[WebServer] 2026-10-04 15:33:37,620 INFO goatfarm [4bd88e5160f649de9c70a45ccc279766] request method=POST path=/api/auth/refresh status=401 duration_ms=0.61
[WebServer] 2026-10-04 15:33:37,908 INFO goatfarm [08dddad3b1ad490a8990ef5561eff10d] request method=POST path=/api/auth/login status=200 duration_ms=156.61
[WebServer] 2026-10-04 15:33:37,920 INFO goatfarm [63c104e6ea524bbeaf6525b1a2d5c37b] request method=GET path=/api/auth/farms status=200 duration_ms=7.77
[WebServer] 2026-10-04 15:33:37,932 INFO goatfarm [011ad2bd1d4e4ad9a711661b947fdc09] request method=GET path=/api/auth/permissions status=200 duration_ms=7.26
[WebServer] 2026-10-04 15:33:38,019 INFO goatfarm [f725a7ab79f44b24841a78d246d4152a] request method=GET path=/api/dashboard status=200 duration_ms=49.67
[WebServer] 2026-10-04 15:33:38,197 INFO goatfarm [6aca79536c7f41c4b42f6900ec45d2d9] request method=POST path=/api/auth/refresh status=200 duration_ms=107.99
[WebServer] 2026-10-04 15:33:38,207 INFO goatfarm [ac409d022f5b490aba01f8d872417b66] request method=GET path=/api/auth/farms status=200 duration_ms=5.98
[WebServer] 2026-10-04 15:33:38,224 INFO goatfarm [6e6c6f73a2a447ccb2fee6bc823aea1b] request method=GET path=/api/auth/permissions status=200 duration_ms=6.90
[WebServer] 2026-10-04 15:33:38,260 INFO goatfarm [ad2fd1193f204ae2877894bf5c4646e7] request method=GET path=/api/animals status=200 duration_ms=16.67
[WebServer] 2026-10-04 15:33:38,938 INFO goatfarm [a6c00e63323c4cd191f7f95d911ea9cc] request method=POST path=/api/animals status=201 duration_ms=27.37
[WebServer] 2026-10-04 15:33:38,956 INFO goatfarm [91a719a1c3484b669763a2c15276e08a] request method=GET path=/api/animals status=200 duration_ms=14.59
[WebServer] 2026-10-04 15:33:39,128 INFO goatfarm [a144f21e23df43eebd84f82733248d02] request method=POST path=/api/auth/refresh status=200 duration_ms=99.49
[WebServer] 2026-10-04 15:33:39,137 INFO goatfarm [3a171af0cb724b6987532c66ddce3ab2] request method=GET path=/api/auth/farms status=200 duration_ms=6.21
[WebServer] 2026-10-04 15:33:39,152 INFO goatfarm [bf4d98b1deea4f329ff02402919b2677] request method=GET path=/api/auth/permissions status=200 duration_ms=6.04
[WebServer] 2026-10-04 15:33:39,184 INFO goatfarm [f99f7ed926a0403ca9bb07924f23d5c8] request method=GET path=/api/dashboard/reports status=200 duration_ms=23.48
  ✓   79 [webkit] › e2e/feeding-finance.spec.ts:113:3 › feeding and finance › reports page renders herd summary, breeding performance and mortality (2.0s)
[WebServer] 2026-10-04 15:33:39,646 INFO goatfarm [24b4704f612442f79a404303fed59c74] request method=POST path=/api/auth/refresh status=401 duration_ms=0.62
[WebServer] 2026-10-04 15:33:39,960 INFO goatfarm [416e590b70cf4d6ca93c7c8620e08a17] request method=POST path=/api/auth/login status=200 duration_ms=157.52
[WebServer] 2026-10-04 15:33:39,971 INFO goatfarm [d46e593042114c8e8caf99bf3d7b7573] request method=GET path=/api/auth/farms status=200 duration_ms=7.42
[WebServer] 2026-10-04 15:33:39,982 INFO goatfarm [e083caa82f2d43109c9a15c68284408b] request method=GET path=/api/auth/permissions status=200 duration_ms=6.48
[WebServer] 2026-10-04 15:33:40,065 INFO goatfarm [72c44f53850645a7a2af391446ec9d0a] request method=GET path=/api/dashboard status=200 duration_ms=43.96
[WebServer] 2026-10-04 15:33:40,264 INFO goatfarm [0a98b01dc77f472aae53e5e932cf9f67] request method=POST path=/api/auth/refresh status=200 duration_ms=101.51
[WebServer] 2026-10-04 15:33:40,273 INFO goatfarm [5b9b313ff2e54c77889171888b3fac13] request method=GET path=/api/auth/farms status=200 duration_ms=5.23
[WebServer] 2026-10-04 15:33:40,289 INFO goatfarm [c552835c1ca146ea8140f6c56305fb35] request method=GET path=/api/auth/permissions status=200 duration_ms=5.76
[WebServer] 2026-10-04 15:33:40,322 INFO goatfarm [46d043def1284bffa288e6bb5376211f] request method=GET path=/api/animals status=200 duration_ms=14.89
[WebServer] 2026-10-04 15:33:40,752 INFO goatfarm [b6991c84499a4cd7841fbe0a31afad6d] request method=POST path=/api/animals status=201 duration_ms=31.38
[WebServer] 2026-10-04 15:33:40,773 INFO goatfarm [eb950d5cfb554eb6b3250f2b16d81931] request method=GET path=/api/animals status=200 duration_ms=15.94
[WebServer] 2026-10-04 15:33:40,936 INFO goatfarm [38d802aa935f489392d2888055dae17c] request method=POST path=/api/auth/refresh status=200 duration_ms=98.64
[WebServer] 2026-10-04 15:33:40,947 INFO goatfarm [7a617ca1618d4d6b8c13031fd6a9cd13] request method=GET path=/api/auth/farms status=200 duration_ms=7.66
[WebServer] 2026-10-04 15:33:40,966 INFO goatfarm [0d7f02bafcd84c9db6a3c4fa55bad56f] request method=GET path=/api/auth/permissions status=200 duration_ms=9.82
[WebServer] 2026-10-04 15:33:40,992 INFO goatfarm [3de75bfedd0d4a61b3b20025411162e3] request method=GET path=/api/health/schedule-templates status=200 duration_ms=11.39
[WebServer] 2026-10-04 15:33:40,993 INFO goatfarm [faed4c076958443890f4111532aa82dc] request method=GET path=/api/health/events status=200 duration_ms=13.59
[WebServer] 2026-10-04 15:33:41,080 INFO goatfarm [1ac8c98a89fe44c6b62f9b50f5a165e9] request method=GET path=/api/tasks status=200 duration_ms=16.28
[WebServer] 2026-10-04 15:33:41,238 INFO goatfarm [49b4330d2f204553806ddfc7cd67014f] request method=GET path=/api/health/animals status=200 duration_ms=10.93
[WebServer] 2026-10-04 15:33:41,677 INFO goatfarm [310afec6fffb4accba0cda61a3f6d346] request method=POST path=/api/health/events status=201 duration_ms=25.32
[WebServer] 2026-10-04 15:33:41,695 INFO goatfarm [347ce55525a643a89c551cfd8b09cc01] request method=GET path=/api/health/schedule-templates status=200 duration_ms=11.74
[WebServer] 2026-10-04 15:33:41,697 INFO goatfarm [f98295cf24e94e229404071893497eef] request method=GET path=/api/health/events status=200 duration_ms=15.53
[WebServer] 2026-10-04 15:33:41,701 INFO goatfarm [780ebbc9a3ac4f6384946343ab37f8c3] request method=GET path=/api/tasks status=200 duration_ms=18.34
[WebServer] 2026-10-04 15:33:41,874 INFO goatfarm [4d7c353a5e7447aebc36b17a211d9099] request method=POST path=/api/auth/refresh status=200 duration_ms=108.31
[WebServer] 2026-10-04 15:33:41,884 INFO goatfarm [bfb59dda620845c18bf859013357c7e3] request method=GET path=/api/auth/farms status=200 duration_ms=7.04
[WebServer] 2026-10-04 15:33:41,899 INFO goatfarm [e76915b0611b4cbf9becca4d66752ea6] request method=GET path=/api/auth/permissions status=200 duration_ms=6.76
[WebServer] 2026-10-04 15:33:41,926 INFO goatfarm [43ac44c2ee6b4fb1bcc69c05fe29563b] request method=GET path=/api/animals status=200 duration_ms=14.09
[WebServer] 2026-10-04 15:33:42,287 INFO goatfarm [cba4ec62029f4ea5b4858705d3d4cba4] request method=GET path=/api/animals status=200 duration_ms=13.64
[WebServer] 2026-10-04 15:33:42,830 INFO goatfarm [20b5a349b63442469f10ee0261249700] request method=GET path=/api/animals/47 status=200 duration_ms=18.62
[WebServer] 2026-10-04 15:33:42,852 INFO goatfarm [2e9f0df518dd4222bd24bb2902119c6d] request method=GET path=/api/health/restrictions/47 status=200 duration_ms=12.26
[WebServer] 2026-10-04 15:33:42,855 INFO goatfarm [e88b232e205343ee87701f11094c4961] request method=GET path=/api/finance/animals/47/lifetime-pnl status=200 duration_ms=15.55
[WebServer] 2026-10-04 15:33:43,010 INFO goatfarm [1e699b8ed0d14258bb361a4e5bc224c6] request method=POST path=/api/auth/refresh status=200 duration_ms=106.28
[WebServer] 2026-10-04 15:33:43,019 INFO goatfarm [4f8a3df8b57a445dbc3f1faf8cb7ba8e] request method=GET path=/api/auth/farms status=200 duration_ms=5.60
[WebServer] 2026-10-04 15:33:43,033 INFO goatfarm [da7123f413ab4ea0acca4e7ea0a978e0] request method=GET path=/api/auth/permissions status=200 duration_ms=5.84
[WebServer] 2026-10-04 15:33:43,050 INFO goatfarm [e332aa678f054e0da43b9c6766883996] request method=GET path=/api/health/schedule-templates status=200 duration_ms=7.21
[WebServer] 2026-10-04 15:33:43,053 INFO goatfarm [1fc444adb80047cc9dc9a350d4333398] request method=GET path=/api/health/events status=200 duration_ms=11.07
[WebServer] 2026-10-04 15:33:43,136 INFO goatfarm [069e3a8d52b74be18d0d176c07a83212] request method=GET path=/api/health/animals status=200 duration_ms=11.24
[WebServer] 2026-10-04 15:33:43,371 INFO goatfarm [7a4d88bb846a44a18feec73eea30d00c] request method=GET path=/api/health/schedule/47 status=200 duration_ms=28.96
  ✓   80 [webkit] › e2e/health-flow.spec.ts:14:3 › health flow › record a vaccine event — event log, profile health card, schedule badge (4.1s)
[WebServer] 2026-10-04 15:33:43,769 INFO goatfarm [28ae76f23e4f499d830a927f5c620b7b] request method=POST path=/api/auth/refresh status=401 duration_ms=0.63
[WebServer] 2026-10-04 15:33:44,061 INFO goatfarm [de40fe66c1244cd2abefe0073396fc87] request method=POST path=/api/auth/login status=200 duration_ms=161.28
[WebServer] 2026-10-04 15:33:44,072 INFO goatfarm [528b8a9c7ff444169eae98fbfebeb74e] request method=GET path=/api/auth/farms status=200 duration_ms=7.64
[WebServer] 2026-10-04 15:33:44,084 INFO goatfarm [15dd0ae45b5d4f669baf9ff51207971f] request method=GET path=/api/auth/permissions status=200 duration_ms=7.23
[WebServer] 2026-10-04 15:33:44,160 INFO goatfarm [fc941732f06840429d319c2e55703d55] request method=GET path=/api/dashboard status=200 duration_ms=35.19
[WebServer] 2026-10-04 15:33:44,352 INFO goatfarm [5087c6ecf3174534b54ddd84983900b0] request method=POST path=/api/auth/refresh status=200 duration_ms=108.02
[WebServer] 2026-10-04 15:33:44,361 INFO goatfarm [c54447718e454c7db7c2d3b2ea5315f1] request method=GET path=/api/auth/farms status=200 duration_ms=6.06
[WebServer] 2026-10-04 15:33:44,376 INFO goatfarm [7febbfd09b56452485bfe2b6d813f332] request method=GET path=/api/auth/permissions status=200 duration_ms=5.80
[WebServer] 2026-10-04 15:33:44,403 INFO goatfarm [2b4d196514834babaf9a0ff43ee88c93] request method=GET path=/api/animals status=200 duration_ms=11.54
[WebServer] 2026-10-04 15:33:45,094 INFO goatfarm [1d405f99e0544a51936d30cbd7437bd7] request method=POST path=/api/animals status=201 duration_ms=25.53
[WebServer] 2026-10-04 15:33:45,113 INFO goatfarm [61c58707085340e7a00abee04cd9bdba] request method=GET path=/api/animals status=200 duration_ms=13.72
[WebServer] 2026-10-04 15:33:45,285 INFO goatfarm [942f476d208a4f949167d38b664dc072] request method=POST path=/api/auth/refresh status=200 duration_ms=100.67
[WebServer] 2026-10-04 15:33:45,294 INFO goatfarm [226573028f8b43df8685e3b91282b95b] request method=GET path=/api/auth/farms status=200 duration_ms=6.66
[WebServer] 2026-10-04 15:33:45,309 INFO goatfarm [dee984347eb740d6a93a543dbd2680ad] request method=GET path=/api/auth/permissions status=200 duration_ms=6.32
[WebServer] 2026-10-04 15:33:45,372 INFO goatfarm [28ad1ac2fa724da8baa357ac58a747d0] request method=GET path=/api/animals status=200 duration_ms=49.01
[WebServer] 2026-10-04 15:33:46,020 INFO goatfarm [af92fcd7168143a8a635987d154e732b] request method=POST path=/api/animals status=201 duration_ms=25.94
[WebServer] 2026-10-04 15:33:46,040 INFO goatfarm [3cf29518154145d6885abd73a985f48d] request method=GET path=/api/animals status=200 duration_ms=16.44
[WebServer] 2026-10-04 15:33:46,215 INFO goatfarm [df457a4441fc428db68d8fbc11a91e10] request method=POST path=/api/auth/refresh status=200 duration_ms=106.01
[WebServer] 2026-10-04 15:33:46,225 INFO goatfarm [40785e48dee349a892ceec44854ad307] request method=GET path=/api/auth/farms status=200 duration_ms=6.59
[WebServer] 2026-10-04 15:33:46,241 INFO goatfarm [6e0a8a816f094039a20069b928a42d06] request method=GET path=/api/auth/permissions status=200 duration_ms=5.87
[WebServer] 2026-10-04 15:33:46,283 INFO goatfarm [cd88a9a433dc4cd9b217bd4db9481f30] request method=GET path=/api/breeding status=200 duration_ms=17.39
[WebServer] 2026-10-04 15:33:46,501 INFO goatfarm [9bfe7866ff504ff28591c5a6db63a12a] request method=GET path=/api/breeding/candidates status=200 duration_ms=14.69
[WebServer] 2026-10-04 15:33:46,711 INFO goatfarm [85c9ca39e31b4ecc97b6cc07e3c4838e] request method=GET path=/api/breeding/candidates status=200 duration_ms=11.61
[WebServer] 2026-10-04 15:33:46,940 INFO goatfarm [e036c9803acd44259257ed80c0627b7f] request method=POST path=/api/breeding status=201 duration_ms=35.39
[WebServer] 2026-10-04 15:33:46,960 INFO goatfarm [247460d0f8b74832922209727f8139cd] request method=GET path=/api/breeding status=200 duration_ms=16.44
[WebServer] 2026-10-04 15:33:47,137 INFO goatfarm [471f3cba33ce44a285fbb687e4512a10] request method=POST path=/api/auth/refresh status=200 duration_ms=108.70
[WebServer] 2026-10-04 15:33:47,146 INFO goatfarm [eae66201a7da4f20942cf2c067c27879] request method=GET path=/api/auth/farms status=200 duration_ms=5.79
[WebServer] 2026-10-04 15:33:47,160 INFO goatfarm [16c03b8e365848e699ff0fbfdeb0f5e5] request method=GET path=/api/auth/permissions status=200 duration_ms=5.47
[WebServer] 2026-10-04 15:33:47,186 INFO goatfarm [02b032f378c34838866e128de0f0f64d] request method=GET path=/api/breeding status=200 duration_ms=18.38
[WebServer] 2026-10-04 15:33:47,520 INFO goatfarm [6f5a3c3dff3745f686cb5715f4b03f34] request method=POST path=/api/breeding/10/ultrasound status=200 duration_ms=41.19
[WebServer] 2026-10-04 15:33:47,539 INFO goatfarm [f12066babc69463bb6a748a377fc4a5f] request method=GET path=/api/breeding status=200 duration_ms=16.34
[WebServer] 2026-10-04 15:33:47,688 INFO goatfarm [50a11d474cd24bc19f2d16b7b6799805] request method=POST path=/api/auth/refresh status=200 duration_ms=108.14
[WebServer] 2026-10-04 15:33:47,698 INFO goatfarm [f10cfbebd2364917b2f0290ea3d82e4c] request method=GET path=/api/auth/farms status=200 duration_ms=6.44
[WebServer] 2026-10-04 15:33:47,713 INFO goatfarm [3deece4f19ba45cf971cdfdf7f11754c] request method=GET path=/api/auth/permissions status=200 duration_ms=6.13
[WebServer] 2026-10-04 15:33:47,748 INFO goatfarm [e98b8150964d4ad2853fdb2e3e440dcb] request method=GET path=/api/kidding status=200 duration_ms=26.44
[WebServer] 2026-10-04 15:33:48,064 INFO goatfarm [151f934b373743a7b376d16ad734d22c] request method=POST path=/api/kidding status=201 duration_ms=83.42
[WebServer] 2026-10-04 15:33:48,117 INFO goatfarm [bbcaa3b87f0a48f78a19d268d4b2ff84] request method=GET path=/api/kidding status=200 duration_ms=50.00
[WebServer] 2026-10-04 15:33:48,324 INFO goatfarm [0b343fc936ed44a4abfcc9c5e3a27934] request method=POST path=/api/auth/refresh status=200 duration_ms=99.69
[WebServer] 2026-10-04 15:33:48,334 INFO goatfarm [cbc128a4b62a4328abd71d7ef8d2dfaa] request method=GET path=/api/auth/farms status=200 duration_ms=6.41
[WebServer] 2026-10-04 15:33:48,350 INFO goatfarm [d1a0b99f261347e8933241ac962986ff] request method=GET path=/api/auth/permissions status=200 duration_ms=6.95
[WebServer] 2026-10-04 15:33:48,389 INFO goatfarm [b169647b3e67404089d0eceeefdb3fff] request method=GET path=/api/animals status=200 duration_ms=14.79
[WebServer] 2026-10-04 15:33:48,745 INFO goatfarm [8d4b82e091a2426da251257aa2ea3043] request method=GET path=/api/animals status=200 duration_ms=16.12
[WebServer] 2026-10-04 15:33:49,567 INFO goatfarm [372c85377e724355a62ab659587d57f7] request method=GET path=/api/animals status=200 duration_ms=15.32
[WebServer] 2026-10-04 15:33:50,192 INFO goatfarm [e38a57522eda4eeaac8d7530353fc9d1] request method=POST path=/api/auth/refresh status=200 duration_ms=100.60
[WebServer] 2026-10-04 15:33:50,202 INFO goatfarm [6b7324756220477e83bd18f453a514a9] request method=GET path=/api/auth/farms status=200 duration_ms=6.54
[WebServer] 2026-10-04 15:33:50,216 INFO goatfarm [7359516c18254e689f88c3248f9861e5] request method=GET path=/api/auth/permissions status=200 duration_ms=5.99
[WebServer] 2026-10-04 15:33:50,246 INFO goatfarm [e3b76345160841eb9f937d96d9a0ce98] request method=GET path=/api/animals status=200 duration_ms=15.95
[WebServer] 2026-10-04 15:33:50,611 INFO goatfarm [3d1db29de2a2474daf30a92d4fc6624c] request method=GET path=/api/animals status=200 duration_ms=13.66
[WebServer] 2026-10-04 15:33:51,155 INFO goatfarm [5a1445ea5a9d4a13b685599ae330c759] request method=GET path=/api/animals/50 status=200 duration_ms=14.85
[WebServer] 2026-10-04 15:33:51,176 INFO goatfarm [25152367821f4735919503baebe69ad8] request method=GET path=/api/finance/animals/50/lifetime-pnl status=200 duration_ms=12.02
[WebServer] 2026-10-04 15:33:51,177 INFO goatfarm [3ea40718eaa74e429860a8e5f49488cd] request method=GET path=/api/health/restrictions/50 status=200 duration_ms=12.31
[WebServer] 2026-10-04 15:33:51,329 INFO goatfarm [0e4715e50c5144cd955b6f74d2db60a3] request method=POST path=/api/auth/refresh status=200 duration_ms=103.53
[WebServer] 2026-10-04 15:33:51,339 INFO goatfarm [4eeaad6bc8af43438360d3aa98818026] request method=GET path=/api/auth/farms status=200 duration_ms=7.07
[WebServer] 2026-10-04 15:33:51,355 INFO goatfarm [4a7db9f9865c4652a0647ae1a277b34a] request method=GET path=/api/auth/permissions status=200 duration_ms=6.81
[WebServer] 2026-10-04 15:33:51,385 INFO goatfarm [a8ad068c0a844120bc77389ba71dee07] request method=GET path=/api/animals status=200 duration_ms=17.04
[WebServer] 2026-10-04 15:33:51,751 INFO goatfarm [181fde2652904bbcb0bb36b3b97f4c84] request method=GET path=/api/animals status=200 duration_ms=16.50
[WebServer] 2026-10-04 15:33:52,264 INFO goatfarm [2d5ae0462b4f4a9d91300228c04f85ba] request method=GET path=/api/animals/48 status=200 duration_ms=20.91
[WebServer] 2026-10-04 15:33:52,282 INFO goatfarm [95562067da3549cab180f1e4087590a8] request method=GET path=/api/health/restrictions/48 status=200 duration_ms=8.89
[WebServer] 2026-10-04 15:33:52,286 INFO goatfarm [18f7264f59a24bc38894fe1031bac611] request method=GET path=/api/finance/animals/48/lifetime-pnl status=200 duration_ms=14.53
  ✓   81 [webkit] › e2e/kidding-flow.spec.ts:16:3 › kidding flow › overdue pregnancy is kidded with twins — kids become animals, doe moves to RECOVERY (8.9s)
[WebServer] 2026-10-04 15:33:52,675 INFO goatfarm [195b10a5eefb4f869f0e7d439f9c6c82] request method=POST path=/api/auth/refresh status=401 duration_ms=0.48
[WebServer] 2026-10-04 15:33:52,969 INFO goatfarm [606fc2ea3ecf4c9a9d95d3f5f0352f1d] request method=POST path=/api/auth/login status=200 duration_ms=159.61
[WebServer] 2026-10-04 15:33:52,981 INFO goatfarm [27833f93b24f4a4798b8f11913434224] request method=GET path=/api/auth/farms status=200 duration_ms=8.04
[WebServer] 2026-10-04 15:33:52,992 INFO goatfarm [daeba1b11e77426980a8aacd39af0adc] request method=GET path=/api/auth/permissions status=200 duration_ms=6.73
[WebServer] 2026-10-04 15:33:53,073 INFO goatfarm [d1ebc239bf0d434dbc16115ddcd37e9a] request method=GET path=/api/dashboard status=200 duration_ms=43.56
[WebServer] 2026-10-04 15:33:53,294 INFO goatfarm [e138bcf732034e399b344b2b1157de8c] request method=GET path=/api/animals status=200 duration_ms=13.16
[WebServer] 2026-10-04 15:33:53,676 INFO goatfarm [c87dd70ca3ac49929426fcc4026004af] request method=GET path=/api/buckets status=200 duration_ms=13.47
[WebServer] 2026-10-04 15:33:54,052 INFO goatfarm [23175bad0c384c66b871c4b18376d4f3] request method=GET path=/api/breeding status=200 duration_ms=17.31
[WebServer] 2026-10-04 15:33:54,612 INFO goatfarm [51b93694eef447eb97e2ed4de6066d54] request method=GET path=/api/kidding status=200 duration_ms=22.74
[WebServer] 2026-10-04 15:33:54,705 INFO goatfarm [11fcf47f0aab4398a902435c5b7dde78] request method=GET path=/api/health/schedule-templates status=200 duration_ms=9.70
[WebServer] 2026-10-04 15:33:54,705 INFO goatfarm [a8b1cf0e1436493abf608f965a69397b] request method=GET path=/api/health/events status=200 duration_ms=11.93
[WebServer] 2026-10-04 15:33:54,810 INFO goatfarm [7a2e7ecad6b741dfa1f37253a870df64] request method=GET path=/api/purchases status=200 duration_ms=12.00
[WebServer] 2026-10-04 15:33:55,184 INFO goatfarm [45ec083bfe8347fa817da89cc66079f5] request method=GET path=/api/feeding/records status=200 duration_ms=15.23
[WebServer] 2026-10-04 15:33:55,186 INFO goatfarm [897d1d6a10c9470b99483d7bcd5e4125] request method=GET path=/api/feeding/recipes status=200 duration_ms=16.46
[WebServer] 2026-10-04 15:33:55,189 INFO goatfarm [b452d151a1164117bb98621b402cfbce] request method=GET path=/api/feeding/plan status=200 duration_ms=21.54
[WebServer] 2026-10-04 15:33:55,557 INFO goatfarm [a029cb46a3be40f98db5bad8d92df05d] request method=GET path=/api/tasks status=200 duration_ms=10.62
[WebServer] 2026-10-04 15:33:56,141 INFO goatfarm [6c07a2c4a06d4db29955329da865fb39] request method=GET path=/api/finance status=200 duration_ms=17.17
[WebServer] 2026-10-04 15:33:56,544 INFO goatfarm [034ceb3178f8475492bcef860f5dc187] request method=GET path=/api/simulation/defaults status=200 duration_ms=7.23
[WebServer] 2026-10-04 15:33:56,544 INFO goatfarm [404d7ac506fd47b7bc66f4dd915688b6] request method=GET path=/api/simulation/defaults/breeds status=200 duration_ms=8.44
[WebServer] 2026-10-04 15:33:56,550 INFO goatfarm [6187574f1cf74b74828125da7f972018] request method=GET path=/api/planner/plans status=200 duration_ms=13.00
[WebServer] 2026-10-04 15:33:56,935 INFO goatfarm [2f6f4ce378f94a5e9ec54a063d0e6474] request method=GET path=/api/simulation/scenarios status=200 duration_ms=9.80
[WebServer] 2026-10-04 15:33:58,003 INFO goatfarm [73cb5a5ae81d4159a619d1f2aa322a29] request method=GET path=/api/dashboard/reports status=200 duration_ms=19.46
[WebServer] 2026-10-04 15:33:58,551 INFO goatfarm [25ccbbaa567946adb07ee552c2d0374a] request method=GET path=/api/team status=200 duration_ms=10.93
  ✓   82 [webkit] › e2e/navigation-rbac.spec.ts:25:3 › navigation and access control › every nav item loads its page without errors (6.3s)
[WebServer] 2026-10-04 15:33:58,961 INFO goatfarm [d5de47eabff84752921bcbd92616a311] request method=POST path=/api/auth/refresh status=401 duration_ms=0.53
[WebServer] 2026-10-04 15:33:59,072 INFO goatfarm [628dc7d2c4aa40ab89eec51ea176fbad] request method=POST path=/api/auth/refresh status=401 duration_ms=0.84
[WebServer] 2026-10-04 15:33:59,158 INFO goatfarm [66679618c28d4fbb8dfec8f94f4140c5] request method=POST path=/api/auth/refresh status=401 duration_ms=0.63
[WebServer] 2026-10-04 15:33:59,237 INFO goatfarm [11401a9ffd3541989d5496318a96a4dc] request method=POST path=/api/auth/refresh status=401 duration_ms=0.50
[WebServer] 2026-10-04 15:33:59,330 INFO goatfarm [8283d00cfdc04d9cb20c77de5bcb0f3e] request method=POST path=/api/auth/refresh status=401 duration_ms=0.87
[WebServer] 2026-10-04 15:33:59,407 INFO goatfarm [f80db73a5b1148a6b767618ae32de7c9] request method=POST path=/api/auth/refresh status=401 duration_ms=0.64
[WebServer] 2026-10-04 15:33:59,486 INFO goatfarm [17b3ae96ec71429c9f030ac98743e4e8] request method=POST path=/api/auth/refresh status=401 duration_ms=0.67
[WebServer] 2026-10-04 15:33:59,581 INFO goatfarm [418c6d533d1b45b3b1f86fa0d47018cb] request method=POST path=/api/auth/refresh status=401 duration_ms=0.68
[WebServer] 2026-10-04 15:33:59,675 INFO goatfarm [c69cf8b7356f4703a454c8518b86538e] request method=POST path=/api/auth/refresh status=401 duration_ms=0.66
[WebServer] 2026-10-04 15:33:59,773 INFO goatfarm [e2d980f71feb424e9a084d4a45e865e3] request method=POST path=/api/auth/refresh status=401 duration_ms=0.75
[WebServer] 2026-10-04 15:33:59,861 INFO goatfarm [e437a5de1a634171829123a4003c2a8b] request method=POST path=/api/auth/refresh status=401 duration_ms=0.60
[WebServer] 2026-10-04 15:33:59,934 INFO goatfarm [8e4afe7dc73d4458a80c5ee834c2628a] request method=POST path=/api/auth/refresh status=401 duration_ms=0.64
[WebServer] 2026-10-04 15:34:00,026 INFO goatfarm [9a8a5c67bf664799a2f0d933682946b8] request method=POST path=/api/auth/refresh status=401 duration_ms=1.25
[WebServer] 2026-10-04 15:34:00,118 INFO goatfarm [b785a3977631403abf4b6cf67f5315c5] request method=POST path=/api/auth/refresh status=401 duration_ms=1.24
[WebServer] 2026-10-04 15:34:00,213 INFO goatfarm [b62122814f4249a296488b8a187cb929] request method=POST path=/api/auth/refresh status=401 duration_ms=0.55
  ✓   83 [webkit] › e2e/navigation-rbac.spec.ts:42:3 › navigation and access control › logged-out direct-URL access redirects every app page to /login (1.7s)
[WebServer] 2026-10-04 15:34:00,641 INFO goatfarm [3770e0bdbe4b47e8adf66885c77c079c] request method=POST path=/api/auth/refresh status=401 duration_ms=0.93
[WebServer] 2026-10-04 15:34:00,928 INFO goatfarm [28922394866940efade1f83e99c15653] request method=POST path=/api/auth/login status=200 duration_ms=168.70
[WebServer] 2026-10-04 15:34:00,944 INFO goatfarm [7ff90bb0f1ee41e296b52286e21a4490] request method=GET path=/api/auth/farms status=200 duration_ms=12.49
[WebServer] 2026-10-04 15:34:00,955 INFO goatfarm [3040d528189d44429346b68859f35a60] request method=GET path=/api/auth/permissions status=200 duration_ms=6.34
[WebServer] 2026-10-04 15:34:01,082 INFO goatfarm [68574658d53141289ddc5d1fc1cf0429] request method=GET path=/api/dashboard status=200 duration_ms=65.25
[WebServer] 2026-10-04 15:34:01,225 INFO goatfarm [dcefcecc2fa34e95b3ac7134e5dab332] request method=POST path=/api/auth/refresh status=200 duration_ms=104.98
[WebServer] 2026-10-04 15:34:01,239 INFO goatfarm [fed2c884e29f4b049a9e4a0f6423bae7] request method=GET path=/api/auth/farms status=200 duration_ms=10.07
[WebServer] 2026-10-04 15:34:01,256 INFO goatfarm [c9109b1273f140139f527a270a0666ba] request method=GET path=/api/auth/permissions status=200 duration_ms=7.12
[WebServer] 2026-10-04 15:34:01,446 INFO goatfarm [333cd7c326594555878712f78f0ab815] request method=POST path=/api/ops-sim/run status=200 duration_ms=10.59
  ✓   84 [webkit] › e2e/ops-simulation.spec.ts:17:3 › ops simulation › renders its sections and replays the toy herd for one week (1.3s)
[WebServer] 2026-10-04 15:34:01,954 INFO goatfarm [494d432d82b4447b905ed2980fff839f] request method=POST path=/api/auth/refresh status=401 duration_ms=0.62
[WebServer] 2026-10-04 15:34:02,243 INFO goatfarm [c0334dc532a54bc99005ac3576261239] request method=POST path=/api/auth/login status=200 duration_ms=158.64
[WebServer] 2026-10-04 15:34:02,255 INFO goatfarm [cc9d8766e7b845c085184d7c92d763e4] request method=GET path=/api/auth/farms status=200 duration_ms=8.58
[WebServer] 2026-10-04 15:34:02,268 INFO goatfarm [da25761af4ee4ca8adb9883521d16a79] request method=GET path=/api/auth/permissions status=200 duration_ms=7.56
[WebServer] 2026-10-04 15:34:02,344 INFO goatfarm [ad79f164a83448649badb0b93b838fa5] request method=GET path=/api/dashboard status=200 duration_ms=38.59
[WebServer] 2026-10-04 15:34:02,552 INFO goatfarm [e3d7f569cfe24b949a718f1d181f5dd0] request method=POST path=/api/auth/refresh status=200 duration_ms=112.24
[WebServer] 2026-10-04 15:34:02,559 INFO goatfarm [1f99d9d702344699a79c0910fab54db3] request method=GET path=/api/auth/farms status=200 duration_ms=4.54
[WebServer] 2026-10-04 15:34:02,574 INFO goatfarm [43262e0d66a2420785abccb3255b6fbd] request method=GET path=/api/auth/permissions status=200 duration_ms=5.26
  ✓   85 [webkit] › e2e/ops-simulation.spec.ts:62:3 › ops simulation › a row without a tag is reported inline, blocks the run, and never reaches the API (1.2s)
[WebServer] 2026-10-04 15:34:03,343 INFO goatfarm [16e408244e054eb1bd1970be25be2979] request method=POST path=/api/auth/register status=201 duration_ms=149.40
[WebServer] 2026-10-04 15:34:03,363 INFO goatfarm [f9d964bc61804c10a283f8401950ee61] request method=POST path=/api/auth/farms status=201 duration_ms=16.89
[WebServer] 2026-10-04 15:34:03,374 INFO goatfarm [6b312e85e2f8490e8d4b11659456751a] request method=GET path=/api/team status=200 duration_ms=8.38
[WebServer] 2026-10-04 15:34:03,451 INFO goatfarm.audit [64dd0f108df04062bdd52875501bb8a6] security_event event='team.worker.create' farm_id=19 actor_id=35 membership_id=15 user_id=36 role_id=174 — provisioned worker account with must-change credential
[WebServer] 2026-10-04 15:34:03,451 INFO goatfarm [64dd0f108df04062bdd52875501bb8a6] request method=POST path=/api/team/workers status=201 duration_ms=72.55
[WebServer] 2026-10-04 15:34:03,590 INFO goatfarm [5339a09e2a8942359617b4daec816cf7] request method=POST path=/api/auth/login status=200 duration_ms=135.99
[WebServer] 2026-10-04 15:34:03,764 INFO goatfarm.audit [b36ed6f8a76849218ae69534ed2bfa87] security_event event='auth.password.changed' user_id=36 — Password changed (all sessions revoked)
[WebServer] 2026-10-04 15:34:03,764 INFO goatfarm [b36ed6f8a76849218ae69534ed2bfa87] request method=POST path=/api/auth/change-password status=200 duration_ms=170.67
[WebServer] 2026-10-04 15:34:03,774 INFO goatfarm [f2a9b59e521d42b99996aa7840819ca0] request method=GET path=/api/auth/permissions status=200 duration_ms=7.33
[WebServer] 2026-10-04 15:34:04,005 INFO goatfarm [36825448ec6c4164806044db25fd757b] request method=POST path=/api/auth/refresh status=401 duration_ms=0.58
[WebServer] 2026-10-04 15:34:04,309 INFO goatfarm [56aa924913e64e248f959ea8030d8d76] request method=POST path=/api/auth/login status=200 duration_ms=146.54
[WebServer] 2026-10-04 15:34:04,319 INFO goatfarm [46937b3ebec74eb0b7131443f5025a8c] request method=GET path=/api/auth/farms status=200 duration_ms=6.57
[WebServer] 2026-10-04 15:34:04,329 INFO goatfarm [4d9ede5a2b024b2d9edb919a241fd953] request method=GET path=/api/auth/permissions status=200 duration_ms=5.41
[WebServer] 2026-10-04 15:34:04,405 INFO goatfarm [00ac717da477435b9625213118a99a5b] request method=GET path=/api/dashboard status=200 duration_ms=35.83
[WebServer] 2026-10-04 15:34:04,615 INFO goatfarm [8b609ec5be8540cdadf6bc42f5fcedc0] request method=POST path=/api/auth/refresh status=200 duration_ms=102.43
[WebServer] 2026-10-04 15:34:04,625 INFO goatfarm [3058f835b85645dc800dc0bfad00008d] request method=GET path=/api/auth/farms status=200 duration_ms=6.69
[WebServer] 2026-10-04 15:34:04,641 INFO goatfarm [1dbdbdaaa0254293a46024d4855bae34] request method=GET path=/api/auth/permissions status=200 duration_ms=6.14
[WebServer] 2026-10-04 15:34:04,666 INFO goatfarm [f2e9fbdc142847c08fae0ab9952333e9] request method=GET path=/api/team status=200 duration_ms=15.93
[WebServer] 2026-10-04 15:34:05,169 INFO goatfarm.audit [9eec9179ebc4429e869457fa776578f5] security_event event='auth.farm.ownership_transferred' farm_id=19 user_id=35 new_owner_id=36 — Farm ownership transferred
[WebServer] 2026-10-04 15:34:05,170 INFO goatfarm [9eec9179ebc4429e869457fa776578f5] request method=POST path=/api/auth/farms/19/transfer-ownership status=200 duration_ms=80.77
[WebServer] 2026-10-04 15:34:05,180 INFO goatfarm [197c751588784f1d86ed1183a968746e] request method=GET path=/api/auth/farms status=200 duration_ms=7.28
[WebServer] 2026-10-04 15:34:05,220 INFO goatfarm [7c9abf816de146a096a9b59e8310d714] request method=GET path=/api/auth/permissions status=404 duration_ms=9.37
[WebServer] 2026-10-04 15:34:05,229 INFO goatfarm [13b14c4a3ea24a48826eeb57278b4adb] request method=GET path=/api/auth/farms status=200 duration_ms=5.83
[WebServer] 2026-10-04 15:34:05,235 WARNING goatfarm.audit [895ea99a0d8242b8ae63e75894e63213] security_signal_started event='auth.token.version_mismatch' aggregation='process-memory' — revoked-generation access tokens presented
[WebServer] 2026-10-04 15:34:05,235 INFO goatfarm [895ea99a0d8242b8ae63e75894e63213] request method=GET path=/api/auth/farms status=401 duration_ms=3.84
[WebServer] 2026-10-04 15:34:05,374 INFO goatfarm [c2274eef548a4d6f84c5d0d7c98aa5ff] request method=POST path=/api/auth/login status=200 duration_ms=136.84
[WebServer] 2026-10-04 15:34:05,382 INFO goatfarm [923799748a654619b0a2708ffd093676] request method=GET path=/api/auth/permissions status=200 duration_ms=5.00
[WebServer] 2026-10-04 15:34:05,394 INFO goatfarm [daed9a84baa345509135f3b498c41913] request method=GET path=/api/auth/farms status=200 duration_ms=8.68
  ✓   86 [webkit] › e2e/ownership-transfer.spec.ts:18:1 › an owner transfers a separate farm to a password-rotated member through Team (2.6s)
[WebServer] 2026-10-04 15:34:05,784 INFO goatfarm [848a9e67bb9041b1b5be4cdaa771d5b1] request method=POST path=/api/auth/refresh status=401 duration_ms=0.73
[WebServer] 2026-10-04 15:34:06,068 INFO goatfarm [ba518198b41d4be5aa74e0b761138680] request method=POST path=/api/auth/login status=200 duration_ms=157.15
[WebServer] 2026-10-04 15:34:06,079 INFO goatfarm [33a84892800c4053b3de5ae0099482f7] request method=GET path=/api/auth/farms status=200 duration_ms=7.52
[WebServer] 2026-10-04 15:34:06,092 INFO goatfarm [a9cc0f3e3e59491897c79104f509b378] request method=GET path=/api/auth/permissions status=200 duration_ms=7.26
[WebServer] 2026-10-04 15:34:06,168 INFO goatfarm [4c9fbb9653bd454d81e380f53a9a4d99] request method=GET path=/api/dashboard status=200 duration_ms=37.42
[WebServer] 2026-10-04 15:34:06,359 INFO goatfarm [c68ffdf174c247dbae700d8c77f82087] request method=POST path=/api/auth/refresh status=200 duration_ms=108.31
[WebServer] 2026-10-04 15:34:06,370 INFO goatfarm [4f30c133cf314ae78c3d0178b658b17b] request method=GET path=/api/auth/farms status=200 duration_ms=7.28
[WebServer] 2026-10-04 15:34:06,385 INFO goatfarm [d42d107bb961427eaee138c7813cdb70] request method=GET path=/api/auth/permissions status=200 duration_ms=6.17
[WebServer] 2026-10-04 15:34:06,408 INFO goatfarm [89d2fe2659d84611824811a1b04478bd] request method=GET path=/api/simulation/defaults status=200 duration_ms=5.82
[WebServer] 2026-10-04 15:34:06,408 INFO goatfarm [b1c6531437fe430c9e62eb2b2e6f0ba8] request method=GET path=/api/simulation/defaults/breeds status=200 duration_ms=7.23
[WebServer] 2026-10-04 15:34:06,414 INFO goatfarm [cfda1697d3134092a533259da1d2a6d6] request method=GET path=/api/planner/plans status=200 duration_ms=11.10
[WebServer] 2026-10-04 15:34:07,356 INFO goatfarm [9b484246c7aa4707a054e407b9d4bdff] request method=POST path=/api/planner/plan status=200 duration_ms=793.36
  ✓   87 [webkit] › e2e/planner.spec.ts:23:3 › planner › renders its sections, plans a sale target, and keeps owner access (2.0s)
[WebServer] 2026-10-04 15:34:07,801 INFO goatfarm [11c0c55f15384a708e62d8ede9dbc187] request method=POST path=/api/auth/refresh status=401 duration_ms=0.74
[WebServer] 2026-10-04 15:34:08,070 INFO goatfarm [0156aa9a1baa46a8875590f1e4a16bf8] request method=POST path=/api/auth/login status=200 duration_ms=159.33
[WebServer] 2026-10-04 15:34:08,083 INFO goatfarm [1038427cbc54427e9b1bea36d33d8b7b] request method=GET path=/api/auth/farms status=200 duration_ms=9.18
[WebServer] 2026-10-04 15:34:08,095 INFO goatfarm [d41ca846413e41df96c97426978bdfae] request method=GET path=/api/auth/permissions status=200 duration_ms=7.45
[WebServer] 2026-10-04 15:34:08,165 INFO goatfarm [079d427f539f48ad931ec4fa19dfbe88] request method=GET path=/api/dashboard status=200 duration_ms=33.73
[WebServer] 2026-10-04 15:34:08,354 INFO goatfarm [e4769d72023a4a069d3808427028078b] request method=POST path=/api/auth/refresh status=200 duration_ms=103.77
[WebServer] 2026-10-04 15:34:08,366 INFO goatfarm [e28c54993972411bbaa88e365fa63518] request method=GET path=/api/auth/farms status=200 duration_ms=7.69
[WebServer] 2026-10-04 15:34:08,386 INFO goatfarm [af6d4bc112ff4f1cb12c4329c655972b] request method=GET path=/api/auth/permissions status=200 duration_ms=8.68
[WebServer] 2026-10-04 15:34:08,408 INFO goatfarm [bf38efb17f4d4dbc8bb48ffeb56fcaa9] request method=GET path=/api/simulation/defaults/breeds status=200 duration_ms=7.07
[WebServer] 2026-10-04 15:34:08,408 INFO goatfarm [3bb07a5dd9244fb69c19d4ee4ca68c44] request method=GET path=/api/simulation/defaults status=200 duration_ms=6.28
[WebServer] 2026-10-04 15:34:08,417 INFO goatfarm [5e1d8529ead943edbbf9928d7dfade76] request method=GET path=/api/planner/plans status=200 duration_ms=14.61
  ✓   88 [webkit] › e2e/planner.spec.ts:68:3 › planner › a target in the plan's start month is rejected inline and blocks the run (1.1s)
[WebServer] 2026-10-04 15:34:08,906 INFO goatfarm [903b395e78d5481d84b3004613fc49f0] request method=POST path=/api/auth/refresh status=401 duration_ms=0.61
[WebServer] 2026-10-04 15:34:09,214 INFO goatfarm [224cc43f7e9b48ad8c609067be086adc] request method=POST path=/api/auth/login status=200 duration_ms=157.69
[WebServer] 2026-10-04 15:34:09,225 INFO goatfarm [1cc060329106443d803cff169420cfde] request method=GET path=/api/auth/farms status=200 duration_ms=7.62
[WebServer] 2026-10-04 15:34:09,239 INFO goatfarm [24a4eb8e1d574c4da28028dcc617ec8c] request method=GET path=/api/auth/permissions status=200 duration_ms=7.57
[WebServer] 2026-10-04 15:34:09,311 INFO goatfarm [bc77177cab534fff8596d8702662d009] request method=GET path=/api/dashboard status=200 duration_ms=35.63
[WebServer] 2026-10-04 15:34:09,499 INFO goatfarm [4bc739d9a7cc4a2cae180e1588ec021a] request method=POST path=/api/auth/refresh status=200 duration_ms=101.32
[WebServer] 2026-10-04 15:34:09,509 INFO goatfarm [ede5f408d06e4ab1adf523716bb4281d] request method=GET path=/api/auth/farms status=200 duration_ms=5.92
[WebServer] 2026-10-04 15:34:09,523 INFO goatfarm [1dfb26126ee54fff82baf59c193c77b0] request method=GET path=/api/auth/permissions status=200 duration_ms=4.91
[WebServer] 2026-10-04 15:34:09,544 INFO goatfarm [e83f3badfcde4259b458cc756b95d0c2] request method=GET path=/api/purchases status=200 duration_ms=8.79
[WebServer] 2026-10-04 15:34:09,872 INFO goatfarm [82bdf9a121ea4b82932421aa105ac4c3] request method=POST path=/api/purchases/new status=201 duration_ms=49.91
[WebServer] 2026-10-04 15:34:09,887 INFO goatfarm [b7305d0115ea42d298692eece6d426b8] request method=GET path=/api/purchases status=200 duration_ms=11.71
[WebServer] 2026-10-04 15:34:10,021 INFO goatfarm [ff5da529dab84f93828b90b2064c9288] request method=GET path=/api/purchases/4 status=200 duration_ms=51.68
[WebServer] 2026-10-04 15:34:10,283 INFO goatfarm [71767b546a744cbea619fcd758657947] request method=POST path=/api/auth/refresh status=200 duration_ms=102.25
[WebServer] 2026-10-04 15:34:10,293 INFO goatfarm [cba8b67d448c40adbef5899a6a7c70cd] request method=GET path=/api/auth/farms status=200 duration_ms=6.86
[WebServer] 2026-10-04 15:34:10,307 INFO goatfarm [b2b5baf1edf04a4cab6ccf1f283b748a] request method=GET path=/api/auth/permissions status=200 duration_ms=5.51
[WebServer] 2026-10-04 15:34:10,337 INFO goatfarm [2cc1006e8c134f2198b82023126afc4a] request method=GET path=/api/animals status=200 duration_ms=15.08
[WebServer] 2026-10-04 15:34:10,709 INFO goatfarm [45d1ba1ae3ae4600966503ec372acf7f] request method=GET path=/api/animals status=200 duration_ms=15.64
  ✓   89 [webkit] › e2e/purchases.spec.ts:6:3 › purchases › a new batch stubs animals into QUARANTINE with the 45-day task schedule (2.7s)
[WebServer] 2026-10-04 15:34:11,614 INFO goatfarm [f14b4608b49c4371a6564736a670a2e2] request method=POST path=/api/auth/refresh status=401 duration_ms=0.63
[WebServer] 2026-10-04 15:34:11,875 INFO goatfarm [a4c5e237fd71402cbdd99fe687997cfb] request method=POST path=/api/auth/register status=201 duration_ms=148.55
[WebServer] 2026-10-04 15:34:11,886 INFO goatfarm [b840fb4f3c9b40248eb6788bb33e04ed] request method=GET path=/api/auth/farms status=200 duration_ms=7.55
[WebServer] 2026-10-04 15:34:12,000 INFO goatfarm [71d3d837bb5c474095be42ffb6b5ddc9] request method=POST path=/api/auth/farms status=201 duration_ms=20.74
[WebServer] 2026-10-04 15:34:12,012 INFO goatfarm [c19b5df6c4894ea0a9a0821b6917f9b2] request method=GET path=/api/auth/farms status=200 duration_ms=7.74
[WebServer] 2026-10-04 15:34:12,022 INFO goatfarm [94d63bac23134d4c9fa163f76ad0fcfe] request method=GET path=/api/auth/permissions status=200 duration_ms=6.19
[WebServer] 2026-10-04 15:34:12,089 INFO goatfarm [0ece5a9389014ce19ba35ea038949b45] request method=GET path=/api/dashboard status=200 duration_ms=34.46
[WebServer] 2026-10-04 15:34:12,259 INFO goatfarm [8980215d5bf2418d85aedb059aa2ae61] request method=GET path=/api/animals status=200 duration_ms=9.49
  ✓   90 [webkit] › e2e/register.spec.ts:6:3 › registration › a new user registers, creates a farm and reaches its dashboard (1.1s)
[WebServer] 2026-10-04 15:34:12,683 INFO goatfarm [e8075c6b7a424eb280c7a6445b50afe2] request method=POST path=/api/auth/refresh status=401 duration_ms=0.61
[WebServer] 2026-10-04 15:34:12,968 INFO goatfarm [55f6486466054b8d86bfefd5be082dba] request method=POST path=/api/auth/login status=200 duration_ms=154.79
[WebServer] 2026-10-04 15:34:12,979 INFO goatfarm [2357db5c593e41ac897980fa218975f4] request method=GET path=/api/auth/farms status=200 duration_ms=6.69
[WebServer] 2026-10-04 15:34:12,991 INFO goatfarm [ca67849b66ce4298b5a6085a7ddcee01] request method=GET path=/api/auth/permissions status=200 duration_ms=6.27
[WebServer] 2026-10-04 15:34:13,065 INFO goatfarm [d0d5d9fd5353461ab6b8268438dec02b] request method=GET path=/api/dashboard status=200 duration_ms=33.55
[WebServer] 2026-10-04 15:34:13,271 INFO goatfarm [d00eb9ac2da343428443ea2ca7ac1eeb] request method=POST path=/api/auth/refresh status=200 duration_ms=110.95
[WebServer] 2026-10-04 15:34:13,285 INFO goatfarm [1f8b7093f539408b81ad351bf101f2c3] request method=GET path=/api/auth/farms status=200 duration_ms=10.06
[WebServer] 2026-10-04 15:34:13,315 INFO goatfarm [c3c11519d66149ccaa3f8ff71a342317] request method=GET path=/api/auth/permissions status=200 duration_ms=11.47
  ✓   91 [webkit] › e2e/screening.spec.ts:161:3 › screening review › scoreboard → queue → detail → confirm → conflict toast, all stubbed at the API (1.3s)
[WebServer] 2026-10-04 15:34:14,020 INFO goatfarm [f5bb2b4d226e4b509eea71d6db146329] request method=POST path=/api/auth/refresh status=401 duration_ms=0.66
[WebServer] 2026-10-04 15:34:14,318 INFO goatfarm [dbe909c04bec4621aa3e44164681a9c6] request method=POST path=/api/auth/login status=200 duration_ms=157.34
[WebServer] 2026-10-04 15:34:14,330 INFO goatfarm [3ba00cd3417d42029e94560b3bd21653] request method=GET path=/api/auth/farms status=200 duration_ms=8.56
[WebServer] 2026-10-04 15:34:14,342 INFO goatfarm [875150c3af4d49768ffa322bd8f35ec3] request method=GET path=/api/auth/permissions status=200 duration_ms=7.01
[WebServer] 2026-10-04 15:34:14,422 INFO goatfarm [6f04271a7aa141839cf2e80d1de7fd33] request method=GET path=/api/dashboard status=200 duration_ms=43.24
[WebServer] 2026-10-04 15:34:14,601 INFO goatfarm [90c03dc084b2452fb05783ddcb358eb3] request method=POST path=/api/auth/refresh status=200 duration_ms=101.94
[WebServer] 2026-10-04 15:34:14,611 INFO goatfarm [4cc6afef83b04feab3cf9dfe56bf71c5] request method=GET path=/api/auth/farms status=200 duration_ms=7.02
[WebServer] 2026-10-04 15:34:14,628 INFO goatfarm [2fd47a09672841bc82b941e19a5068af] request method=GET path=/api/auth/permissions status=200 duration_ms=6.02
[WebServer] 2026-10-04 15:34:14,655 INFO goatfarm [8107f1ddd8aa41f28a89e5e0fa68eb5f] request method=GET path=/api/simulation/defaults status=200 duration_ms=8.25
[WebServer] 2026-10-04 15:34:14,656 INFO goatfarm [db74358b1d4d4c43a82d15e647d3d047] request method=GET path=/api/simulation/defaults/breeds status=200 duration_ms=7.09
[WebServer] 2026-10-04 15:34:14,659 INFO goatfarm [5a3b027b876843f786ba30d280a50c7a] request method=GET path=/api/simulation/scenarios status=200 duration_ms=10.00
[WebServer] 2026-10-04 15:34:15,921 INFO goatfarm [6d9e0bd54ed144088c1dcafd13ccd003] request method=POST path=/api/simulation/run status=200 duration_ms=394.20
[WebServer] 2026-10-04 15:34:17,657 INFO goatfarm [af2336e8c8c94de48dc6bd4fedcbf59b] request method=POST path=/api/simulation/scenarios status=201 duration_ms=27.56
[WebServer] 2026-10-04 15:34:17,673 INFO goatfarm [dc832ad36996462093f809dc3e2bca56] request method=GET path=/api/simulation/scenarios status=200 duration_ms=11.33
[WebServer] 2026-10-04 15:34:18,331 INFO goatfarm [f8aee1665d0d42c497085b2849d3def5] request method=POST path=/api/simulation/scenarios/6/run status=200 duration_ms=434.13
  ✓   92 [webkit] › e2e/simulation.spec.ts:74:3 › simulation › defaults + herd events run end-to-end; save and re-run as a scenario (4.8s)
[WebServer] 2026-10-04 15:34:18,803 INFO goatfarm [5c18bb680dbb4beba06fea0d65a7ad47] request method=POST path=/api/auth/refresh status=401 duration_ms=0.60
[WebServer] 2026-10-04 15:34:19,104 INFO goatfarm [4635edfffd9048a795e833eba0f2a474] request method=POST path=/api/auth/login status=200 duration_ms=167.55
[WebServer] 2026-10-04 15:34:19,120 INFO goatfarm [6fab6648e70b4b28a391a17d0b57b150] request method=GET path=/api/auth/farms status=200 duration_ms=11.71
[WebServer] 2026-10-04 15:34:19,134 INFO goatfarm [1c878b64f2644822acbda494ed7af433] request method=GET path=/api/auth/permissions status=200 duration_ms=8.85
[WebServer] 2026-10-04 15:34:19,208 INFO goatfarm [90e235c4076c469b887838cc3b75628f] request method=GET path=/api/dashboard status=200 duration_ms=34.49
[WebServer] 2026-10-04 15:34:19,425 INFO goatfarm [0ee07f83fa2e4b2ea254d6fb81641111] request method=POST path=/api/auth/refresh status=200 duration_ms=120.13
[WebServer] 2026-10-04 15:34:19,437 INFO goatfarm [395653cf187e4298a3fb1303d5cb1364] request method=GET path=/api/auth/farms status=200 duration_ms=8.02
[WebServer] 2026-10-04 15:34:19,452 INFO goatfarm [02e135f9600e4c29af87a98ed32afa68] request method=GET path=/api/auth/permissions status=200 duration_ms=5.88
[WebServer] 2026-10-04 15:34:19,478 INFO goatfarm [e2f372d1033b4ad7981def6d61f18e9a] request method=GET path=/api/simulation/defaults/breeds status=200 duration_ms=8.39
[WebServer] 2026-10-04 15:34:19,480 INFO goatfarm [8aa6707e556f4a0cb255ade9018f5f6f] request method=GET path=/api/simulation/defaults status=200 duration_ms=8.74
[WebServer] 2026-10-04 15:34:19,492 INFO goatfarm [da8af3b95fed47eab522eb85cdb965bf] request method=GET path=/api/simulation/scenarios status=200 duration_ms=21.16
  ✓   93 [webkit] › e2e/simulation.spec.ts:183:3 › simulation › an event month beyond the horizon blocks the run with an inline error (1.5s)
[WebServer] 2026-10-04 15:34:20,281 INFO goatfarm [ae8856ccf8054ae293a1b9f03303803b] request method=POST path=/api/auth/refresh status=401 duration_ms=0.57
[WebServer] 2026-10-04 15:34:20,618 INFO goatfarm [a8bc306251f6415ba37d99e2e843a0ae] request method=POST path=/api/auth/login status=200 duration_ms=188.03
[WebServer] 2026-10-04 15:34:20,630 INFO goatfarm [867f61e73b0e4337945d73abe54b4112] request method=GET path=/api/auth/farms status=200 duration_ms=7.35
[WebServer] 2026-10-04 15:34:20,644 INFO goatfarm [a15425326419417e8bd8075303c6ec18] request method=GET path=/api/auth/permissions status=200 duration_ms=9.26
[WebServer] 2026-10-04 15:34:20,724 INFO goatfarm [7b018c8ae6484ecd97185288b4b17f01] request method=GET path=/api/dashboard status=200 duration_ms=43.81
[WebServer] 2026-10-04 15:34:20,930 INFO goatfarm [e4c62b37e551439cb4bdef6f10bbbdbe] request method=POST path=/api/auth/refresh status=200 duration_ms=123.45
[WebServer] 2026-10-04 15:34:20,939 INFO goatfarm [95165e77f0234e4c88202d5aabf8f84b] request method=GET path=/api/auth/farms status=200 duration_ms=5.39
[WebServer] 2026-10-04 15:34:20,956 INFO goatfarm [bbdb8ebd81c44baab854e289db106745] request method=GET path=/api/auth/permissions status=200 duration_ms=7.48
[WebServer] 2026-10-04 15:34:20,982 INFO goatfarm [34b00a39956b48b38304fbd5c4f95f97] request method=GET path=/api/simulation/defaults status=200 duration_ms=6.70
[WebServer] 2026-10-04 15:34:20,983 INFO goatfarm [f64187e480f84cfb9935d77f2f210765] request method=GET path=/api/simulation/defaults/breeds status=200 duration_ms=5.93
[WebServer] 2026-10-04 15:34:20,997 INFO goatfarm [03ab8ed79524495eb8bda7dcaa947412] request method=GET path=/api/simulation/scenarios status=200 duration_ms=19.88
[WebServer] 2026-10-04 15:34:21,290 INFO goatfarm [3a2f1b66fe7f47da86b7ad6a408f0d13] request method=GET path=/api/simulation/calibration status=200 duration_ms=33.63
[WebServer] 2026-10-04 15:34:22,442 INFO goatfarm [a98cad5f1c2a47949b856faefabfbc1f] request method=POST path=/api/simulation/run status=200 duration_ms=181.49
  ✓   94 [webkit] › e2e/simulation.spec.ts:202:3 › simulation › farm calibration and all decision analyses render responsively (3.6s)
[WebServer] 2026-10-04 15:34:23,593 WARNING goatfarm.audit [-] security_signal_summary event='auth.refresh.invalid' count=95 window_seconds=300 persistence='non-durable' — invalid or replayed refresh credentials rejected
[WebServer] 2026-10-04 15:34:23,593 WARNING goatfarm.audit [-] security_signal_summary event='auth.token.version_mismatch' count=1 window_seconds=300 persistence='non-durable' — revoked-generation access tokens presented
[WebServer] 2026-10-04 15:34:23,593 WARNING goatfarm.audit [-] security_signal_summary event='rbac.denied' count=1 window_seconds=300 persistence='non-durable' — authenticated requests missing a required permission
[WebServer] 2026-10-04 15:34:23,882 WARNING goatfarm.audit [778cf1581f0b44358ec7b3257c843eb6] security_signal_started event='auth.refresh.invalid' aggregation='process-memory' — invalid or replayed refresh credentials rejected
[WebServer] 2026-10-04 15:34:23,883 INFO goatfarm [778cf1581f0b44358ec7b3257c843eb6] request method=POST path=/api/auth/refresh status=401 duration_ms=0.72
[WebServer] 2026-10-04 15:34:24,177 INFO goatfarm [ccb8a3dfd6af462ab0fd80f61a25fa4f] request method=POST path=/api/auth/login status=200 duration_ms=157.29
[WebServer] 2026-10-04 15:34:24,190 INFO goatfarm [72ef16c7454d41aa825bd0c771bc5a05] request method=GET path=/api/auth/farms status=200 duration_ms=9.13
[WebServer] 2026-10-04 15:34:24,202 INFO goatfarm [4fa2e941354549bc900388fb74d9507b] request method=GET path=/api/auth/permissions status=200 duration_ms=7.12
[WebServer] 2026-10-04 15:34:24,280 INFO goatfarm [d7a99acc4cea49f2913ee5a7852cb7cf] request method=GET path=/api/dashboard status=200 duration_ms=38.22
[WebServer] 2026-10-04 15:34:24,363 INFO goatfarm [-] cadence sweep materialized duties for 20 farms
[WebServer] 2026-10-04 15:34:24,461 INFO goatfarm [d1ea9f7adb4d4810a49715fdf0027c09] request method=POST path=/api/auth/refresh status=200 duration_ms=101.08
[WebServer] 2026-10-04 15:34:24,470 INFO goatfarm [a0fa49905fbb4053870aa4d066af40cc] request method=GET path=/api/auth/farms status=200 duration_ms=5.65
[WebServer] 2026-10-04 15:34:24,485 INFO goatfarm [f985ebd40388498c8b2ef5e7e33af99b] request method=GET path=/api/auth/permissions status=200 duration_ms=5.53
[WebServer] 2026-10-04 15:34:24,515 INFO goatfarm [819962e49f90487a8e0e20cc9fed8ca4] request method=GET path=/api/animals status=200 duration_ms=13.78
[WebServer] 2026-10-04 15:34:25,146 INFO goatfarm [348d16541fec47eb96651e3235e02e55] request method=POST path=/api/animals status=201 duration_ms=24.92
[WebServer] 2026-10-04 15:34:25,165 INFO goatfarm [ce6a874eb0c24110a7808bd90046f9d3] request method=GET path=/api/animals status=200 duration_ms=14.63
[WebServer] 2026-10-04 15:34:25,345 INFO goatfarm [d78dc5cf39f1489ba57415d1ee2c5092] request method=POST path=/api/auth/refresh status=200 duration_ms=104.67
[WebServer] 2026-10-04 15:34:25,355 INFO goatfarm [0ada3a8f4f4043f5946d0427c17c886b] request method=GET path=/api/auth/farms status=200 duration_ms=6.50
[WebServer] 2026-10-04 15:34:25,371 INFO goatfarm [88191935c8ec473ebc97d05fae0cb723] request method=GET path=/api/auth/permissions status=200 duration_ms=7.69
[WebServer] 2026-10-04 15:34:25,398 INFO goatfarm [e177afa64c5f418ea1944be796f35fd3] request method=GET path=/api/animals status=200 duration_ms=15.48
[WebServer] 2026-10-04 15:34:25,989 INFO goatfarm [00f1acf396c44ce18a0b466f51e6c84c] request method=POST path=/api/animals status=201 duration_ms=28.02
[WebServer] 2026-10-04 15:34:26,006 INFO goatfarm [93cc9039dd7f442e8b853d96e507c6c9] request method=GET path=/api/animals status=200 duration_ms=12.76
[WebServer] 2026-10-04 15:34:26,182 INFO goatfarm [f212b3707abf45d0b95e74e95b83043d] request method=POST path=/api/auth/refresh status=200 duration_ms=104.33
[WebServer] 2026-10-04 15:34:26,191 INFO goatfarm [608e91195f87427e8c480112f64f210c] request method=GET path=/api/auth/farms status=200 duration_ms=5.49
[WebServer] 2026-10-04 15:34:26,205 INFO goatfarm [639bf04da7f9455a8ab880366d3aeed9] request method=GET path=/api/auth/permissions status=200 duration_ms=5.31
[WebServer] 2026-10-04 15:34:26,245 INFO goatfarm [291e8d193ee44c4a964eebb88c1fb6dc] request method=GET path=/api/breeding status=200 duration_ms=16.15
[WebServer] 2026-10-04 15:34:26,511 INFO goatfarm [04ef93bbcc8a49aea2f7348fd18cab47] request method=GET path=/api/breeding/candidates status=200 duration_ms=16.44
[WebServer] 2026-10-04 15:34:26,714 INFO goatfarm [11edaffe65504eb6bdca41ab82db67cd] request method=GET path=/api/breeding/candidates status=200 duration_ms=12.45
[WebServer] 2026-10-04 15:34:26,949 INFO goatfarm [154dab9726e246688239129a42487529] request method=POST path=/api/breeding status=201 duration_ms=45.38
[WebServer] 2026-10-04 15:34:26,970 INFO goatfarm [e05101356243472691e1a3e3fee90c31] request method=GET path=/api/breeding status=200 duration_ms=17.19
[WebServer] 2026-10-04 15:34:27,140 INFO goatfarm [3bbc92821f414e2f8e2f4ff8468a04d6] request method=POST path=/api/auth/refresh status=200 duration_ms=104.73
[WebServer] 2026-10-04 15:34:27,149 INFO goatfarm [2656a0917e054b48b703ad80ecff7553] request method=GET path=/api/auth/farms status=200 duration_ms=6.07
[WebServer] 2026-10-04 15:34:27,163 INFO goatfarm [47c238a44d484f6e8dff4a350b379809] request method=GET path=/api/auth/permissions status=200 duration_ms=5.80
[WebServer] 2026-10-04 15:34:27,193 INFO goatfarm [b643164f4d5c4fe8b70bee0805a56248] request method=GET path=/api/tasks status=200 duration_ms=19.05
[WebServer] 2026-10-04 15:34:27,298 INFO goatfarm [25727fc381ea40c99c1796d4224a7ad9] request method=GET path=/api/tasks status=200 duration_ms=19.70
[WebServer] 2026-10-04 15:34:27,467 INFO goatfarm [7cdea85cdf474deea0b22626edcc0791] request method=POST path=/api/auth/refresh status=200 duration_ms=110.15
[WebServer] 2026-10-04 15:34:27,476 INFO goatfarm [89fb2bef6347456d8797766ce8cdf243] request method=GET path=/api/auth/farms status=200 duration_ms=5.20
[WebServer] 2026-10-04 15:34:27,492 INFO goatfarm [0d87a405fef34a4780c19d9a24f20243] request method=GET path=/api/auth/permissions status=200 duration_ms=6.57
[WebServer] 2026-10-04 15:34:27,534 INFO goatfarm [4b858cec81974c51851dc64a57f9f9a3] request method=GET path=/api/breeding status=200 duration_ms=19.61
[WebServer] 2026-10-04 15:34:27,869 INFO goatfarm [41c5727157124c56877adfdc16901cfb] request method=POST path=/api/breeding/11/ultrasound status=200 duration_ms=57.82
[WebServer] 2026-10-04 15:34:27,888 INFO goatfarm [65e9b538e8534a359ef63e57ef0e4129] request method=GET path=/api/breeding status=200 duration_ms=16.51
[WebServer] 2026-10-04 15:34:28,052 INFO goatfarm [e36b5a54d3d24cf3975723e8739490a8] request method=POST path=/api/auth/refresh status=200 duration_ms=99.10
[WebServer] 2026-10-04 15:34:28,062 INFO goatfarm [84a842008c384da7ac4436e747396e17] request method=GET path=/api/auth/farms status=200 duration_ms=6.54
[WebServer] 2026-10-04 15:34:28,076 INFO goatfarm [7d70e58d3ee449ceb7b6e7b75460f57c] request method=GET path=/api/auth/permissions status=200 duration_ms=5.98
[WebServer] 2026-10-04 15:34:28,099 INFO goatfarm [03c257116d9b49f4884f41d9b171e77f] request method=GET path=/api/tasks status=200 duration_ms=14.73
[WebServer] 2026-10-04 15:34:28,200 INFO goatfarm [e7a085e97c954cca8c13b0b4294a1419] request method=GET path=/api/tasks status=200 duration_ms=23.00
[WebServer] 2026-10-04 15:34:28,327 INFO goatfarm [e7fc0ac65d1341e6ac829f0caf1d40fa] request method=GET path=/api/team status=200 duration_ms=11.33
[WebServer] 2026-10-04 15:34:28,688 INFO goatfarm [d6e8a4bad8e6493e83c0c30b2b080ffa] request method=POST path=/api/tasks status=201 duration_ms=22.16
[WebServer] 2026-10-04 15:34:28,705 INFO goatfarm [035a7983d7e442e7b68c87acd80359f8] request method=GET path=/api/team status=200 duration_ms=13.68
[WebServer] 2026-10-04 15:34:28,710 INFO goatfarm [7477e66cb6724f688061ae49d7c8b640] request method=GET path=/api/tasks status=200 duration_ms=17.67
[WebServer] 2026-10-04 15:34:28,799 INFO goatfarm [bd908100d7ac407581e2e1f98661b4c6] request method=GET path=/api/tasks status=200 duration_ms=13.47
[WebServer] 2026-10-04 15:34:28,906 INFO goatfarm [2cfda0ba7a2c4e28956d1109710ce9f6] request method=POST path=/api/tasks/289/complete status=200 duration_ms=23.07
[WebServer] 2026-10-04 15:34:28,925 INFO goatfarm [4741f4507d9646048ab5204f7c17e063] request method=GET path=/api/tasks status=200 duration_ms=15.75
[WebServer] 2026-10-04 15:34:28,998 INFO goatfarm [b0eeebf66d204edc8f4220a466891e9c] request method=GET path=/api/tasks status=200 duration_ms=14.52
[WebServer] 2026-10-04 15:34:29,096 INFO goatfarm [ebb1249bebc849d99ecbab8e458d429d] request method=POST path=/api/tasks/289/verify status=200 duration_ms=24.94
[WebServer] 2026-10-04 15:34:29,111 INFO goatfarm [7f1196dacc6c4e60af6fb30da6a16192] request method=GET path=/api/tasks status=200 duration_ms=11.76
  ✓   95 [webkit] › e2e/tasks-guards.spec.ts:15:3 › tasks guards › auto duties are form-linked; a completed duty lands in awaiting verification (5.6s)
[WebServer] 2026-10-04 15:34:29,504 INFO goatfarm [55b2fad4398a48928a6d6b10a25d386c] request method=POST path=/api/auth/refresh status=401 duration_ms=0.54
[WebServer] 2026-10-04 15:34:29,787 INFO goatfarm [59db89d73d034f488f0b716e215ccef0] request method=POST path=/api/auth/login status=200 duration_ms=151.12
[WebServer] 2026-10-04 15:34:29,798 INFO goatfarm [3c7316908d10488a99315640ec281cc8] request method=GET path=/api/auth/farms status=200 duration_ms=7.12
[WebServer] 2026-10-04 15:34:29,808 INFO goatfarm [cff7aa2498ff4ed28253a9e1325886f5] request method=GET path=/api/auth/permissions status=200 duration_ms=5.67
[WebServer] 2026-10-04 15:34:29,885 INFO goatfarm [7927aae546b5448ba6f6b8798044094e] request method=GET path=/api/dashboard status=200 duration_ms=39.82
[WebServer] 2026-10-04 15:34:30,076 INFO goatfarm [8c9b0a0e7b574d7dab3af58b29f01aec] request method=POST path=/api/auth/refresh status=200 duration_ms=102.69
[WebServer] 2026-10-04 15:34:30,088 INFO goatfarm [1521b04277a44ef4a3f93c7e49ef8754] request method=GET path=/api/auth/farms status=200 duration_ms=7.17
[WebServer] 2026-10-04 15:34:30,106 INFO goatfarm [32af3162bdb84d6ba16a2eae1490a707] request method=GET path=/api/auth/permissions status=200 duration_ms=7.88
[WebServer] 2026-10-04 15:34:30,133 INFO goatfarm [3cdfab125e374fe2a0ef7feb40a15502] request method=GET path=/api/tasks status=200 duration_ms=16.00
[WebServer] 2026-10-04 15:34:30,214 INFO goatfarm [5ee1d87ccd9c49769ade72a35ea6463f] request method=GET path=/api/team status=200 duration_ms=10.94
[WebServer] 2026-10-04 15:34:30,545 INFO goatfarm [93a9e1db904142038241d1393dbc6950] request method=POST path=/api/tasks status=201 duration_ms=22.14
[WebServer] 2026-10-04 15:34:30,564 INFO goatfarm [350f4ffd5441477db9a14711c850e9c7] request method=GET path=/api/team status=200 duration_ms=14.04
[WebServer] 2026-10-04 15:34:30,565 INFO goatfarm [6b92d2182b1f48499cc657527a2a73c3] request method=GET path=/api/tasks status=200 duration_ms=16.56
[WebServer] 2026-10-04 15:34:30,685 INFO goatfarm [527415b7d80348679388ae95a079c8da] request method=POST path=/api/tasks/290/complete status=200 duration_ms=20.79
[WebServer] 2026-10-04 15:34:30,705 INFO goatfarm [a2fb672f7dcd4a7ebf7ef21d1fb66d12] request method=GET path=/api/tasks status=200 duration_ms=13.62
[WebServer] 2026-10-04 15:34:30,783 INFO goatfarm [ca3695982bc342759c0498eaf4d92113] request method=GET path=/api/tasks status=200 duration_ms=15.53
[WebServer] 2026-10-04 15:34:30,879 INFO goatfarm [158036470ad74b49ae63f1a8dc5f49e0] request method=POST path=/api/tasks/290/verify status=200 duration_ms=41.12
[WebServer] 2026-10-04 15:34:30,893 INFO goatfarm [3143fbea01f448ae802aa006216145e5] request method=GET path=/api/tasks status=200 duration_ms=11.31
[WebServer] 2026-10-04 15:34:31,009 INFO goatfarm [31658de507db477d844a00b9946725c1] request method=GET path=/api/tasks status=200 duration_ms=19.22
[WebServer] 2026-10-04 15:34:31,028 INFO goatfarm [f89a6b5ba9d945c2847ffe176e825a58] request method=GET path=/api/team status=200 duration_ms=10.01
  ✓   96 [webkit] › e2e/tasks-verify.spec.ts:32:3 › tasks verification › owner completes and verifies a cleaning duty — it lands in Completed as VERIFIED (1.9s)
[WebServer] 2026-10-04 15:34:31,437 INFO goatfarm [44f592fc143941ed9090453705edea68] request method=POST path=/api/auth/refresh status=401 duration_ms=0.66
[WebServer] 2026-10-04 15:34:31,701 INFO goatfarm [063233ae17ee478a85139b05181600d1] request method=POST path=/api/auth/login status=200 duration_ms=153.50
[WebServer] 2026-10-04 15:34:31,713 INFO goatfarm [8ba4241a04434571a9f66324518fe534] request method=GET path=/api/auth/farms status=200 duration_ms=8.82
[WebServer] 2026-10-04 15:34:31,725 INFO goatfarm [788fc0b0e5184ec19fd315ba928e25cc] request method=GET path=/api/auth/permissions status=200 duration_ms=7.19
[WebServer] 2026-10-04 15:34:31,798 INFO goatfarm [ded125033ee84852927f5d5ec2a774d8] request method=GET path=/api/dashboard status=200 duration_ms=35.44
[WebServer] 2026-10-04 15:34:31,986 INFO goatfarm [2eb2cf75369a4a0fbe263ebf164d2af0] request method=POST path=/api/auth/refresh status=200 duration_ms=102.36
[WebServer] 2026-10-04 15:34:31,997 INFO goatfarm [6abb552f4b1c436b8219e63ec4cb6ce4] request method=GET path=/api/auth/farms status=200 duration_ms=7.36
[WebServer] 2026-10-04 15:34:32,013 INFO goatfarm [8e0fc747434c40069e5061be8418cb5f] request method=GET path=/api/auth/permissions status=200 duration_ms=6.30
[WebServer] 2026-10-04 15:34:32,036 INFO goatfarm [bf9d843029bb4273af9cad9952baec93] request method=GET path=/api/tasks status=200 duration_ms=12.02
[WebServer] 2026-10-04 15:34:32,129 INFO goatfarm [13e1e5f906fc4eaf9344f9b45b8d6096] request method=GET path=/api/team status=200 duration_ms=10.59
[WebServer] 2026-10-04 15:34:32,481 INFO goatfarm [05e89bfbdb624a009a3e7f1f8ee7c809] request method=POST path=/api/tasks status=201 duration_ms=20.51
[WebServer] 2026-10-04 15:34:32,500 INFO goatfarm [85eb742679854bac973f758ae751cf66] request method=GET path=/api/tasks status=200 duration_ms=14.97
[WebServer] 2026-10-04 15:34:32,500 INFO goatfarm [94aa14f10e1b40a7bfe12db91699e8e6] request method=GET path=/api/team status=200 duration_ms=14.56
[WebServer] 2026-10-04 15:34:32,632 INFO goatfarm [d8b1aab445ec420b823a8e7c025ed094] request method=POST path=/api/tasks/291/complete status=200 duration_ms=20.10
[WebServer] 2026-10-04 15:34:32,649 INFO goatfarm [b89fe5f078bf441f863d8d2fc2db8337] request method=GET path=/api/tasks status=200 duration_ms=14.36
[WebServer] 2026-10-04 15:34:32,724 INFO goatfarm [5bd374e4d13c4a81a79f0feccf85271e] request method=GET path=/api/tasks status=200 duration_ms=11.91
[WebServer] 2026-10-04 15:34:32,937 INFO goatfarm [54a98df6698746be8f6feea0e2508ef5] request method=POST path=/api/tasks/291/reject status=200 duration_ms=19.72
[WebServer] 2026-10-04 15:34:32,951 INFO goatfarm [ce4d7abfeb8c4267adc8d7f0cda2b2f7] request method=GET path=/api/tasks status=200 duration_ms=11.11
[WebServer] 2026-10-04 15:34:33,007 INFO goatfarm [147e9a0f7c504ba1a2369846f5308726] request method=GET path=/api/tasks status=200 duration_ms=11.85
  ✓   97 [webkit] › e2e/tasks-verify.spec.ts:58:3 › tasks verification › rejected duty is sent back to pending with the note visible (2.0s)
[WebServer] 2026-10-04 15:34:33,406 INFO goatfarm [5beb5af197ac41e3ab1fbcb13731526d] request method=POST path=/api/auth/refresh status=401 duration_ms=0.62
[WebServer] 2026-10-04 15:34:33,689 INFO goatfarm [c02472bda6a145288ac861960c07e9d2] request method=POST path=/api/auth/login status=200 duration_ms=151.61
[WebServer] 2026-10-04 15:34:33,700 INFO goatfarm [c74fa98105a048d99af0c48dd32f9a49] request method=GET path=/api/auth/farms status=200 duration_ms=7.41
[WebServer] 2026-10-04 15:34:33,711 INFO goatfarm [00aa510c52ba439895a30f3010ca24e6] request method=GET path=/api/auth/permissions status=200 duration_ms=6.31
[WebServer] 2026-10-04 15:34:33,783 INFO goatfarm [960c94cecc474874814fcb8b6aa3e26f] request method=GET path=/api/dashboard status=200 duration_ms=35.59
[WebServer] 2026-10-04 15:34:33,978 INFO goatfarm [11e945a6606741a68c95e8074652fdf6] request method=POST path=/api/auth/refresh status=200 duration_ms=102.29
[WebServer] 2026-10-04 15:34:33,987 INFO goatfarm [945b99d526814610ae44b54c505df526] request method=GET path=/api/auth/farms status=200 duration_ms=5.83
[WebServer] 2026-10-04 15:34:34,002 INFO goatfarm [2a90b8fe7e44498a9a4cd792b0aa630d] request method=GET path=/api/auth/permissions status=200 duration_ms=5.64
[WebServer] 2026-10-04 15:34:34,022 INFO goatfarm [ef3dff35f0f24d9cbf230a5efe86e7bb] request method=GET path=/api/team status=200 duration_ms=8.58
[WebServer] 2026-10-04 15:34:34,487 INFO goatfarm.audit [6e5d9a1d97524ec1aeeffcbb21ddd35f] security_event event='team.worker.create' farm_id=11 actor_id=24 membership_id=16 user_id=38 role_id=98 — provisioned worker account with must-change credential
[WebServer] 2026-10-04 15:34:34,487 INFO goatfarm [6e5d9a1d97524ec1aeeffcbb21ddd35f] request method=POST path=/api/team/workers status=201 duration_ms=78.41
[WebServer] 2026-10-04 15:34:34,498 INFO goatfarm [d52c0145ace94f5481256bfdacd06d87] request method=GET path=/api/auth/permissions status=200 duration_ms=6.45
[WebServer] 2026-10-04 15:34:34,504 INFO goatfarm [71ff81ef6f3748e5ad6351e6d74add85] request method=GET path=/api/team status=200 duration_ms=13.20
[WebServer] 2026-10-04 15:34:34,677 INFO goatfarm.audit [9723932756cb4f3fbe4da02669f776b1] security_event event='team.worker.role_change' farm_id=11 actor_id=24 membership_id=16 user_id=38 from_role_id=98 to_role_id=100 — reassigned worker role
[WebServer] 2026-10-04 15:34:34,682 INFO goatfarm [9723932756cb4f3fbe4da02669f776b1] request method=POST path=/api/team/workers/16/role status=200 duration_ms=24.31
[WebServer] 2026-10-04 15:34:34,696 INFO goatfarm [e19be6370f2e4692902b963102bbfa3c] request method=GET path=/api/auth/permissions status=200 duration_ms=6.82
[WebServer] 2026-10-04 15:34:34,701 INFO goatfarm [c103db4f024645de8ae4d2f0b8f90efa] request method=GET path=/api/team status=200 duration_ms=13.15
[WebServer] 2026-10-04 15:34:34,941 INFO goatfarm.audit [6978f6409b194a12b1da120779969a99] security_event event='team.worker.status_change' farm_id=11 actor_id=24 membership_id=16 user_id=38 from_is_active=True to_is_active=False — set worker membership active flag
[WebServer] 2026-10-04 15:34:34,941 INFO goatfarm [6978f6409b194a12b1da120779969a99] request method=PUT path=/api/team/workers/16/status status=200 duration_ms=20.56
[WebServer] 2026-10-04 15:34:34,954 INFO goatfarm [5ae3749e1f2b47db9192e1c93d95b0ab] request method=GET path=/api/auth/permissions status=200 duration_ms=7.95
[WebServer] 2026-10-04 15:34:34,959 INFO goatfarm [8fb6f88543094ac5854f4fb5366b91e8] request method=GET path=/api/team status=200 duration_ms=14.41
[WebServer] 2026-10-04 15:34:35,064 INFO goatfarm.audit [4941c2f81a0b48698bff02416ba46a4e] security_event event='team.worker.status_change' farm_id=11 actor_id=24 membership_id=16 user_id=38 from_is_active=False to_is_active=True — set worker membership active flag
[WebServer] 2026-10-04 15:34:35,068 INFO goatfarm [4941c2f81a0b48698bff02416ba46a4e] request method=PUT path=/api/team/workers/16/status status=200 duration_ms=25.11
[WebServer] 2026-10-04 15:34:35,080 INFO goatfarm [914960bf3a9d4f268298661244a11f52] request method=GET path=/api/auth/permissions status=200 duration_ms=8.25
[WebServer] 2026-10-04 15:34:35,083 INFO goatfarm [c3d442ff706141e58cffb77b170c6e2b] request method=GET path=/api/team status=200 duration_ms=12.40
  ✓   98 [webkit] › e2e/team.spec.ts:6:3 › team management › owner adds a worker, changes their role and toggles them inactive/active (2.1s)
[WebServer] 2026-10-04 15:34:35,699 INFO goatfarm [99e693726ce544a4970be9cff437979d] request method=POST path=/api/auth/login status=200 duration_ms=135.23
[WebServer] 2026-10-04 15:34:35,707 INFO goatfarm [f5f6557deddc4ebaafc15e14e4ae048e] request method=GET path=/api/auth/farms status=200 duration_ms=6.42
[WebServer] 2026-10-04 15:34:35,725 INFO goatfarm.audit [8e3f7a5db6604492bdc5ecdeb225c3d5] security_event event='team.role.create' farm_id=11 actor_id=24 role_id=187 — created custom role
[WebServer] 2026-10-04 15:34:35,726 INFO goatfarm [8e3f7a5db6604492bdc5ecdeb225c3d5] request method=POST path=/api/team/roles status=201 duration_ms=16.16
[WebServer] 2026-10-04 15:34:35,953 INFO goatfarm [3f665e4ebf1e4f419dc5cf5814ea8fab] request method=POST path=/api/auth/refresh status=401 duration_ms=0.57
[WebServer] 2026-10-04 15:34:36,243 INFO goatfarm [3335c36b54df47c99247484157e91241] request method=POST path=/api/auth/login status=200 duration_ms=150.77
[WebServer] 2026-10-04 15:34:36,254 INFO goatfarm [b482be80297f45f496739327ce377868] request method=GET path=/api/auth/farms status=200 duration_ms=7.10
[WebServer] 2026-10-04 15:34:36,264 INFO goatfarm [1e999e2de7f54af2a436455f52b17566] request method=GET path=/api/auth/permissions status=200 duration_ms=6.25
[WebServer] 2026-10-04 15:34:36,333 INFO goatfarm [a6a190c677614d1985f002f47e9be9c2] request method=GET path=/api/dashboard status=200 duration_ms=30.90
[WebServer] 2026-10-04 15:34:36,540 INFO goatfarm [840006df40554e939fb61c9e362e52d9] request method=POST path=/api/auth/refresh status=200 duration_ms=98.19
[WebServer] 2026-10-04 15:34:36,549 INFO goatfarm [e6f9be8fffa34d1ea7065397a6a919b7] request method=GET path=/api/auth/farms status=200 duration_ms=5.49
[WebServer] 2026-10-04 15:34:36,565 INFO goatfarm [a328095ce05a415890257d659d6b0119] request method=GET path=/api/auth/permissions status=200 duration_ms=5.53
[WebServer] 2026-10-04 15:34:36,587 INFO goatfarm [c4b152bf20084beeb0a2eac3e9b68f15] request method=GET path=/api/team status=200 duration_ms=10.77
[WebServer] 2026-10-04 15:34:37,039 INFO goatfarm.audit [ee23059799bc476f954150f14f153259] security_event event='team.worker.create' farm_id=11 actor_id=24 membership_id=17 user_id=39 role_id=187 — provisioned worker account with must-change credential
[WebServer] 2026-10-04 15:34:37,039 INFO goatfarm [ee23059799bc476f954150f14f153259] request method=POST path=/api/team/workers status=201 duration_ms=69.82
[WebServer] 2026-10-04 15:34:37,050 INFO goatfarm [24ea69ef5af04f598be92b1dc8523e78] request method=GET path=/api/auth/permissions status=200 duration_ms=6.71
[WebServer] 2026-10-04 15:34:37,055 INFO goatfarm [5b75cb970fbe4d55a6cccef53b90891c] request method=GET path=/api/team status=200 duration_ms=12.81
[WebServer] 2026-10-04 15:34:37,141 INFO goatfarm [428ce2778a5a4a059097ff6a00b8353e] request method=POST path=/api/auth/logout status=204 duration_ms=10.61
[WebServer] 2026-10-04 15:34:37,405 INFO goatfarm [0c97476cc4814ad58dd8c2fe13601055] request method=POST path=/api/auth/login status=200 duration_ms=147.42
[WebServer] 2026-10-04 15:34:37,421 INFO goatfarm [c39cbd83f339474982ec69afc1040bad] request method=GET path=/api/auth/farms status=200 duration_ms=10.34
[WebServer] 2026-10-04 15:34:37,433 INFO goatfarm [ce706ce2a8384b958d0079cad7aabfaa] request method=GET path=/api/auth/permissions status=200 duration_ms=8.95
[WebServer] 2026-10-04 15:34:37,906 INFO goatfarm.audit [80a57256341343dba0e4265749b35111] security_event event='auth.password.changed' user_id=39 — Password changed (all sessions revoked)
[WebServer] 2026-10-04 15:34:37,906 INFO goatfarm [80a57256341343dba0e4265749b35111] request method=POST path=/api/auth/change-password status=200 duration_ms=176.87
[WebServer] 2026-10-04 15:34:38,011 INFO goatfarm [5492072788154b9aaf20b384637bd7f2] request method=POST path=/api/auth/refresh status=200 duration_ms=100.62
[WebServer] 2026-10-04 15:34:38,041 INFO goatfarm [df6192dfd26f495fbb3329ab69c54060] request method=GET path=/api/tasks status=200 duration_ms=21.72
  ✓   99 [webkit] › e2e/worker-onboarding.spec.ts:44:1 › task-only password worker completes first password rotation on the worker board (3.4s)
[WebServer] 2026-10-04 15:34:38,796 INFO goatfarm [5b4b22f96b5142919db23c4eafb7d719] request method=POST path=/api/auth/login status=200 duration_ms=135.36
[WebServer] 2026-10-04 15:34:38,804 INFO goatfarm [66d52ccb0f4e47e99a854121b2ab4b08] request method=GET path=/api/auth/farms status=200 duration_ms=5.82
[WebServer] 2026-10-04 15:34:38,821 INFO goatfarm.audit [57067c3336394588937cb3627aa1b07b] security_event event='team.role.create' farm_id=11 actor_id=24 role_id=188 — created custom role
[WebServer] 2026-10-04 15:34:38,821 INFO goatfarm [57067c3336394588937cb3627aa1b07b] request method=POST path=/api/team/roles status=201 duration_ms=15.18
[WebServer] 2026-10-04 15:34:39,036 INFO goatfarm [468c6fd5a5c044cfb472a117ab76d932] request method=POST path=/api/auth/refresh status=401 duration_ms=0.54
[WebServer] 2026-10-04 15:34:39,344 INFO goatfarm [6a0138f5122541bd8e353e95abd0f759] request method=POST path=/api/auth/login status=200 duration_ms=152.11
[WebServer] 2026-10-04 15:34:39,355 INFO goatfarm [1a21ad742dc947e89366248d0b82cd63] request method=GET path=/api/auth/farms status=200 duration_ms=8.05
[WebServer] 2026-10-04 15:34:39,366 INFO goatfarm [ac271b9b456d48ee8f043fe76474d021] request method=GET path=/api/auth/permissions status=200 duration_ms=6.59
[WebServer] 2026-10-04 15:34:39,440 INFO goatfarm [cd66dce5f73342d6919c6d86ef159d40] request method=GET path=/api/dashboard status=200 duration_ms=36.29
[WebServer] 2026-10-04 15:34:39,655 INFO goatfarm [a439e177b8f04bc1a8ddaf9210df7254] request method=POST path=/api/auth/refresh status=200 duration_ms=99.57
[WebServer] 2026-10-04 15:34:39,664 INFO goatfarm [7dd2b2e3903a47b2b669f07de1d96bb6] request method=GET path=/api/auth/farms status=200 duration_ms=5.66
[WebServer] 2026-10-04 15:34:39,680 INFO goatfarm [df5321bfef164652a3b4fa496408fd82] request method=GET path=/api/auth/permissions status=200 duration_ms=6.07
[WebServer] 2026-10-04 15:34:39,707 INFO goatfarm [9e002f078ab545018a7ab955f86257c1] request method=GET path=/api/team status=200 duration_ms=15.58
[WebServer] 2026-10-04 15:34:40,287 INFO goatfarm.audit [e4872be751fa4a92a978798100875087] security_event event='team.worker.create' farm_id=11 actor_id=24 membership_id=18 user_id=40 role_id=188 — provisioned worker account with must-change credential
[WebServer] 2026-10-04 15:34:40,287 INFO goatfarm [e4872be751fa4a92a978798100875087] request method=POST path=/api/team/workers status=201 duration_ms=147.35
[WebServer] 2026-10-04 15:34:40,299 INFO goatfarm [202c345d646b4af582087897d5a35f95] request method=GET path=/api/auth/permissions status=200 duration_ms=7.23
[WebServer] 2026-10-04 15:34:40,304 INFO goatfarm [6ebeec7dcb154bb8b7c0373e15411765] request method=GET path=/api/team status=200 duration_ms=12.48
[WebServer] 2026-10-04 15:34:40,659 INFO goatfarm.audit [6f3c361f87f44d95a0a4072191bd32d2] security_event event='team.worker.pin_reset' farm_id=11 actor_id=24 membership_id=18 user_id=40 — rotated worker tablet PIN and revoked sessions
[WebServer] 2026-10-04 15:34:40,659 INFO goatfarm [6f3c361f87f44d95a0a4072191bd32d2] request method=POST path=/api/team/workers/18/reset-pin status=200 duration_ms=125.42
[WebServer] 2026-10-04 15:34:40,676 INFO goatfarm [7ab297e783e1468b959be78ce8d082e3] request method=GET path=/api/auth/permissions status=200 duration_ms=10.90
[WebServer] 2026-10-04 15:34:40,684 INFO goatfarm [b15a5b934d6743a8bc1b90a14fc29e39] request method=GET path=/api/team status=200 duration_ms=19.35
[WebServer] 2026-10-04 15:34:40,782 INFO goatfarm [235fa4ba082c4dce8806207475dfa51c] request method=POST path=/api/auth/logout status=204 duration_ms=10.04
[WebServer] 2026-10-04 15:34:40,841 INFO goatfarm [ff5271e6701b412783bf41429baca3ee] request method=POST path=/api/auth/refresh status=401 duration_ms=0.71
[WebServer] 2026-10-04 15:34:41,049 INFO goatfarm [f2fb76bdca8f494aa1d8370dc69f2f5c] request method=POST path=/api/auth/login status=200 duration_ms=95.18
[WebServer] 2026-10-04 15:34:41,057 INFO goatfarm [128b365d88f744679e314afaae25bdc6] request method=GET path=/api/auth/farms status=200 duration_ms=5.25
[WebServer] 2026-10-04 15:34:41,069 INFO goatfarm [eec91739e99c424592efc0399cc3ae73] request method=GET path=/api/auth/permissions status=200 duration_ms=5.40
[WebServer] 2026-10-04 15:34:41,177 INFO goatfarm [0c8e55dced2442c2ba6e7fcf84dd974e] request method=GET path=/api/auth/worker-roster status=200 duration_ms=6.21
[WebServer] 2026-10-04 15:34:41,177 INFO goatfarm [43b9203a8a724423ac51acdfcee57971] request method=POST path=/api/auth/logout-session status=204 duration_ms=11.76
[WebServer] 2026-10-04 15:34:41,875 INFO goatfarm.audit [d685a7802ac441eb934ca8779f49dd94] security_event event='auth.worker_pin.login_succeeded' farm_id=11 membership_id=18 user_id=40 — worker signed in on the tablet by PIN
[WebServer] 2026-10-04 15:34:41,875 INFO goatfarm [d685a7802ac441eb934ca8779f49dd94] request method=POST path=/api/auth/worker-login status=200 duration_ms=149.04
[WebServer] 2026-10-04 15:34:41,889 INFO goatfarm [f25f65bd41de4609bfc5582f0deb29db] request method=GET path=/api/auth/farms status=200 duration_ms=10.62
[WebServer] 2026-10-04 15:34:41,902 INFO goatfarm [84beec34fc2b4f1786c9e76e56fe2d6a] request method=GET path=/api/auth/worker-roster status=200 duration_ms=6.95
[WebServer] 2026-10-04 15:34:41,910 INFO goatfarm [d2994af8e36a47d8bdeb2f265e6d2b7f] request method=GET path=/api/auth/permissions status=200 duration_ms=13.56
[WebServer] 2026-10-04 15:34:41,935 INFO goatfarm [72f6c9f79ad04998a5a0135d56d382a4] request method=GET path=/api/tasks status=200 duration_ms=21.13
  ✓  100 [webkit] › e2e/worker-onboarding.spec.ts:71:1 › owner creates and resets a PIN worker through Team and pins the tablet through the UI (3.4s)
(node:81404) Warning: The 'NO_COLOR' env is ignored due to the 'FORCE_COLOR' env being set.
(Use `node --trace-warnings ...` to show where the warning was created)
[WebServer] 2026-10-04 15:34:43,240 INFO goatfarm [d8e7462a17f24583a2559305ce001257] request method=POST path=/api/auth/login status=200 duration_ms=133.50
[WebServer] 2026-10-04 15:34:43,251 INFO goatfarm [0cfd3af7b2f74bf2a1784cb259520129] request method=GET path=/api/auth/farms status=200 duration_ms=6.01
[WebServer] 2026-10-04 15:34:43,262 INFO goatfarm [8aac1019eeeb4c4b8951949f3baa9b69] request method=GET path=/api/auth/farms status=200 duration_ms=6.62
[WebServer] 2026-10-04 15:34:43,399 INFO goatfarm [317eaa8e4c13451f8828d700f6ddec92] request method=POST path=/api/auth/login status=200 duration_ms=134.39
[WebServer] 2026-10-04 15:34:43,417 INFO goatfarm.audit [8034a750a5cf4fdaa30fa396b22414f5] security_event event='team.role.create' farm_id=11 actor_id=24 role_id=189 — created custom role
[WebServer] 2026-10-04 15:34:43,417 INFO goatfarm [8034a750a5cf4fdaa30fa396b22414f5] request method=POST path=/api/team/roles status=201 duration_ms=15.12
[WebServer] 2026-10-04 15:34:43,555 INFO goatfarm [859af240944a4855aec9cfcf55af531a] request method=POST path=/api/auth/login status=200 duration_ms=135.18
[WebServer] 2026-10-04 15:34:43,659 INFO goatfarm.audit [71fa9227173f494ab1043137e25908e0] security_event event='team.worker.create' farm_id=11 actor_id=24 membership_id=19 user_id=41 role_id=189 — provisioned worker account with must-change credential
[WebServer] 2026-10-04 15:34:43,660 INFO goatfarm [71fa9227173f494ab1043137e25908e0] request method=POST path=/api/team/workers status=201 duration_ms=101.91
[WebServer] 2026-10-04 15:34:43,798 INFO goatfarm [40ec60235dab44648646fd88fa5735c7] request method=POST path=/api/auth/login status=200 duration_ms=135.20
[WebServer] 2026-10-04 15:34:43,864 INFO goatfarm.audit [6982c7db1d5043cbb2a17b7605f9d1b7] security_event event='team.worker.create' farm_id=11 actor_id=24 membership_id=20 user_id=42 role_id=189 — provisioned worker account with must-change credential
[WebServer] 2026-10-04 15:34:43,864 INFO goatfarm [6982c7db1d5043cbb2a17b7605f9d1b7] request method=POST path=/api/team/workers status=201 duration_ms=64.46
[WebServer] 2026-10-04 15:34:43,870 INFO goatfarm [74c1456e014848e1a19f2eb39538a91b] request method=GET path=/api/auth/worker-roster status=200 duration_ms=3.38
[WebServer] 2026-10-04 15:34:44,005 INFO goatfarm [624c3c39bf004792a604c662a8802c58] request method=POST path=/api/auth/login status=200 duration_ms=131.80
[WebServer] 2026-10-04 15:34:44,017 INFO goatfarm [dbfe138491f0453d90e0d0d8270100da] request method=GET path=/api/team status=200 duration_ms=10.15
[WebServer] 2026-10-04 15:34:44,154 INFO goatfarm [2cdd663d221b46cdbd1a66d2769bae29] request method=POST path=/api/auth/login status=200 duration_ms=134.62
[WebServer] 2026-10-04 15:34:44,182 INFO goatfarm [312255c179b04a8a9f0c00aa22eff67c] request method=POST path=/api/tasks status=201 duration_ms=26.10
[WebServer] 2026-10-04 15:34:44,321 INFO goatfarm [bf2565b2564f4da8a3a89981eb418d4d] request method=POST path=/api/auth/login status=200 duration_ms=136.46
[WebServer] 2026-10-04 15:34:44,346 INFO goatfarm [1238702fe40648e18af9b43f8f4f6ed3] request method=POST path=/api/tasks status=201 duration_ms=22.24
[WebServer] 2026-10-04 15:34:44,600 INFO goatfarm [cca7f1ce6bb84cd1a690cc0be59614e0] request method=POST path=/api/auth/refresh status=401 duration_ms=0.71
[WebServer] 2026-10-04 15:34:44,648 INFO goatfarm [6e72402a9b634cbdadbf4d71e2ef558e] request method=GET path=/api/auth/worker-roster status=200 duration_ms=4.66
[WebServer] 2026-10-04 15:34:45,128 INFO goatfarm.audit [ea8393f051ff4395bbf32d2f75ba195d] security_event event='auth.worker_pin.login_succeeded' farm_id=11 membership_id=19 user_id=41 — worker signed in on the tablet by PIN
[WebServer] 2026-10-04 15:34:45,128 INFO goatfarm [ea8393f051ff4395bbf32d2f75ba195d] request method=POST path=/api/auth/worker-login status=200 duration_ms=145.08
[WebServer] 2026-10-04 15:34:45,143 INFO goatfarm [2da70b5a6c544519945f29320c758c59] request method=GET path=/api/auth/farms status=200 duration_ms=11.21
[WebServer] 2026-10-04 15:34:45,157 INFO goatfarm [cc9dbf872ed8487bb87ff7c954520c00] request method=GET path=/api/auth/worker-roster status=200 duration_ms=6.54
[WebServer] 2026-10-04 15:34:45,166 INFO goatfarm [757eca2df64042dcafb7e8d9ab6d433e] request method=GET path=/api/auth/permissions status=200 duration_ms=14.90
[WebServer] 2026-10-04 15:34:45,205 INFO goatfarm [e0b1315dfbf74be48318811bfef4fb3e] request method=GET path=/api/tasks status=200 duration_ms=27.33
[WebServer] 2026-10-04 15:34:45,612 INFO goatfarm [d2fa0a6b5f68429ea7d2ba176768e076] request method=POST path=/api/auth/refresh status=200 duration_ms=104.39
[WebServer] 2026-10-04 15:34:45,626 INFO goatfarm [197036471d674869a597b95d2dcdafe7] request method=GET path=/api/auth/farms status=200 duration_ms=10.67
[WebServer] 2026-10-04 15:34:45,649 INFO goatfarm [9969f640eed84537875c2bbf96bc027b] request method=GET path=/api/auth/permissions status=200 duration_ms=11.62
[WebServer] 2026-10-04 15:34:45,680 INFO goatfarm [e962a0a8285543b382b62b5c953f53cb] request method=GET path=/api/tasks status=200 duration_ms=24.44
[WebServer] 2026-10-04 15:34:45,866 INFO goatfarm [7e84e3649e8c4efeb9908a1edb394e70] request method=POST path=/api/auth/login status=200 duration_ms=136.76
[WebServer] 2026-10-04 15:34:45,877 INFO goatfarm [8f7569359ce74e2091235794a4a76d3f] request method=GET path=/api/tasks/292 status=200 duration_ms=8.54
[WebServer] 2026-10-04 15:34:45,932 INFO goatfarm [74b3571c403d4007a027d00304431f72] request method=POST path=/api/tasks/292/complete status=200 duration_ms=24.99
[WebServer] 2026-10-04 15:34:46,117 INFO goatfarm [3a95a9e04d01477ab7bd3fdbf726ae2e] request method=POST path=/api/auth/login status=200 duration_ms=135.18
[WebServer] 2026-10-04 15:34:46,129 INFO goatfarm [8f3f35abc2fc4557ab30427b44e217ee] request method=GET path=/api/tasks/292 status=200 duration_ms=9.51
[WebServer] 2026-10-04 15:34:46,158 INFO goatfarm [521cbd2e207a43559a33a8c7478b99d3] request method=POST path=/api/auth/logout status=204 duration_ms=12.47
[WebServer] 2026-10-04 15:34:46,167 INFO goatfarm [d2f03a66e5d24b3b8755ecf9d196471c] request method=GET path=/api/auth/worker-roster status=200 duration_ms=4.50
  ✓  101 [Mobile Safari] › e2e/worker-tablet-journey.spec.ts:57:3 › worker tablet › PIN login, offline completion, sync with attribution (3.6s)
[WebServer] 2026-10-04 15:34:46,464 INFO goatfarm [98cb4510f8c142138e0859729ca74f40] request method=POST path=/api/auth/login status=200 duration_ms=138.08
[WebServer] 2026-10-04 15:34:46,471 INFO goatfarm [7aa744b68ea84022a6821c073284caec] request method=GET path=/api/auth/farms status=200 duration_ms=5.38
[WebServer] 2026-10-04 15:34:46,612 INFO goatfarm [1e85bc4732b84fe0aa9b68d167548615] request method=POST path=/api/auth/login status=200 duration_ms=138.43
[WebServer] 2026-10-04 15:34:46,625 INFO goatfarm [5316aa3e67e342329f4a7833a11ca83e] request method=GET path=/api/team status=200 duration_ms=11.30
[WebServer] 2026-10-04 15:34:46,758 INFO goatfarm [b259f391158245a68cc3dfbb0b973eae] request method=POST path=/api/auth/login status=200 duration_ms=131.15
[WebServer] 2026-10-04 15:34:46,862 INFO goatfarm.audit [a366a4a010254cc5a99dca12ad6bfcaf] security_event event='team.worker.create' farm_id=11 actor_id=24 membership_id=21 user_id=43 role_id=98 — provisioned worker account with must-change credential
[WebServer] 2026-10-04 15:34:46,863 INFO goatfarm [a366a4a010254cc5a99dca12ad6bfcaf] request method=POST path=/api/team/workers status=201 duration_ms=102.26
[WebServer] 2026-10-04 15:34:46,999 INFO goatfarm [8a893dff8de54245964672a75d003767] request method=POST path=/api/auth/login status=200 duration_ms=134.17
[WebServer] 2026-10-04 15:34:47,026 INFO goatfarm [46987e6dcf554ae59ab3d681592b8be8] request method=POST path=/api/animals status=201 duration_ms=25.38
[WebServer] 2026-10-04 15:34:47,158 INFO goatfarm [c98ca878660d44699afc32334fef46ee] request method=POST path=/api/auth/login status=200 duration_ms=129.26
[WebServer] 2026-10-04 15:34:47,178 INFO goatfarm [5439218fb464440998b26f42f709a46e] request method=POST path=/api/animals status=201 duration_ms=17.72
[WebServer] 2026-10-04 15:34:47,312 INFO goatfarm [903df256ffb7483d9a6aed77672dd636] request method=POST path=/api/auth/login status=200 duration_ms=131.47
[WebServer] 2026-10-04 15:34:47,354 INFO goatfarm [b3bc82460f744ac7ad388e5b589f6105] request method=POST path=/api/breeding status=201 duration_ms=39.30
[WebServer] 2026-10-04 15:34:47,486 INFO goatfarm [437acdafe4bc4ccfb971dc8f80aee65d] request method=POST path=/api/auth/login status=200 duration_ms=129.85
[WebServer] 2026-10-04 15:34:47,517 INFO goatfarm [9345e2323a454e3a95d790ff9cfe668c] request method=GET path=/api/tasks status=200 duration_ms=29.05
[WebServer] 2026-10-04 15:34:47,735 INFO goatfarm [f6ae9ea4a8e54a8380f5981e1bcc6d25] request method=POST path=/api/auth/refresh status=401 duration_ms=0.77
[WebServer] 2026-10-04 15:34:47,775 INFO goatfarm [7b9375dcb6d74ee2a13e61a6d0207d61] request method=GET path=/api/auth/worker-roster status=200 duration_ms=4.91
[WebServer] 2026-10-04 15:34:48,240 INFO goatfarm.audit [9d9cf56dacd24a129c469cc20ca2d5bf] security_event event='auth.worker_pin.login_succeeded' farm_id=11 membership_id=21 user_id=43 — worker signed in on the tablet by PIN
[WebServer] 2026-10-04 15:34:48,240 INFO goatfarm [9d9cf56dacd24a129c469cc20ca2d5bf] request method=POST path=/api/auth/worker-login status=200 duration_ms=139.44
[WebServer] 2026-10-04 15:34:48,252 INFO goatfarm [7504bcd6692d48d080d5a6379bd005ce] request method=GET path=/api/auth/farms status=200 duration_ms=8.82
[WebServer] 2026-10-04 15:34:48,265 INFO goatfarm [f92d7bc1dea94895b617df64ab1cbdc5] request method=GET path=/api/auth/worker-roster status=200 duration_ms=5.64
[WebServer] 2026-10-04 15:34:48,272 INFO goatfarm [e900e96fbf6449418c8b107407985a84] request method=GET path=/api/auth/permissions status=200 duration_ms=11.70
[WebServer] 2026-10-04 15:34:48,309 INFO goatfarm [5a2c097a5612404aa2595e005a4f597f] request method=GET path=/api/tasks status=200 duration_ms=24.87
  ✓  102 [Mobile Safari] › e2e/worker-tablet-journey.spec.ts:248:3 › worker tablet › form-linked duty deep-links to its form and carries returnTo=/worker (2.2s)


  1) [webkit] › e2e/a11y-gate.spec.ts:68:7 › a11y gate › /finance/insurance (te) has no serious accessibility violations 

    Test timeout of 60000ms exceeded.

    Tearing down "context" exceeded the test timeout of 60000ms.

    Error: browserContext.close: Test timeout of 60000ms exceeded.
    Browser logs:

    <launching> /Users/pradeepreddy/Library/Caches/ms-playwright/webkit-2336/pw_run.sh --inspector-pipe --headless --no-startup-window
    <launched> pid=79947
    [pid=79947] <gracefully close start>

    Error: page.goto: Test timeout of 60000ms exceeded.
    Call log:
      - navigating to "http://localhost:3000/login", waiting until "load"


       at helpers.ts:66

      64 | export async function signIn(page: Page): Promise<void> {
      65 |   const credentials = e2eCredentials();
    > 66 |   await page.goto("/login");
         |              ^
      67 |   const email = page.getByLabel("Email");
      68 |   const password = page.getByLabel("Password");
      69 |   // The login form is server-rendered before its React handlers attach, and a
        at signIn (/Users/pradeepreddy/Desktop/goat-farm-management-main/frontend/e2e/helpers.ts:66:14)
        at /Users/pradeepreddy/Desktop/goat-farm-management-main/frontend/e2e/a11y-gate.spec.ts:72:17

    Error Context: ../audit_reports/independent-26-track-2026-10-04/evidence/browser-webkit-artifacts/a11y-gate-a11y-gate-financ-5a1f3-us-accessibility-violations-webkit/error-context.md

    attachment #2: trace (application/zip) ─────────────────────────────────────────────────────────
    ../audit_reports/independent-26-track-2026-10-04/evidence/browser-webkit-artifacts/a11y-gate-a11y-gate-financ-5a1f3-us-accessibility-violations-webkit/trace.zip
    Usage:

        pnpm exec playwright show-trace ../audit_reports/independent-26-track-2026-10-04/evidence/browser-webkit-artifacts/a11y-gate-a11y-gate-financ-5a1f3-us-accessibility-violations-webkit/trace.zip

    ────────────────────────────────────────────────────────────────────────────────────────────────

  1 failed
    [webkit] › e2e/a11y-gate.spec.ts:68:7 › a11y gate › /finance/insurance (te) has no serious accessibility violations 
  101 passed (5.4m)
