[WebServer] (node:75499) Warning: The 'NO_COLOR' env is ignored due to the 'FORCE_COLOR' env being set.
[WebServer] (Use `node --trace-warnings ...` to show where the warning was created)
[WebServer] INFO:     Started server process [75508]
[WebServer] INFO:     Waiting for application startup.
[WebServer] 2026-10-04 15:24:16,918 INFO goatfarm [-] startup (environment=development)
[WebServer] INFO:     Application startup complete.
[WebServer] INFO:     Uvicorn running on http://127.0.0.1:8000 (Press CTRL+C to quit)
[WebServer] 2026-10-04 15:24:18,028 INFO goatfarm [2585728a4de84c0e91ef1edd14df7616] request method=GET path=/openapi.json status=200 duration_ms=567.41
[WebServer] 2026-10-04 15:24:18,174 INFO goatfarm [9ae0f8fe9199410eabff84fb0e104eac] request method=POST path=/api/auth/register status=201 duration_ms=120.98
[WebServer] 2026-10-04 15:24:18,200 INFO goatfarm [dea350cc4184437ca6388209d8548736] request method=POST path=/api/auth/farms status=201 duration_ms=23.41

Running 105 tests using 1 worker

(node:75513) Warning: The 'NO_COLOR' env is ignored due to the 'FORCE_COLOR' env being set.
(Use `node --trace-warnings ...` to show where the warning was created)
[WebServer] 2026-10-04 15:24:18,919 WARNING goatfarm.audit [873200b59c6b467f90198dff3029b479] security_signal_started event='auth.refresh.invalid' aggregation='process-memory' — invalid or replayed refresh credentials rejected
[WebServer] 2026-10-04 15:24:18,919 INFO goatfarm [873200b59c6b467f90198dff3029b479] request method=POST path=/api/auth/refresh status=401 duration_ms=1.08
[WebServer] 2026-10-04 15:24:19,160 INFO goatfarm [e6ee02cac2bf4b379942be5010eeb5fb] request method=POST path=/api/auth/login status=200 duration_ms=126.63
[WebServer] 2026-10-04 15:24:19,176 INFO goatfarm [a8ae1681bb5747f387d626befd6eab7a] request method=GET path=/api/auth/farms status=200 duration_ms=13.06
[WebServer] 2026-10-04 15:24:19,187 INFO goatfarm [4ccedf918ecc4453876c1cec79d45c36] request method=GET path=/api/auth/permissions status=200 duration_ms=8.24
[WebServer] 2026-10-04 15:24:19,428 INFO goatfarm [f01f3fabc64f40878a6a76f417daf1ae] request method=POST path=/api/auth/refresh status=200 duration_ms=106.78
[WebServer] 2026-10-04 15:24:19,444 INFO goatfarm [4aaedd20c6b2412a8c1174ef215a464e] request method=GET path=/api/auth/farms status=200 duration_ms=12.89
[WebServer] 2026-10-04 15:24:19,451 INFO goatfarm [a2905311de364d81a7061669dcedeb93] request method=GET path=/api/dashboard status=200 duration_ms=232.32
[WebServer] 2026-10-04 15:24:19,458 INFO goatfarm [9a22d236d52f4d80b5552e88ef9b41eb] request method=GET path=/api/auth/permissions status=200 duration_ms=4.92
[WebServer] 2026-10-04 15:24:19,520 INFO goatfarm [6af0742a8869460fac849cfc672dab89] request method=GET path=/api/dashboard status=200 duration_ms=52.13
  ✓    1 [chromium] › e2e/a11y-gate.spec.ts:68:7 › a11y gate › /dashboard (en) has no serious accessibility violations (1.7s)
[WebServer] 2026-10-04 15:24:20,572 INFO goatfarm [771ee22fd5374d9085aab706c35b42c6] request method=POST path=/api/auth/refresh status=401 duration_ms=0.86
[WebServer] 2026-10-04 15:24:20,772 INFO goatfarm [1cf449c9816f4313867f0c568c6b528f] request method=POST path=/api/auth/login status=200 duration_ms=130.57
[WebServer] 2026-10-04 15:24:20,781 INFO goatfarm [ffab0566a8f34a3bbdddb69867bb5672] request method=GET path=/api/auth/farms status=200 duration_ms=6.37
[WebServer] 2026-10-04 15:24:20,788 INFO goatfarm [3d006a3e9ede44c9a8e9ebbe5c2c3d73] request method=GET path=/api/auth/permissions status=200 duration_ms=3.93
[WebServer] 2026-10-04 15:24:20,853 INFO goatfarm [c385f4893fac4a1fa262aff1dda26e2b] request method=GET path=/api/dashboard status=200 duration_ms=37.51
[WebServer] 2026-10-04 15:24:20,991 INFO goatfarm [0663fb34fcf644629dcbe2f650446f4b] request method=POST path=/api/auth/refresh status=200 duration_ms=93.95
[WebServer] 2026-10-04 15:24:21,000 INFO goatfarm [02c568a56ee74074a7e0dcff75a613ca] request method=GET path=/api/auth/farms status=200 duration_ms=6.23
[WebServer] 2026-10-04 15:24:21,020 INFO goatfarm [af4ac92926334feb8a65da35d748e40b] request method=GET path=/api/auth/permissions status=200 duration_ms=6.03
[WebServer] 2026-10-04 15:24:21,035 INFO goatfarm [794ede5defa547db82fe9b053551718e] request method=GET path=/api/owner/overview status=200 duration_ms=24.81
[WebServer] 2026-10-04 15:24:21,040 INFO goatfarm [2390964634804c5ea643a3cf1a609534] request method=GET path=/api/owner/benchmarks status=200 duration_ms=28.34
  ✓    2 [chromium] › e2e/a11y-gate.spec.ts:68:7 › a11y gate › /owner (en) has no serious accessibility violations (1.4s)
[WebServer] 2026-10-04 15:24:22,001 INFO goatfarm [b355ebe3530c4f258e235fd4aad85eeb] request method=POST path=/api/auth/refresh status=401 duration_ms=0.48
[WebServer] 2026-10-04 15:24:22,206 INFO goatfarm [5ca9f4cf25f74304b35730ee1f605066] request method=POST path=/api/auth/login status=200 duration_ms=121.95
[WebServer] 2026-10-04 15:24:22,214 INFO goatfarm [ab2edd4587944e94a545db99fa0ea420] request method=GET path=/api/auth/farms status=200 duration_ms=5.65
[WebServer] 2026-10-04 15:24:22,221 INFO goatfarm [4f84faffc1254393ae1f7be2d344d307] request method=GET path=/api/auth/permissions status=200 duration_ms=4.00
[WebServer] 2026-10-04 15:24:22,296 INFO goatfarm [b5bce7ba5b4d416bb6fd7be9a22e1019] request method=GET path=/api/dashboard status=200 duration_ms=48.08
[WebServer] 2026-10-04 15:24:22,435 INFO goatfarm [b29d380372ef448da70e6bf85a3e30d4] request method=POST path=/api/auth/refresh status=200 duration_ms=93.55
[WebServer] 2026-10-04 15:24:22,442 INFO goatfarm [070c6e725f374862ac32fd3e98bc65bb] request method=GET path=/api/auth/farms status=200 duration_ms=4.65
[WebServer] 2026-10-04 15:24:22,454 INFO goatfarm [7bb82ae189ab4b1d8128124904fec2a9] request method=GET path=/api/auth/permissions status=200 duration_ms=3.99
[WebServer] 2026-10-04 15:24:22,481 INFO goatfarm [b4b8ae6567b74a428470c4cc2da198e6] request method=GET path=/api/animals status=200 duration_ms=9.30
  ✓    3 [chromium] › e2e/a11y-gate.spec.ts:68:7 › a11y gate › /animals (en) has no serious accessibility violations (1.4s)
[WebServer] 2026-10-04 15:24:23,433 INFO goatfarm [74a9c1ea74fc4739b796bc3924387a47] request method=POST path=/api/auth/refresh status=401 duration_ms=0.43
[WebServer] 2026-10-04 15:24:23,641 INFO goatfarm [547c250452d94a1cbaa59343ddcc5aca] request method=POST path=/api/auth/login status=200 duration_ms=124.48
[WebServer] 2026-10-04 15:24:23,648 INFO goatfarm [0770269e89724f7c8615b767820a4aff] request method=GET path=/api/auth/farms status=200 duration_ms=4.69
[WebServer] 2026-10-04 15:24:23,655 INFO goatfarm [f6aaf305734a4ceda6c47f673bec0b34] request method=GET path=/api/auth/permissions status=200 duration_ms=4.52
[WebServer] 2026-10-04 15:24:23,716 INFO goatfarm [aa1ccc9dd8c64e169ae56f753c00b1d3] request method=GET path=/api/dashboard status=200 duration_ms=33.64
[WebServer] 2026-10-04 15:24:23,868 INFO goatfarm [113f7235101d4f618d1b83b39057188f] request method=POST path=/api/auth/refresh status=200 duration_ms=98.96
[WebServer] 2026-10-04 15:24:23,877 INFO goatfarm [c0283275b78c4510b66917eb55c4d3ea] request method=GET path=/api/auth/farms status=200 duration_ms=6.72
[WebServer] 2026-10-04 15:24:23,890 INFO goatfarm [bd97263e36824853aadd885fceca6106] request method=GET path=/api/auth/permissions status=200 duration_ms=4.93
[WebServer] 2026-10-04 15:24:23,915 INFO goatfarm [098cce83421745ea9bde160a45652ec4] request method=GET path=/api/buckets status=200 duration_ms=15.59
  ✓    4 [chromium] › e2e/a11y-gate.spec.ts:68:7 › a11y gate › /buckets (en) has no serious accessibility violations (1.4s)
[WebServer] 2026-10-04 15:24:24,886 INFO goatfarm [5ae834bfb4924cf08314e1ac908dded5] request method=POST path=/api/auth/refresh status=401 duration_ms=0.43
[WebServer] 2026-10-04 15:24:25,089 INFO goatfarm [d69598aa96fb40588393fa486753a0f3] request method=POST path=/api/auth/login status=200 duration_ms=122.57
[WebServer] 2026-10-04 15:24:25,097 INFO goatfarm [6fdf02071f7e47b38be47ac561927870] request method=GET path=/api/auth/farms status=200 duration_ms=5.06
[WebServer] 2026-10-04 15:24:25,104 INFO goatfarm [84f3e66aef2b462f8c72979a9bbef3a3] request method=GET path=/api/auth/permissions status=200 duration_ms=4.43
[WebServer] 2026-10-04 15:24:25,163 INFO goatfarm [905b3547bbd64b65a8ea9eadf7ab5d61] request method=GET path=/api/dashboard status=200 duration_ms=31.85
[WebServer] 2026-10-04 15:24:25,333 INFO goatfarm [a55368d0f859462a822e4ac736cef7b8] request method=POST path=/api/auth/refresh status=200 duration_ms=97.14
[WebServer] 2026-10-04 15:24:25,341 INFO goatfarm [e806212fa58a464bb2dc517f4890fc3b] request method=GET path=/api/auth/farms status=200 duration_ms=5.96
[WebServer] 2026-10-04 15:24:25,357 INFO goatfarm [35ef7e58a93b4411a8c3eb1ba11b7d28] request method=GET path=/api/auth/permissions status=200 duration_ms=7.36
[WebServer] 2026-10-04 15:24:25,389 INFO goatfarm [168dac70a6bb49e8a7238c2d07643c08] request method=GET path=/api/breeding status=200 duration_ms=23.68
  ✓    5 [chromium] › e2e/a11y-gate.spec.ts:68:7 › a11y gate › /breeding (en) has no serious accessibility violations (1.4s)
[WebServer] 2026-10-04 15:24:26,305 INFO goatfarm [397e12d3570149e0b9220192be85a782] request method=POST path=/api/auth/refresh status=401 duration_ms=0.46
[WebServer] 2026-10-04 15:24:26,508 INFO goatfarm [0aee3a31a70d485c8c2a1bfeb6f10639] request method=POST path=/api/auth/login status=200 duration_ms=125.17
[WebServer] 2026-10-04 15:24:26,515 INFO goatfarm [11a4182eba4643359ded838536bd02ce] request method=GET path=/api/auth/farms status=200 duration_ms=4.77
[WebServer] 2026-10-04 15:24:26,522 INFO goatfarm [a26e094ecdee4fd187ec2dacff12f6d0] request method=GET path=/api/auth/permissions status=200 duration_ms=4.03
[WebServer] 2026-10-04 15:24:26,597 INFO goatfarm [284acc2ad6d642f99fd62e53b2f192e0] request method=GET path=/api/dashboard status=200 duration_ms=47.78
[WebServer] 2026-10-04 15:24:26,737 INFO goatfarm [b5dd7bc958ac4981890a344efeab3c21] request method=POST path=/api/auth/refresh status=200 duration_ms=97.58
[WebServer] 2026-10-04 15:24:26,745 INFO goatfarm [f47f5ddd9c1b49d590ebdc41938de880] request method=GET path=/api/auth/farms status=200 duration_ms=5.55
[WebServer] 2026-10-04 15:24:26,759 INFO goatfarm [f907cf4b656e4f26a79091a9368fcbe2] request method=GET path=/api/auth/permissions status=200 duration_ms=5.91
[WebServer] 2026-10-04 15:24:26,797 INFO goatfarm [6108e41f27af4ad9ac914a80ab49db44] request method=GET path=/api/kidding status=200 duration_ms=28.00
  ✓    6 [chromium] › e2e/a11y-gate.spec.ts:68:7 › a11y gate › /kidding (en) has no serious accessibility violations (1.4s)
[WebServer] 2026-10-04 15:24:27,703 INFO goatfarm [2b69885ac9fa462d9d422ec5187e4ca0] request method=POST path=/api/auth/refresh status=401 duration_ms=0.43
[WebServer] 2026-10-04 15:24:27,907 INFO goatfarm [b595d41b3cc04ba3bdf3c7f8d23ae449] request method=POST path=/api/auth/login status=200 duration_ms=124.44
[WebServer] 2026-10-04 15:24:27,914 INFO goatfarm [66d2ec64f5474003a07bd2778f1e4047] request method=GET path=/api/auth/farms status=200 duration_ms=4.28
[WebServer] 2026-10-04 15:24:27,921 INFO goatfarm [8c3ac08e5a1940369f51a3a3968f789f] request method=GET path=/api/auth/permissions status=200 duration_ms=4.14
[WebServer] 2026-10-04 15:24:27,992 INFO goatfarm [fb02b10eb030461a9e5f5d30143f86ed] request method=GET path=/api/dashboard status=200 duration_ms=45.17
[WebServer] 2026-10-04 15:24:28,132 INFO goatfarm [be36e870440247bb9567c53555d6f298] request method=POST path=/api/auth/refresh status=200 duration_ms=96.63
[WebServer] 2026-10-04 15:24:28,142 INFO goatfarm [c2f2af239b5f4d3dacc3638e24efac9d] request method=GET path=/api/auth/farms status=200 duration_ms=6.69
[WebServer] 2026-10-04 15:24:28,154 INFO goatfarm [102a60243dd84bcea98ed7d9c21b2e06] request method=GET path=/api/auth/permissions status=200 duration_ms=4.18
[WebServer] 2026-10-04 15:24:28,198 INFO goatfarm [3e2bb97f665349d7b3affc3ce3957377] request method=GET path=/api/feeding/records status=200 duration_ms=25.07
[WebServer] 2026-10-04 15:24:28,200 INFO goatfarm [1f65e50218e849f09cf0125ec001e394] request method=GET path=/api/feeding/recipes status=200 duration_ms=26.32
[WebServer] 2026-10-04 15:24:28,207 INFO goatfarm [6a48133edcfd4413bac829fa9a378d5f] request method=GET path=/api/feeding/plan status=200 duration_ms=36.03
  ✓    7 [chromium] › e2e/a11y-gate.spec.ts:68:7 › a11y gate › /feeding (en) has no serious accessibility violations (1.4s)
[WebServer] 2026-10-04 15:24:29,154 INFO goatfarm [18a3a802ef064aae84a40b1f01228443] request method=POST path=/api/auth/refresh status=401 duration_ms=0.46
[WebServer] 2026-10-04 15:24:29,356 INFO goatfarm [ef954adf97c14fbb8600593c7992e0c0] request method=POST path=/api/auth/login status=200 duration_ms=123.00
[WebServer] 2026-10-04 15:24:29,363 INFO goatfarm [9f1d1609151a4dbb8895e8add886b223] request method=GET path=/api/auth/farms status=200 duration_ms=4.75
[WebServer] 2026-10-04 15:24:29,370 INFO goatfarm [e10c5238f9c94fb48999ba0f3024aac0] request method=GET path=/api/auth/permissions status=200 duration_ms=4.33
[WebServer] 2026-10-04 15:24:29,428 INFO goatfarm [827e6693e208446fabac3ebd3c203fc3] request method=GET path=/api/dashboard status=200 duration_ms=32.12
[WebServer] 2026-10-04 15:24:29,581 INFO goatfarm [8731aaefe7bb4142955fc14fa60c3a7e] request method=POST path=/api/auth/refresh status=200 duration_ms=94.60
[WebServer] 2026-10-04 15:24:29,589 INFO goatfarm [8d6f8a77a6394dcca50d5dd849f5f9b5] request method=GET path=/api/auth/farms status=200 duration_ms=5.38
[WebServer] 2026-10-04 15:24:29,602 INFO goatfarm [89b6969f5ab14723bc0ee5e3f930db09] request method=GET path=/api/auth/permissions status=200 duration_ms=5.32
[WebServer] 2026-10-04 15:24:29,622 INFO goatfarm [d68fb42e04ba470f871dc6c3d5ec6820] request method=GET path=/api/feeding/inventory status=200 duration_ms=11.76
[WebServer] 2026-10-04 15:24:29,622 INFO goatfarm [e431b3dfae9b4a66b963bdf23b171847] request method=GET path=/api/feeding/finished-stock status=200 duration_ms=11.13
  ✓    8 [chromium] › e2e/a11y-gate.spec.ts:68:7 › a11y gate › /feeding/inventory (en) has no serious accessibility violations (1.5s)
[WebServer] 2026-10-04 15:24:30,633 INFO goatfarm [0cf94fecf2a5498082f0de59064a3f02] request method=POST path=/api/auth/refresh status=401 duration_ms=0.48
[WebServer] 2026-10-04 15:24:30,841 INFO goatfarm [e108619f70d94a2fbe2f2ae1b472af21] request method=POST path=/api/auth/login status=200 duration_ms=124.06
[WebServer] 2026-10-04 15:24:30,848 INFO goatfarm [55f38c4f25694833952d4e84bb381c70] request method=GET path=/api/auth/farms status=200 duration_ms=4.68
[WebServer] 2026-10-04 15:24:30,855 INFO goatfarm [065b5cb363a44c9d8a8939f31f4c52a0] request method=GET path=/api/auth/permissions status=200 duration_ms=4.09
[WebServer] 2026-10-04 15:24:30,913 INFO goatfarm [65214c50add84437a9c039d43220055b] request method=GET path=/api/dashboard status=200 duration_ms=30.65
[WebServer] 2026-10-04 15:24:31,066 INFO goatfarm [4c1e4b12b44d44b0bc70d5fef2744fc0] request method=POST path=/api/auth/refresh status=200 duration_ms=95.03
[WebServer] 2026-10-04 15:24:31,074 INFO goatfarm [90f3b6a8d93d40459783651f2bf20c71] request method=GET path=/api/auth/farms status=200 duration_ms=4.95
[WebServer] 2026-10-04 15:24:31,087 INFO goatfarm [c97396aa6dc0459dae42afaa9ec13f45] request method=GET path=/api/auth/permissions status=200 duration_ms=4.39
[WebServer] 2026-10-04 15:24:31,105 INFO goatfarm [75e5b0ea7c8b4d529ed9db11b3f40613] request method=GET path=/api/feeding/recipes status=200 duration_ms=10.51
  ✓    9 [chromium] › e2e/a11y-gate.spec.ts:68:7 › a11y gate › /feeding/recipes (en) has no serious accessibility violations (1.5s)
[WebServer] 2026-10-04 15:24:32,163 INFO goatfarm [d28e74d4f3e945ec922fd4c68f6fcd01] request method=POST path=/api/auth/refresh status=401 duration_ms=0.45
[WebServer] 2026-10-04 15:24:32,375 INFO goatfarm [214dd78c281f4fb293d060384f1e74ef] request method=POST path=/api/auth/login status=200 duration_ms=124.49
[WebServer] 2026-10-04 15:24:32,382 INFO goatfarm [5d10b793e6844767a9d1f3a033c4aac9] request method=GET path=/api/auth/farms status=200 duration_ms=4.96
[WebServer] 2026-10-04 15:24:32,389 INFO goatfarm [2de2bd31961e4ec49bce71ba95097dd3] request method=GET path=/api/auth/permissions status=200 duration_ms=4.23
[WebServer] 2026-10-04 15:24:32,451 INFO goatfarm [e985f9e3bfa246b5bc8be7d559b0994b] request method=GET path=/api/dashboard status=200 duration_ms=34.28
[WebServer] 2026-10-04 15:24:32,597 INFO goatfarm [28d7863b83564a6caf184b620ede903e] request method=POST path=/api/auth/refresh status=200 duration_ms=94.06
[WebServer] 2026-10-04 15:24:32,605 INFO goatfarm [8aff1d3844184e3fa3bee769eacf4c7b] request method=GET path=/api/auth/farms status=200 duration_ms=5.08
[WebServer] 2026-10-04 15:24:32,617 INFO goatfarm [b715dfa253c54599b73605bff561ba5e] request method=GET path=/api/auth/permissions status=200 duration_ms=4.30
[WebServer] 2026-10-04 15:24:32,644 INFO goatfarm [3295948866ee47e0871e3f5a06d9c78c] request method=GET path=/api/purchases status=200 duration_ms=12.50
  ✓   10 [chromium] › e2e/a11y-gate.spec.ts:68:7 › a11y gate › /purchases (en) has no serious accessibility violations (1.4s)
[WebServer] 2026-10-04 15:24:33,558 INFO goatfarm [0d1b9f56c72946b8aaffbbc8e9bd6c51] request method=POST path=/api/auth/refresh status=401 duration_ms=0.47
[WebServer] 2026-10-04 15:24:33,767 INFO goatfarm [cedd42618d7f4991b6c4ee7a2494c9bd] request method=POST path=/api/auth/login status=200 duration_ms=121.99
[WebServer] 2026-10-04 15:24:33,774 INFO goatfarm [3e7fa7b22746457f81673ef8373a6377] request method=GET path=/api/auth/farms status=200 duration_ms=4.99
[WebServer] 2026-10-04 15:24:33,781 INFO goatfarm [2700f2c175f84175a7be78e4d8c7e41b] request method=GET path=/api/auth/permissions status=200 duration_ms=4.22
[WebServer] 2026-10-04 15:24:33,844 INFO goatfarm [4aaad34c2c954707a6f261ee32b21dae] request method=GET path=/api/dashboard status=200 duration_ms=36.97
[WebServer] 2026-10-04 15:24:33,989 INFO goatfarm [c586388a9ffa4f0db8ef1853cc4138cd] request method=POST path=/api/auth/refresh status=200 duration_ms=95.53
[WebServer] 2026-10-04 15:24:33,997 INFO goatfarm [661032604f164aa1abf4415179a5cc1c] request method=GET path=/api/auth/farms status=200 duration_ms=4.95
[WebServer] 2026-10-04 15:24:34,009 INFO goatfarm [94ec5aa7151743e698f2731fdb137406] request method=GET path=/api/auth/permissions status=200 duration_ms=4.39
[WebServer] 2026-10-04 15:24:34,048 INFO goatfarm [62fef298915b4f6584f704e5274c3e6c] request method=GET path=/api/dashboard/reports status=200 duration_ms=30.67
  ✓   11 [chromium] › e2e/a11y-gate.spec.ts:68:7 › a11y gate › /reports (en) has no serious accessibility violations (1.4s)
[WebServer] 2026-10-04 15:24:34,997 INFO goatfarm [9bc5cba6a01d48129fc061388404ea48] request method=POST path=/api/auth/refresh status=401 duration_ms=0.39
[WebServer] 2026-10-04 15:24:35,199 INFO goatfarm [d948e1fef66445f19f0f2291d2889b36] request method=POST path=/api/auth/login status=200 duration_ms=123.77
[WebServer] 2026-10-04 15:24:35,206 INFO goatfarm [de5ee3240b7d4878a94a5e4cb593d07a] request method=GET path=/api/auth/farms status=200 duration_ms=4.75
[WebServer] 2026-10-04 15:24:35,213 INFO goatfarm [e2ddd0b8e9d843ab87198a81089d1079] request method=GET path=/api/auth/permissions status=200 duration_ms=4.43
[WebServer] 2026-10-04 15:24:35,274 INFO goatfarm [c3918f84d4ff480f9fb78e115cf078f7] request method=GET path=/api/dashboard status=200 duration_ms=34.93
[WebServer] 2026-10-04 15:24:35,424 INFO goatfarm [82ab0200ef584ec8b859bfd065e936eb] request method=POST path=/api/auth/refresh status=200 duration_ms=94.26
[WebServer] 2026-10-04 15:24:35,431 INFO goatfarm [4723a695af134855a8e22d313a95b8a9] request method=GET path=/api/auth/farms status=200 duration_ms=4.74
[WebServer] 2026-10-04 15:24:35,443 INFO goatfarm [429986a25e3f41189f8a8d78ace9577a] request method=GET path=/api/auth/permissions status=200 duration_ms=4.19
[WebServer] 2026-10-04 15:24:35,478 INFO goatfarm [107d6b28e24d4fec86b5730035bbc9d4] request method=GET path=/api/tasks status=200 duration_ms=21.06
  ✓   12 [chromium] › e2e/a11y-gate.spec.ts:68:7 › a11y gate › /tasks (en) has no serious accessibility violations (1.4s)
[WebServer] 2026-10-04 15:24:36,417 INFO goatfarm [29b560b0bbab4fd28514602301b4dbdf] request method=POST path=/api/auth/refresh status=401 duration_ms=0.44
[WebServer] 2026-10-04 15:24:36,623 INFO goatfarm [32b14b7838264bf19152f583768ba54b] request method=POST path=/api/auth/login status=200 duration_ms=123.14
[WebServer] 2026-10-04 15:24:36,629 INFO goatfarm [3653c9b6cad644c5909a7180e7eddfa0] request method=GET path=/api/auth/farms status=200 duration_ms=4.58
[WebServer] 2026-10-04 15:24:36,636 INFO goatfarm [e1d7dc4dd61f4f51a9ce2ca26824157c] request method=GET path=/api/auth/permissions status=200 duration_ms=4.08
[WebServer] 2026-10-04 15:24:36,696 INFO goatfarm [75fa5a655c4d4a38ba59b6bc37b93e79] request method=GET path=/api/dashboard status=200 duration_ms=34.88
[WebServer] 2026-10-04 15:24:36,855 INFO goatfarm [17cc21e3fd6042ba9ee70e1622786fe5] request method=POST path=/api/auth/refresh status=200 duration_ms=102.02
[WebServer] 2026-10-04 15:24:36,863 INFO goatfarm [94791bddfe174d75b2ad9e93b58d54a0] request method=GET path=/api/auth/farms status=200 duration_ms=4.44
[WebServer] 2026-10-04 15:24:36,865 INFO goatfarm [9664c00cce2147bbb67093135e90e949] request method=GET path=/api/auth/farms status=401 duration_ms=0.51
[WebServer] 2026-10-04 15:24:36,878 INFO goatfarm [3f0593f744884cd680c85c2d281eb024] request method=GET path=/api/auth/permissions status=200 duration_ms=5.75
[WebServer] 2026-10-04 15:24:36,880 INFO goatfarm [d1d61331a7844a0aa489798182a6a44f] request method=GET path=/api/auth/permissions status=401 duration_ms=0.36
[WebServer] 2026-10-04 15:24:36,891 INFO goatfarm [a0de1abbbd424340936ad80f87b3d2c3] request method=GET path=/api/tasks status=200 duration_ms=9.87
[WebServer] 2026-10-04 15:24:36,893 INFO goatfarm [b7a1c309ce5041cfb91fe186efb9e1b5] request method=GET path=/api/tasks status=401 duration_ms=0.40
  ✓   13 [chromium] › e2e/a11y-gate.spec.ts:68:7 › a11y gate › /worker (en) has no serious accessibility violations (1.3s)
[WebServer] 2026-10-04 15:24:37,728 INFO goatfarm [46e3cb856d4e43f082141e810043f53a] request method=POST path=/api/auth/refresh status=401 duration_ms=0.45
  ✓   14 [chromium] › e2e/a11y-gate.spec.ts:68:7 › a11y gate › /login (en) has no serious accessibility violations (8.4s)
[WebServer] 2026-10-04 15:24:46,151 INFO goatfarm [3a5defc1dbbd4748947f0a9d2dfba6c5] request method=POST path=/api/auth/refresh status=401 duration_ms=0.54
  ✓   15 [chromium] › e2e/a11y-gate.spec.ts:68:7 › a11y gate › /register (en) has no serious accessibility violations (8.4s)
[WebServer] 2026-10-04 15:24:54,564 INFO goatfarm [1d8dac990e154923b7ab3361495f9730] request method=POST path=/api/auth/refresh status=401 duration_ms=0.44
[WebServer] 2026-10-04 15:24:54,803 INFO goatfarm [d48e91457e7942ee9e400cb2650b1cbd] request method=POST path=/api/auth/login status=200 duration_ms=152.55
[WebServer] 2026-10-04 15:24:54,812 INFO goatfarm [8297cc622c0541e28960ee51f9b987c5] request method=GET path=/api/auth/farms status=200 duration_ms=7.04
[WebServer] 2026-10-04 15:24:54,821 INFO goatfarm [a577badcd91343f98df531367ad5df48] request method=GET path=/api/auth/permissions status=200 duration_ms=6.10
[WebServer] 2026-10-04 15:24:54,888 INFO goatfarm [7593c29e9b2f40c0ab71fc38581368c8] request method=GET path=/api/dashboard status=200 duration_ms=35.78
[WebServer] 2026-10-04 15:24:55,119 INFO goatfarm [2489bbf3d3c94d0082c171616c677308] request method=POST path=/api/auth/refresh status=200 duration_ms=110.03
[WebServer] 2026-10-04 15:24:55,128 INFO goatfarm [a0f7e39e75d84cb4bf31d6fbd20c598d] request method=GET path=/api/auth/farms status=200 duration_ms=6.60
  ✓   16 [chromium] › e2e/a11y-gate.spec.ts:68:7 › a11y gate › /farm-select (en) has no serious accessibility violations (1.4s)
[WebServer] 2026-10-04 15:24:56,373 INFO goatfarm [bc476b51d576438683c867399ff3b8b5] request method=POST path=/api/auth/login status=200 duration_ms=150.41
[WebServer] 2026-10-04 15:24:56,384 INFO goatfarm [26d010a93f9b42459b799f079e45cab1] request method=GET path=/api/auth/farms status=200 duration_ms=6.52
[WebServer] 2026-10-04 15:24:56,489 INFO goatfarm [f5650a28a2a2481cbc8d91d81dc8cc9d] request method=POST path=/api/auth/refresh status=401 duration_ms=0.72
[WebServer] 2026-10-04 15:24:56,530 INFO goatfarm [5bab97ad912c43f98b74719d8c178c31] request method=GET path=/api/auth/worker-roster status=200 duration_ms=5.70
[WebServer] 2026-10-04 15:25:00,689 INFO goatfarm [d746bf51815142a4b9b9165aa2c29ee0] request method=POST path=/api/auth/refresh status=401 duration_ms=0.65
  ✓   17 [chromium] › e2e/a11y-gate.spec.ts:68:7 › a11y gate › /worker/login (en) has no serious accessibility violations (8.9s)
[WebServer] 2026-10-04 15:25:04,891 INFO goatfarm [ead1e50815794f68827d98a25a063a7b] request method=POST path=/api/auth/refresh status=401 duration_ms=0.58
  ✓   18 [chromium] › e2e/a11y-gate.spec.ts:68:7 › a11y gate › /worker/offline (en) has no serious accessibility violations (8.4s)
[WebServer] 2026-10-04 15:25:13,285 INFO goatfarm [78c3bf145b5f4f2f9a1151223f065f13] request method=POST path=/api/auth/refresh status=401 duration_ms=0.58
[WebServer] 2026-10-04 15:25:13,529 INFO goatfarm [396631653c864cf99346bc7a2e0952a3] request method=POST path=/api/auth/login status=200 duration_ms=153.81
[WebServer] 2026-10-04 15:25:13,543 INFO goatfarm [9b88cc8013f7437e8b609b8a3b11a816] request method=GET path=/api/auth/farms status=200 duration_ms=10.93
[WebServer] 2026-10-04 15:25:13,555 INFO goatfarm [765029b8109c4dd99433f64bd20acd36] request method=GET path=/api/auth/permissions status=200 duration_ms=8.78
[WebServer] 2026-10-04 15:25:13,633 INFO goatfarm [4e1d43f584894ebda331bc4b7d52e141] request method=GET path=/api/dashboard status=200 duration_ms=48.91
[WebServer] 2026-10-04 15:25:13,843 INFO goatfarm [37e93311862d4921978388ab5cd7134e] request method=POST path=/api/auth/refresh status=200 duration_ms=111.24
[WebServer] 2026-10-04 15:25:13,854 INFO goatfarm [5f0e956c162646aaa7739454d1c642fc] request method=GET path=/api/auth/farms status=200 duration_ms=8.07
[WebServer] 2026-10-04 15:25:13,869 INFO goatfarm [43c35ad452974969a72d28fecf23312f] request method=GET path=/api/auth/permissions status=200 duration_ms=6.32
[WebServer] 2026-10-04 15:25:13,909 INFO goatfarm [214b6a52f7db4b908af547bceafe6815] request method=GET path=/api/screening/images status=200 duration_ms=29.43
[WebServer] 2026-10-04 15:25:13,916 INFO goatfarm [f314496ca63f4061a1e23bb353aac0c4] request method=GET path=/api/screening/stats status=200 duration_ms=34.93
  ✓   19 [chromium] › e2e/a11y-gate.spec.ts:68:7 › a11y gate › /screening (en) has no serious accessibility violations (1.6s)
[WebServer] 2026-10-04 15:25:14,883 INFO goatfarm [dd5ea1f59bb9497e9c6b8679acb7c417] request method=POST path=/api/auth/refresh status=401 duration_ms=0.62
[WebServer] 2026-10-04 15:25:15,125 INFO goatfarm [5ba15e609b0246b9905381fff5c4af46] request method=POST path=/api/auth/login status=200 duration_ms=149.72
[WebServer] 2026-10-04 15:25:15,134 INFO goatfarm [b61db49f617444988efdcaaf46c6aaf5] request method=GET path=/api/auth/farms status=200 duration_ms=6.30
[WebServer] 2026-10-04 15:25:15,142 INFO goatfarm [44417cb2fc7f49818c8574f760ee61d5] request method=GET path=/api/auth/permissions status=200 duration_ms=5.15
[WebServer] 2026-10-04 15:25:15,205 INFO goatfarm [f496e088a8bb41d3a133000d6c5db97e] request method=GET path=/api/dashboard status=200 duration_ms=34.73
[WebServer] 2026-10-04 15:25:15,453 INFO goatfarm [7e58c8d4323e4cc48c6fd7456b2b4ae3] request method=POST path=/api/auth/refresh status=200 duration_ms=113.42
[WebServer] 2026-10-04 15:25:15,462 INFO goatfarm [559c143ce4bc4ab1878d54afc60e13cd] request method=GET path=/api/auth/farms status=200 duration_ms=5.93
[WebServer] 2026-10-04 15:25:15,476 INFO goatfarm [e0e7a89ff0e449678533bf6f8880e07e] request method=GET path=/api/auth/permissions status=200 duration_ms=5.55
[WebServer] 2026-10-04 15:25:15,500 INFO goatfarm [cbe7fe7e6f2c4ebfa3e57da02398a4a0] request method=GET path=/api/team status=200 duration_ms=15.87
  ✓   20 [chromium] › e2e/a11y-gate.spec.ts:68:7 › a11y gate › /team (en) has no serious accessibility violations (1.7s)
[WebServer] 2026-10-04 15:25:16,581 INFO goatfarm [511c4d4c09084e8a97910c3b2b18c5ab] request method=POST path=/api/auth/refresh status=401 duration_ms=0.65
[WebServer] 2026-10-04 15:25:16,810 INFO goatfarm [da10ae92d3b04970a31bc98486032a88] request method=POST path=/api/auth/login status=200 duration_ms=142.95
[WebServer] 2026-10-04 15:25:16,818 INFO goatfarm [0af7ba68e8c24e3184820c87eaddda6e] request method=GET path=/api/auth/farms status=200 duration_ms=6.13
[WebServer] 2026-10-04 15:25:16,826 INFO goatfarm [bb95015e195344d3866b668dde775ab1] request method=GET path=/api/auth/permissions status=200 duration_ms=5.12
[WebServer] 2026-10-04 15:25:16,897 INFO goatfarm [d0e394eeec304a7a9c908586c09ea807] request method=GET path=/api/dashboard status=200 duration_ms=42.17
[WebServer] 2026-10-04 15:25:17,049 INFO goatfarm [9ac979b9b9344de89edd801248bb293e] request method=POST path=/api/auth/refresh status=200 duration_ms=113.20
[WebServer] 2026-10-04 15:25:17,061 INFO goatfarm [08ca4255212847b29b5a70811b4e2c13] request method=GET path=/api/auth/farms status=200 duration_ms=8.59
[WebServer] 2026-10-04 15:25:17,076 INFO goatfarm [6893b165b77a4309bade6a82592a7530] request method=GET path=/api/auth/permissions status=200 duration_ms=6.02
[WebServer] 2026-10-04 15:25:17,102 INFO goatfarm [27fddb09139d4607a64beb747f90329a] request method=GET path=/api/finance/insurance status=200 duration_ms=15.64
  ✓   21 [chromium] › e2e/a11y-gate.spec.ts:68:7 › a11y gate › /finance/insurance (en) has no serious accessibility violations (1.5s)
[WebServer] 2026-10-04 15:25:18,076 INFO goatfarm [a90870bb46aa423da2a251f9ee2ac315] request method=POST path=/api/auth/refresh status=401 duration_ms=0.73
[WebServer] 2026-10-04 15:25:18,320 INFO goatfarm [3492c11d715e4970a5fd810046ca2bc9] request method=POST path=/api/auth/login status=200 duration_ms=151.85
[WebServer] 2026-10-04 15:25:18,329 INFO goatfarm [aaac1bfdc66b48eb90061f3ffb4d04c7] request method=GET path=/api/auth/farms status=200 duration_ms=6.59
[WebServer] 2026-10-04 15:25:18,338 INFO goatfarm [a3e0917fc60a439cb0fecdc6ad862d26] request method=GET path=/api/auth/permissions status=200 duration_ms=5.50
[WebServer] 2026-10-04 15:25:18,408 INFO goatfarm [01395471ef2f497e90b44039a2694b77] request method=GET path=/api/dashboard status=200 duration_ms=42.80
[WebServer] 2026-10-04 15:25:18,637 INFO goatfarm [e67e53b594f64b18bca9fa1eb7f97264] request method=POST path=/api/auth/refresh status=200 duration_ms=105.20
[WebServer] 2026-10-04 15:25:18,645 INFO goatfarm [d981bbf6a6be4ef49f0bc8c5a1d183ec] request method=GET path=/api/auth/farms status=200 duration_ms=5.49
[WebServer] 2026-10-04 15:25:18,657 INFO goatfarm [47f32ce6cdd641069211002f0768fe18] request method=GET path=/api/auth/permissions status=200 duration_ms=4.46
[WebServer] 2026-10-04 15:25:18,685 INFO goatfarm [bd9dd74869f7455b972378386dae70f8] request method=GET path=/api/health/schedule-templates status=200 duration_ms=12.81
[WebServer] 2026-10-04 15:25:18,686 INFO goatfarm [b67ebe8a4bdb4c59b068eda43619c46e] request method=GET path=/api/health/events status=200 duration_ms=15.29
  ✓   22 [chromium] › e2e/a11y-gate.spec.ts:68:7 › a11y gate › /health (en) has no serious accessibility violations (1.6s)
[WebServer] 2026-10-04 15:25:19,672 INFO goatfarm [9744f07fcb754e2a9b34292bb3bc4d62] request method=POST path=/api/auth/refresh status=401 duration_ms=0.53
[WebServer] 2026-10-04 15:25:19,901 INFO goatfarm [7f6d62ebbbd14afab41555cdb65595e8] request method=POST path=/api/auth/login status=200 duration_ms=142.77
[WebServer] 2026-10-04 15:25:19,911 INFO goatfarm [77f404f62c3a43c9ab5dc0ba9fd1ae73] request method=GET path=/api/auth/farms status=200 duration_ms=7.45
[WebServer] 2026-10-04 15:25:19,921 INFO goatfarm [19ed435db5c64d0983494cc12492bd02] request method=GET path=/api/auth/permissions status=200 duration_ms=6.76
[WebServer] 2026-10-04 15:25:19,988 INFO goatfarm [1e13e12cda734020806fe43f1925809c] request method=GET path=/api/dashboard status=200 duration_ms=37.34
[WebServer] 2026-10-04 15:25:20,230 INFO goatfarm [80b7c5e3a6174315801ea8e8250b18b6] request method=POST path=/api/auth/refresh status=200 duration_ms=109.15
[WebServer] 2026-10-04 15:25:20,239 INFO goatfarm [4f78585edcd5494eb9a660d491d8ce7d] request method=GET path=/api/auth/farms status=200 duration_ms=6.28
[WebServer] 2026-10-04 15:25:20,254 INFO goatfarm [6d53b9c1fa0d4c5aa18ced1dfc709b0d] request method=GET path=/api/auth/permissions status=200 duration_ms=5.99
[WebServer] 2026-10-04 15:25:20,278 INFO goatfarm [0bde4a2abbda4cfda6056d49e5f10901] request method=GET path=/api/simulation/defaults status=200 duration_ms=7.99
[WebServer] 2026-10-04 15:25:20,278 INFO goatfarm [b3cb7c34d1c04aafaecd01a1900ebc22] request method=GET path=/api/simulation/defaults/breeds status=200 duration_ms=10.01
[WebServer] 2026-10-04 15:25:20,287 INFO goatfarm [2b5824aab5fd4212ac4e8930c5878543] request method=GET path=/api/planner/plans status=200 duration_ms=16.29
  ✓   23 [chromium] › e2e/a11y-gate.spec.ts:68:7 › a11y gate › /planner (en) has no serious accessibility violations (1.6s)
[WebServer] 2026-10-04 15:25:21,300 INFO goatfarm [e8f1d9777b4247b5a730d50935feffa3] request method=POST path=/api/auth/refresh status=401 duration_ms=0.60
[WebServer] 2026-10-04 15:25:21,540 INFO goatfarm [3e7bb327c72d46469f6a0ef9cf61b225] request method=POST path=/api/auth/login status=200 duration_ms=148.43
[WebServer] 2026-10-04 15:25:21,550 INFO goatfarm [4c534776dfe047c4910bc84a8ec08e87] request method=GET path=/api/auth/farms status=200 duration_ms=7.09
[WebServer] 2026-10-04 15:25:21,558 INFO goatfarm [8848e8afcc5f408bbcfb778850452b1a] request method=GET path=/api/auth/permissions status=200 duration_ms=5.94
[WebServer] 2026-10-04 15:25:21,637 INFO goatfarm [6e6ace3a1a004b5980b619abfbb67ff3] request method=GET path=/api/dashboard status=200 duration_ms=48.70
[WebServer] 2026-10-04 15:25:21,877 INFO goatfarm [35b385d18a0e4d0fa922d073934a1587] request method=POST path=/api/auth/refresh status=200 duration_ms=113.03
[WebServer] 2026-10-04 15:25:21,887 INFO goatfarm [fae1f5f173184054bb28afa98a819fbf] request method=GET path=/api/auth/farms status=200 duration_ms=7.59
[WebServer] 2026-10-04 15:25:21,904 INFO goatfarm [1d2f9eeef3034e038381458a0cb7cfcf] request method=GET path=/api/auth/permissions status=200 duration_ms=7.22
[WebServer] 2026-10-04 15:25:21,928 INFO goatfarm [cac14e5214a84b2bb48fed854cd597d6] request method=GET path=/api/simulation/defaults/breeds status=200 duration_ms=9.59
[WebServer] 2026-10-04 15:25:21,928 INFO goatfarm [5c1733fceee24244b1ff815bd4fe9b2a] request method=GET path=/api/simulation/defaults status=200 duration_ms=8.67
[WebServer] 2026-10-04 15:25:21,937 INFO goatfarm [b95d6204b68345978a81502f2702512d] request method=GET path=/api/simulation/scenarios status=200 duration_ms=16.46
  ✓   24 [chromium] › e2e/a11y-gate.spec.ts:68:7 › a11y gate › /simulation (en) has no serious accessibility violations (2.0s)
[WebServer] 2026-10-04 15:25:23,339 INFO goatfarm [e9c59f4285104b868eb84918ec116fb1] request method=POST path=/api/auth/refresh status=401 duration_ms=0.58
[WebServer] 2026-10-04 15:25:23,571 INFO goatfarm [276cfeaa8232439298de4851067ecc52] request method=POST path=/api/auth/login status=200 duration_ms=144.31
[WebServer] 2026-10-04 15:25:23,580 INFO goatfarm [42d31df97e14406583427e170a1d4bf0] request method=GET path=/api/auth/farms status=200 duration_ms=7.09
[WebServer] 2026-10-04 15:25:23,589 INFO goatfarm [d1cdc3c0592a414da260885b867f5804] request method=GET path=/api/auth/permissions status=200 duration_ms=5.45
[WebServer] 2026-10-04 15:25:23,666 INFO goatfarm [bcd5b3009d134257a43b73be872eec62] request method=GET path=/api/dashboard status=200 duration_ms=46.80
[WebServer] 2026-10-04 15:25:23,898 INFO goatfarm [98564afc12854a93af85ca9bf4cedfb2] request method=POST path=/api/auth/refresh status=200 duration_ms=112.63
[WebServer] 2026-10-04 15:25:23,906 INFO goatfarm [be7be69f6ab74a0f83f9cecefc1a7ef7] request method=GET path=/api/auth/farms status=200 duration_ms=5.06
[WebServer] 2026-10-04 15:25:23,922 INFO goatfarm [aeef09c8972d4ff89e25aa8dc6acea5e] request method=GET path=/api/auth/permissions status=200 duration_ms=6.36
[WebServer] 2026-10-04 15:25:23,966 INFO goatfarm [e37a9958df874dd8813b07a931e0e51a] request method=GET path=/api/finance status=200 duration_ms=34.86
  ✓   25 [chromium] › e2e/a11y-gate.spec.ts:68:7 › a11y gate › /finance (en) has no serious accessibility violations (1.7s)
[WebServer] 2026-10-04 15:25:25,018 INFO goatfarm [74a04a0e7ed44cca9e841498d09f1313] request method=POST path=/api/auth/refresh status=401 duration_ms=0.59
[WebServer] 2026-10-04 15:25:25,254 INFO goatfarm [f52f352ee9e4427680086e402be55018] request method=POST path=/api/auth/login status=200 duration_ms=146.39
[WebServer] 2026-10-04 15:25:25,264 INFO goatfarm [0674be6bc5854603b0946914683d5c60] request method=GET path=/api/auth/farms status=200 duration_ms=6.97
[WebServer] 2026-10-04 15:25:25,272 INFO goatfarm [f326566f01514b5984ba8ca9d63a4c8b] request method=GET path=/api/auth/permissions status=200 duration_ms=5.49
[WebServer] 2026-10-04 15:25:25,339 INFO goatfarm [39d4e99677f04dc6ae8fe55fbabc29c2] request method=GET path=/api/dashboard status=200 duration_ms=38.28
[WebServer] 2026-10-04 15:25:25,577 INFO goatfarm [dfea552f72f548bebf15e355753ea6c9] request method=POST path=/api/auth/refresh status=200 duration_ms=109.38
[WebServer] 2026-10-04 15:25:25,586 INFO goatfarm [2d2b4d59b8734fdb9847f90498975951] request method=GET path=/api/auth/farms status=200 duration_ms=6.15
[WebServer] 2026-10-04 15:25:25,600 INFO goatfarm [969398a34a9d444b8935a91cc565cec6] request method=GET path=/api/auth/permissions status=200 duration_ms=5.76
[WebServer] 2026-10-04 15:25:25,654 INFO goatfarm [4538a35053be4a31baec9b94b8c0ec83] request method=GET path=/api/dashboard status=200 duration_ms=35.34
  ✓   26 [chromium] › e2e/a11y-gate.spec.ts:68:7 › a11y gate › /dashboard (te) has no serious accessibility violations (1.7s)
[WebServer] 2026-10-04 15:25:26,730 INFO goatfarm [423706f1a95e4f30a87fd4ab0685b050] request method=POST path=/api/auth/refresh status=401 duration_ms=0.70
[WebServer] 2026-10-04 15:25:26,947 INFO goatfarm [ae17657a1ff44f90934b8601d50073cc] request method=POST path=/api/auth/login status=200 duration_ms=147.30
[WebServer] 2026-10-04 15:25:26,956 INFO goatfarm [8a162225a3ee4b27b0c5398e44401f85] request method=GET path=/api/auth/farms status=200 duration_ms=6.35
[WebServer] 2026-10-04 15:25:26,965 INFO goatfarm [816679675aa746ae89cad4968cc8d227] request method=GET path=/api/auth/permissions status=200 duration_ms=5.54
[WebServer] 2026-10-04 15:25:27,031 INFO goatfarm [4ba335582d2b4af8b9953a831f2bb14a] request method=GET path=/api/dashboard status=200 duration_ms=36.05
[WebServer] 2026-10-04 15:25:27,277 INFO goatfarm [7ce0ce6d5ab94caea6f485d175433fab] request method=POST path=/api/auth/refresh status=200 duration_ms=118.10
[WebServer] 2026-10-04 15:25:27,285 INFO goatfarm [6c66ab38123b41819595b571b640500f] request method=GET path=/api/auth/farms status=200 duration_ms=5.57
[WebServer] 2026-10-04 15:25:27,305 INFO goatfarm [3776a183eabb4465a5b3d06f55c3579b] request method=GET path=/api/auth/permissions status=200 duration_ms=7.84
[WebServer] 2026-10-04 15:25:27,312 INFO goatfarm [c3dbdebfa0524309b5f91a6c895ef952] request method=GET path=/api/owner/overview status=200 duration_ms=17.14
[WebServer] 2026-10-04 15:25:27,317 INFO goatfarm [4a45df8d411346d5b7df7f85f3cd8548] request method=GET path=/api/owner/benchmarks status=200 duration_ms=21.00
  ✓   27 [chromium] › e2e/a11y-gate.spec.ts:68:7 › a11y gate › /owner (te) has no serious accessibility violations (1.6s)
[WebServer] 2026-10-04 15:25:28,358 INFO goatfarm [026497521b2d48b48f95b79a76b2f45a] request method=POST path=/api/auth/refresh status=401 duration_ms=0.83
[WebServer] 2026-10-04 15:25:28,587 INFO goatfarm [a1d8f1f9c03447d6a5be04dbf27b5be9] request method=POST path=/api/auth/login status=200 duration_ms=151.77
[WebServer] 2026-10-04 15:25:28,596 INFO goatfarm [607ba8a9db274109a300b997378b58e1] request method=GET path=/api/auth/farms status=200 duration_ms=6.59
[WebServer] 2026-10-04 15:25:28,605 INFO goatfarm [b12e9ac84ba34354accff3140facc934] request method=GET path=/api/auth/permissions status=200 duration_ms=5.92
[WebServer] 2026-10-04 15:25:28,667 INFO goatfarm [4898972bab0348fe975d1c6f1ba5738d] request method=GET path=/api/dashboard status=200 duration_ms=34.35
[WebServer] 2026-10-04 15:25:28,904 INFO goatfarm [ae4fed0cce9f4a97a2968f12ff0e00a4] request method=POST path=/api/auth/refresh status=200 duration_ms=116.71
[WebServer] 2026-10-04 15:25:28,913 INFO goatfarm [35526c8d58194e818bfc6455c78f0418] request method=GET path=/api/auth/farms status=200 duration_ms=6.83
[WebServer] 2026-10-04 15:25:28,928 INFO goatfarm [3bf49312318d41a6a97f9b5773ac4c45] request method=GET path=/api/auth/permissions status=200 duration_ms=6.04
[WebServer] 2026-10-04 15:25:28,958 INFO goatfarm [3e9b5c5a6a6f499ba940e143f89119ff] request method=GET path=/api/animals status=200 duration_ms=10.89
  ✓   28 [chromium] › e2e/a11y-gate.spec.ts:68:7 › a11y gate › /animals (te) has no serious accessibility violations (1.6s)
[WebServer] 2026-10-04 15:25:29,944 INFO goatfarm [7bf51e7ca1374284b2200531d6c089a0] request method=POST path=/api/auth/refresh status=401 duration_ms=0.63
[WebServer] 2026-10-04 15:25:30,178 INFO goatfarm [0a0506a235584e15991c91cc933b9633] request method=POST path=/api/auth/login status=200 duration_ms=144.75
[WebServer] 2026-10-04 15:25:30,189 INFO goatfarm [4b63722af1634c81a1f093bbc23a37f3] request method=GET path=/api/auth/farms status=200 duration_ms=8.30
[WebServer] 2026-10-04 15:25:30,199 INFO goatfarm [99b0cf8eb36f4a9d8b93253aea04ae8c] request method=GET path=/api/auth/permissions status=200 duration_ms=7.32
[WebServer] 2026-10-04 15:25:30,259 INFO goatfarm [aff7236ec6634b71b0e2b77e52a28dba] request method=GET path=/api/dashboard status=200 duration_ms=30.15
[WebServer] 2026-10-04 15:25:30,523 INFO goatfarm [5292c3c495a447a0a61317289b573b13] request method=POST path=/api/auth/refresh status=200 duration_ms=127.41
[WebServer] 2026-10-04 15:25:30,543 INFO goatfarm [5c0871a996504daf91b9bfaf5414e763] request method=GET path=/api/auth/farms status=200 duration_ms=12.65
[WebServer] 2026-10-04 15:25:30,566 INFO goatfarm [f39baf6b5d744a04b4d50bd39edba0a4] request method=GET path=/api/auth/permissions status=200 duration_ms=12.09
[WebServer] 2026-10-04 15:25:30,602 INFO goatfarm [abc9785d95c64bcfb226c56298d35946] request method=GET path=/api/buckets status=200 duration_ms=23.87
  ✓   29 [chromium] › e2e/a11y-gate.spec.ts:68:7 › a11y gate › /buckets (te) has no serious accessibility violations (1.7s)
[WebServer] 2026-10-04 15:25:31,632 INFO goatfarm [aed4c3bac05e40c6bcf3ba7fb13cbedb] request method=POST path=/api/auth/refresh status=401 duration_ms=0.66
[WebServer] 2026-10-04 15:25:31,868 INFO goatfarm [13d574e98efd49239eed62efde6b83e2] request method=POST path=/api/auth/login status=200 duration_ms=151.60
[WebServer] 2026-10-04 15:25:31,877 INFO goatfarm [3e77e331def441e69945fdfe9fc22f02] request method=GET path=/api/auth/farms status=200 duration_ms=7.07
[WebServer] 2026-10-04 15:25:31,886 INFO goatfarm [321beef48ae34b94801d62c5774f3baf] request method=GET path=/api/auth/permissions status=200 duration_ms=5.76
[WebServer] 2026-10-04 15:25:31,949 INFO goatfarm [3b9ddd26d93d4d6e8d5627bd71fa1453] request method=GET path=/api/dashboard status=200 duration_ms=33.38
[WebServer] 2026-10-04 15:25:32,194 INFO goatfarm [aa8034c96d254dc7be5a1c2295bb51de] request method=POST path=/api/auth/refresh status=200 duration_ms=114.28
[WebServer] 2026-10-04 15:25:32,203 INFO goatfarm [ac273bde31cc44a1b2736f96e6654a87] request method=GET path=/api/auth/farms status=200 duration_ms=6.39
[WebServer] 2026-10-04 15:25:32,219 INFO goatfarm [42c056daa17d4bc9bd1425d8ba3242d8] request method=GET path=/api/auth/permissions status=200 duration_ms=7.44
[WebServer] 2026-10-04 15:25:32,251 INFO goatfarm [d7290807d89447b4a13330a022386fe5] request method=GET path=/api/breeding status=200 duration_ms=17.31
  ✓   30 [chromium] › e2e/a11y-gate.spec.ts:68:7 › a11y gate › /breeding (te) has no serious accessibility violations (1.6s)
[WebServer] 2026-10-04 15:25:33,230 INFO goatfarm [e7c2f6f71d56499887a254746105e037] request method=POST path=/api/auth/refresh status=401 duration_ms=0.70
[WebServer] 2026-10-04 15:25:33,475 INFO goatfarm [7f5124f2be064b868d21a4794539252b] request method=POST path=/api/auth/login status=200 duration_ms=149.07
[WebServer] 2026-10-04 15:25:33,484 INFO goatfarm [5eb6013f2cbe4b81b0c2bbcbf2e251c5] request method=GET path=/api/auth/farms status=200 duration_ms=6.98
[WebServer] 2026-10-04 15:25:33,493 INFO goatfarm [001e7cc0b3ed4604abb6449c82d68873] request method=GET path=/api/auth/permissions status=200 duration_ms=6.11
[WebServer] 2026-10-04 15:25:33,560 INFO goatfarm [b94f547d382d405eac3386388f209a83] request method=GET path=/api/dashboard status=200 duration_ms=36.19
[WebServer] 2026-10-04 15:25:33,796 INFO goatfarm [30fbdf8b1b474c138f411cc72330494a] request method=POST path=/api/auth/refresh status=200 duration_ms=108.14
[WebServer] 2026-10-04 15:25:33,805 INFO goatfarm [2b4f45a48b3f48c981f88d1bb7cdc551] request method=GET path=/api/auth/farms status=200 duration_ms=6.04
[WebServer] 2026-10-04 15:25:33,821 INFO goatfarm [5ab3e67ace0444a5b529a7b4b35b2645] request method=GET path=/api/auth/permissions status=200 duration_ms=6.67
[WebServer] 2026-10-04 15:25:33,852 INFO goatfarm [75477690e9c1418196a295736c95fb41] request method=GET path=/api/kidding status=200 duration_ms=17.61
  ✓   31 [chromium] › e2e/a11y-gate.spec.ts:68:7 › a11y gate › /kidding (te) has no serious accessibility violations (1.6s)
[WebServer] 2026-10-04 15:25:34,824 INFO goatfarm [2b326f71687b4781b2ebe7052ee2e3cf] request method=POST path=/api/auth/refresh status=401 duration_ms=0.65
[WebServer] 2026-10-04 15:25:35,065 INFO goatfarm [92ff3ac9983c43b29b78f530232dd678] request method=POST path=/api/auth/login status=200 duration_ms=148.62
[WebServer] 2026-10-04 15:25:35,074 INFO goatfarm [7342cd19af414d24bc717be39da8ee0d] request method=GET path=/api/auth/farms status=200 duration_ms=6.74
[WebServer] 2026-10-04 15:25:35,083 INFO goatfarm [6d725e526f8d453dae12e23f21e205f9] request method=GET path=/api/auth/permissions status=200 duration_ms=6.07
[WebServer] 2026-10-04 15:25:35,146 INFO goatfarm [4e0fe4217ed34d33827fffcc2f996d3f] request method=GET path=/api/dashboard status=200 duration_ms=34.29
[WebServer] 2026-10-04 15:25:35,388 INFO goatfarm [60e591b938f2457e96cb04ee9d54b7e2] request method=POST path=/api/auth/refresh status=200 duration_ms=108.45
[WebServer] 2026-10-04 15:25:35,398 INFO goatfarm [e4efae146a47469ea2c36fc8a0e1bd32] request method=GET path=/api/auth/farms status=200 duration_ms=7.02
[WebServer] 2026-10-04 15:25:35,413 INFO goatfarm [122253684ae144279b362a4fcded6c11] request method=GET path=/api/auth/permissions status=200 duration_ms=6.20
[WebServer] 2026-10-04 15:25:35,444 INFO goatfarm [73953533d355412081db85202058aebf] request method=GET path=/api/feeding/records status=200 duration_ms=14.61
[WebServer] 2026-10-04 15:25:35,448 INFO goatfarm [b0fa18b90da94e5580ae1e24da51b4f6] request method=GET path=/api/feeding/recipes status=200 duration_ms=17.70
[WebServer] 2026-10-04 15:25:35,460 INFO goatfarm [5cf2d40e5d124598b91b46dc1b18266a] request method=GET path=/api/feeding/plan status=200 duration_ms=31.61
  ✓   32 [chromium] › e2e/a11y-gate.spec.ts:68:7 › a11y gate › /feeding (te) has no serious accessibility violations (1.6s)
[WebServer] 2026-10-04 15:25:36,444 INFO goatfarm [0da799ee4bfd44628490abb88d317aac] request method=POST path=/api/auth/refresh status=401 duration_ms=0.66
[WebServer] 2026-10-04 15:25:36,677 INFO goatfarm [30408b64de0b4c3596383c478f8f6aef] request method=POST path=/api/auth/login status=200 duration_ms=143.31
[WebServer] 2026-10-04 15:25:36,687 INFO goatfarm [48f9a699822e4170adf06710cbd3215a] request method=GET path=/api/auth/farms status=200 duration_ms=6.92
[WebServer] 2026-10-04 15:25:36,696 INFO goatfarm [f2146b0f475a4c3292bcd488039a2546] request method=GET path=/api/auth/permissions status=200 duration_ms=6.19
[WebServer] 2026-10-04 15:25:36,753 INFO goatfarm [39d7280107484e6fb8ee1e489ce64780] request method=GET path=/api/dashboard status=200 duration_ms=29.17
[WebServer] 2026-10-04 15:25:36,921 INFO goatfarm [19df1c7e347244abb0b3fe51be28a4a5] request method=POST path=/api/auth/refresh status=200 duration_ms=118.08
[WebServer] 2026-10-04 15:25:36,931 INFO goatfarm [ab1c072aafab4349a6318cd4ba44c275] request method=GET path=/api/auth/farms status=200 duration_ms=7.13
[WebServer] 2026-10-04 15:25:36,945 INFO goatfarm [f3734bdbc8694df2aeb3a450a3ae4931] request method=GET path=/api/auth/permissions status=200 duration_ms=5.72
[WebServer] 2026-10-04 15:25:36,971 INFO goatfarm [c10947de90ef4baa92d12e2918aead75] request method=GET path=/api/feeding/inventory status=200 duration_ms=11.67
[WebServer] 2026-10-04 15:25:36,972 INFO goatfarm [7ae4f922c8ad43d8b0606ff3ddcd63cc] request method=GET path=/api/feeding/finished-stock status=200 duration_ms=11.41
  ✓   33 [chromium] › e2e/a11y-gate.spec.ts:68:7 › a11y gate › /feeding/inventory (te) has no serious accessibility violations (1.6s)
[WebServer] 2026-10-04 15:25:38,044 INFO goatfarm [33559789629e4690920149e6150225a0] request method=POST path=/api/auth/refresh status=401 duration_ms=0.59
[WebServer] 2026-10-04 15:25:38,292 INFO goatfarm [2a8ab6cbc6e946c39b89ab69ed806ceb] request method=POST path=/api/auth/login status=200 duration_ms=157.21
[WebServer] 2026-10-04 15:25:38,303 INFO goatfarm [6b1c349beea54d7b873a365a91b091b3] request method=GET path=/api/auth/farms status=200 duration_ms=8.53
[WebServer] 2026-10-04 15:25:38,312 INFO goatfarm [7b364a3496024df38afccbecef2bae31] request method=GET path=/api/auth/permissions status=200 duration_ms=6.09
[WebServer] 2026-10-04 15:25:38,373 INFO goatfarm [99bb0c8df1b04800bffc8cb867f6ce4f] request method=GET path=/api/dashboard status=200 duration_ms=30.94
[WebServer] 2026-10-04 15:25:38,597 INFO goatfarm [3eb9ba46652e4687b154a584ee3f9b9b] request method=POST path=/api/auth/refresh status=200 duration_ms=106.73
[WebServer] 2026-10-04 15:25:38,605 INFO goatfarm [6b4a741b1a814b8da29fa5cfc53c409c] request method=GET path=/api/auth/farms status=200 duration_ms=5.29
[WebServer] 2026-10-04 15:25:38,619 INFO goatfarm [d36de9e01e014e7980146b0478ac9e53] request method=GET path=/api/auth/permissions status=200 duration_ms=5.79
[WebServer] 2026-10-04 15:25:38,642 INFO goatfarm [65c781cadc334383a5d4a76eebcbc97e] request method=GET path=/api/feeding/recipes status=200 duration_ms=9.00
  ✓   34 [chromium] › e2e/a11y-gate.spec.ts:68:7 › a11y gate › /feeding/recipes (te) has no serious accessibility violations (1.7s)
[WebServer] 2026-10-04 15:25:39,760 INFO goatfarm [adb425bf9c27461dbecd14b9b60fc545] request method=POST path=/api/auth/refresh status=401 duration_ms=0.72
[WebServer] 2026-10-04 15:25:39,994 INFO goatfarm [65fe41b72e104473b9c43e8b90611e32] request method=POST path=/api/auth/login status=200 duration_ms=144.49
[WebServer] 2026-10-04 15:25:40,003 INFO goatfarm [448c561fab574a15ae11a1ac9fe92b6c] request method=GET path=/api/auth/farms status=200 duration_ms=6.20
[WebServer] 2026-10-04 15:25:40,012 INFO goatfarm [b42bd57421a24bd397ac870f13cf579a] request method=GET path=/api/auth/permissions status=200 duration_ms=6.22
[WebServer] 2026-10-04 15:25:40,077 INFO goatfarm [250a25a41acf498bbefcdea91a5cdc14] request method=GET path=/api/dashboard status=200 duration_ms=35.74
[WebServer] 2026-10-04 15:25:40,318 INFO goatfarm [f4f2307c608e4f1db8be627d331362f8] request method=POST path=/api/auth/refresh status=200 duration_ms=110.18
[WebServer] 2026-10-04 15:25:40,327 INFO goatfarm [b48f3a9178a847d79dbe88cbb100eaa3] request method=GET path=/api/auth/farms status=200 duration_ms=6.41
[WebServer] 2026-10-04 15:25:40,342 INFO goatfarm [4de5e9ec77b34ed1b26da13140787831] request method=GET path=/api/auth/permissions status=200 duration_ms=5.90
[WebServer] 2026-10-04 15:25:40,372 INFO goatfarm [c9a997e174a54c69b3e93082cb14cf98] request method=GET path=/api/purchases status=200 duration_ms=10.21
  ✓   35 [chromium] › e2e/a11y-gate.spec.ts:68:7 › a11y gate › /purchases (te) has no serious accessibility violations (1.6s)
[WebServer] 2026-10-04 15:25:41,335 INFO goatfarm [b694aebce59f4008b6b6c64c338ef073] request method=POST path=/api/auth/refresh status=401 duration_ms=0.65
[WebServer] 2026-10-04 15:25:41,570 INFO goatfarm [5bb50c6ffa7c45c595ca73b85310d938] request method=POST path=/api/auth/login status=200 duration_ms=152.77
[WebServer] 2026-10-04 15:25:41,579 INFO goatfarm [a7fa55cc1fe2464da14950c5f0120194] request method=GET path=/api/auth/farms status=200 duration_ms=6.68
[WebServer] 2026-10-04 15:25:41,589 INFO goatfarm [0bec9bf6414f4c15949aaa9dae53f824] request method=GET path=/api/auth/permissions status=200 duration_ms=6.49
[WebServer] 2026-10-04 15:25:41,652 INFO goatfarm [bd33b29378044a19b29cbe097eb56a0c] request method=GET path=/api/dashboard status=200 duration_ms=35.44
[WebServer] 2026-10-04 15:25:41,888 INFO goatfarm [4bedfd29cae74e9e93225c7c47d8f68e] request method=POST path=/api/auth/refresh status=200 duration_ms=117.76
[WebServer] 2026-10-04 15:25:41,897 INFO goatfarm [1838c7ce7d9c4516b6cb8dc9a78af4d9] request method=GET path=/api/auth/farms status=200 duration_ms=6.46
[WebServer] 2026-10-04 15:25:41,911 INFO goatfarm [7e226476ad144df6b4c6b01b37118fdf] request method=GET path=/api/auth/permissions status=200 duration_ms=5.54
[WebServer] 2026-10-04 15:25:41,956 INFO goatfarm [70524a08ddeb4367bef4ed095509c240] request method=GET path=/api/dashboard/reports status=200 duration_ms=29.38
  ✓   36 [chromium] › e2e/a11y-gate.spec.ts:68:7 › a11y gate › /reports (te) has no serious accessibility violations (1.6s)
[WebServer] 2026-10-04 15:25:42,958 INFO goatfarm [e26639ab0565492a80c221b459843e76] request method=POST path=/api/auth/refresh status=401 duration_ms=0.57
[WebServer] 2026-10-04 15:25:43,195 INFO goatfarm [7bccff28931b4c86b921cd58032b6cfc] request method=POST path=/api/auth/login status=200 duration_ms=143.97
[WebServer] 2026-10-04 15:25:43,204 INFO goatfarm [1b9a205513044fadbc22b62eba7ad655] request method=GET path=/api/auth/farms status=200 duration_ms=7.34
[WebServer] 2026-10-04 15:25:43,213 INFO goatfarm [b85871f6c8ba412f95a7e4641bf3a5fa] request method=GET path=/api/auth/permissions status=200 duration_ms=6.06
[WebServer] 2026-10-04 15:25:43,274 INFO goatfarm [f05651c403ff4be38988dc987e42b2ae] request method=GET path=/api/dashboard status=200 duration_ms=32.44
[WebServer] 2026-10-04 15:25:43,442 INFO goatfarm [889a328a531a4f26b58b01b8fabdf0ce] request method=POST path=/api/auth/refresh status=200 duration_ms=119.91
[WebServer] 2026-10-04 15:25:43,451 INFO goatfarm [8075cc2e06404724847f54176e973b55] request method=GET path=/api/auth/farms status=200 duration_ms=6.18
[WebServer] 2026-10-04 15:25:43,465 INFO goatfarm [40c4e114492446daaa33467943bf8be3] request method=GET path=/api/auth/permissions status=200 duration_ms=5.48
[WebServer] 2026-10-04 15:25:43,506 INFO goatfarm [fcc4de7f8ba24ab3b2101f1ba629307b] request method=GET path=/api/tasks status=200 duration_ms=16.47
  ✓   37 [chromium] › e2e/a11y-gate.spec.ts:68:7 › a11y gate › /tasks (te) has no serious accessibility violations (1.5s)
[WebServer] 2026-10-04 15:25:44,475 INFO goatfarm [fc6106aa02794b83b954c2d86ef9a845] request method=POST path=/api/auth/refresh status=401 duration_ms=0.52
[WebServer] 2026-10-04 15:25:44,690 INFO goatfarm [b2a6db1a85b8465c9a90da527c964485] request method=POST path=/api/auth/login status=200 duration_ms=132.06
[WebServer] 2026-10-04 15:25:44,698 INFO goatfarm [2f5ba6267b9f42d2b1b50189c8779cea] request method=GET path=/api/auth/farms status=200 duration_ms=4.69
[WebServer] 2026-10-04 15:25:44,705 INFO goatfarm [1f24a8b7e1ec4d42a56c77a99247113a] request method=GET path=/api/auth/permissions status=200 duration_ms=4.60
[WebServer] 2026-10-04 15:25:44,760 INFO goatfarm [9a75b5f5c0b24fe4b241181cf4aa1b05] request method=GET path=/api/dashboard status=200 duration_ms=28.17
[WebServer] 2026-10-04 15:25:44,919 INFO goatfarm [4b2053d6d5804df1950e5bcfffd1385d] request method=POST path=/api/auth/refresh status=200 duration_ms=106.75
[WebServer] 2026-10-04 15:25:44,928 INFO goatfarm [f1a2ec7c412d43d0b4ad45fc732e13f3] request method=GET path=/api/auth/farms status=200 duration_ms=6.42
[WebServer] 2026-10-04 15:25:44,931 INFO goatfarm [63e32bcc97194721a1e76eb05cd68c4e] request method=GET path=/api/auth/farms status=401 duration_ms=0.58
[WebServer] 2026-10-04 15:25:44,949 INFO goatfarm [a482f033aba04b09980236ea3b89b150] request method=GET path=/api/auth/permissions status=200 duration_ms=6.65
[WebServer] 2026-10-04 15:25:44,952 INFO goatfarm [cd3fefb775154c32a7d24e1e157d802d] request method=GET path=/api/auth/permissions status=401 duration_ms=0.57
[WebServer] 2026-10-04 15:25:44,966 INFO goatfarm [299325130f0c4da3ad66dd9f85d2c0b5] request method=GET path=/api/tasks status=200 duration_ms=12.85
[WebServer] 2026-10-04 15:25:44,969 INFO goatfarm [26aee3e020194b96ae5b5c455d901a2f] request method=GET path=/api/tasks status=401 duration_ms=0.61
  ✓   38 [chromium] › e2e/a11y-gate.spec.ts:68:7 › a11y gate › /worker (te) has no serious accessibility violations (1.3s)
[WebServer] 2026-10-04 15:25:45,819 INFO goatfarm [fee281c4eb7a4f718ae135d46868b6cd] request method=POST path=/api/auth/refresh status=401 duration_ms=0.59
  ✓   39 [chromium] › e2e/a11y-gate.spec.ts:68:7 › a11y gate › /login (te) has no serious accessibility violations (8.4s)
[WebServer] 2026-10-04 15:25:54,241 INFO goatfarm [9a8e1ed293df4060a97394d59993b1f0] request method=POST path=/api/auth/refresh status=401 duration_ms=0.68
  ✓   40 [chromium] › e2e/a11y-gate.spec.ts:68:7 › a11y gate › /register (te) has no serious accessibility violations (8.4s)
[WebServer] 2026-10-04 15:26:02,618 INFO goatfarm [b6950c7b2dbe463f85bc66e67016dd7d] request method=POST path=/api/auth/refresh status=401 duration_ms=0.50
[WebServer] 2026-10-04 15:26:02,839 INFO goatfarm [9ea06d3bbae0449a888f7ed64f850a07] request method=POST path=/api/auth/login status=200 duration_ms=127.06
[WebServer] 2026-10-04 15:26:02,847 INFO goatfarm [6dae6607102d4503aeb771e2573c94fd] request method=GET path=/api/auth/farms status=200 duration_ms=5.73
[WebServer] 2026-10-04 15:26:02,854 INFO goatfarm [3fceba02d8d44625b4c5a476e083555e] request method=GET path=/api/auth/permissions status=200 duration_ms=4.51
[WebServer] 2026-10-04 15:26:02,905 INFO goatfarm [8f1f2ff09601432f8349a482a08b62bd] request method=GET path=/api/dashboard status=200 duration_ms=25.18
[WebServer] 2026-10-04 15:26:03,058 INFO goatfarm [1f2071aae8e045fca4fc27d84ca41fee] request method=POST path=/api/auth/refresh status=200 duration_ms=97.53
[WebServer] 2026-10-04 15:26:03,066 INFO goatfarm [c7a59f3b8659426684450d8abc7051fe] request method=GET path=/api/auth/farms status=200 duration_ms=5.04
  ✓   41 [chromium] › e2e/a11y-gate.spec.ts:68:7 › a11y gate › /farm-select (te) has no serious accessibility violations (1.3s)
[WebServer] 2026-10-04 15:26:04,254 INFO goatfarm [526ebaa52f3f498ba59d5de1f85421b8] request method=POST path=/api/auth/login status=200 duration_ms=122.12
[WebServer] 2026-10-04 15:26:04,262 INFO goatfarm [29366bded2484c4cbbc46d5cec543c46] request method=GET path=/api/auth/farms status=200 duration_ms=4.42
[WebServer] 2026-10-04 15:26:04,356 INFO goatfarm [7805fc574a0b492698f61ac9b17aea20] request method=POST path=/api/auth/refresh status=401 duration_ms=0.70
[WebServer] 2026-10-04 15:26:04,412 INFO goatfarm [add339075a81424da64cee859f96e1a8] request method=GET path=/api/auth/worker-roster status=200 duration_ms=4.80
  ✓   42 [chromium] › e2e/a11y-gate.spec.ts:68:7 › a11y gate › /worker/login (te) has no serious accessibility violations (8.8s)
[WebServer] 2026-10-04 15:26:12,732 INFO goatfarm [d6c6bb012fa54f29b1609ccd45bd748f] request method=POST path=/api/auth/refresh status=401 duration_ms=0.60
  ✓   43 [chromium] › e2e/a11y-gate.spec.ts:68:7 › a11y gate › /worker/offline (te) has no serious accessibility violations (8.4s)
[WebServer] 2026-10-04 15:26:21,125 INFO goatfarm [69c040b9bc5247e7a4a68143eeed3a1d] request method=POST path=/api/auth/refresh status=401 duration_ms=0.66
[WebServer] 2026-10-04 15:26:21,370 INFO goatfarm [d743c0ccc558416e8b0aaf833f4476a2] request method=POST path=/api/auth/login status=200 duration_ms=152.90
[WebServer] 2026-10-04 15:26:21,384 INFO goatfarm [20ed897593074999aa2836e84d11c261] request method=GET path=/api/auth/farms status=200 duration_ms=11.47
[WebServer] 2026-10-04 15:26:21,396 INFO goatfarm [cdc13541cc2c4821b655d80006e0691d] request method=GET path=/api/auth/permissions status=200 duration_ms=8.73
[WebServer] 2026-10-04 15:26:21,473 INFO goatfarm [27e44f3899c04df1937d4a200a24db1e] request method=GET path=/api/dashboard status=200 duration_ms=47.57
[WebServer] 2026-10-04 15:26:21,684 INFO goatfarm [e180e9063dfe4a5a9e898403984a4b97] request method=POST path=/api/auth/refresh status=200 duration_ms=109.14
[WebServer] 2026-10-04 15:26:21,695 INFO goatfarm [4b4f60fb564140c989013ff564a9ff64] request method=GET path=/api/auth/farms status=200 duration_ms=8.72
[WebServer] 2026-10-04 15:26:21,711 INFO goatfarm [599e306d4e3a4f349060045932dda80c] request method=GET path=/api/auth/permissions status=200 duration_ms=6.93
[WebServer] 2026-10-04 15:26:21,747 INFO goatfarm [16d50f3e76a74d99ad637498fddd85e1] request method=GET path=/api/screening/images status=200 duration_ms=20.08
[WebServer] 2026-10-04 15:26:21,756 INFO goatfarm [2fd59f3e39594e008741b2f20045bf01] request method=GET path=/api/screening/stats status=200 duration_ms=28.24
  ✓   44 [chromium] › e2e/a11y-gate.spec.ts:68:7 › a11y gate › /screening (te) has no serious accessibility violations (1.6s)
[WebServer] 2026-10-04 15:26:22,743 INFO goatfarm [6bab0f4aa7ce476488a3cac73e45dc25] request method=POST path=/api/auth/refresh status=401 duration_ms=0.65
[WebServer] 2026-10-04 15:26:22,988 INFO goatfarm [d7c297eb626e4c04955a4c17ec9a8b9e] request method=POST path=/api/auth/login status=200 duration_ms=153.30
[WebServer] 2026-10-04 15:26:23,000 INFO goatfarm [cc197664de07471bb11639385fef5119] request method=GET path=/api/auth/farms status=200 duration_ms=9.26
[WebServer] 2026-10-04 15:26:23,010 INFO goatfarm [25eb90c13a9d4110a2ff228eeda85647] request method=GET path=/api/auth/permissions status=200 duration_ms=7.08
[WebServer] 2026-10-04 15:26:23,074 INFO goatfarm [783a64350fc34ce6b151cd04121f8819] request method=GET path=/api/dashboard status=200 duration_ms=32.82
[WebServer] 2026-10-04 15:26:23,319 INFO goatfarm [e344cfa76d4d460ea30b96f971920b25] request method=POST path=/api/auth/refresh status=200 duration_ms=120.34
[WebServer] 2026-10-04 15:26:23,330 INFO goatfarm [97a74761c47f41859a7803995654c0fd] request method=GET path=/api/auth/farms status=200 duration_ms=8.05
[WebServer] 2026-10-04 15:26:23,346 INFO goatfarm [16b188790d4d4bb0a3a01db4975e9fc7] request method=GET path=/api/auth/permissions status=200 duration_ms=6.58
[WebServer] 2026-10-04 15:26:23,371 INFO goatfarm [037a8e5ca72b458e8810492c393d2231] request method=GET path=/api/team status=200 duration_ms=13.69
  ✓   45 [chromium] › e2e/a11y-gate.spec.ts:68:7 › a11y gate › /team (te) has no serious accessibility violations (1.7s)
[WebServer] 2026-10-04 15:26:24,492 INFO goatfarm [f7c1b5f73e324bd7886cd4792da29445] request method=POST path=/api/auth/refresh status=401 duration_ms=0.74
[WebServer] 2026-10-04 15:26:24,714 INFO goatfarm [47a1c037a5f441dfb465290a2ceb099e] request method=POST path=/api/auth/login status=200 duration_ms=145.91
[WebServer] 2026-10-04 15:26:24,728 INFO goatfarm [00d2cb4d99494c6c9002cb5348af9cff] request method=GET path=/api/auth/farms status=200 duration_ms=11.27
[WebServer] 2026-10-04 15:26:24,740 INFO goatfarm [c6e5da80a9ef4c62b1ea24accfcfd2eb] request method=GET path=/api/auth/permissions status=200 duration_ms=8.97
[WebServer] 2026-10-04 15:26:24,816 INFO goatfarm [ce578194c67045029acfd109293a8565] request method=GET path=/api/dashboard status=200 duration_ms=46.75
[WebServer] 2026-10-04 15:26:25,043 INFO goatfarm [d2afceb95bc94cec8d19335b5b79194b] request method=POST path=/api/auth/refresh status=200 duration_ms=117.15
[WebServer] 2026-10-04 15:26:25,057 INFO goatfarm [5441296a0e1243c496053e4a7cb064a5] request method=GET path=/api/auth/farms status=200 duration_ms=10.99
[WebServer] 2026-10-04 15:26:25,072 INFO goatfarm [9aeb7b7856eb4a3dbb62af59e1a95361] request method=GET path=/api/auth/permissions status=200 duration_ms=6.16
[WebServer] 2026-10-04 15:26:25,099 INFO goatfarm [1a234a21235649869eb4ce94cece9503] request method=GET path=/api/finance/insurance status=200 duration_ms=13.89
  ✓   46 [chromium] › e2e/a11y-gate.spec.ts:68:7 › a11y gate › /finance/insurance (te) has no serious accessibility violations (1.6s)
[WebServer] 2026-10-04 15:26:26,088 INFO goatfarm [452fbd76debd4cbc9c06907d765de6e3] request method=POST path=/api/auth/refresh status=401 duration_ms=0.68
[WebServer] 2026-10-04 15:26:26,310 INFO goatfarm [9aaa70a2e98e4b0bba68415be99ab9ef] request method=POST path=/api/auth/login status=200 duration_ms=151.94
[WebServer] 2026-10-04 15:26:26,323 INFO goatfarm [38570d9e37014bcebf040b16efdc4cba] request method=GET path=/api/auth/farms status=200 duration_ms=10.33
[WebServer] 2026-10-04 15:26:26,334 INFO goatfarm [abbdcd77005140ed9b7e59b56969c7d3] request method=GET path=/api/auth/permissions status=200 duration_ms=7.56
[WebServer] 2026-10-04 15:26:26,405 INFO goatfarm [f3ada3e316674fa28e930bb901d3b986] request method=GET path=/api/dashboard status=200 duration_ms=44.28
[WebServer] 2026-10-04 15:26:26,634 INFO goatfarm [8a1fd813f38b4ff4b129983f18e64833] request method=POST path=/api/auth/refresh status=200 duration_ms=112.94
[WebServer] 2026-10-04 15:26:26,645 INFO goatfarm [61672cdd6b3b4b79a117943c27760239] request method=GET path=/api/auth/farms status=200 duration_ms=8.31
[WebServer] 2026-10-04 15:26:26,659 INFO goatfarm [fec3718354aa46668d80caac0048257a] request method=GET path=/api/auth/permissions status=200 duration_ms=6.34
[WebServer] 2026-10-04 15:26:26,690 INFO goatfarm [99073f4858524eba8fae6a57f1b3429e] request method=GET path=/api/health/schedule-templates status=200 duration_ms=11.22
[WebServer] 2026-10-04 15:26:26,692 INFO goatfarm [7caeba58df784cb686079ace7cc5f10d] request method=GET path=/api/health/events status=200 duration_ms=14.32
  ✓   47 [chromium] › e2e/a11y-gate.spec.ts:68:7 › a11y gate › /health (te) has no serious accessibility violations (1.6s)
[WebServer] 2026-10-04 15:26:27,663 INFO goatfarm [2623e60456e34a42bf33e55cadb703ba] request method=POST path=/api/auth/refresh status=401 duration_ms=0.54
[WebServer] 2026-10-04 15:26:27,902 INFO goatfarm [c0f8e70a55574b76a277135985d63b04] request method=POST path=/api/auth/login status=200 duration_ms=151.77
[WebServer] 2026-10-04 15:26:27,912 INFO goatfarm [1011c4f8053f4e42889b66da8ce28454] request method=GET path=/api/auth/farms status=200 duration_ms=7.19
[WebServer] 2026-10-04 15:26:27,921 INFO goatfarm [0d8cf5061ef24614835ff901c3c8e928] request method=GET path=/api/auth/permissions status=200 duration_ms=6.57
[WebServer] 2026-10-04 15:26:28,001 INFO goatfarm [6da5bbabb1534425bd17a4a805d58ae7] request method=GET path=/api/dashboard status=200 duration_ms=50.50
[WebServer] 2026-10-04 15:26:28,240 INFO goatfarm [4754750002ed4943b6d0feb831db4acf] request method=POST path=/api/auth/refresh status=200 duration_ms=119.60
[WebServer] 2026-10-04 15:26:28,251 INFO goatfarm [5bff422aac774f3fb5c4e8eae264f937] request method=GET path=/api/auth/farms status=200 duration_ms=8.07
[WebServer] 2026-10-04 15:26:28,266 INFO goatfarm [903e75219cae4f079f52efb70fafa6f0] request method=GET path=/api/auth/permissions status=200 duration_ms=6.80
[WebServer] 2026-10-04 15:26:28,298 INFO goatfarm [a983f5bd24694b8ba1ad1227411fda19] request method=GET path=/api/simulation/defaults/breeds status=200 duration_ms=7.32
[WebServer] 2026-10-04 15:26:28,300 INFO goatfarm [4fa2b2a2fdf7462b80cde2df772b4463] request method=GET path=/api/simulation/defaults status=200 duration_ms=7.75
[WebServer] 2026-10-04 15:26:28,304 INFO goatfarm [846ab07bd0bc4cc7acdaf0db1d2cc4e1] request method=GET path=/api/planner/plans status=200 duration_ms=10.22
  ✓   48 [chromium] › e2e/a11y-gate.spec.ts:68:7 › a11y gate › /planner (te) has no serious accessibility violations (1.7s)
[WebServer] 2026-10-04 15:26:29,335 INFO goatfarm [60677ec82b2540cfb3c875b05328d675] request method=POST path=/api/auth/refresh status=401 duration_ms=0.50
[WebServer] 2026-10-04 15:26:29,560 INFO goatfarm [0eb444ea6394485a928e8ead040965e5] request method=POST path=/api/auth/login status=200 duration_ms=142.22
[WebServer] 2026-10-04 15:26:29,571 INFO goatfarm [d665f4f2920d44e2bb1f1ecb652aa61b] request method=GET path=/api/auth/farms status=200 duration_ms=8.49
[WebServer] 2026-10-04 15:26:29,580 INFO goatfarm [5b1023628d06434da88b4f32534aa694] request method=GET path=/api/auth/permissions status=200 duration_ms=6.31
[WebServer] 2026-10-04 15:26:29,643 INFO goatfarm [7a606432f6234fb2a03dab74e9d31797] request method=GET path=/api/dashboard status=200 duration_ms=31.71
[WebServer] 2026-10-04 15:26:29,890 INFO goatfarm [4098ee568e1148a0bd9146af7f2906ef] request method=POST path=/api/auth/refresh status=200 duration_ms=109.19
[WebServer] 2026-10-04 15:26:29,899 INFO goatfarm [795fbec5ee364c0dadfd0877f14c7eb1] request method=GET path=/api/auth/farms status=200 duration_ms=6.21
[WebServer] 2026-10-04 15:26:29,914 INFO goatfarm [aed7d40a7944470084de3b1388d0a566] request method=GET path=/api/auth/permissions status=200 duration_ms=6.08
[WebServer] 2026-10-04 15:26:29,943 INFO goatfarm [e37638a1368b43428bd0e498d711c60e] request method=GET path=/api/simulation/defaults/breeds status=200 duration_ms=8.79
[WebServer] 2026-10-04 15:26:29,943 INFO goatfarm [c8aff725317a40028ee6d48507527501] request method=GET path=/api/simulation/defaults status=200 duration_ms=8.02
[WebServer] 2026-10-04 15:26:29,948 INFO goatfarm [8de39b8aff4048f8a22cafc03bd8cfc1] request method=GET path=/api/simulation/scenarios status=200 duration_ms=12.38
  ✓   49 [chromium] › e2e/a11y-gate.spec.ts:68:7 › a11y gate › /simulation (te) has no serious accessibility violations (2.0s)
[WebServer] 2026-10-04 15:26:31,342 INFO goatfarm [c23d9922b4624d1b9e3fe67cd9aa8ea2] request method=POST path=/api/auth/refresh status=401 duration_ms=0.70
[WebServer] 2026-10-04 15:26:31,588 INFO goatfarm [e5701d93e6484ee2af025eb1bbdce740] request method=POST path=/api/auth/login status=200 duration_ms=153.09
[WebServer] 2026-10-04 15:26:31,599 INFO goatfarm [a7c17f0d426e4d4c85b28356498670ac] request method=GET path=/api/auth/farms status=200 duration_ms=7.86
[WebServer] 2026-10-04 15:26:31,608 INFO goatfarm [2c0fd16c17854d8795d2790aecc3fc5a] request method=GET path=/api/auth/permissions status=200 duration_ms=6.47
[WebServer] 2026-10-04 15:26:31,684 INFO goatfarm [bc69d72397b84dc8823b5b0c179a8bb8] request method=GET path=/api/dashboard status=200 duration_ms=46.35
[WebServer] 2026-10-04 15:26:31,921 INFO goatfarm [b15e439335944b7e9173a6bfc1ff5f7d] request method=POST path=/api/auth/refresh status=200 duration_ms=127.16
[WebServer] 2026-10-04 15:26:31,932 INFO goatfarm [92be4eab94d249cd996ee04a3b914952] request method=GET path=/api/auth/farms status=200 duration_ms=7.07
[WebServer] 2026-10-04 15:26:31,949 INFO goatfarm [fb526ed297a448dda1f268348a734155] request method=GET path=/api/auth/permissions status=200 duration_ms=8.06
[WebServer] 2026-10-04 15:26:31,984 INFO goatfarm [b937c31684e14800b68717b25b80002c] request method=GET path=/api/finance status=200 duration_ms=21.49
  ✓   50 [chromium] › e2e/a11y-gate.spec.ts:68:7 › a11y gate › /finance (te) has no serious accessibility violations (1.7s)
[WebServer] 2026-10-04 15:26:32,926 INFO goatfarm [464bad10ee0f4907bfb66783ebc25523] request method=POST path=/api/auth/refresh status=401 duration_ms=0.71
[WebServer] 2026-10-04 15:26:33,076 INFO goatfarm [ff0384f86b5a4544a8a2bfe1c61ad997] request method=POST path=/api/auth/refresh status=401 duration_ms=0.66
[WebServer] 2026-10-04 15:26:33,290 INFO goatfarm [4fdeeb16e0cb402ebb68b6fb1a901e21] request method=POST path=/api/auth/login status=200 duration_ms=147.66
[WebServer] 2026-10-04 15:26:33,300 INFO goatfarm [94b1335e829b40e8957c484c7658355f] request method=GET path=/api/auth/farms status=200 duration_ms=7.90
[WebServer] 2026-10-04 15:26:33,310 INFO goatfarm [3fee3410a73e4894951cf5438adca522] request method=GET path=/api/auth/permissions status=200 duration_ms=6.74
[WebServer] 2026-10-04 15:26:33,361 INFO goatfarm [1fcc1f22835d42619cfca7bb33ca91e0] request method=GET path=/api/dashboard status=200 duration_ms=27.64
[WebServer] 2026-10-04 15:26:33,605 INFO goatfarm [c662be109a414a28892b1d1803735f7f] request method=POST path=/api/auth/refresh status=200 duration_ms=106.69
[WebServer] 2026-10-04 15:26:33,614 INFO goatfarm [689a3da9e5014cbcb4f5b1583d58fd09] request method=GET path=/api/auth/farms status=200 duration_ms=6.21
[WebServer] 2026-10-04 15:26:33,629 INFO goatfarm [50a205b1d0ec465e9d1b52165e59b601] request method=GET path=/api/auth/permissions status=200 duration_ms=6.32
[WebServer] 2026-10-04 15:26:33,650 INFO goatfarm [cfeefe9279dc4352b72721938c292f16] request method=GET path=/api/animals status=200 duration_ms=8.76
[WebServer] 2026-10-04 15:26:34,341 INFO goatfarm [2c113ec784f94a8782dc009bbbbc80a0] request method=POST path=/api/auth/refresh status=200 duration_ms=107.32
[WebServer] 2026-10-04 15:26:34,349 INFO goatfarm [749073f5e4f246d29533d7e876ccb383] request method=GET path=/api/auth/farms status=200 duration_ms=5.77
[WebServer] 2026-10-04 15:26:34,365 INFO goatfarm [6bdeb114452e416d830d549c2f51a38c] request method=GET path=/api/auth/permissions status=200 duration_ms=6.14
[WebServer] 2026-10-04 15:26:34,403 INFO goatfarm [502a56de06ed45baad1ac437e84a56a8] request method=GET path=/api/dashboard status=200 duration_ms=29.83
  ✓   51 [chromium] › e2e/a11y-gate.spec.ts:115:3 › a11y gate › animal validation modal on a manager phone and dashboard on a portrait tablet (1.8s)
[WebServer] 2026-10-04 15:26:34,861 INFO goatfarm [8ec615b9d8974fdbb589caa9652356df] request method=POST path=/api/auth/refresh status=401 duration_ms=0.55
[WebServer] 2026-10-04 15:26:35,094 INFO goatfarm [2872ef784a334e3ea985849b3725e5dc] request method=POST path=/api/auth/login status=200 duration_ms=143.38
[WebServer] 2026-10-04 15:26:35,102 INFO goatfarm [85a4d65294824941a3426fb3125a1588] request method=GET path=/api/auth/farms status=200 duration_ms=5.66
[WebServer] 2026-10-04 15:26:35,112 INFO goatfarm [7168c99be7d64c82a82fcddea22ada43] request method=GET path=/api/auth/permissions status=200 duration_ms=6.55
[WebServer] 2026-10-04 15:26:35,170 INFO goatfarm [3aa1a2115698487a9c322f7c76aefe16] request method=GET path=/api/dashboard status=200 duration_ms=28.45
[WebServer] 2026-10-04 15:26:35,420 INFO goatfarm [b7f7b2e36e4d48219479d15d8997aaa0] request method=POST path=/api/auth/refresh status=200 duration_ms=115.20
[WebServer] 2026-10-04 15:26:35,431 INFO goatfarm [f4229e11f02349cb809d714d1638d424] request method=GET path=/api/auth/farms status=200 duration_ms=7.62
[WebServer] 2026-10-04 15:26:35,446 INFO goatfarm [983085af77824bd8b5ada1832f77b10c] request method=GET path=/api/auth/permissions status=200 duration_ms=6.24
[WebServer] 2026-10-04 15:26:35,474 INFO goatfarm [6a0dabc5f2e14f7394b697d3d7812a02] request method=GET path=/api/animals status=200 duration_ms=13.35
[WebServer] 2026-10-04 15:26:35,926 INFO goatfarm [b9f266b0cbe941c2bf76b560036f8ea9] request method=POST path=/api/animals status=201 duration_ms=41.52
[WebServer] 2026-10-04 15:26:35,944 INFO goatfarm [a4ac9d960d394d74b0be418887190c56] request method=GET path=/api/animals status=200 duration_ms=14.99
[WebServer] 2026-10-04 15:26:36,128 INFO goatfarm [63a031fd45e94350b9f2bb58216bd3fb] request method=POST path=/api/auth/refresh status=200 duration_ms=111.93
[WebServer] 2026-10-04 15:26:36,137 INFO goatfarm [63131346469b45fcba5ff2b234850a92] request method=GET path=/api/auth/farms status=200 duration_ms=5.99
[WebServer] 2026-10-04 15:26:36,152 INFO goatfarm [2fd5ee47b5864336b861516ec9b08997] request method=GET path=/api/auth/permissions status=200 duration_ms=6.20
[WebServer] 2026-10-04 15:26:36,177 INFO goatfarm [fbf36182bd3443118c05dd30d749430b] request method=GET path=/api/animals status=200 duration_ms=13.32
[WebServer] 2026-10-04 15:26:36,526 INFO goatfarm [7b2a5da5b32242318dff17ba132d0bb2] request method=GET path=/api/animals status=200 duration_ms=15.37
[WebServer] 2026-10-04 15:26:37,058 INFO goatfarm [d96e22786c7c417e82f57163f417339f] request method=GET path=/api/animals/1 status=200 duration_ms=29.24
[WebServer] 2026-10-04 15:26:37,081 INFO goatfarm [61d5a1f9925345689ba9e90ef1652c0f] request method=GET path=/api/health/restrictions/1 status=200 duration_ms=14.08
[WebServer] 2026-10-04 15:26:37,084 INFO goatfarm [b362796883bd45d6b9b1b3b15667896f] request method=GET path=/api/finance/animals/1/lifetime-pnl status=200 duration_ms=18.12
  ✓   52 [chromium] › e2e/a11y-gate.spec.ts:135:3 › a11y gate › animal detail state has no serious accessibility violations (2.7s)
[WebServer] 2026-10-04 15:26:37,564 INFO goatfarm [f00c10396ed4435eb1e38519f78f0655] request method=POST path=/api/auth/refresh status=401 duration_ms=0.51
[WebServer] 2026-10-04 15:26:37,796 INFO goatfarm [2cffe79ad6004c02801d2aab01830a56] request method=POST path=/api/auth/login status=200 duration_ms=146.19
[WebServer] 2026-10-04 15:26:37,804 INFO goatfarm [01937e8790434f93920f3c7e8d5d0065] request method=GET path=/api/auth/farms status=200 duration_ms=5.48
[WebServer] 2026-10-04 15:26:37,812 INFO goatfarm [77370b00d9144762a6763b42ad28a11c] request method=GET path=/api/auth/permissions status=200 duration_ms=5.27
[WebServer] 2026-10-04 15:26:37,872 INFO goatfarm [eafaa51e5ce542acb043d664d00a0d9b] request method=GET path=/api/dashboard status=200 duration_ms=31.07
[WebServer] 2026-10-04 15:26:38,136 INFO goatfarm [47be45e8d4f54d2d8019d1bca2e4e631] request method=POST path=/api/auth/refresh status=200 duration_ms=111.12
[WebServer] 2026-10-04 15:26:38,147 INFO goatfarm [5aacb448105c4e098869baa7097bfff5] request method=GET path=/api/auth/farms status=200 duration_ms=7.70
  ✓   53 [chromium] › e2e/a11y-gate.spec.ts:149:3 › a11y gate › permissions error recovery state has no serious accessibility violations (806ms)
[WebServer] 2026-10-04 15:26:38,375 INFO goatfarm [8ec487dab9054f6face8558b454179be] request method=POST path=/api/auth/refresh status=401 duration_ms=0.62
[WebServer] 2026-10-04 15:26:38,605 INFO goatfarm [d6a761ad783149be83fa88741ec1ebd4] request method=POST path=/api/auth/login status=200 duration_ms=146.04
[WebServer] 2026-10-04 15:26:38,613 INFO goatfarm [3e8f6f2348d049428452543e6a996a56] request method=GET path=/api/auth/farms status=200 duration_ms=6.13
[WebServer] 2026-10-04 15:26:38,622 INFO goatfarm [0019a61003504ec89fd6512d8c4c3394] request method=GET path=/api/auth/permissions status=200 duration_ms=5.49
[WebServer] 2026-10-04 15:26:38,678 INFO goatfarm [e867b390f5f8425aa9ce30f273986d91] request method=GET path=/api/dashboard status=200 duration_ms=27.22
[WebServer] 2026-10-04 15:26:38,927 INFO goatfarm [49ca8d012aee4828bb3e28b1e40ff763] request method=POST path=/api/auth/refresh status=200 duration_ms=110.71
[WebServer] 2026-10-04 15:26:38,937 INFO goatfarm [6ddea674bcd44be4a1b304dbeee6d75b] request method=GET path=/api/auth/farms status=200 duration_ms=6.42
[WebServer] 2026-10-04 15:26:38,951 INFO goatfarm [e23f0396d9b44221afb0f7cde2fb2cb9] request method=GET path=/api/auth/permissions status=200 duration_ms=5.35
[WebServer] 2026-10-04 15:26:38,980 INFO goatfarm [bcd015a7af4e445aa70e2e43e973653f] request method=GET path=/api/animals status=200 duration_ms=13.20
[WebServer] 2026-10-04 15:26:39,493 INFO goatfarm [c018300d4d4447f8bdb426fdc1a8ff3b] request method=POST path=/api/animals status=201 duration_ms=33.33
[WebServer] 2026-10-04 15:26:39,514 INFO goatfarm [57e3beb58d0042338d785e04f17b3a73] request method=GET path=/api/animals status=200 duration_ms=17.19
[WebServer] 2026-10-04 15:26:39,884 INFO goatfarm [765cbb2bb7844a4d99a7d2cdcc8a36da] request method=GET path=/api/animals status=200 duration_ms=18.81
[WebServer] 2026-10-04 15:26:40,419 INFO goatfarm [f3ff72c6bf454a0fae5f292b7a7d1637] request method=GET path=/api/animals/2 status=200 duration_ms=22.48
[WebServer] 2026-10-04 15:26:40,440 INFO goatfarm [5eb73dacfe594a4bbec061e5fafd0d4c] request method=GET path=/api/health/restrictions/2 status=200 duration_ms=12.42
[WebServer] 2026-10-04 15:26:40,443 INFO goatfarm [5a50e93146e44c44937318c9d06c23a0] request method=GET path=/api/finance/animals/2/lifetime-pnl status=200 duration_ms=16.50
[WebServer] 2026-10-04 15:26:40,600 INFO goatfarm [792264a94cf540898f631b4527e37bf0] request method=POST path=/api/animals/2/weight status=201 duration_ms=27.39
[WebServer] 2026-10-04 15:26:40,615 INFO goatfarm [553a9de129cd4b058da9d805a6837244] request method=GET path=/api/health/restrictions/2 status=200 duration_ms=11.44
[WebServer] 2026-10-04 15:26:40,622 INFO goatfarm [0a266ddcdb51453f8e5487c10d9959d3] request method=GET path=/api/finance/animals/2/lifetime-pnl status=200 duration_ms=16.98
[WebServer] 2026-10-04 15:26:40,626 INFO goatfarm [13004620318040b1900b91cd0978043b] request method=GET path=/api/animals/2 status=200 duration_ms=23.38
[WebServer] 2026-10-04 15:26:40,951 INFO goatfarm [82e9250a13ba4fb4948e62e748c592c7] request method=POST path=/api/animals/2/move status=200 duration_ms=27.34
[WebServer] 2026-10-04 15:26:40,969 INFO goatfarm [aa3268ee3f7d4b2ea587fce2009f40b4] request method=GET path=/api/health/restrictions/2 status=200 duration_ms=14.58
[WebServer] 2026-10-04 15:26:40,976 INFO goatfarm [3950e05561954ab1a9a869585493c846] request method=GET path=/api/animals/2 status=200 duration_ms=22.31
[WebServer] 2026-10-04 15:26:40,977 INFO goatfarm [35887ff9680047ba944fcd42b9b5c25c] request method=GET path=/api/finance/animals/2/lifetime-pnl status=200 duration_ms=21.25
[WebServer] 2026-10-04 15:26:41,164 INFO goatfarm [fb8430bca8dd41db878379a8a8fee4f0] request method=POST path=/api/auth/refresh status=200 duration_ms=114.24
[WebServer] 2026-10-04 15:26:41,174 INFO goatfarm [a1addf3021fd4b9893f0ef70a8a9311f] request method=GET path=/api/auth/farms status=200 duration_ms=6.64
[WebServer] 2026-10-04 15:26:41,190 INFO goatfarm [1e6933b390bc445a840eeb9e4c79ebd6] request method=GET path=/api/auth/permissions status=200 duration_ms=7.75
[WebServer] 2026-10-04 15:26:41,223 INFO goatfarm [aabe345212c54529ae97eb53618c0918] request method=GET path=/api/animals status=200 duration_ms=19.67
[WebServer] 2026-10-04 15:26:41,559 INFO goatfarm [57f6eea0fd834f2caa88d1df38ca9d5a] request method=GET path=/api/animals status=200 duration_ms=11.22
  ✓   54 [chromium] › e2e/animals.spec.ts:13:3 › animals › create animal, record a weight, move bucket — profile reflects all (3.8s)
[WebServer] 2026-10-04 15:26:42,372 INFO goatfarm [2626a2ba412649f18720ea50d1e5f4f8] request method=GET path=/readyz status=200 duration_ms=5.39
  ✓   55 [chromium] › e2e/api-contract-auth-team.spec.ts:240:3 › frontend proxy auth and team API contracts › proxies the liveness and database-readiness probes (322ms)
[WebServer] 2026-10-04 15:26:42,517 INFO goatfarm [27cfff17d88d4e18b686c683aafd8251] request method=POST path=/api/auth/register status=201 duration_ms=136.16
[WebServer] 2026-10-04 15:26:42,543 INFO goatfarm [2a4aa345ee0044e98bc3de0a79523ae0] request method=POST path=/api/auth/farms status=201 duration_ms=20.60
[WebServer] 2026-10-04 15:26:42,741 INFO goatfarm.audit [0eb56d67319449749887aa7b9b3e95d5] security_event event='auth.password.changed' user_id=2 — Password changed (all sessions revoked)
[WebServer] 2026-10-04 15:26:42,741 INFO goatfarm [0eb56d67319449749887aa7b9b3e95d5] request method=POST path=/api/auth/change-password status=200 duration_ms=191.98
[WebServer] 2026-10-04 15:26:42,856 INFO goatfarm [ef5e6b7c8f944428899a287e13d86823] request method=POST path=/api/auth/refresh status=200 duration_ms=109.33
[WebServer] 2026-10-04 15:26:42,865 INFO goatfarm [0b7ede0b614e44c4bc2191b8cd6d0990] request method=GET path=/api/auth/me status=200 duration_ms=4.66
[WebServer] 2026-10-04 15:26:42,879 INFO goatfarm.audit [d0e901725e2842c49cc54cb0fa84c555] security_event event='auth.account.exported' user_id=2 — account identity and tenant relationships exported
[WebServer] 2026-10-04 15:26:42,879 INFO goatfarm [d0e901725e2842c49cc54cb0fa84c555] request method=GET path=/api/auth/account/export status=200 duration_ms=9.84
[WebServer] 2026-10-04 15:26:42,925 INFO goatfarm [6875ab4179fc4e8c871a2adbaac073d6] request method=POST path=/api/auth/login status=401 duration_ms=41.65
[WebServer] 2026-10-04 15:26:43,065 INFO goatfarm [4a78e6d1f1c544168efcfd04f7c46b31] request method=POST path=/api/auth/login status=200 duration_ms=136.73
  ✓   56 [chromium] › e2e/api-contract-auth-team.spec.ts:254:3 › frontend proxy auth and team API contracts › persists password changes and returns exact me/export data through the proxy (691ms)
[WebServer] 2026-10-04 15:26:43,209 INFO goatfarm [07ab4399b2604fc880a05930c489e3c3] request method=POST path=/api/auth/register status=201 duration_ms=134.49
[WebServer] 2026-10-04 15:26:43,220 INFO goatfarm [4414830d5e6a46ddb473003112ea516d] request method=GET path=/api/auth/farms status=200 duration_ms=7.05
[WebServer] 2026-10-04 15:26:43,309 INFO goatfarm.audit [b0e7c9dabb23436296c213eccde7ca69] security_event event='auth.account.deleted' user_id=3 — Account deleted
[WebServer] 2026-10-04 15:26:43,309 INFO goatfarm [b0e7c9dabb23436296c213eccde7ca69] request method=DELETE path=/api/auth/account status=204 duration_ms=84.39
[WebServer] 2026-10-04 15:26:43,354 INFO goatfarm [1045c0824be143ca9fce7081356b65cc] request method=POST path=/api/auth/login status=401 duration_ms=41.43
  ✓   57 [chromium] › e2e/api-contract-auth-team.spec.ts:370:3 › frontend proxy auth and team API contracts › deletes a separate registered non-owner and makes its login unusable (285ms)
[WebServer] 2026-10-04 15:26:43,510 INFO goatfarm [97c44b131b6a428fa2ca89fb945fd22c] request method=POST path=/api/auth/register status=201 duration_ms=146.58
[WebServer] 2026-10-04 15:26:43,535 INFO goatfarm [dbd20b2d4214414e802126e749e08de3] request method=POST path=/api/auth/farms status=201 duration_ms=20.38
[WebServer] 2026-10-04 15:26:43,550 INFO goatfarm [9a601f5604bd4c42a09f74ef8c3f80fa] request method=GET path=/api/team status=200 duration_ms=11.28
[WebServer] 2026-10-04 15:26:43,638 INFO goatfarm.audit [febc9de379db42748147696d31f21702] security_event event='team.worker.create' farm_id=3 actor_id=4 membership_id=1 user_id=5 role_id=24 — provisioned worker account with must-change credential
[WebServer] 2026-10-04 15:26:43,639 INFO goatfarm [febc9de379db42748147696d31f21702] request method=POST path=/api/team/workers status=201 duration_ms=83.11
[WebServer] 2026-10-04 15:26:43,659 INFO goatfarm [54ae8349fb034f18abf93c3a424653f0] request method=GET path=/api/team status=200 duration_ms=16.61
[WebServer] 2026-10-04 15:26:43,814 INFO goatfarm [b97a8cd06cca4ee7b537cd268a2a2544] request method=POST path=/api/auth/login status=200 duration_ms=151.19
[WebServer] 2026-10-04 15:26:43,891 INFO goatfarm.audit [2a05d128539a4e7baf19a19626d3059a] security_event event='team.worker.password_reset' farm_id=3 actor_id=4 membership_id=1 user_id=5 — reset provisioned worker credential and revoked sessions
[WebServer] 2026-10-04 15:26:43,891 INFO goatfarm [2a05d128539a4e7baf19a19626d3059a] request method=POST path=/api/team/workers/1/reset-password status=200 duration_ms=72.95
[WebServer] 2026-10-04 15:26:43,938 INFO goatfarm [53679e27f08445d68a3fa2bb8132ccad] request method=POST path=/api/auth/login status=401 duration_ms=43.13
[WebServer] 2026-10-04 15:26:44,083 INFO goatfarm [32a603eac9a84074909c46a1e63a2283] request method=POST path=/api/auth/login status=200 duration_ms=141.69
[WebServer] 2026-10-04 15:26:44,091 INFO goatfarm [5507fae87dc84b81af7bb9dde91461d2] request method=GET path=/api/auth/me status=200 duration_ms=4.87
[WebServer] 2026-10-04 15:26:44,113 INFO goatfarm.audit [ae8d2dc7944444038929cd3615c9f3fa] security_event event='team.role.create' farm_id=3 actor_id=4 role_id=28 — created custom role
[WebServer] 2026-10-04 15:26:44,113 INFO goatfarm [ae8d2dc7944444038929cd3615c9f3fa] request method=POST path=/api/team/roles status=201 duration_ms=19.38
[WebServer] 2026-10-04 15:26:44,130 INFO goatfarm [1b36e54689f34b5fa410e116dd7c473a] request method=GET path=/api/team status=200 duration_ms=13.54
[WebServer] 2026-10-04 15:26:44,154 INFO goatfarm.audit [48b11a761d3c4028b4b211058364d993] security_event event='team.role.update' farm_id=3 actor_id=4 role_id=28 revision=2 — updated role name/description/permissions
[WebServer] 2026-10-04 15:26:44,159 INFO goatfarm [48b11a761d3c4028b4b211058364d993] request method=PUT path=/api/team/roles/28 status=200 duration_ms=24.48
[WebServer] 2026-10-04 15:26:44,176 INFO goatfarm [89f42d3a443743d4a640f36d25631a2d] request method=GET path=/api/team status=200 duration_ms=13.71
[WebServer] 2026-10-04 15:26:44,196 INFO goatfarm.audit [7dec9518140d446e9ba2e1f6a9cd45b6] security_event event='team.role.delete' farm_id=3 actor_id=4 role_id=28 — tombstoned custom role
[WebServer] 2026-10-04 15:26:44,196 INFO goatfarm [7dec9518140d446e9ba2e1f6a9cd45b6] request method=DELETE path=/api/team/roles/28 status=204 duration_ms=16.40
[WebServer] 2026-10-04 15:26:44,209 INFO goatfarm [ad7514f8e61b4af7a34ed37e780cde41] request method=GET path=/api/team status=200 duration_ms=9.51
  ✓   58 [chromium] › e2e/api-contract-auth-team.spec.ts:403:3 › frontend proxy auth and team API contracts › persists worker resets and the full custom-role create/update/delete lifecycle (852ms)
[WebServer] 2026-10-04 15:26:44,368 INFO goatfarm [1da4323994ea4e36bb746487a7542c43] request method=POST path=/api/auth/register status=201 duration_ms=142.64
[WebServer] 2026-10-04 15:26:44,399 INFO goatfarm [5daf9b36aca04844b8a37fc7afe624de] request method=POST path=/api/auth/farms status=201 duration_ms=26.46
[WebServer] 2026-10-04 15:26:44,435 INFO goatfarm [c25f385ad5804607ac8cc3bbf335ea8a] request method=POST path=/api/animals status=201 duration_ms=20.71
[WebServer] 2026-10-04 15:26:44,475 INFO goatfarm [95a902d0562a44a8bb77ddca6430d92a] request method=POST path=/api/animals/3/status status=200 duration_ms=29.25
[WebServer] 2026-10-04 15:26:44,498 INFO goatfarm [00aef9dc13d44f97a0c13a7a8c5ec20e] request method=GET path=/api/animals/3 status=200 duration_ms=19.57
  ✓   59 [chromium] › e2e/api-contract-domain.spec.ts:158:3 › frontend proxy domain API contracts › animal status mutation returns and persists the requested lifecycle facts (89ms)
[WebServer] 2026-10-04 15:26:44,531 INFO goatfarm [6a0ef6763445486d916cc2167de6db01] request method=POST path=/api/animals status=201 duration_ms=24.50
[WebServer] 2026-10-04 15:26:44,558 INFO goatfarm [a0990b395d75476c83fa6a922dbf3e16] request method=POST path=/api/animals status=201 duration_ms=23.53
[WebServer] 2026-10-04 15:26:44,608 INFO goatfarm [c267761de3534b6a8b4a529b0fef7a27] request method=POST path=/api/breeding status=201 duration_ms=47.31
[WebServer] 2026-10-04 15:26:44,623 INFO goatfarm [b1a92a85c7924e1a8b8c7c4f7144e270] request method=GET path=/api/breeding/1 status=200 duration_ms=12.83
[WebServer] 2026-10-04 15:26:44,676 INFO goatfarm [f09fba5beb2c406aa4127989f38dd169] request method=POST path=/api/breeding/1/ultrasound status=200 duration_ms=49.16
[WebServer] 2026-10-04 15:26:44,692 INFO goatfarm [504175dbe7ca49248e95d37d25056a6f] request method=GET path=/api/kidding/pregnancies/1 status=200 duration_ms=13.66
[WebServer] 2026-10-04 15:26:44,737 INFO goatfarm [25d37177a36a42a4a8e92335e7d24999] request method=POST path=/api/breeding/1/abort status=200 duration_ms=41.68
[WebServer] 2026-10-04 15:26:44,751 INFO goatfarm [9e5cd8c2e4d24c6d820725870b3cc125] request method=GET path=/api/breeding/1 status=200 duration_ms=10.89
[WebServer] 2026-10-04 15:26:44,762 INFO goatfarm [92f48fb438f743859429237b9bf50a2e] request method=GET path=/api/kidding/pregnancies/1 status=404 duration_ms=8.40
  ✓   60 [chromium] › e2e/api-contract-domain.spec.ts:206:3 › frontend proxy domain API contracts › breeding GET, live-pregnancy GET, and pregnancy abort agree on one record (260ms)
[WebServer] 2026-10-04 15:26:44,811 INFO goatfarm [1d17d429842b419785dacfde09a3e424] request method=POST path=/api/animals status=201 duration_ms=41.75
[WebServer] 2026-10-04 15:26:44,827 INFO goatfarm [29943296a0f74dd0b25688eb1745e055] request method=GET path=/api/health/purchase-batches status=200 duration_ms=11.40
[WebServer] 2026-10-04 15:26:44,843 INFO goatfarm [c88ce4a4425d4ad595d1cfe22edb6267] request method=POST path=/api/health/events/preview status=200 duration_ms=11.54
[WebServer] 2026-10-04 15:26:44,864 INFO goatfarm [2ac2234a8d2e469daae8a597a79a8395] request method=POST path=/api/animals status=201 duration_ms=18.08
[WebServer] 2026-10-04 15:26:44,887 INFO goatfarm [7e473e7893d04be8b70f938e8211b3f5] request method=POST path=/api/health/events status=201 duration_ms=19.62
[WebServer] 2026-10-04 15:26:44,898 INFO goatfarm [d4cd3cf3b953417caa4abc71f3dcb08e] request method=GET path=/api/health/restrictions/7 status=200 duration_ms=8.46
[WebServer] 2026-10-04 15:26:44,923 INFO goatfarm [ed986b69eff940fcb4f4f07f2d60fefc] request method=POST path=/api/health/restrictions/7/clear status=204 duration_ms=21.35
[WebServer] 2026-10-04 15:26:44,933 INFO goatfarm [c8ed0a6ac02e4ca4afbeb0c46805730a] request method=GET path=/api/health/restrictions/7 status=200 duration_ms=7.70
[WebServer] 2026-10-04 15:26:44,958 INFO goatfarm [e08f6fb9e2c94f8ab08f79da131cf2ac] request method=GET path=/api/animals/7 status=200 duration_ms=22.03
  ✓   61 [chromium] › e2e/api-contract-domain.spec.ts:328:3 › frontend proxy domain API contracts › health batch lookup/preview and restriction clearance round-trip their data (195ms)
[WebServer] 2026-10-04 15:26:44,985 INFO goatfarm [deeb7ab79aed461586e42fb3f8ee7a53] request method=POST path=/api/tasks status=201 duration_ms=18.09
[WebServer] 2026-10-04 15:26:44,997 INFO goatfarm [000c7f9f3ca4462d8ff3070c61318dbf] request method=GET path=/api/tasks/27 status=200 duration_ms=7.95
[WebServer] 2026-10-04 15:26:45,017 INFO goatfarm [293a25d90e934e7fa496e5b2f5395d5d] request method=POST path=/api/tasks/27/skip status=200 duration_ms=17.13
[WebServer] 2026-10-04 15:26:45,027 INFO goatfarm [e99cfae70a04485192407b757249a9f0] request method=GET path=/api/tasks/27 status=200 duration_ms=7.41
  ✓   62 [chromium] › e2e/api-contract-domain.spec.ts:510:3 › frontend proxy domain API contracts › task GET returns the created duty and skip remains visible on readback (65ms)
[WebServer] 2026-10-04 15:26:45,054 INFO goatfarm [39ec704ab4fe42f6ac1a3d6fbec15e66] request method=POST path=/api/animals status=201 duration_ms=19.06
[WebServer] 2026-10-04 15:26:45,072 INFO goatfarm [11e3764e709c49e19b7f18625961f272] request method=POST path=/api/feeding/settings status=204 duration_ms=14.38
[WebServer] 2026-10-04 15:26:45,098 INFO goatfarm [9cd19fa4780c4f9e8c1757514250d84c] request method=GET path=/api/feeding/plan status=200 duration_ms=23.09
[WebServer] 2026-10-04 15:26:45,109 INFO goatfarm [52974469010d4593a55df4af2f6b8a55] request method=GET path=/api/feeding/recipes status=200 duration_ms=8.08
[WebServer] 2026-10-04 15:26:45,119 INFO goatfarm [493b29a135c243af9550dc80a94c828f] request method=GET path=/api/feeding/inventory status=200 duration_ms=6.60
[WebServer] 2026-10-04 15:26:45,139 INFO goatfarm [e8a6357d967c432ea096261758c4fea6] request method=POST path=/api/feeding/inventory/34/add status=200 duration_ms=16.85
[WebServer] 2026-10-04 15:26:45,158 INFO goatfarm [a966c62510964caaaa7dd7a0a2813bb5] request method=POST path=/api/feeding/inventory/36/add status=200 duration_ms=15.95
[WebServer] 2026-10-04 15:26:45,177 INFO goatfarm [23942e1b84b94bb98303b4dbd29a7203] request method=POST path=/api/feeding/inventory/35/add status=200 duration_ms=15.62
[WebServer] 2026-10-04 15:26:45,200 INFO goatfarm [d170684a2d06410c8b46cc671bb048b5] request method=POST path=/api/feeding/inventory/39/add status=200 duration_ms=19.86
[WebServer] 2026-10-04 15:26:45,228 INFO goatfarm [e49bcbc1f2054008afaadcb24a13a85e] request method=POST path=/api/feeding/mix status=200 duration_ms=25.11
[WebServer] 2026-10-04 15:26:45,238 INFO goatfarm [44277c7516d641d3a4d194620b723750] request method=GET path=/api/feeding/finished-stock status=200 duration_ms=7.29
[WebServer] 2026-10-04 15:26:45,248 INFO goatfarm [6555846badbf415d829e09a741762ced] request method=GET path=/api/feeding/inventory status=200 duration_ms=6.49
  ✓   63 [chromium] › e2e/api-contract-domain.spec.ts:568:3 › frontend proxy domain API contracts › feeding setting and recipe mix are reflected by plan, inventory, and finished stock (219ms)
[WebServer] 2026-10-04 15:26:45,272 INFO goatfarm [8c01eedefe2c462cb911524bb7323027] request method=POST path=/api/finance/new status=201 duration_ms=14.93
[WebServer] 2026-10-04 15:26:45,291 INFO goatfarm [9babbd5d348449ccb65263ead65ef923] request method=POST path=/api/finance/transactions/3/correct status=201 duration_ms=16.23
[WebServer] 2026-10-04 15:26:45,313 INFO goatfarm [f70ac8bd7e2845a38d6fa2c5f883841d] request method=GET path=/api/finance status=200 duration_ms=18.87
  ✓   64 [chromium] › e2e/api-contract-domain.spec.ts:669:3 › frontend proxy domain API contracts › finance correction returns the replacement and preserves the voided source audit (62ms)
[WebServer] 2026-10-04 15:26:45,334 INFO goatfarm [5c179d6d7356492d911692b6971f1fb9] request method=GET path=/api/simulation/herd-snapshot status=200 duration_ms=11.70
[WebServer] 2026-10-04 15:26:45,357 INFO goatfarm [a375b4e7bf8c47b1bcec72af4911bbff] request method=POST path=/api/animals status=201 duration_ms=20.67
[WebServer] 2026-10-04 15:26:45,369 INFO goatfarm [5101196b5a1f4056b19e3ba0640a981e] request method=GET path=/api/simulation/herd-snapshot status=200 duration_ms=8.72
[WebServer] 2026-10-04 15:26:45,376 INFO goatfarm [9a232316f82d4ecc8a5e560806987205] request method=GET path=/api/simulation/defaults status=200 duration_ms=4.86
[WebServer] 2026-10-04 15:26:45,397 INFO goatfarm [c4abf6e1052c477fac4752cc51ffaf4c] request method=POST path=/api/simulation/scenarios status=201 duration_ms=17.05
[WebServer] 2026-10-04 15:26:45,417 INFO goatfarm [bc839a51acd5476b9dd05d268ff4adec] request method=POST path=/api/simulation/scenarios status=201 duration_ms=17.34
[WebServer] 2026-10-04 15:26:45,430 INFO goatfarm [4c03ec02f53843e69ea8a4e6615e2643] request method=GET path=/api/simulation/scenarios/1 status=200 duration_ms=9.01
[WebServer] 2026-10-04 15:26:45,449 INFO goatfarm [dfa5d1f7ac7f45129155ada1e2feef3c] request method=PATCH path=/api/simulation/scenarios/1 status=200 duration_ms=15.01
[WebServer] 2026-10-04 15:26:45,460 INFO goatfarm [2415cd154cd94c37a2660dfab2356c67] request method=GET path=/api/simulation/scenarios/1 status=200 duration_ms=7.74
[WebServer] 2026-10-04 15:26:45,562 INFO goatfarm [724db46fef3f49afb3ea124725b8291d] request method=GET path=/api/simulation/scenarios/compare status=200 duration_ms=97.64
[WebServer] 2026-10-04 15:26:45,584 INFO goatfarm [1ed1db95942f407ba4af6fd343208929] request method=DELETE path=/api/simulation/scenarios/2 status=204 duration_ms=14.90
[WebServer] 2026-10-04 15:26:45,595 INFO goatfarm [38cf5a82ce9c4b86a8af3b977dcb644c] request method=GET path=/api/simulation/scenarios/2 status=404 duration_ms=8.05
[WebServer] 2026-10-04 15:26:45,607 INFO goatfarm [11c80b4c17724b27967cf06d79ece0a8] request method=GET path=/api/simulation/scenarios status=200 duration_ms=9.55
  ✓   65 [chromium] › e2e/api-contract-domain.spec.ts:748:3 › frontend proxy domain API contracts › herd snapshot and scenario GET/PATCH/compare/DELETE stay consistent (290ms)
[WebServer] 2026-10-04 15:26:45,754 INFO goatfarm [aab81c7ab2e84c2894cfdd085a0e1b33] request method=POST path=/api/auth/refresh status=401 duration_ms=0.66
[WebServer] 2026-10-04 15:26:45,994 INFO goatfarm [4f8b5e4a9f824a9992a9dd74f74cfb0c] request method=POST path=/api/auth/login status=200 duration_ms=151.18
[WebServer] 2026-10-04 15:26:46,003 INFO goatfarm [fb49f4d1425949f998650a26270310c9] request method=GET path=/api/auth/farms status=200 duration_ms=7.01
[WebServer] 2026-10-04 15:26:46,012 INFO goatfarm [fd5a1fa6810e4c0a894860acdccce088] request method=GET path=/api/auth/permissions status=200 duration_ms=6.33
[WebServer] 2026-10-04 15:26:46,069 INFO goatfarm [4d3a76592b6441febe6a27048e67c941] request method=GET path=/api/dashboard status=200 duration_ms=28.67
[WebServer] 2026-10-04 15:26:46,201 INFO goatfarm [9e3b4090b961467fb6415864465c45cf] request method=POST path=/api/auth/logout status=204 duration_ms=15.54
  ✓   66 [chromium] › e2e/auth.spec.ts:21:3 › auth › owner signs in, sees the full nav, and logout returns to /login (596ms)
[WebServer] 2026-10-04 15:26:46,356 INFO goatfarm [a8be80602eaa45789ddabcc1c0d0f563] request method=POST path=/api/auth/refresh status=401 duration_ms=0.75
  ✓   67 [chromium] › e2e/auth.spec.ts:47:3 › auth › unauthenticated visit to an app page redirects to /login (193ms)
[WebServer] 2026-10-04 15:26:46,553 INFO goatfarm [8e3a177898894e6495dd65d242264f42] request method=POST path=/api/auth/refresh status=401 duration_ms=0.56
[WebServer] 2026-10-04 15:26:46,679 INFO goatfarm [b0a1b04de7814efa840db5245288f4fe] request method=POST path=/api/auth/login status=401 duration_ms=42.28
  ✓   68 [chromium] › e2e/auth.spec.ts:52:3 › auth › wrong password shows an error and stays on /login (305ms)
[WebServer] 2026-10-04 15:26:46,858 INFO goatfarm [f2a15a4bfbf74877aea89f989a0740f8] request method=POST path=/api/auth/refresh status=401 duration_ms=0.67
[WebServer] 2026-10-04 15:26:47,088 INFO goatfarm [d5a967ac9976458ba27480ae8d3f3da6] request method=POST path=/api/auth/login status=200 duration_ms=145.11
[WebServer] 2026-10-04 15:26:47,098 INFO goatfarm [2602e4b5b7ac49d684308e2df5e84718] request method=GET path=/api/auth/farms status=200 duration_ms=6.58
[WebServer] 2026-10-04 15:26:47,107 INFO goatfarm [ad8ba8314ecc42df997b8adea3fee07a] request method=GET path=/api/auth/permissions status=200 duration_ms=6.26
[WebServer] 2026-10-04 15:26:47,174 INFO goatfarm [63047edad0a84790baa55a3cf43fbcfc] request method=GET path=/api/dashboard status=200 duration_ms=37.18
  ✓   69 [chromium] › e2e/auth.spec.ts:63:3 › auth › signIn helper lands on the dashboard (517ms)
[WebServer] 2026-10-04 15:26:47,385 INFO goatfarm [e16cdabdd49b42a4973b198950416b58] request method=POST path=/api/auth/refresh status=401 duration_ms=0.68
[WebServer] 2026-10-04 15:26:47,614 INFO goatfarm [dedb01ec0fc744859f1c48916fc0624e] request method=POST path=/api/auth/login status=200 duration_ms=143.55
[WebServer] 2026-10-04 15:26:47,623 INFO goatfarm [bdb42ed69247432e8b1960e16bac92d8] request method=GET path=/api/auth/farms status=200 duration_ms=6.38
[WebServer] 2026-10-04 15:26:47,632 INFO goatfarm [7efe01df477e447f9e75d557c3b36fe4] request method=GET path=/api/auth/permissions status=200 duration_ms=5.58
[WebServer] 2026-10-04 15:26:47,689 INFO goatfarm [ce688f81e27f436bac119ff0b63551d9] request method=GET path=/api/dashboard status=200 duration_ms=27.62
  ✓   70 [chromium] › e2e/auth.spec.ts:69:3 › auth › authenticated shell fits supported narrow widths and hands off navigation focus (710ms)
[WebServer] 2026-10-04 15:26:48,103 INFO goatfarm [47e09264b55440d58d7b0c236e5870d7] request method=POST path=/api/auth/refresh status=401 duration_ms=0.59
[WebServer] 2026-10-04 15:26:48,336 INFO goatfarm [4feeccc167c14282a3914b147c75b156] request method=POST path=/api/auth/register status=201 duration_ms=142.21
[WebServer] 2026-10-04 15:26:48,344 INFO goatfarm [b71ec99ed4224622b004ee8fa7ee4632] request method=GET path=/api/auth/farms status=200 duration_ms=6.44
[WebServer] 2026-10-04 15:26:48,614 INFO goatfarm [7ee5a9d054b5442c95d5a487de9f7278] request method=POST path=/api/auth/refresh status=200 duration_ms=108.55
[WebServer] 2026-10-04 15:26:48,623 INFO goatfarm [9570d5c1128d40fc88fe54e1d6667e85] request method=GET path=/api/auth/farms status=200 duration_ms=6.33
[WebServer] 2026-10-04 15:26:48,725 INFO goatfarm [ec6b53956d1d4840a744b51898afca28] request method=POST path=/api/auth/logout status=204 duration_ms=14.93
  ✓   71 [chromium] › e2e/auth.spec.ts:105:3 › auth › sign-out propagates between farmless tabs without a farm storage key (779ms)
[WebServer] 2026-10-04 15:26:48,881 INFO goatfarm [d3004161404042fc8fba95aaaa55ffde] request method=POST path=/api/auth/refresh status=401 duration_ms=0.55
[WebServer] 2026-10-04 15:26:49,113 INFO goatfarm [eee68b68a9424d9fbe9fa50504d418b6] request method=POST path=/api/auth/login status=200 duration_ms=145.61
[WebServer] 2026-10-04 15:26:49,123 INFO goatfarm [5567c763de7c46339013a67e78e1d309] request method=GET path=/api/auth/farms status=200 duration_ms=7.51
[WebServer] 2026-10-04 15:26:49,132 INFO goatfarm [0e19f970f5114df3abf6588f72c52993] request method=GET path=/api/auth/permissions status=200 duration_ms=6.71
[WebServer] 2026-10-04 15:26:49,190 INFO goatfarm [419815534e0c415996ad8dc469fc8a55] request method=GET path=/api/dashboard status=200 duration_ms=28.83
[WebServer] 2026-10-04 15:26:49,435 INFO goatfarm [627426fb29aa4104b9e932055035545e] request method=POST path=/api/auth/refresh status=200 duration_ms=106.45
[WebServer] 2026-10-04 15:26:49,444 INFO goatfarm [e31ccbe8e976489394ce2ad772053b6e] request method=GET path=/api/auth/farms status=200 duration_ms=6.26
[WebServer] 2026-10-04 15:26:49,458 INFO goatfarm [2be7930b23a445918aab07c7552fa714] request method=GET path=/api/auth/permissions status=200 duration_ms=5.50
[WebServer] 2026-10-04 15:26:49,489 INFO goatfarm [a4702060ab6a4b65a2fdfdca24791cfe] request method=GET path=/api/animals status=200 duration_ms=14.09
[WebServer] 2026-10-04 15:26:49,994 INFO goatfarm [6e9fddc230ae47faaef7af684718e4a2] request method=POST path=/api/animals status=201 duration_ms=29.92
[WebServer] 2026-10-04 15:26:50,014 INFO goatfarm [624f5d16b12d46b1a1f9c9b100c379c4] request method=GET path=/api/animals status=200 duration_ms=13.82
[WebServer] 2026-10-04 15:26:50,216 INFO goatfarm [312c66700ebf493c8932936e5574e745] request method=POST path=/api/auth/refresh status=200 duration_ms=114.33
[WebServer] 2026-10-04 15:26:50,225 INFO goatfarm [9781b02bf0cd4014a2b8741dab01b4a3] request method=GET path=/api/auth/farms status=200 duration_ms=6.59
[WebServer] 2026-10-04 15:26:50,242 INFO goatfarm [6c02c0ba3cfd4ab297e9010b5733a310] request method=GET path=/api/auth/permissions status=200 duration_ms=8.06
[WebServer] 2026-10-04 15:26:50,272 INFO goatfarm [a3bef2b0ce5d470fabef353d5210d5a8] request method=GET path=/api/animals status=200 duration_ms=18.02
[WebServer] 2026-10-04 15:26:50,666 INFO goatfarm [b5e47c9b8e1346fab43cb344e4d2ce58] request method=POST path=/api/animals status=201 duration_ms=25.19
[WebServer] 2026-10-04 15:26:50,684 INFO goatfarm [3b9c46ffa39f49ba9d5a56a204a02f09] request method=GET path=/api/animals status=200 duration_ms=14.73
[WebServer] 2026-10-04 15:26:50,844 INFO goatfarm [6481e3be437f4044b934b3c2a8add16a] request method=POST path=/api/auth/refresh status=200 duration_ms=105.88
[WebServer] 2026-10-04 15:26:50,854 INFO goatfarm [4df87e0857ef45a688acb65c47958b71] request method=GET path=/api/auth/farms status=200 duration_ms=6.92
[WebServer] 2026-10-04 15:26:50,869 INFO goatfarm [6659d81fda08457089d711715cf4b333] request method=GET path=/api/auth/permissions status=200 duration_ms=6.03
[WebServer] 2026-10-04 15:26:50,894 INFO goatfarm [bf3f30affb5c4ae099b9ab8225fe2966] request method=GET path=/api/breeding status=200 duration_ms=16.67
[WebServer] 2026-10-04 15:26:51,093 INFO goatfarm [7b48759d90504195937cc1f7c500ea76] request method=GET path=/api/breeding/candidates status=200 duration_ms=15.92
[WebServer] 2026-10-04 15:26:51,199 INFO goatfarm [9b6e2f85f8b64a338c8d8da86fc71c4a] request method=GET path=/api/breeding/candidates status=200 duration_ms=13.60
[WebServer] 2026-10-04 15:26:51,446 INFO goatfarm [bd1df89a639d435db5e8ad89f903f21b] request method=POST path=/api/breeding status=201 duration_ms=47.42
[WebServer] 2026-10-04 15:26:51,463 INFO goatfarm [e6e0482560184a42a16465a07a8c2b95] request method=GET path=/api/breeding status=200 duration_ms=13.59
[WebServer] 2026-10-04 15:26:51,648 INFO goatfarm [6dbc873842fa40f393394642777cde41] request method=POST path=/api/auth/refresh status=200 duration_ms=105.14
[WebServer] 2026-10-04 15:26:51,656 INFO goatfarm [3c6c9c467e3849b884d05c9c6268e342] request method=GET path=/api/auth/farms status=200 duration_ms=5.63
[WebServer] 2026-10-04 15:26:51,671 INFO goatfarm [d01d8626e8f648b5823b79cd77239a9e] request method=GET path=/api/auth/permissions status=200 duration_ms=5.79
[WebServer] 2026-10-04 15:26:51,697 INFO goatfarm [0ba8e435ffea47bda4ba1cc5e110d9ab] request method=GET path=/api/breeding status=200 duration_ms=17.00
[WebServer] 2026-10-04 15:26:51,975 INFO goatfarm [1f6fc458272b45cf8a573770210e3a21] request method=POST path=/api/breeding/2/ultrasound status=200 duration_ms=49.29
[WebServer] 2026-10-04 15:26:51,996 INFO goatfarm [fc06ec0cc4464d8aacde765b178cdb5d] request method=GET path=/api/breeding status=200 duration_ms=18.09
[WebServer] 2026-10-04 15:26:52,164 INFO goatfarm [8850723cc37b4501a007fd979bf27652] request method=POST path=/api/auth/refresh status=200 duration_ms=104.75
[WebServer] 2026-10-04 15:26:52,173 INFO goatfarm [6f8990c7d0e14dd79d6269b51d8ac9da] request method=GET path=/api/auth/farms status=200 duration_ms=6.52
[WebServer] 2026-10-04 15:26:52,189 INFO goatfarm [8801feb89d104516b776c7235121b062] request method=GET path=/api/auth/permissions status=200 duration_ms=6.73
[WebServer] 2026-10-04 15:26:52,218 INFO goatfarm [f2ebd2b7fe044e65959e43a233a0749b] request method=GET path=/api/animals status=200 duration_ms=16.82
[WebServer] 2026-10-04 15:26:52,568 INFO goatfarm [c05672a4a90f46a585eebcf0dc1cfef3] request method=GET path=/api/animals status=200 duration_ms=14.88
[WebServer] 2026-10-04 15:26:53,095 INFO goatfarm [cd87f5b0dbf74d1b8459b37109af5d97] request method=GET path=/api/animals/10 status=200 duration_ms=17.71
[WebServer] 2026-10-04 15:26:53,113 INFO goatfarm [e8798c768dfe41c3b1c7190a017fd6b8] request method=GET path=/api/health/restrictions/10 status=200 duration_ms=9.97
[WebServer] 2026-10-04 15:26:53,115 INFO goatfarm [846780805a6e4f4ba3812caf76e1073d] request method=GET path=/api/finance/animals/10/lifetime-pnl status=200 duration_ms=12.68
  ✓   72 [chromium] › e2e/breeding-flow.spec.ts:16:3 › breeding flow › doe is bred, confirmed pregnant via ultrasound, moves to PREGNANCY_EARLY (4.4s)
[WebServer] 2026-10-04 15:26:53,599 INFO goatfarm [a828c3d75dbf41a6b834c8078ec44216] request method=POST path=/api/auth/register status=201 duration_ms=159.99
[WebServer] 2026-10-04 15:26:53,624 INFO goatfarm [82b1ebd77c3f48b1ba7f6ebb16868673] request method=POST path=/api/auth/farms status=201 duration_ms=21.90
[WebServer] 2026-10-04 15:26:53,636 INFO goatfarm [e1980c24aa424cd7ae80f8d902a3ca47] request method=GET path=/api/team status=200 duration_ms=9.51
[WebServer] 2026-10-04 15:26:53,709 INFO goatfarm.audit [3ad11ab88655444cb04b778df404c2ce] security_event event='team.worker.create' farm_id=5 actor_id=8 membership_id=2 user_id=9 role_id=43 — provisioned worker account with must-change credential
[WebServer] 2026-10-04 15:26:53,709 INFO goatfarm [3ad11ab88655444cb04b778df404c2ce] request method=POST path=/api/team/workers status=201 duration_ms=69.31
[WebServer] 2026-10-04 15:26:53,847 INFO goatfarm [fee4ddd410084c2098296280ced1376c] request method=POST path=/api/auth/login status=200 duration_ms=135.67
[WebServer] 2026-10-04 15:26:54,030 INFO goatfarm.audit [d1df0c95b0d7439ca283e943df7e5e29] security_event event='auth.password.changed' user_id=9 — Password changed (all sessions revoked)
[WebServer] 2026-10-04 15:26:54,031 INFO goatfarm [d1df0c95b0d7439ca283e943df7e5e29] request method=POST path=/api/auth/change-password status=200 duration_ms=180.26
[WebServer] 2026-10-04 15:26:54,044 WARNING goatfarm.audit [cf820368dd3049449e21d3de65242ca1] security_signal_started event='rbac.denied' aggregation='process-memory' — authenticated requests missing a required permission
[WebServer] 2026-10-04 15:26:54,044 INFO goatfarm [cf820368dd3049449e21d3de65242ca1] request method=GET path=/api/finance status=403 duration_ms=10.62
  ✓   73 [chromium] › e2e/cross-tenant.spec.ts:94:3 › cross-tenant and horizontal authorization negatives › a provisioned worker without finance.view is refused 403 on the finance API (911ms)
[WebServer] 2026-10-04 15:26:54,192 INFO goatfarm [3b71625472f7454cb89a2570d9a09228] request method=POST path=/api/auth/register status=201 duration_ms=140.33
[WebServer] 2026-10-04 15:26:54,218 INFO goatfarm [396ecfc15f1443d2aaac3b860d96146d] request method=POST path=/api/auth/farms status=201 duration_ms=23.13
[WebServer] 2026-10-04 15:26:54,356 INFO goatfarm [27bd69ece7424149864169efd6adc9be] request method=POST path=/api/auth/register status=201 duration_ms=134.25
[WebServer] 2026-10-04 15:26:54,379 INFO goatfarm [bc30a4bb828d43aaa680b2d285ead2cf] request method=POST path=/api/auth/farms status=201 duration_ms=20.04
[WebServer] 2026-10-04 15:26:54,402 INFO goatfarm [6f8b8a902d2d464a9acf562d93a78d2d] request method=POST path=/api/animals status=201 duration_ms=19.76
[WebServer] 2026-10-04 15:26:54,421 INFO goatfarm [b674dd1dc07549e998d80d328187e9fc] request method=GET path=/api/animals/12 status=200 duration_ms=16.19
[WebServer] 2026-10-04 15:26:54,430 INFO goatfarm [2bb405a22ebb4c468d91c7fddd7ec471] request method=GET path=/api/animals/12 status=404 duration_ms=6.24
[WebServer] 2026-10-04 15:26:54,441 INFO goatfarm [7c888447ff4247fd99c00fd53545d3b0] request method=GET path=/api/animals/12 status=404 duration_ms=7.54
  ✓   74 [chromium] › e2e/cross-tenant.spec.ts:157:3 › cross-tenant and horizontal authorization negatives › another farm's owner cannot read this farm's animal: uniform 404s (393ms)
[WebServer] 2026-10-04 15:26:54,448 INFO goatfarm [6365a4d734f640d09c02ad358c95e103] request method=GET path=/api/animals status=401 duration_ms=0.54
  ✓   75 [chromium] › e2e/cross-tenant.spec.ts:202:3 › cross-tenant and horizontal authorization negatives › logged-out API access is refused 401 (4ms)
[WebServer] 2026-10-04 15:26:54,613 INFO goatfarm [4e714badf2fa4b08aaabed2e6776376e] request method=POST path=/api/auth/refresh status=401 duration_ms=0.60
[WebServer] 2026-10-04 15:26:54,828 INFO goatfarm [6bc244c160864053be67e2b88c476558] request method=POST path=/api/auth/login status=200 duration_ms=144.71
[WebServer] 2026-10-04 15:26:54,837 INFO goatfarm [12bdd0ea6e5a4475b976ea48089157de] request method=GET path=/api/auth/farms status=200 duration_ms=6.60
[WebServer] 2026-10-04 15:26:54,846 INFO goatfarm [fb122a71cd7c477cba9a52b0fb1918d3] request method=GET path=/api/auth/permissions status=200 duration_ms=5.48
[WebServer] 2026-10-04 15:26:54,906 INFO goatfarm [35f12d0892964e80aa11ce5c49a4ec9e] request method=GET path=/api/dashboard status=200 duration_ms=32.81
[WebServer] 2026-10-04 15:26:55,061 INFO goatfarm [9fbabfcd90704187a13a8ba388d9d20f] request method=POST path=/api/auth/refresh status=200 duration_ms=105.94
[WebServer] 2026-10-04 15:26:55,071 INFO goatfarm [61d7c14c11e64466a2b6110240b93a1a] request method=GET path=/api/auth/farms status=200 duration_ms=7.63
[WebServer] 2026-10-04 15:26:55,086 INFO goatfarm [46a5946879e24ed88610791c164d4892] request method=GET path=/api/auth/permissions status=200 duration_ms=6.31
[WebServer] 2026-10-04 15:26:55,118 INFO goatfarm [3ffcd299757c440fb51380910e2b56b9] request method=GET path=/api/animals status=200 duration_ms=13.79
[WebServer] 2026-10-04 15:26:55,383 INFO goatfarm [ca3aedb1eb4d44659c5200902051338c] request method=POST path=/api/animals status=201 duration_ms=25.59
[WebServer] 2026-10-04 15:26:55,402 INFO goatfarm [e45ef197bd2641cdac3955c300715cee] request method=GET path=/api/animals status=200 duration_ms=15.89
[WebServer] 2026-10-04 15:26:59,807 INFO goatfarm [ed7bd3ea162f472e882bc026761fbfcf] request method=POST path=/api/auth/farms status=201 duration_ms=18.51
[WebServer] 2026-10-04 15:26:59,818 INFO goatfarm [5e62dac61c9849e69c436478ddd51542] request method=GET path=/api/auth/farms status=200 duration_ms=8.00
[WebServer] 2026-10-04 15:26:59,828 INFO goatfarm [79b1fe2cdfa64f2f854bf7488d9ed53f] request method=GET path=/api/auth/permissions status=200 duration_ms=7.96
[WebServer] 2026-10-04 15:26:59,853 INFO goatfarm [7b9fb9b7106b4b3c998eac9bbe5d7309] request method=GET path=/api/animals status=200 duration_ms=8.96
[WebServer] 2026-10-04 15:26:59,984 INFO goatfarm [7ac4c18ec3584e5a91720acb4fac0c4d] request method=GET path=/api/auth/permissions status=200 duration_ms=7.22
[WebServer] 2026-10-04 15:27:00,016 INFO goatfarm [335bfd6e46464546b4949052ea4700d0] request method=GET path=/api/animals status=200 duration_ms=18.81
[WebServer] 2026-10-04 15:27:00,331 INFO goatfarm [ac99a99b47044e6dbbda999d775375f7] request method=GET path=/api/animals status=200 duration_ms=10.95
  ✓   76 [chromium] › e2e/farm-switch.spec.ts:22:3 › farm switching › switching farms renders none of the previous farm's cached data (6.4s)
[WebServer] 2026-10-04 15:27:00,959 INFO goatfarm [6f28bec53da34b77a5edb510d436eb0c] request method=POST path=/api/auth/refresh status=401 duration_ms=0.69
[WebServer] 2026-10-04 15:27:01,187 INFO goatfarm [7d8b43c145bc48af806e8a4aa826e392] request method=POST path=/api/auth/login status=200 duration_ms=143.21
[WebServer] 2026-10-04 15:27:01,196 INFO goatfarm [4387fa1e11824492b5773b4afb8af3f0] request method=GET path=/api/auth/farms status=200 duration_ms=6.29
[WebServer] 2026-10-04 15:27:01,204 INFO goatfarm [96188c2880624e6f872c53f304371d9a] request method=GET path=/api/auth/permissions status=200 duration_ms=5.87
[WebServer] 2026-10-04 15:27:01,261 INFO goatfarm [de8fcfb0f55441e8a1eb79ada81b6f1e] request method=GET path=/api/dashboard status=200 duration_ms=27.37
[WebServer] 2026-10-04 15:27:01,501 INFO goatfarm [de4cd8bfc8d546499c9997e11b08df31] request method=POST path=/api/auth/refresh status=200 duration_ms=106.07
[WebServer] 2026-10-04 15:27:01,509 INFO goatfarm [76ff26bf96db4f6d8eed806f83a4aa07] request method=GET path=/api/auth/farms status=200 duration_ms=5.47
[WebServer] 2026-10-04 15:27:01,524 INFO goatfarm [6e4d84e9490b4a5499d9b7c2ec01274e] request method=GET path=/api/auth/permissions status=200 duration_ms=6.54
[WebServer] 2026-10-04 15:27:01,551 INFO goatfarm [d863fcd4642a4ffca1bc5eea489f8ad4] request method=GET path=/api/animals status=200 duration_ms=12.57
[WebServer] 2026-10-04 15:27:01,977 INFO goatfarm [d33b77988176490995488ce6a8eac5b2] request method=POST path=/api/animals status=201 duration_ms=25.36
[WebServer] 2026-10-04 15:27:01,995 INFO goatfarm [b66e428a6730445aaaa10c577bc33945] request method=GET path=/api/animals status=200 duration_ms=14.53
[WebServer] 2026-10-04 15:27:02,155 INFO goatfarm [44001be63a53414ca1e5975de40ed01a] request method=POST path=/api/auth/refresh status=200 duration_ms=107.01
[WebServer] 2026-10-04 15:27:02,165 INFO goatfarm [72cb98df9c9a458e8bccb72169068c78] request method=GET path=/api/auth/farms status=200 duration_ms=7.37
[WebServer] 2026-10-04 15:27:02,181 INFO goatfarm [84447aabc59b4eefb7b39013409887d1] request method=GET path=/api/auth/permissions status=200 duration_ms=7.46
[WebServer] 2026-10-04 15:27:02,202 INFO goatfarm [15c1c11014bd4309bcd7aeda4a222bbd] request method=GET path=/api/feeding/inventory status=200 duration_ms=12.69
[WebServer] 2026-10-04 15:27:02,205 INFO goatfarm [c52aca42ed2c45e180732cdc1d6c4ab5] request method=GET path=/api/feeding/finished-stock status=200 duration_ms=13.44
[WebServer] 2026-10-04 15:27:02,407 INFO goatfarm [766c45b063f347f786731859919804a8] request method=POST path=/api/feeding/inventory/2/add status=200 duration_ms=17.24
[WebServer] 2026-10-04 15:27:02,427 INFO goatfarm [721bfe0e2841467895fdeefc89dd7ded] request method=GET path=/api/feeding/inventory status=200 duration_ms=9.68
[WebServer] 2026-10-04 15:27:02,428 INFO goatfarm [6a5084fc07a6448388e22d4bfa5a0c20] request method=GET path=/api/feeding/finished-stock status=200 duration_ms=9.30
[WebServer] 2026-10-04 15:27:02,582 INFO goatfarm [0a97db24fb374efa95e2fb85d41257dc] request method=POST path=/api/auth/refresh status=200 duration_ms=110.16
[WebServer] 2026-10-04 15:27:02,592 INFO goatfarm [5dc1b1cf79d94253b81b2e4698c16002] request method=GET path=/api/auth/farms status=200 duration_ms=7.39
[WebServer] 2026-10-04 15:27:02,609 INFO goatfarm [e58367bc567b443f93b580d1ef5085a7] request method=GET path=/api/auth/permissions status=200 duration_ms=7.21
[WebServer] 2026-10-04 15:27:02,646 INFO goatfarm [338741268fce46229434678ee06b975c] request method=GET path=/api/feeding/records status=200 duration_ms=24.66
[WebServer] 2026-10-04 15:27:02,649 INFO goatfarm [7cb30af989804233919f7bd18cf81a38] request method=GET path=/api/feeding/recipes status=200 duration_ms=26.57
[WebServer] 2026-10-04 15:27:02,652 INFO goatfarm [cdf64fe4ec144b5cbeb0842c32f1be5e] request method=GET path=/api/feeding/plan status=200 duration_ms=31.34
[WebServer] 2026-10-04 15:27:02,763 INFO goatfarm [f3f6ea4b0a4c4993a0203607a73953ba] request method=POST path=/api/auth/refresh status=401 duration_ms=0.72
[WebServer] 2026-10-04 15:27:03,153 INFO goatfarm [ace1bce974f44035aa90d6982e3cf83c] request method=POST path=/api/feeding/dispense status=201 duration_ms=22.55
[WebServer] 2026-10-04 15:27:03,173 INFO goatfarm [a51fd000fe1e4585a6e4b3a0d04825e5] request method=GET path=/api/feeding/recipes status=200 duration_ms=15.61
[WebServer] 2026-10-04 15:27:03,173 INFO goatfarm [eaca39e0fa5e4fde838fec0b5012ec90] request method=GET path=/api/feeding/records status=200 duration_ms=15.94
[WebServer] 2026-10-04 15:27:03,177 INFO goatfarm [dafe334800e94ed78bdc4791ee948821] request method=GET path=/api/feeding/plan status=200 duration_ms=21.66
  ✓   77 [chromium] › e2e/feeding-finance.spec.ts:6:3 › feeding and finance › feeding plan shows the 40/20/40 shift split and records a dispense (2.4s)
[WebServer] 2026-10-04 15:27:03,391 INFO goatfarm [f9d2a4f245e34e469ea67f13885d6fea] request method=POST path=/api/auth/refresh status=401 duration_ms=0.79
[WebServer] 2026-10-04 15:27:03,434 INFO goatfarm [e859534e416f40fba022834aac229f08] request method=POST path=/api/auth/refresh status=401 duration_ms=0.81
[WebServer] 2026-10-04 15:27:03,602 INFO goatfarm [ad5103b6d59144f79caf68a48f373e3c] request method=POST path=/api/auth/login status=200 duration_ms=142.77
[WebServer] 2026-10-04 15:27:03,611 INFO goatfarm [9518389e94fb497a800b9a078025bf3a] request method=GET path=/api/auth/farms status=200 duration_ms=6.76
[WebServer] 2026-10-04 15:27:03,620 INFO goatfarm [50224e2ed03c46e7b16faa9f48de1ca6] request method=GET path=/api/auth/permissions status=200 duration_ms=6.17
[WebServer] 2026-10-04 15:27:03,678 INFO goatfarm [022006a8d0b74e8fb52fbd9b45c9b8d6] request method=GET path=/api/dashboard status=200 duration_ms=29.03
[WebServer] 2026-10-04 15:27:03,919 INFO goatfarm [028610c5e70a4d2c804acd658d961d95] request method=POST path=/api/auth/refresh status=200 duration_ms=107.62
[WebServer] 2026-10-04 15:27:03,930 INFO goatfarm [04b16a99d1c84ff190555a15296655bf] request method=GET path=/api/auth/farms status=200 duration_ms=9.11
[WebServer] 2026-10-04 15:27:03,948 INFO goatfarm [f8772d754096440ebec1b9f090e7ea7e] request method=GET path=/api/auth/permissions status=200 duration_ms=8.85
[WebServer] 2026-10-04 15:27:03,949 INFO goatfarm [845ee547044f4d6ca23bc9b8d2739edb] request method=POST path=/api/auth/refresh status=401 duration_ms=0.87
[WebServer] 2026-10-04 15:27:03,979 INFO goatfarm [e8b12e799ab340929621db0acdaf417c] request method=GET path=/api/finance status=200 duration_ms=20.14
[WebServer] 2026-10-04 15:27:04,211 INFO goatfarm [5a017b4248b94105986fc167b6d83e87] request method=POST path=/api/finance/new status=201 duration_ms=16.17
[WebServer] 2026-10-04 15:27:04,239 INFO goatfarm [e90aa172371c4c688e731b850556223d] request method=GET path=/api/finance status=200 duration_ms=22.27
  ✓   78 [chromium] › e2e/feeding-finance.spec.ts:77:3 › feeding and finance › adding an expense transaction lists it in the ledger (1.1s)
[WebServer] 2026-10-04 15:27:04,405 INFO goatfarm [0ea2ab8f39fa461db262522bd92ac3da] request method=POST path=/api/auth/refresh status=401 duration_ms=0.62
[WebServer] 2026-10-04 15:27:04,643 INFO goatfarm [94fae72e14494e92a6ebfc9ece565946] request method=POST path=/api/auth/login status=200 duration_ms=151.25
[WebServer] 2026-10-04 15:27:04,653 INFO goatfarm [994f842614a74e5e8c932932ccd5d328] request method=GET path=/api/auth/farms status=200 duration_ms=7.77
[WebServer] 2026-10-04 15:27:04,662 INFO goatfarm [2b5f658a1ee541f7b28c6735cb76b32b] request method=GET path=/api/auth/permissions status=200 duration_ms=5.72
[WebServer] 2026-10-04 15:27:04,717 INFO goatfarm [04439fb354e44a219bf3702562c6d059] request method=GET path=/api/dashboard status=200 duration_ms=28.41
[WebServer] 2026-10-04 15:27:04,954 INFO goatfarm [6fb9dfd6ed25420a8b2fd686799a7d97] request method=POST path=/api/auth/refresh status=200 duration_ms=110.31
[WebServer] 2026-10-04 15:27:04,963 INFO goatfarm [59d69258f0e6487991678249566f458a] request method=GET path=/api/auth/farms status=200 duration_ms=6.94
[WebServer] 2026-10-04 15:27:04,979 INFO goatfarm [15b5c55167db40f78342496ed1b7bd79] request method=GET path=/api/auth/permissions status=200 duration_ms=6.41
[WebServer] 2026-10-04 15:27:05,009 INFO goatfarm [972beeeb17d44c26bf4ef044e077a5f4] request method=GET path=/api/animals status=200 duration_ms=16.82
[WebServer] 2026-10-04 15:27:05,525 INFO goatfarm [de999e259cc8466a93abeecd29566ac4] request method=POST path=/api/animals status=201 duration_ms=23.14
[WebServer] 2026-10-04 15:27:05,543 INFO goatfarm [5695f40f5e7b4a23a8600f0b51828890] request method=GET path=/api/animals status=200 duration_ms=14.50
[WebServer] 2026-10-04 15:27:05,696 INFO goatfarm [94f6ebb207ff45eab26c2c00809e20df] request method=POST path=/api/auth/refresh status=200 duration_ms=102.21
[WebServer] 2026-10-04 15:27:05,705 INFO goatfarm [0d05cceba9a84279ac7e2e78e75b7c0b] request method=GET path=/api/auth/farms status=200 duration_ms=6.48
[WebServer] 2026-10-04 15:27:05,721 INFO goatfarm [7416e92f69d64ca094de9a6fcdb42f9a] request method=GET path=/api/auth/permissions status=200 duration_ms=6.52
[WebServer] 2026-10-04 15:27:05,748 INFO goatfarm [7551da1217e445e191ac0fa8ae82e01e] request method=GET path=/api/dashboard/reports status=200 duration_ms=20.35
  ✓   79 [chromium] › e2e/feeding-finance.spec.ts:113:3 › feeding and finance › reports page renders herd summary, breeding performance and mortality (1.5s)
[WebServer] 2026-10-04 15:27:05,945 INFO goatfarm [bbce4844d1da4e24a71cce3c7b53b90f] request method=POST path=/api/auth/refresh status=401 duration_ms=0.60
[WebServer] 2026-10-04 15:27:06,162 INFO goatfarm [4e948f7c9bfe4a5695577b559d5fdc94] request method=POST path=/api/auth/login status=200 duration_ms=137.32
[WebServer] 2026-10-04 15:27:06,170 INFO goatfarm [7a1c3a538bd24d39bb093def24e415f3] request method=GET path=/api/auth/farms status=200 duration_ms=5.45
[WebServer] 2026-10-04 15:27:06,178 INFO goatfarm [387d89b59c8c4c4a9d8012b4137b3b74] request method=GET path=/api/auth/permissions status=200 duration_ms=4.92
[WebServer] 2026-10-04 15:27:06,233 INFO goatfarm [b0079daa78e54b2aba1f22ba7525b68e] request method=GET path=/api/dashboard status=200 duration_ms=27.75
[WebServer] 2026-10-04 15:27:06,382 INFO goatfarm [fd987d47fcb14591ae3640cd62c14f4a] request method=POST path=/api/auth/refresh status=200 duration_ms=98.72
[WebServer] 2026-10-04 15:27:06,391 INFO goatfarm [a3300d65a88b429ca4305ef3025a036f] request method=GET path=/api/auth/farms status=200 duration_ms=6.39
[WebServer] 2026-10-04 15:27:06,406 INFO goatfarm [a1a251679c5a4fcab3296021f3ea7c43] request method=GET path=/api/auth/permissions status=200 duration_ms=6.60
[WebServer] 2026-10-04 15:27:06,470 INFO goatfarm [f0908e5856f048a6bd34511d29b334ef] request method=GET path=/api/animals status=200 duration_ms=46.53
[WebServer] 2026-10-04 15:27:06,516 INFO goatfarm [00b2869e447c4655aeecc2365173bd91] request method=POST path=/api/auth/refresh status=401 duration_ms=0.70
[WebServer] 2026-10-04 15:27:06,713 INFO goatfarm [51decfd6deb04e7f927b993f765c0292] request method=POST path=/api/animals status=201 duration_ms=24.85
[WebServer] 2026-10-04 15:27:06,732 INFO goatfarm [72876d2025044168b78fd040cdf9259c] request method=GET path=/api/animals status=200 duration_ms=14.81
[WebServer] 2026-10-04 15:27:06,894 INFO goatfarm [d7bf4349ba134bddadc202b1fb240a77] request method=POST path=/api/auth/refresh status=200 duration_ms=103.88
[WebServer] 2026-10-04 15:27:06,904 INFO goatfarm [450e7ea1cdf54cebb98df0a70d588691] request method=GET path=/api/auth/farms status=200 duration_ms=7.26
[WebServer] 2026-10-04 15:27:06,917 INFO goatfarm [303c0dbd589f43a6a259c1058e2cb155] request method=GET path=/api/auth/permissions status=200 duration_ms=5.39
[WebServer] 2026-10-04 15:27:06,939 INFO goatfarm [1c907e0442a94e49baa976bf88ed4413] request method=GET path=/api/health/events status=200 duration_ms=11.18
[WebServer] 2026-10-04 15:27:06,940 INFO goatfarm [864ec0938e9548a1835647a129b3b855] request method=GET path=/api/health/schedule-templates status=200 duration_ms=11.31
[WebServer] 2026-10-04 15:27:07,005 INFO goatfarm [fee29f699cfb40559bd426d12a2a3043] request method=GET path=/api/tasks status=200 duration_ms=14.33
[WebServer] 2026-10-04 15:27:07,252 INFO goatfarm [ec5846666b73442b88b797a6ba25fbdf] request method=GET path=/api/health/animals status=200 duration_ms=12.15
[WebServer] 2026-10-04 15:27:07,571 INFO goatfarm [2d779157809d4783a82d421499243a24] request method=POST path=/api/health/events status=201 duration_ms=23.45
[WebServer] 2026-10-04 15:27:07,586 INFO goatfarm [07e65d4f17a2479daa7501dd710ec584] request method=GET path=/api/health/schedule-templates status=200 duration_ms=9.43
[WebServer] 2026-10-04 15:27:07,589 INFO goatfarm [d150757718b1411e9d9443079c96b633] request method=GET path=/api/health/events status=200 duration_ms=15.25
[WebServer] 2026-10-04 15:27:07,623 INFO goatfarm [dfb0151934334aad9def61f21c094e24] request method=GET path=/api/tasks status=200 duration_ms=48.34
[WebServer] 2026-10-04 15:27:07,767 INFO goatfarm [a2913811e3864fd28e2aa5093ee0d775] request method=POST path=/api/auth/refresh status=200 duration_ms=109.73
[WebServer] 2026-10-04 15:27:07,776 INFO goatfarm [84d1405aae524246bd077001e9469a16] request method=GET path=/api/auth/farms status=200 duration_ms=6.55
[WebServer] 2026-10-04 15:27:07,790 INFO goatfarm [8235e3ccfa7a441d9d8ff9cfb31c7152] request method=GET path=/api/auth/permissions status=200 duration_ms=5.02
[WebServer] 2026-10-04 15:27:07,823 INFO goatfarm [f0db41e720d941e79520255def87d8fa] request method=GET path=/api/animals status=200 duration_ms=15.11
[WebServer] 2026-10-04 15:27:08,167 INFO goatfarm [67f9313eb3574e4db8b9eceb2c7349cb] request method=GET path=/api/animals status=200 duration_ms=16.30
[WebServer] 2026-10-04 15:27:08,684 INFO goatfarm [c584616321724236a2337ead18e2f029] request method=GET path=/api/animals/16 status=200 duration_ms=17.90
[WebServer] 2026-10-04 15:27:08,701 INFO goatfarm [de80a248e0e044fba1e7f949ba8b357c] request method=GET path=/api/health/restrictions/16 status=200 duration_ms=10.03
[WebServer] 2026-10-04 15:27:08,704 INFO goatfarm [1953385a155148b2b68da4231cda972d] request method=GET path=/api/finance/animals/16/lifetime-pnl status=200 duration_ms=13.41
[WebServer] 2026-10-04 15:27:08,868 INFO goatfarm [87b2c26da024419aaa577ba712ac95b4] request method=POST path=/api/auth/refresh status=200 duration_ms=107.14
[WebServer] 2026-10-04 15:27:08,877 INFO goatfarm [09d7d8d82d3e4701b655668ea682b7c2] request method=GET path=/api/auth/farms status=200 duration_ms=6.18
[WebServer] 2026-10-04 15:27:08,890 INFO goatfarm [c86a1f5246d34b6eb069226f921d707a] request method=GET path=/api/auth/permissions status=200 duration_ms=5.73
[WebServer] 2026-10-04 15:27:08,912 INFO goatfarm [be9fd4a76db7468987434c3e4ab6d3eb] request method=GET path=/api/health/schedule-templates status=200 duration_ms=11.18
[WebServer] 2026-10-04 15:27:08,917 INFO goatfarm [653ad3872eff4d7db05863209583c44f] request method=GET path=/api/health/events status=200 duration_ms=16.45
[WebServer] 2026-10-04 15:27:08,974 INFO goatfarm [e689ce0f87284c518306a0b626503566] request method=GET path=/api/health/animals status=200 duration_ms=10.92
[WebServer] 2026-10-04 15:27:09,191 INFO goatfarm [2573d8ec126d400faf0e24e169df8579] request method=GET path=/api/health/schedule/16 status=200 duration_ms=32.99
  ✓   80 [chromium] › e2e/health-flow.spec.ts:14:3 › health flow › record a vaccine event — event log, profile health card, schedule badge (3.4s)
[WebServer] 2026-10-04 15:27:09,365 INFO goatfarm [f3d957c4117e4a0b8d1da174423c9f53] request method=POST path=/api/auth/refresh status=401 duration_ms=0.53
[WebServer] 2026-10-04 15:27:09,590 INFO goatfarm [f7ddf07021c8428397c4313e9190adae] request method=POST path=/api/auth/login status=200 duration_ms=139.59
[WebServer] 2026-10-04 15:27:09,600 INFO goatfarm [c795ed9ee2d14e2caadfc768977dcd5d] request method=GET path=/api/auth/farms status=200 duration_ms=7.52
[WebServer] 2026-10-04 15:27:09,610 INFO goatfarm [e1d80cc770e6475eb13177b69ceeb1b3] request method=GET path=/api/auth/permissions status=200 duration_ms=6.31
[WebServer] 2026-10-04 15:27:09,684 INFO goatfarm [ea12ce78eac84f4399272fd34b2d203c] request method=GET path=/api/dashboard status=200 duration_ms=46.75
[WebServer] 2026-10-04 15:27:09,821 INFO goatfarm [0a09a4c0918d433cbc634ec06ffa962d] request method=POST path=/api/auth/refresh status=200 duration_ms=106.36
[WebServer] 2026-10-04 15:27:09,831 INFO goatfarm [23bd900d63344661bf5bb8a69bf62c73] request method=GET path=/api/auth/farms status=200 duration_ms=7.17
[WebServer] 2026-10-04 15:27:09,846 INFO goatfarm [a3d1945f999b4555babf7112f0b8f42d] request method=GET path=/api/auth/permissions status=200 duration_ms=6.85
[WebServer] 2026-10-04 15:27:09,889 INFO goatfarm [aa48955f13eb48308fe9620db6c875cd] request method=GET path=/api/animals status=200 duration_ms=24.35
[WebServer] 2026-10-04 15:27:10,252 INFO goatfarm [497904e127324670b1b75cab20037937] request method=POST path=/api/animals status=201 duration_ms=25.02
[WebServer] 2026-10-04 15:27:10,270 INFO goatfarm [2106efbda7d24f23b33377fb493b6a36] request method=GET path=/api/animals status=200 duration_ms=14.55
[WebServer] 2026-10-04 15:27:10,430 INFO goatfarm [6602bacad12f40ec8f9b969f9ce6974a] request method=POST path=/api/auth/refresh status=200 duration_ms=104.99
[WebServer] 2026-10-04 15:27:10,440 INFO goatfarm [6ce825b164974a90b17bd0aae4927aaa] request method=GET path=/api/auth/farms status=200 duration_ms=6.61
[WebServer] 2026-10-04 15:27:10,454 INFO goatfarm [22864a41c9524cd89555e8b1978fb23b] request method=GET path=/api/auth/permissions status=200 duration_ms=6.10
[WebServer] 2026-10-04 15:27:10,482 INFO goatfarm [d18210027bf24c76bffa4ea0cea98d62] request method=GET path=/api/animals status=200 duration_ms=15.99
[WebServer] 2026-10-04 15:27:10,881 INFO goatfarm [189fa0b65882440d9c3b268c6769b755] request method=POST path=/api/animals status=201 duration_ms=26.93
[WebServer] 2026-10-04 15:27:10,898 INFO goatfarm [ff9ffe669aaa477cba817e76875c46f4] request method=GET path=/api/animals status=200 duration_ms=14.13
[WebServer] 2026-10-04 15:27:11,054 INFO goatfarm [7e979ceb410b4ebfafebecb721cc9195] request method=POST path=/api/auth/refresh status=200 duration_ms=104.15
[WebServer] 2026-10-04 15:27:11,064 INFO goatfarm [4d5f9983fcac4b05a078c8fef9df61c4] request method=GET path=/api/auth/farms status=200 duration_ms=6.87
[WebServer] 2026-10-04 15:27:11,079 INFO goatfarm [d8904309693b4c4cb7589d29066a1c71] request method=GET path=/api/auth/permissions status=200 duration_ms=6.35
[WebServer] 2026-10-04 15:27:11,103 INFO goatfarm [9bc836cb03a841f488d29c8d2520d1b7] request method=GET path=/api/breeding status=200 duration_ms=16.61
[WebServer] 2026-10-04 15:27:11,387 INFO goatfarm [6ab0046a5bb34a8da93078909673faef] request method=GET path=/api/breeding/candidates status=200 duration_ms=14.70
[WebServer] 2026-10-04 15:27:11,547 INFO goatfarm [d759880162344b5a9fe7b42c152871a9] request method=GET path=/api/breeding/candidates status=200 duration_ms=13.37
[WebServer] 2026-10-04 15:27:11,745 INFO goatfarm [4654cc8f628f425a9f39f331d45cf28d] request method=POST path=/api/breeding status=201 duration_ms=60.72
[WebServer] 2026-10-04 15:27:11,766 INFO goatfarm [019392f55b2f4b54bcea4e4e348b029a] request method=GET path=/api/breeding status=200 duration_ms=18.03
[WebServer] 2026-10-04 15:27:11,918 INFO goatfarm [4d10d60c38164ee3b686864006fa954a] request method=POST path=/api/auth/refresh status=200 duration_ms=102.63
[WebServer] 2026-10-04 15:27:11,926 INFO goatfarm [5bbce93bdd4e42f48a9f2c0994376c8e] request method=GET path=/api/auth/farms status=200 duration_ms=5.73
[WebServer] 2026-10-04 15:27:11,940 INFO goatfarm [ccbadcf09cc84ccd9572ab3571129bd8] request method=GET path=/api/auth/permissions status=200 duration_ms=5.07
[WebServer] 2026-10-04 15:27:11,973 INFO goatfarm [b9189f9ee7844e07bf555369e23fb829] request method=GET path=/api/breeding status=200 duration_ms=21.16
[WebServer] 2026-10-04 15:27:12,322 INFO goatfarm [d36d1a3e59b7456885435ec0f6f27b2b] request method=POST path=/api/breeding/3/ultrasound status=200 duration_ms=46.57
[WebServer] 2026-10-04 15:27:12,339 INFO goatfarm [213ba80d1755496fb6ea9d5353a8d987] request method=GET path=/api/breeding status=200 duration_ms=14.55
[WebServer] 2026-10-04 15:27:12,511 INFO goatfarm [c92f147fd575475ab038b89080b952fa] request method=POST path=/api/auth/refresh status=200 duration_ms=103.50
[WebServer] 2026-10-04 15:27:12,519 INFO goatfarm [8a1c3856784443d7a8c30d3ebf08c356] request method=GET path=/api/auth/farms status=200 duration_ms=5.77
[WebServer] 2026-10-04 15:27:12,534 INFO goatfarm [f68698087f1240daa61e9458fa78abed] request method=GET path=/api/auth/permissions status=200 duration_ms=5.27
[WebServer] 2026-10-04 15:27:12,571 INFO goatfarm [5dbb0b3fdbd0452a9577474c1c7ab490] request method=GET path=/api/kidding status=200 duration_ms=25.54
[WebServer] 2026-10-04 15:27:12,886 INFO goatfarm [a87613caaf4849b6af5a5f3804c805f3] request method=POST path=/api/kidding status=201 duration_ms=70.25
[WebServer] 2026-10-04 15:27:12,910 INFO goatfarm [fbb1b1583d79452da096e7a7f3b0c69e] request method=GET path=/api/kidding status=200 duration_ms=20.74
[WebServer] 2026-10-04 15:27:13,079 INFO goatfarm [9cd4aabbc3984fb8a00e1bc604735b63] request method=POST path=/api/auth/refresh status=200 duration_ms=111.10
[WebServer] 2026-10-04 15:27:13,090 INFO goatfarm [e0ff5ff8963e464e86e99a9f62e01fc1] request method=GET path=/api/auth/farms status=200 duration_ms=7.81
[WebServer] 2026-10-04 15:27:13,105 INFO goatfarm [505966afb50640a2852f4dc273d086dc] request method=GET path=/api/auth/permissions status=200 duration_ms=6.10
[WebServer] 2026-10-04 15:27:13,155 INFO goatfarm [29fc90de396f43f9b3e7769b9c55dfcf] request method=GET path=/api/animals status=200 duration_ms=38.06
[WebServer] 2026-10-04 15:27:13,475 INFO goatfarm [5f002dba317b491591de9e9c6e72f830] request method=GET path=/api/animals status=200 duration_ms=14.66
[WebServer] 2026-10-04 15:27:14,280 INFO goatfarm [2da5b20bf14e4f0c93858f0815811aac] request method=GET path=/api/animals status=200 duration_ms=11.34
[WebServer] 2026-10-04 15:27:14,904 INFO goatfarm [38b0c1c2a12b4fdf836eaadc22cfe298] request method=POST path=/api/auth/refresh status=200 duration_ms=99.07
[WebServer] 2026-10-04 15:27:14,912 INFO goatfarm [2e69afb69c79465fb2e345eeea46fc8c] request method=GET path=/api/auth/farms status=200 duration_ms=6.20
[WebServer] 2026-10-04 15:27:14,926 INFO goatfarm [2e7317341c11401faac4c2e70cb19ba0] request method=GET path=/api/auth/permissions status=200 duration_ms=5.11
[WebServer] 2026-10-04 15:27:14,956 INFO goatfarm [80f70a8cec524bff8bb08636ea28f7fc] request method=GET path=/api/animals status=200 duration_ms=16.04
[WebServer] 2026-10-04 15:27:15,313 INFO goatfarm [a8269dc4558842efae339342d1eba386] request method=GET path=/api/animals status=200 duration_ms=10.48
[WebServer] 2026-10-04 15:27:15,845 INFO goatfarm [c3b62eb88f6548d2831f06bacd79127e] request method=GET path=/api/animals/19 status=200 duration_ms=18.87
[WebServer] 2026-10-04 15:27:15,864 INFO goatfarm [8e19b2c7f6de4710948e076d979ac772] request method=GET path=/api/health/restrictions/19 status=200 duration_ms=12.24
[WebServer] 2026-10-04 15:27:15,865 INFO goatfarm [34733438ccc441d8a440acb1f4060ca6] request method=GET path=/api/finance/animals/19/lifetime-pnl status=200 duration_ms=14.11
[WebServer] 2026-10-04 15:27:16,023 INFO goatfarm [1681231eb15a4db790392ecded22fa20] request method=POST path=/api/auth/refresh status=200 duration_ms=106.61
[WebServer] 2026-10-04 15:27:16,031 INFO goatfarm [598348dbd226416192e8cb34a4c627f9] request method=GET path=/api/auth/farms status=200 duration_ms=5.18
[WebServer] 2026-10-04 15:27:16,045 INFO goatfarm [c28479ce039a4cf0b2fc5a1f9a18f24f] request method=GET path=/api/auth/permissions status=200 duration_ms=5.73
[WebServer] 2026-10-04 15:27:16,070 INFO goatfarm [37bd1cfc0b864c5387a91924ec7de387] request method=GET path=/api/animals status=200 duration_ms=12.86
[WebServer] 2026-10-04 15:27:16,421 INFO goatfarm [e720ede176da47739cf46e45c5687b12] request method=GET path=/api/animals status=200 duration_ms=11.69
[WebServer] 2026-10-04 15:27:16,951 INFO goatfarm [43d476ca7cb54db69ef35abc6858f65a] request method=GET path=/api/animals/17 status=200 duration_ms=20.69
[WebServer] 2026-10-04 15:27:16,969 INFO goatfarm [883bb8237cc549b088e93724748db857] request method=GET path=/api/finance/animals/17/lifetime-pnl status=200 duration_ms=12.50
[WebServer] 2026-10-04 15:27:16,970 INFO goatfarm [2768dae7dc844052a97ffdf10d54ad4a] request method=GET path=/api/health/restrictions/17 status=200 duration_ms=12.17
  ✓   81 [chromium] › e2e/kidding-flow.spec.ts:16:3 › kidding flow › overdue pregnancy is kidded with twins — kids become animals, doe moves to RECOVERY (7.8s)
[WebServer] 2026-10-04 15:27:17,134 INFO goatfarm [279e32503c5e4433b9587b8d6b94149c] request method=POST path=/api/auth/refresh status=401 duration_ms=0.72
[WebServer] 2026-10-04 15:27:17,362 INFO goatfarm [4533583fba9c476f943c0a3f0e922c3c] request method=POST path=/api/auth/login status=200 duration_ms=142.04
[WebServer] 2026-10-04 15:27:17,371 INFO goatfarm [9c6a27e7201246b594b2cb0035fe939d] request method=GET path=/api/auth/farms status=200 duration_ms=6.41
[WebServer] 2026-10-04 15:27:17,380 INFO goatfarm [30543fba62424e7c898dd02d431f0c7a] request method=GET path=/api/auth/permissions status=200 duration_ms=6.15
[WebServer] 2026-10-04 15:27:17,438 INFO goatfarm [7b308eae6a6b4076a9ad6a8f34b9502c] request method=GET path=/api/dashboard status=200 duration_ms=30.68
[WebServer] 2026-10-04 15:27:17,539 INFO goatfarm [b81dd7ca2356429c824ce4c3842c3b4a] request method=GET path=/api/animals status=200 duration_ms=17.54
[WebServer] 2026-10-04 15:27:17,879 INFO goatfarm [8d26f6ce645248b1b5cbf1153f0b3b49] request method=GET path=/api/buckets status=200 duration_ms=10.03
[WebServer] 2026-10-04 15:27:18,426 INFO goatfarm [2d51677476624434a48f56672c198819] request method=GET path=/api/breeding status=200 duration_ms=14.55
[WebServer] 2026-10-04 15:27:18,784 INFO goatfarm [031576b4349748c7b9f562a0a934c948] request method=GET path=/api/kidding status=200 duration_ms=17.03
[WebServer] 2026-10-04 15:27:19,308 INFO goatfarm [eaf55c07d92f42818dcaa2ef40b6c989] request method=GET path=/api/health/schedule-templates status=200 duration_ms=6.76
[WebServer] 2026-10-04 15:27:19,312 INFO goatfarm [035dbf0c87334954ab7aac4cfb7b488e] request method=GET path=/api/health/events status=200 duration_ms=11.59
[WebServer] 2026-10-04 15:27:19,374 INFO goatfarm [ffd5c7b67fcb4684a671a0b9f83c9b1e] request method=GET path=/api/purchases status=200 duration_ms=9.64
[WebServer] 2026-10-04 15:27:19,432 INFO goatfarm [a0c9ae0a6da84d918261cb647c49b19b] request method=GET path=/api/feeding/records status=200 duration_ms=13.19
[WebServer] 2026-10-04 15:27:19,432 INFO goatfarm [65570901ca5c4429b51e8ce97327c158] request method=GET path=/api/feeding/recipes status=200 duration_ms=12.71
[WebServer] 2026-10-04 15:27:19,467 INFO goatfarm [a4606ffe2f4b4b41841dde1fc7ada983] request method=GET path=/api/feeding/plan status=200 duration_ms=49.57
[WebServer] 2026-10-04 15:27:19,784 INFO goatfarm [b06b804cf2d04b9a9c5d98767ae7309b] request method=GET path=/api/tasks status=200 duration_ms=10.26
[WebServer] 2026-10-04 15:27:20,322 INFO goatfarm [380fcb2461c34d4088e0fbf48df7ac4c] request method=GET path=/api/finance status=200 duration_ms=18.47
[WebServer] 2026-10-04 15:27:20,681 INFO goatfarm [dffbb2a9628942f592fedcc0dd857117] request method=GET path=/api/simulation/defaults/breeds status=200 duration_ms=7.08
[WebServer] 2026-10-04 15:27:20,682 INFO goatfarm [de0c630b6ae6480b8f891c19c56a6f96] request method=GET path=/api/simulation/defaults status=200 duration_ms=6.64
[WebServer] 2026-10-04 15:27:20,686 INFO goatfarm [6e6353bf0fa64a6f98ac821e983c40ee] request method=GET path=/api/planner/plans status=200 duration_ms=10.61
[WebServer] 2026-10-04 15:27:21,521 INFO goatfarm [481e7c90973f41f4b7eea8276afec185] request method=GET path=/api/simulation/scenarios status=200 duration_ms=10.20
[WebServer] 2026-10-04 15:27:22,493 INFO goatfarm [3f7c442527bb4d0882bc96b3df0e8ad7] request method=GET path=/api/dashboard/reports status=200 duration_ms=14.82
[WebServer] 2026-10-04 15:27:22,547 INFO goatfarm [bef4ef72161c40b1aac0357e0629cefe] request method=GET path=/api/team status=200 duration_ms=9.16
  ✓   82 [chromium] › e2e/navigation-rbac.spec.ts:25:3 › navigation and access control › every nav item loads its page without errors (5.6s)
[WebServer] 2026-10-04 15:27:22,708 INFO goatfarm [208880c052d1443eb99bd2abb137d78d] request method=POST path=/api/auth/refresh status=401 duration_ms=0.61
[WebServer] 2026-10-04 15:27:22,820 INFO goatfarm [9fca2bbd4d6841e28c50d69eeb3159d1] request method=POST path=/api/auth/refresh status=401 duration_ms=0.60
[WebServer] 2026-10-04 15:27:22,902 INFO goatfarm [087b87f012804774b95e23abb496b289] request method=POST path=/api/auth/refresh status=401 duration_ms=0.75
[WebServer] 2026-10-04 15:27:22,989 INFO goatfarm [fc97dfbec0844e02965fdc73d442cd74] request method=POST path=/api/auth/refresh status=401 duration_ms=0.71
[WebServer] 2026-10-04 15:27:23,070 INFO goatfarm [6e2cdfc9a5dc4b1585140e655752b10f] request method=POST path=/api/auth/refresh status=401 duration_ms=0.61
[WebServer] 2026-10-04 15:27:23,157 INFO goatfarm [7b285f40cbba4ae4b58d387dfe4b7397] request method=POST path=/api/auth/refresh status=401 duration_ms=0.65
[WebServer] 2026-10-04 15:27:23,222 INFO goatfarm [36d1822397dc44b39d97abc23d01a581] request method=POST path=/api/auth/refresh status=401 duration_ms=0.68
[WebServer] 2026-10-04 15:27:23,304 INFO goatfarm [68d6671757844bf9bf41b77c2d0da33c] request method=POST path=/api/auth/refresh status=401 duration_ms=0.61
[WebServer] 2026-10-04 15:27:23,376 INFO goatfarm [b4cbeb76abb54af7b762fd5cddff3e06] request method=POST path=/api/auth/refresh status=401 duration_ms=0.60
[WebServer] 2026-10-04 15:27:23,457 INFO goatfarm [d1a79798000d4a7dbfbd59fdf7e7488b] request method=POST path=/api/auth/refresh status=401 duration_ms=0.71
[WebServer] 2026-10-04 15:27:23,537 INFO goatfarm [88f4410ae3ae4586a5e0eb87fb29e85e] request method=POST path=/api/auth/refresh status=401 duration_ms=0.71
[WebServer] 2026-10-04 15:27:23,613 INFO goatfarm [843dd59c165d4137bfc4a9c1531bf70c] request method=POST path=/api/auth/refresh status=401 duration_ms=0.68
[WebServer] 2026-10-04 15:27:23,691 INFO goatfarm [5c9c73d3d5d84a7eb50c3af88fa0395e] request method=POST path=/api/auth/refresh status=401 duration_ms=0.60
[WebServer] 2026-10-04 15:27:23,769 INFO goatfarm [0dc06fcba37f4463bec89089666194b7] request method=POST path=/api/auth/refresh status=401 duration_ms=0.62
[WebServer] 2026-10-04 15:27:23,850 INFO goatfarm [8271e81c480348f1860360f205e7c610] request method=POST path=/api/auth/refresh status=401 duration_ms=0.71
  ✓   83 [chromium] › e2e/navigation-rbac.spec.ts:42:3 › navigation and access control › logged-out direct-URL access redirects every app page to /login (1.3s)
[WebServer] 2026-10-04 15:27:24,056 INFO goatfarm [ec76dedf3f074bebad3f18b8980f1c8f] request method=POST path=/api/auth/refresh status=401 duration_ms=0.62
[WebServer] 2026-10-04 15:27:24,268 INFO goatfarm [02c9ad650b7e4555b59848fcb83c0add] request method=POST path=/api/auth/login status=200 duration_ms=142.97
[WebServer] 2026-10-04 15:27:24,278 INFO goatfarm [dd306b847cd24eae92d1dc8292a567a9] request method=GET path=/api/auth/farms status=200 duration_ms=7.07
[WebServer] 2026-10-04 15:27:24,287 INFO goatfarm [15b9fdb99e734d5e8c4a5c262f3219da] request method=GET path=/api/auth/permissions status=200 duration_ms=6.44
[WebServer] 2026-10-04 15:27:24,348 INFO goatfarm [b114ab7d22cd424d89275c4342bfa86e] request method=GET path=/api/dashboard status=200 duration_ms=31.29
[WebServer] 2026-10-04 15:27:24,590 INFO goatfarm [7722bd29088247549f4e7e21ea0cff2c] request method=POST path=/api/auth/refresh status=200 duration_ms=109.70
[WebServer] 2026-10-04 15:27:24,599 INFO goatfarm [cb2b59c2f41944238e4061069a14df0e] request method=GET path=/api/auth/farms status=200 duration_ms=5.77
[WebServer] 2026-10-04 15:27:24,613 INFO goatfarm [3d7b0e7395fe4c04a218a8c6e9108a2f] request method=GET path=/api/auth/permissions status=200 duration_ms=6.36
[WebServer] 2026-10-04 15:27:24,755 INFO goatfarm [8ae4f83501944ab19eff4b49d3ac6e5e] request method=POST path=/api/ops-sim/run status=200 duration_ms=12.57
  ✓   84 [chromium] › e2e/ops-simulation.spec.ts:17:3 › ops simulation › renders its sections and replays the toy herd for one week (926ms)
[WebServer] 2026-10-04 15:27:24,966 INFO goatfarm [247f4ea2fe00419cba232421c6f8ab74] request method=POST path=/api/auth/refresh status=401 duration_ms=0.65
[WebServer] 2026-10-04 15:27:25,182 INFO goatfarm [0d9e3357ec114a0d91e0b2c150b2a9e5] request method=POST path=/api/auth/login status=200 duration_ms=137.80
[WebServer] 2026-10-04 15:27:25,190 INFO goatfarm [e5174dffc30f43c4b475dd6805720524] request method=GET path=/api/auth/farms status=200 duration_ms=5.85
[WebServer] 2026-10-04 15:27:25,198 INFO goatfarm [caea94922f5a42b696320f233383c880] request method=GET path=/api/auth/permissions status=200 duration_ms=5.12
[WebServer] 2026-10-04 15:27:25,254 INFO goatfarm [6e43264919db46fab5b369dcab6da2d4] request method=GET path=/api/dashboard status=200 duration_ms=29.44
[WebServer] 2026-10-04 15:27:25,415 INFO goatfarm [61dbeeefd0074787b48be5a9448fb467] request method=POST path=/api/auth/refresh status=200 duration_ms=109.65
[WebServer] 2026-10-04 15:27:25,426 INFO goatfarm [6a73a3373ce943029f4af9302f983796] request method=GET path=/api/auth/farms status=200 duration_ms=7.64
[WebServer] 2026-10-04 15:27:25,442 INFO goatfarm [3cb0816ce1f04d98a7e5f82c6e806df6] request method=GET path=/api/auth/permissions status=200 duration_ms=6.74
  ✓   85 [chromium] › e2e/ops-simulation.spec.ts:62:3 › ops simulation › a row without a tag is reported inline, blocks the run, and never reaches the API (738ms)
[WebServer] 2026-10-04 15:27:26,049 INFO goatfarm [0ad44ec82e8c4f2596575ec93663c32a] request method=POST path=/api/auth/register status=201 duration_ms=136.17
[WebServer] 2026-10-04 15:27:26,068 INFO goatfarm [066d8049197b4e12a94bcce5b5e3e61f] request method=POST path=/api/auth/farms status=201 duration_ms=16.11
[WebServer] 2026-10-04 15:27:26,078 INFO goatfarm [c07de1c6fa8a4f07a2821fc58f07a0fb] request method=GET path=/api/team status=200 duration_ms=7.80
[WebServer] 2026-10-04 15:27:26,154 INFO goatfarm.audit [4c92dee0c5bf460daf620239a737cae9] security_event event='team.worker.create' farm_id=9 actor_id=12 membership_id=3 user_id=13 role_id=79 — provisioned worker account with must-change credential
[WebServer] 2026-10-04 15:27:26,154 INFO goatfarm [4c92dee0c5bf460daf620239a737cae9] request method=POST path=/api/team/workers status=201 duration_ms=72.07
[WebServer] 2026-10-04 15:27:26,287 INFO goatfarm [c673cd12943d4e468c539efd4256ed14] request method=POST path=/api/auth/login status=200 duration_ms=130.16
[WebServer] 2026-10-04 15:27:26,463 INFO goatfarm.audit [d7ab57338c024d89b88d7a39b3a0844b] security_event event='auth.password.changed' user_id=13 — Password changed (all sessions revoked)
[WebServer] 2026-10-04 15:27:26,463 INFO goatfarm [d7ab57338c024d89b88d7a39b3a0844b] request method=POST path=/api/auth/change-password status=200 duration_ms=173.92
[WebServer] 2026-10-04 15:27:26,498 INFO goatfarm [e6ac0d5a2f774f1db66333de38b21ed6] request method=GET path=/api/auth/permissions status=200 duration_ms=31.14
[WebServer] 2026-10-04 15:27:26,601 INFO goatfarm [7e450427ddb5487898bd35b75343b2d7] request method=POST path=/api/auth/refresh status=401 duration_ms=0.50
[WebServer] 2026-10-04 15:27:26,823 INFO goatfarm [ac3c8e1acb8a4ed1b1d9aed03415d8f0] request method=POST path=/api/auth/login status=200 duration_ms=137.25
[WebServer] 2026-10-04 15:27:26,830 INFO goatfarm [d238233bbdc045469d27f5157c1bcb32] request method=GET path=/api/auth/farms status=200 duration_ms=5.25
[WebServer] 2026-10-04 15:27:26,838 INFO goatfarm [8a8d0865157549f69b0dae88992b179f] request method=GET path=/api/auth/permissions status=200 duration_ms=4.79
[WebServer] 2026-10-04 15:27:26,892 INFO goatfarm [d784bdcd456240eaaccf3e113cbb74cd] request method=GET path=/api/dashboard status=200 duration_ms=27.91
[WebServer] 2026-10-04 15:27:27,047 INFO goatfarm [ec82152e40e7420ca241872286efecdd] request method=POST path=/api/auth/refresh status=200 duration_ms=109.48
[WebServer] 2026-10-04 15:27:27,055 INFO goatfarm [04829b64218348deb7ce00e2b0cce2db] request method=GET path=/api/auth/farms status=200 duration_ms=5.47
[WebServer] 2026-10-04 15:27:27,069 INFO goatfarm [051b71df010c48249a085fae0abd149f] request method=GET path=/api/auth/permissions status=200 duration_ms=5.08
[WebServer] 2026-10-04 15:27:27,095 INFO goatfarm [7f9e765af1c34a728f5a7d06a12387e3] request method=GET path=/api/team status=200 duration_ms=17.06
[WebServer] 2026-10-04 15:27:27,536 INFO goatfarm.audit [d88237255bfa46dfb0ccf22e96aea98a] security_event event='auth.farm.ownership_transferred' farm_id=9 user_id=12 new_owner_id=13 — Farm ownership transferred
[WebServer] 2026-10-04 15:27:27,536 INFO goatfarm [d88237255bfa46dfb0ccf22e96aea98a] request method=POST path=/api/auth/farms/9/transfer-ownership status=200 duration_ms=57.37
[WebServer] 2026-10-04 15:27:27,545 INFO goatfarm [c1779fe388dd40fcb42877ff279fed87] request method=GET path=/api/auth/farms status=200 duration_ms=7.08
[WebServer] 2026-10-04 15:27:27,573 INFO goatfarm [331ee2caead94d3d9b27cdbbafe5b097] request method=GET path=/api/auth/permissions status=404 duration_ms=6.42
[WebServer] 2026-10-04 15:27:27,583 INFO goatfarm [6defd16b714c4780be5ff989a86b4dc1] request method=GET path=/api/auth/farms status=200 duration_ms=7.39
[WebServer] 2026-10-04 15:27:27,589 WARNING goatfarm.audit [44f0bf0f008b4c2fa34920723f77244a] security_signal_started event='auth.token.version_mismatch' aggregation='process-memory' — revoked-generation access tokens presented
[WebServer] 2026-10-04 15:27:27,589 INFO goatfarm [44f0bf0f008b4c2fa34920723f77244a] request method=GET path=/api/auth/farms status=401 duration_ms=4.06
[WebServer] 2026-10-04 15:27:27,730 INFO goatfarm [ef3c442891ff4d8681ba62a2dbc7d287] request method=POST path=/api/auth/login status=200 duration_ms=138.10
[WebServer] 2026-10-04 15:27:27,738 INFO goatfarm [6e9df61eacac4a6496a81f4b8ea6389b] request method=GET path=/api/auth/permissions status=200 duration_ms=5.42
[WebServer] 2026-10-04 15:27:27,750 INFO goatfarm [35644b3c81cc4aeea6269027b7cbd2c4] request method=GET path=/api/auth/farms status=200 duration_ms=9.15
  ✓   86 [chromium] › e2e/ownership-transfer.spec.ts:18:1 › an owner transfers a separate farm to a password-rotated member through Team (2.2s)
[WebServer] 2026-10-04 15:27:27,893 INFO goatfarm [1c70e9e5706a442d9ea1063dbb5e7ae8] request method=POST path=/api/auth/refresh status=401 duration_ms=0.60
[WebServer] 2026-10-04 15:27:28,114 INFO goatfarm [4239ba6d8f084524b742dd010db98364] request method=POST path=/api/auth/login status=200 duration_ms=138.21
[WebServer] 2026-10-04 15:27:28,122 INFO goatfarm [4b4f6547421a46a3a8cfc42c6ec7d2a2] request method=GET path=/api/auth/farms status=200 duration_ms=5.66
[WebServer] 2026-10-04 15:27:28,129 INFO goatfarm [9d413d19340243ab9c51f8a93b01e358] request method=GET path=/api/auth/permissions status=200 duration_ms=4.87
[WebServer] 2026-10-04 15:27:28,191 INFO goatfarm [289e6088a82f4f1485d74862ae7680f3] request method=GET path=/api/dashboard status=200 duration_ms=35.44
[WebServer] 2026-10-04 15:27:28,339 INFO goatfarm [99b051e1149e430e90f4fb5d5964ae09] request method=POST path=/api/auth/refresh status=200 duration_ms=105.59
[WebServer] 2026-10-04 15:27:28,348 INFO goatfarm [b93932b9abc941bfbfdb4c9ad100760c] request method=GET path=/api/auth/farms status=200 duration_ms=6.44
[WebServer] 2026-10-04 15:27:28,362 INFO goatfarm [a9d6557cf539438a90bee77a152a8b7b] request method=GET path=/api/auth/permissions status=200 duration_ms=5.09
[WebServer] 2026-10-04 15:27:28,386 INFO goatfarm [f38c353f9a3343158eaeacaf3ad7056b] request method=GET path=/api/simulation/defaults status=200 duration_ms=5.66
[WebServer] 2026-10-04 15:27:28,387 INFO goatfarm [ca5b2f16453a4e9fae2ebe8b4d316e1e] request method=GET path=/api/simulation/defaults/breeds status=200 duration_ms=7.24
[WebServer] 2026-10-04 15:27:28,393 INFO goatfarm [17fd92490f7e436087bb7032a88bab32] request method=GET path=/api/planner/plans status=200 duration_ms=11.90
[WebServer] 2026-10-04 15:27:29,293 INFO goatfarm [ca360c23d14e48da9d4dbf23dfad9125] request method=POST path=/api/planner/plan status=200 duration_ms=794.33
  ✓   87 [chromium] › e2e/planner.spec.ts:23:3 › planner › renders its sections, plans a sale target, and keeps owner access (2.1s)
[WebServer] 2026-10-04 15:27:29,971 INFO goatfarm [a3fe6c3067714832af1135d286313dae] request method=POST path=/api/auth/refresh status=401 duration_ms=0.58
[WebServer] 2026-10-04 15:27:30,203 INFO goatfarm [9523097a69f249c2b1df26181d202a30] request method=POST path=/api/auth/login status=200 duration_ms=144.03
[WebServer] 2026-10-04 15:27:30,211 INFO goatfarm [d7324a83b6c2455e90f090e46389a87e] request method=GET path=/api/auth/farms status=200 duration_ms=6.06
[WebServer] 2026-10-04 15:27:30,219 INFO goatfarm [5afe10e5190e4d1aa39139d3a7859f0e] request method=GET path=/api/auth/permissions status=200 duration_ms=5.71
[WebServer] 2026-10-04 15:27:30,274 INFO goatfarm [83c563c7531b404babb9fc8b946b3f39] request method=GET path=/api/dashboard status=200 duration_ms=28.65
[WebServer] 2026-10-04 15:27:30,436 INFO goatfarm [0ce81582c552497488b8dd6712dcd476] request method=POST path=/api/auth/refresh status=200 duration_ms=112.39
[WebServer] 2026-10-04 15:27:30,445 INFO goatfarm [72522af20f654637903f45e158020dd8] request method=GET path=/api/auth/farms status=200 duration_ms=7.19
[WebServer] 2026-10-04 15:27:30,461 INFO goatfarm [10fd7326b4284637a1efe382dcea7c5d] request method=GET path=/api/auth/permissions status=200 duration_ms=6.36
[WebServer] 2026-10-04 15:27:30,487 INFO goatfarm [bbd55a8cd3ce492ba3ada57907c163a7] request method=GET path=/api/simulation/defaults status=200 duration_ms=7.33
[WebServer] 2026-10-04 15:27:30,487 INFO goatfarm [da7f26e6316a4a2abc2afa7da0952933] request method=GET path=/api/simulation/defaults/breeds status=200 duration_ms=8.70
[WebServer] 2026-10-04 15:27:30,494 INFO goatfarm [02c9b2dfa000481591164ff546c5ca85] request method=GET path=/api/planner/plans status=200 duration_ms=13.92
  ✓   88 [chromium] › e2e/planner.spec.ts:68:3 › planner › a target in the plan's start month is rejected inline and blocks the run (743ms)
[WebServer] 2026-10-04 15:27:30,716 INFO goatfarm [1250a4d7e20348219d1a665a3847dd90] request method=POST path=/api/auth/refresh status=401 duration_ms=0.69
[WebServer] 2026-10-04 15:27:30,947 INFO goatfarm [76b1b65070944ca6ac1049e68fd5b7b6] request method=POST path=/api/auth/login status=200 duration_ms=146.89
[WebServer] 2026-10-04 15:27:30,958 INFO goatfarm [538f789a2eb2460b88d858c75a60b84e] request method=GET path=/api/auth/farms status=200 duration_ms=8.22
[WebServer] 2026-10-04 15:27:30,968 INFO goatfarm [81819d67dabc45c9b81ace08f228c8f0] request method=GET path=/api/auth/permissions status=200 duration_ms=6.93
[WebServer] 2026-10-04 15:27:31,029 INFO goatfarm [d6854d08238647d789911e776c6d179c] request method=GET path=/api/dashboard status=200 duration_ms=34.22
[WebServer] 2026-10-04 15:27:31,267 INFO goatfarm [ef6f48acc98444af801c082cd35704bb] request method=POST path=/api/auth/refresh status=200 duration_ms=107.76
[WebServer] 2026-10-04 15:27:31,276 INFO goatfarm [86da4f38a1d54b418651b8cc896d5848] request method=GET path=/api/auth/farms status=200 duration_ms=7.18
[WebServer] 2026-10-04 15:27:31,291 INFO goatfarm [91e4d33c3c224671a87ddb6c360df031] request method=GET path=/api/auth/permissions status=200 duration_ms=6.27
[WebServer] 2026-10-04 15:27:31,314 INFO goatfarm [d5f9fe941e8342b8bbf1739782b722e4] request method=GET path=/api/purchases status=200 duration_ms=11.80
[WebServer] 2026-10-04 15:27:31,579 INFO goatfarm [337b0dfc420743568c08980f811aece5] request method=POST path=/api/purchases/new status=201 duration_ms=71.25
[WebServer] 2026-10-04 15:27:31,597 INFO goatfarm [85d5f9073d2142a9aac9fbaaaaf874a2] request method=GET path=/api/purchases status=200 duration_ms=15.53
[WebServer] 2026-10-04 15:27:31,687 INFO goatfarm [4fa4cab29db14ab2a0a24bac5ca99904] request method=GET path=/api/purchases/2 status=200 duration_ms=31.25
[WebServer] 2026-10-04 15:27:31,885 INFO goatfarm [dab407e4c8bb45318c04e4ca74bacec2] request method=POST path=/api/auth/refresh status=200 duration_ms=107.16
[WebServer] 2026-10-04 15:27:31,895 INFO goatfarm [4835b024e95246cf9942edb46572b5ec] request method=GET path=/api/auth/farms status=200 duration_ms=7.69
[WebServer] 2026-10-04 15:27:31,909 INFO goatfarm [4e3d42ee12ad4d2f97ac754781340e54] request method=GET path=/api/auth/permissions status=200 duration_ms=5.68
[WebServer] 2026-10-04 15:27:31,948 INFO goatfarm [279d70b71cfa45a4a75d1ee1bfafb952] request method=GET path=/api/animals status=200 duration_ms=23.26
[WebServer] 2026-10-04 15:27:32,291 INFO goatfarm [9da7e7fa6209477f9c21a97e013218b5] request method=GET path=/api/animals status=200 duration_ms=17.39
  ✓   89 [chromium] › e2e/purchases.spec.ts:6:3 › purchases › a new batch stubs animals into QUARANTINE with the 45-day task schedule (2.2s)
[WebServer] 2026-10-04 15:27:32,921 INFO goatfarm [dc0468928cd248579e220736cd7667bd] request method=POST path=/api/auth/refresh status=401 duration_ms=0.55
[WebServer] 2026-10-04 15:27:33,153 INFO goatfarm [369909d2328344e58faaf2abb8851ac8] request method=POST path=/api/auth/register status=201 duration_ms=141.11
[WebServer] 2026-10-04 15:27:33,162 INFO goatfarm [7cda030cda784fb8881a0df9409af06f] request method=GET path=/api/auth/farms status=200 duration_ms=6.37
[WebServer] 2026-10-04 15:27:33,232 INFO goatfarm [cde323397a174c92b9ed236c7d67ecf7] request method=POST path=/api/auth/farms status=201 duration_ms=18.39
[WebServer] 2026-10-04 15:27:33,241 INFO goatfarm [8e11de0f2d024be087007aa89f4926de] request method=GET path=/api/auth/farms status=200 duration_ms=6.43
[WebServer] 2026-10-04 15:27:33,250 INFO goatfarm [38ca9fa026fd4d019e5ade8ec2cc3551] request method=GET path=/api/auth/permissions status=200 duration_ms=6.37
[WebServer] 2026-10-04 15:27:33,311 INFO goatfarm [c684b684d8dc4778adcc83f797f1d76f] request method=GET path=/api/dashboard status=200 duration_ms=34.37
[WebServer] 2026-10-04 15:27:33,409 INFO goatfarm [b8a0be2b71c74091a9181f824224e991] request method=GET path=/api/animals status=200 duration_ms=9.45
  ✓   90 [chromium] › e2e/register.spec.ts:6:3 › registration › a new user registers, creates a farm and reaches its dashboard (664ms)
[WebServer] 2026-10-04 15:27:33,601 INFO goatfarm [28ef0e1a358543b2bcf63b3463cd30c7] request method=POST path=/api/auth/refresh status=401 duration_ms=0.56
[WebServer] 2026-10-04 15:27:33,830 INFO goatfarm [db7456abb86c471c923ad8a49cb552f5] request method=POST path=/api/auth/login status=200 duration_ms=146.09
[WebServer] 2026-10-04 15:27:33,840 INFO goatfarm [78009cdeb7bb416686e48a1afeac993e] request method=GET path=/api/auth/farms status=200 duration_ms=6.86
[WebServer] 2026-10-04 15:27:33,850 INFO goatfarm [51bccdfa95a64a1e8eff71b7b647891d] request method=GET path=/api/auth/permissions status=200 duration_ms=6.69
[WebServer] 2026-10-04 15:27:33,915 INFO goatfarm [bf20415b388e4bf1b1b7db79e60d7670] request method=GET path=/api/dashboard status=200 duration_ms=34.81
[WebServer] 2026-10-04 15:27:34,161 INFO goatfarm [8b31d5211a95401a929df5211ae847ad] request method=POST path=/api/auth/refresh status=200 duration_ms=110.25
[WebServer] 2026-10-04 15:27:34,171 INFO goatfarm [9327938ba77249fcbfd0e089c50a40c1] request method=GET path=/api/auth/farms status=200 duration_ms=6.82
[WebServer] 2026-10-04 15:27:34,190 INFO goatfarm [df2bb5fd769c48759021c53b63cf6196] request method=GET path=/api/auth/permissions status=200 duration_ms=6.62
  ✓   91 [chromium] › e2e/screening.spec.ts:161:3 › screening review › scoreboard → queue → detail → confirm → conflict toast, all stubbed at the API (1.0s)
[WebServer] 2026-10-04 15:27:34,616 INFO goatfarm [a82e3da94cb540718d30c333448e412d] request method=POST path=/api/auth/refresh status=401 duration_ms=0.58
[WebServer] 2026-10-04 15:27:34,845 INFO goatfarm [c688de6834fb4e4da561ed379439a660] request method=POST path=/api/auth/login status=200 duration_ms=143.76
[WebServer] 2026-10-04 15:27:34,855 INFO goatfarm [b6937827e24147cb8aed2e9f451c2833] request method=GET path=/api/auth/farms status=200 duration_ms=7.24
[WebServer] 2026-10-04 15:27:34,864 INFO goatfarm [dbcc4c7c9bfb414f9956fa2e8973a72e] request method=GET path=/api/auth/permissions status=200 duration_ms=6.33
[WebServer] 2026-10-04 15:27:34,927 INFO goatfarm [590d084a96cf4d93a6b2d37c2498619b] request method=GET path=/api/dashboard status=200 duration_ms=35.17
[WebServer] 2026-10-04 15:27:35,170 INFO goatfarm [9267ba3b8dba48ecbdaa25b05bcf370c] request method=POST path=/api/auth/refresh status=200 duration_ms=106.04
[WebServer] 2026-10-04 15:27:35,179 INFO goatfarm [371d5848db1543339b9521126dc499b7] request method=GET path=/api/auth/farms status=200 duration_ms=6.25
[WebServer] 2026-10-04 15:27:35,194 INFO goatfarm [364d0f4c69cf44c79b874610e8be0a02] request method=GET path=/api/auth/permissions status=200 duration_ms=6.17
[WebServer] 2026-10-04 15:27:35,216 INFO goatfarm [4e9f90bd92aa4d83a6f2acd801ff49cf] request method=GET path=/api/simulation/defaults/breeds status=200 duration_ms=7.98
[WebServer] 2026-10-04 15:27:35,217 INFO goatfarm [a16eb8828f27470c9eb40da63ccad0c0] request method=GET path=/api/simulation/defaults status=200 duration_ms=8.22
[WebServer] 2026-10-04 15:27:35,222 INFO goatfarm [2c87d3d4f2194df9a8ad13c4ad69f18a] request method=GET path=/api/simulation/scenarios status=200 duration_ms=12.46
[WebServer] 2026-10-04 15:27:36,040 INFO goatfarm [f8e7093876a84a5394ede67e7d5db57c] request method=POST path=/api/simulation/run status=200 duration_ms=408.74
[WebServer] 2026-10-04 15:27:37,284 INFO goatfarm [4dacec249d2c4532b0ca46dfacf33390] request method=POST path=/api/simulation/scenarios status=201 duration_ms=21.29
[WebServer] 2026-10-04 15:27:37,304 INFO goatfarm [b1880b318da6437da9d0903a67e81e95] request method=GET path=/api/simulation/scenarios status=200 duration_ms=11.80
[WebServer] 2026-10-04 15:27:37,865 INFO goatfarm [4dd0ed8c676f498588759b8983e407b4] request method=POST path=/api/simulation/scenarios/3/run status=200 duration_ms=404.28
  ✓   92 [chromium] › e2e/simulation.spec.ts:74:3 › simulation › defaults + herd events run end-to-end; save and re-run as a scenario (3.4s)
[WebServer] 2026-10-04 15:27:38,074 INFO goatfarm [053d350e432b4b2b941ae6e7cbc93b81] request method=POST path=/api/auth/refresh status=401 duration_ms=0.60
[WebServer] 2026-10-04 15:27:38,299 INFO goatfarm [962e977aef834741a73e0f8555b5e00d] request method=POST path=/api/auth/login status=200 duration_ms=137.33
[WebServer] 2026-10-04 15:27:38,308 INFO goatfarm [e77906b61a2a4e838bd9a1c34485178b] request method=GET path=/api/auth/farms status=200 duration_ms=6.59
[WebServer] 2026-10-04 15:27:38,317 INFO goatfarm [c60cea54c2af4568b3cb9e0a03646e1f] request method=GET path=/api/auth/permissions status=200 duration_ms=5.96
[WebServer] 2026-10-04 15:27:38,380 INFO goatfarm [04e543de8c8041c9b559382d9621892b] request method=GET path=/api/dashboard status=200 duration_ms=35.28
[WebServer] 2026-10-04 15:27:38,532 INFO goatfarm [4fc47fc826ce447f862b901735ee64b4] request method=POST path=/api/auth/refresh status=200 duration_ms=105.49
[WebServer] 2026-10-04 15:27:38,542 INFO goatfarm [61fb063b7e7244809041cd7758f368c8] request method=GET path=/api/auth/farms status=200 duration_ms=7.26
[WebServer] 2026-10-04 15:27:38,557 INFO goatfarm [e8a54e4bcfdd4b579cfc70b1113b2f6f] request method=GET path=/api/auth/permissions status=200 duration_ms=6.40
[WebServer] 2026-10-04 15:27:38,582 INFO goatfarm [638123c966dd41ed980295af85243c30] request method=GET path=/api/simulation/defaults/breeds status=200 duration_ms=8.28
[WebServer] 2026-10-04 15:27:38,582 INFO goatfarm [318d06dea87446f8ad8c5f87596354eb] request method=GET path=/api/simulation/defaults status=200 duration_ms=7.46
[WebServer] 2026-10-04 15:27:38,587 INFO goatfarm [38fb2a7ced934049a17edecf940495f8] request method=GET path=/api/simulation/scenarios status=200 duration_ms=11.67
  ✓   93 [chromium] › e2e/simulation.spec.ts:183:3 › simulation › an event month beyond the horizon blocks the run with an inline error (894ms)
[WebServer] 2026-10-04 15:27:38,976 INFO goatfarm [180c9c662d25484980cd0162ef7674b0] request method=POST path=/api/auth/refresh status=401 duration_ms=0.70
[WebServer] 2026-10-04 15:27:39,201 INFO goatfarm [714af996cd984195bb875bbde4a08dd0] request method=POST path=/api/auth/login status=200 duration_ms=142.18
[WebServer] 2026-10-04 15:27:39,209 INFO goatfarm [3669cb8301ef412fae7eaaba53ce33e7] request method=GET path=/api/auth/farms status=200 duration_ms=5.86
[WebServer] 2026-10-04 15:27:39,217 INFO goatfarm [a94dab1d1a204992b71fc62d0ac98bed] request method=GET path=/api/auth/permissions status=200 duration_ms=5.25
[WebServer] 2026-10-04 15:27:39,272 INFO goatfarm [8bb5578fde274e289f60dc87b293d3ca] request method=GET path=/api/dashboard status=200 duration_ms=28.19
[WebServer] 2026-10-04 15:27:39,441 INFO goatfarm [a2c1cdb04ea54d6d940921215644cb10] request method=POST path=/api/auth/refresh status=200 duration_ms=115.56
[WebServer] 2026-10-04 15:27:39,450 INFO goatfarm [0c7e4a0cc12144b08146c0bb9e46f55e] request method=GET path=/api/auth/farms status=200 duration_ms=5.82
[WebServer] 2026-10-04 15:27:39,464 INFO goatfarm [667929948de4450ebd256e7dab91dd22] request method=GET path=/api/auth/permissions status=200 duration_ms=5.96
[WebServer] 2026-10-04 15:27:39,485 INFO goatfarm [440c86ba8f644e2297e79c6741fd4192] request method=GET path=/api/simulation/defaults/breeds status=200 duration_ms=7.12
[WebServer] 2026-10-04 15:27:39,485 INFO goatfarm [8b7b11f319df4a8f959700e5d69265f3] request method=GET path=/api/simulation/defaults status=200 duration_ms=6.28
[WebServer] 2026-10-04 15:27:39,490 INFO goatfarm [a5d7e47ff0ce40b9ae71f6a169a23dcb] request method=GET path=/api/simulation/scenarios status=200 duration_ms=10.44
[WebServer] 2026-10-04 15:27:39,680 INFO goatfarm [2a60abbfee7142f7ac132e4b48c616c3] request method=GET path=/api/simulation/calibration status=200 duration_ms=31.92
[WebServer] 2026-10-04 15:27:42,040 INFO goatfarm [70386f0ed69b46bbbdf6029acbf7d6d5] request method=POST path=/api/simulation/run status=200 duration_ms=283.52
  ✓   94 [chromium] › e2e/simulation.spec.ts:202:3 › simulation › farm calibration and all decision analyses render responsively (3.7s)
[WebServer] 2026-10-04 15:27:42,720 INFO goatfarm [c079caae274f461c8ac5a4db429634b5] request method=POST path=/api/auth/refresh status=401 duration_ms=0.68
[WebServer] 2026-10-04 15:27:42,951 INFO goatfarm [cb122838b2b94867a8fc4fd9bb329bb5] request method=POST path=/api/auth/login status=200 duration_ms=149.56
[WebServer] 2026-10-04 15:27:42,960 INFO goatfarm [af6ed7284bb7493387cb560caa1e81ac] request method=GET path=/api/auth/farms status=200 duration_ms=6.61
[WebServer] 2026-10-04 15:27:42,969 INFO goatfarm [ae0e756422be4acab25d3bb981dd42e1] request method=GET path=/api/auth/permissions status=200 duration_ms=6.16
[WebServer] 2026-10-04 15:27:43,045 INFO goatfarm [20c5b965efaf41e7afbea255ba14a894] request method=GET path=/api/dashboard status=200 duration_ms=48.84
[WebServer] 2026-10-04 15:27:43,264 INFO goatfarm [839773e170d94f63bcec5262fbd0fc01] request method=POST path=/api/auth/refresh status=200 duration_ms=108.35
[WebServer] 2026-10-04 15:27:43,273 INFO goatfarm [0dbbdb68d1784cf8bc61d73fcd6f02fe] request method=GET path=/api/auth/farms status=200 duration_ms=6.39
[WebServer] 2026-10-04 15:27:43,287 INFO goatfarm [4c6ccf0caff04791a3f1a38b473e4833] request method=GET path=/api/auth/permissions status=200 duration_ms=5.50
[WebServer] 2026-10-04 15:27:43,317 INFO goatfarm [b377892b571341cc91528fd94110304d] request method=GET path=/api/animals status=200 duration_ms=14.94
[WebServer] 2026-10-04 15:27:43,837 INFO goatfarm [b808fe6a74b54a88a81e4181ab36d961] request method=POST path=/api/animals status=201 duration_ms=22.19
[WebServer] 2026-10-04 15:27:43,854 INFO goatfarm [f55f56d279b9441cae0403205b2c0103] request method=GET path=/api/animals status=200 duration_ms=14.09
[WebServer] 2026-10-04 15:27:44,028 INFO goatfarm [d21a697723df44da81a9af893fb61bf4] request method=POST path=/api/auth/refresh status=200 duration_ms=111.27
[WebServer] 2026-10-04 15:27:44,037 INFO goatfarm [0b5ef4d7e7964456889049126ebcf79c] request method=GET path=/api/auth/farms status=200 duration_ms=6.62
[WebServer] 2026-10-04 15:27:44,052 INFO goatfarm [34ea988fd0444357a507f4ef114d212b] request method=GET path=/api/auth/permissions status=200 duration_ms=6.21
[WebServer] 2026-10-04 15:27:44,082 INFO goatfarm [aa63d5ec06204fb18161c58924c87149] request method=GET path=/api/animals status=200 duration_ms=17.01
[WebServer] 2026-10-04 15:27:44,452 INFO goatfarm [12f3a026b6744854aef5513ff9ce0c7e] request method=POST path=/api/animals status=201 duration_ms=24.54
[WebServer] 2026-10-04 15:27:44,469 INFO goatfarm [b771bff61cd54c68828964b21128ca42] request method=GET path=/api/animals status=200 duration_ms=14.50
[WebServer] 2026-10-04 15:27:44,629 INFO goatfarm [83236b225bc5403c9ea07aa2055cd969] request method=POST path=/api/auth/refresh status=200 duration_ms=105.77
[WebServer] 2026-10-04 15:27:44,637 INFO goatfarm [d6d62f2680b04a17a8f98e49ba6f6487] request method=GET path=/api/auth/farms status=200 duration_ms=5.30
[WebServer] 2026-10-04 15:27:44,652 INFO goatfarm [acfb4e481e904efbb6a8f0514a0bc226] request method=GET path=/api/auth/permissions status=200 duration_ms=6.43
[WebServer] 2026-10-04 15:27:44,680 INFO goatfarm [4758f4eb96a6498482deebffbbc2590e] request method=GET path=/api/breeding status=200 duration_ms=17.86
[WebServer] 2026-10-04 15:27:44,986 INFO goatfarm [982d970f2ed8419298396190a38251fa] request method=GET path=/api/breeding/candidates status=200 duration_ms=13.47
[WebServer] 2026-10-04 15:27:45,252 INFO goatfarm [815f65f24b814ee994c0a3a73be15944] request method=GET path=/api/breeding/candidates status=200 duration_ms=13.98
[WebServer] 2026-10-04 15:27:45,493 INFO goatfarm [310993aab46a4ee0a7533a59de23d155] request method=POST path=/api/breeding status=201 duration_ms=44.70
[WebServer] 2026-10-04 15:27:45,511 INFO goatfarm [02a0d63ea888470b9631cf9f4815b724] request method=GET path=/api/breeding status=200 duration_ms=15.58
[WebServer] 2026-10-04 15:27:45,684 INFO goatfarm [59d7576cdbb04af7b5d19ab68a17e0ec] request method=POST path=/api/auth/refresh status=200 duration_ms=105.50
[WebServer] 2026-10-04 15:27:45,692 INFO goatfarm [f138e609176c4626a22152b8aaa07f03] request method=GET path=/api/auth/farms status=200 duration_ms=5.90
[WebServer] 2026-10-04 15:27:45,706 INFO goatfarm [4c43fbafe96141ffbc6982b433a5ef76] request method=GET path=/api/auth/permissions status=200 duration_ms=5.38
[WebServer] 2026-10-04 15:27:45,729 INFO goatfarm [fcb11ea0ea3a4040a6df7aa427edc2b0] request method=GET path=/api/tasks status=200 duration_ms=14.00
[WebServer] 2026-10-04 15:27:45,802 INFO goatfarm [d94898f8288f4e388811e9aa51aca89c] request method=GET path=/api/tasks status=200 duration_ms=17.46
[WebServer] 2026-10-04 15:27:45,993 INFO goatfarm [42f9e84570e346fb99e4c9b5657a74ff] request method=POST path=/api/auth/refresh status=200 duration_ms=110.55
[WebServer] 2026-10-04 15:27:46,002 INFO goatfarm [9d48d6d55af14405b24db6e91d8a6a0c] request method=GET path=/api/auth/farms status=200 duration_ms=5.94
[WebServer] 2026-10-04 15:27:46,015 INFO goatfarm [1758b94a03b74b2d9837f72ed1d2633f] request method=GET path=/api/auth/permissions status=200 duration_ms=5.07
[WebServer] 2026-10-04 15:27:46,045 INFO goatfarm [fab330820bee4b3c836076c2a71a1635] request method=GET path=/api/breeding status=200 duration_ms=17.62
[WebServer] 2026-10-04 15:27:46,377 INFO goatfarm [d4f6e3c3d2a4420dbc1e2fd68c8994da] request method=POST path=/api/breeding/4/ultrasound status=200 duration_ms=44.18
[WebServer] 2026-10-04 15:27:46,396 INFO goatfarm [d666e2f61dac4035b1c3d962691bfa47] request method=GET path=/api/breeding status=200 duration_ms=16.21
[WebServer] 2026-10-04 15:27:46,570 INFO goatfarm [d2a6c36c773b48d299d23c8b9610c939] request method=POST path=/api/auth/refresh status=200 duration_ms=104.46
[WebServer] 2026-10-04 15:27:46,578 INFO goatfarm [069fc6943ddf4a5082569812a1eb62a6] request method=GET path=/api/auth/farms status=200 duration_ms=5.62
[WebServer] 2026-10-04 15:27:46,592 INFO goatfarm [e1b235d6d28a47b3a1441e14776de6cf] request method=GET path=/api/auth/permissions status=200 duration_ms=5.38
[WebServer] 2026-10-04 15:27:46,617 INFO goatfarm [4a644671452b4c70896342d905186937] request method=GET path=/api/tasks status=200 duration_ms=14.13
[WebServer] 2026-10-04 15:27:46,684 INFO goatfarm [efed8f93161241698c24d634b62dafd2] request method=GET path=/api/tasks status=200 duration_ms=16.98
[WebServer] 2026-10-04 15:27:46,769 INFO goatfarm [712ffbb13b9b4213b80bda0ca448e902] request method=GET path=/api/team status=200 duration_ms=10.97
[WebServer] 2026-10-04 15:27:46,960 INFO goatfarm [de4af1c244784923a430fddbfb9e24ac] request method=POST path=/api/tasks status=201 duration_ms=20.57
[WebServer] 2026-10-04 15:27:46,977 INFO goatfarm [7451030c08b74bf1964f2fe8465a67b4] request method=GET path=/api/team status=200 duration_ms=13.88
[WebServer] 2026-10-04 15:27:46,983 INFO goatfarm [c0f58f4fb31f4577b58e8e4c29f37c4c] request method=GET path=/api/tasks status=200 duration_ms=18.72
[WebServer] 2026-10-04 15:27:47,028 INFO goatfarm [4e53fbc85dd74499bddaafa0201476d9] request method=GET path=/api/tasks status=200 duration_ms=13.07
[WebServer] 2026-10-04 15:27:47,092 INFO goatfarm [f78f4982cc6348c1939ed728f620a6f2] request method=POST path=/api/tasks/84/complete status=200 duration_ms=20.66
[WebServer] 2026-10-04 15:27:47,105 INFO goatfarm [d8e1161e3a034f7e80700a02de081422] request method=GET path=/api/tasks status=200 duration_ms=11.06
[WebServer] 2026-10-04 15:27:47,153 INFO goatfarm [8ff9afade45843f9af651e41b778a704] request method=GET path=/api/tasks status=200 duration_ms=14.68
[WebServer] 2026-10-04 15:27:47,239 INFO goatfarm [4d8e289d53c948c0af1fc88215a62649] request method=POST path=/api/tasks/84/verify status=200 duration_ms=42.67
[WebServer] 2026-10-04 15:27:47,251 INFO goatfarm [9e8102916ce244fba9a945c5889e0835] request method=GET path=/api/tasks status=200 duration_ms=9.91
  ✓   95 [chromium] › e2e/tasks-guards.spec.ts:15:3 › tasks guards › auto duties are form-linked; a completed duty lands in awaiting verification (4.7s)
[WebServer] 2026-10-04 15:27:47,434 INFO goatfarm [749a9044123e44f9bf61a89b9c625248] request method=POST path=/api/auth/refresh status=401 duration_ms=0.53
[WebServer] 2026-10-04 15:27:47,660 INFO goatfarm [eaf938fbe96e4e16beba41081e6cd418] request method=POST path=/api/auth/login status=200 duration_ms=139.30
[WebServer] 2026-10-04 15:27:47,668 INFO goatfarm [c7a22c58da684ab8b8ea42b3ef01c4a2] request method=GET path=/api/auth/farms status=200 duration_ms=5.68
[WebServer] 2026-10-04 15:27:47,675 INFO goatfarm [406fc253a8ac4946b1a49eedb5915298] request method=GET path=/api/auth/permissions status=200 duration_ms=4.98
[WebServer] 2026-10-04 15:27:47,736 INFO goatfarm [b2346c78fac8484cbf705693c35f9ad5] request method=GET path=/api/dashboard status=200 duration_ms=34.53
[WebServer] 2026-10-04 15:27:47,885 INFO goatfarm [aaaa322c4f6046bfb56caf0757e239af] request method=POST path=/api/auth/refresh status=200 duration_ms=104.35
[WebServer] 2026-10-04 15:27:47,894 INFO goatfarm [87c1275cf7fd4bbfb94b0d5166a63f08] request method=GET path=/api/auth/farms status=200 duration_ms=6.64
[WebServer] 2026-10-04 15:27:47,908 INFO goatfarm [d6c83ab18736473589b4636ddcfdff8f] request method=GET path=/api/auth/permissions status=200 duration_ms=5.68
[WebServer] 2026-10-04 15:27:47,939 INFO goatfarm [8c5296fcbf6040cba52465558c3358d0] request method=GET path=/api/tasks status=200 duration_ms=13.40
[WebServer] 2026-10-04 15:27:47,985 INFO goatfarm [9fd49b9668454a5295e76d8e7161ada7] request method=GET path=/api/team status=200 duration_ms=10.10
[WebServer] 2026-10-04 15:27:48,220 INFO goatfarm [8fbea9839aa64aa29f85d9861500f94b] request method=POST path=/api/tasks status=201 duration_ms=46.53
[WebServer] 2026-10-04 15:27:48,236 INFO goatfarm [cf78cb068d2c4380a8e8dca813a1af50] request method=GET path=/api/team status=200 duration_ms=12.09
[WebServer] 2026-10-04 15:27:48,237 INFO goatfarm [45b1696eefa24f8f873fd4247dcdef0a] request method=GET path=/api/tasks status=200 duration_ms=13.61
[WebServer] 2026-10-04 15:27:48,323 INFO goatfarm [b6458d1e15704b28a57efa001f1dab03] request method=POST path=/api/tasks/85/complete status=200 duration_ms=18.44
[WebServer] 2026-10-04 15:27:48,337 INFO goatfarm [0d138efd8f114805802a21654632ef42] request method=GET path=/api/tasks status=200 duration_ms=11.42
[WebServer] 2026-10-04 15:27:48,378 INFO goatfarm [97f119b174d3421ca134057ce7dbb822] request method=GET path=/api/tasks status=200 duration_ms=13.94
[WebServer] 2026-10-04 15:27:48,442 INFO goatfarm [a9b02101042742408f45d3cfd0d164c7] request method=POST path=/api/tasks/85/verify status=200 duration_ms=20.99
[WebServer] 2026-10-04 15:27:48,455 INFO goatfarm [6dd5f2527a534c778fa53c6f8042b93a] request method=GET path=/api/tasks status=200 duration_ms=10.71
[WebServer] 2026-10-04 15:27:48,514 INFO goatfarm [69ca78cb3e6f417fb34024b6f4373db3] request method=GET path=/api/tasks status=200 duration_ms=17.56
[WebServer] 2026-10-04 15:27:48,529 INFO goatfarm [7f6fa64b7dfe4a9a856f58e9f7b1cbc5] request method=GET path=/api/team status=200 duration_ms=8.98
  ✓   96 [chromium] › e2e/tasks-verify.spec.ts:32:3 › tasks verification › owner completes and verifies a cleaning duty — it lands in Completed as VERIFIED (1.3s)
[WebServer] 2026-10-04 15:27:48,731 INFO goatfarm [47b51d84127d4909808e6c147f61a3ad] request method=POST path=/api/auth/refresh status=401 duration_ms=0.57
[WebServer] 2026-10-04 15:27:48,932 INFO goatfarm [eb9e2ed18e1b4e47a0d605fc9e3e10c4] request method=POST path=/api/auth/login status=200 duration_ms=139.41
[WebServer] 2026-10-04 15:27:48,942 INFO goatfarm [e808408fad714366a3ca2b60e4c86815] request method=GET path=/api/auth/farms status=200 duration_ms=7.13
[WebServer] 2026-10-04 15:27:48,950 INFO goatfarm [8acb9c1d56534fe7830d71b1f357e718] request method=GET path=/api/auth/permissions status=200 duration_ms=5.61
[WebServer] 2026-10-04 15:27:49,018 INFO goatfarm [808ed9f4019d4e3084d5953c8c53da8d] request method=GET path=/api/dashboard status=200 duration_ms=40.24
[WebServer] 2026-10-04 15:27:49,160 INFO goatfarm [1cec17278c98431fa62b4cef2f92def2] request method=POST path=/api/auth/refresh status=200 duration_ms=104.39
[WebServer] 2026-10-04 15:27:49,169 INFO goatfarm [1575e99fd9c444ada5a3da5911693544] request method=GET path=/api/auth/farms status=200 duration_ms=7.24
[WebServer] 2026-10-04 15:27:49,184 INFO goatfarm [94873087f7884f36ae02d5b638a2554f] request method=GET path=/api/auth/permissions status=200 duration_ms=6.35
[WebServer] 2026-10-04 15:27:49,215 INFO goatfarm [9b92752ebe7444e69711c399dbf3127f] request method=GET path=/api/tasks status=200 duration_ms=16.62
[WebServer] 2026-10-04 15:27:49,261 INFO goatfarm [b2472038d9284f1f95f803410ec2469a] request method=GET path=/api/team status=200 duration_ms=10.45
[WebServer] 2026-10-04 15:27:49,531 INFO goatfarm [5ad3489d8b2e44db9d170a61ef3968db] request method=POST path=/api/tasks status=201 duration_ms=19.91
[WebServer] 2026-10-04 15:27:49,546 INFO goatfarm [17e3c013ec664f518bb5b584ddfb66eb] request method=GET path=/api/team status=200 duration_ms=12.04
[WebServer] 2026-10-04 15:27:49,547 INFO goatfarm [4503237fb30a439bb12a2649f409840e] request method=GET path=/api/tasks status=200 duration_ms=13.43
[WebServer] 2026-10-04 15:27:49,602 INFO goatfarm [b792a546509d4a418245074c901fec5f] request method=POST path=/api/tasks/86/complete status=200 duration_ms=18.47
[WebServer] 2026-10-04 15:27:49,616 INFO goatfarm [1ce472bc9e85471ea7fc0cb5004978e9] request method=GET path=/api/tasks status=200 duration_ms=11.03
[WebServer] 2026-10-04 15:27:49,651 INFO goatfarm [125aabb04d7e42a7b201d23859029fe5] request method=GET path=/api/tasks status=200 duration_ms=11.55
[WebServer] 2026-10-04 15:27:49,854 INFO goatfarm [b80d960c5fe04ee29cafc97dc2bb3d35] request method=POST path=/api/tasks/86/reject status=200 duration_ms=24.18
[WebServer] 2026-10-04 15:27:49,870 INFO goatfarm [dfede33d536047fc81dd48c262082a53] request method=GET path=/api/tasks status=200 duration_ms=12.43
[WebServer] 2026-10-04 15:27:49,954 INFO goatfarm [1700fb078f574019b189829f4f72a786] request method=GET path=/api/tasks status=200 duration_ms=14.00
  ✓   97 [chromium] › e2e/tasks-verify.spec.ts:58:3 › tasks verification › rejected duty is sent back to pending with the note visible (1.4s)
[WebServer] 2026-10-04 15:27:50,110 INFO goatfarm [954fc695749d4f27a51ed02eaa5ea4f3] request method=POST path=/api/auth/refresh status=401 duration_ms=0.78
[WebServer] 2026-10-04 15:27:50,338 INFO goatfarm [a058b1a828fc41ddaa971730571e52d9] request method=POST path=/api/auth/login status=200 duration_ms=142.07
[WebServer] 2026-10-04 15:27:50,348 INFO goatfarm [23b435d108784050899b400abf381652] request method=GET path=/api/auth/farms status=200 duration_ms=7.69
[WebServer] 2026-10-04 15:27:50,357 INFO goatfarm [b0de4b1a5b8e4e9b85395b6854b21379] request method=GET path=/api/auth/permissions status=200 duration_ms=6.46
[WebServer] 2026-10-04 15:27:50,424 INFO goatfarm [a138ab9cc4204b10b09cd126fd640934] request method=GET path=/api/dashboard status=200 duration_ms=36.94
[WebServer] 2026-10-04 15:27:50,656 INFO goatfarm [a8a28a7b06f14a9fb217cb926813add8] request method=POST path=/api/auth/refresh status=200 duration_ms=110.97
[WebServer] 2026-10-04 15:27:50,666 INFO goatfarm [ce165bc01a294e598773c3c34b288fdd] request method=GET path=/api/auth/farms status=200 duration_ms=6.66
[WebServer] 2026-10-04 15:27:50,681 INFO goatfarm [0d7dced4c5774c08ad9d2c8cb37628d7] request method=GET path=/api/auth/permissions status=200 duration_ms=6.42
[WebServer] 2026-10-04 15:27:50,702 INFO goatfarm [c43e2d874b7c4926890e15bef15d0c97] request method=GET path=/api/team status=200 duration_ms=12.78
[WebServer] 2026-10-04 15:27:51,033 INFO goatfarm.audit [74250db8159342449134072c6604a9b0] security_event event='team.worker.create' farm_id=1 actor_id=1 membership_id=4 user_id=15 role_id=3 — provisioned worker account with must-change credential
[WebServer] 2026-10-04 15:27:51,034 INFO goatfarm [74250db8159342449134072c6604a9b0] request method=POST path=/api/team/workers status=201 duration_ms=74.92
[WebServer] 2026-10-04 15:27:51,044 INFO goatfarm [9be684e957684bbd98c7646072c4f3f8] request method=GET path=/api/auth/permissions status=200 duration_ms=7.02
[WebServer] 2026-10-04 15:27:51,050 INFO goatfarm [30b0e11810ea4e36a1f3cc501b74dfb2] request method=GET path=/api/team status=200 duration_ms=13.21
[WebServer] 2026-10-04 15:27:51,175 INFO goatfarm.audit [40c08fd7f83a4c2aac0b10ad0c34634f] security_event event='team.worker.role_change' farm_id=1 actor_id=1 membership_id=4 user_id=15 from_role_id=3 to_role_id=5 — reassigned worker role
[WebServer] 2026-10-04 15:27:51,180 INFO goatfarm [40c08fd7f83a4c2aac0b10ad0c34634f] request method=POST path=/api/team/workers/4/role status=200 duration_ms=29.57
[WebServer] 2026-10-04 15:27:51,191 INFO goatfarm [8c3e313437d1462588ba9596d09c604b] request method=GET path=/api/auth/permissions status=200 duration_ms=7.77
[WebServer] 2026-10-04 15:27:51,197 INFO goatfarm [258ecbcd96424977b58c28e7be4ac719] request method=GET path=/api/team status=200 duration_ms=15.11
[WebServer] 2026-10-04 15:27:51,388 INFO goatfarm.audit [86f2692d8272478e8e719b381e36c1f2] security_event event='team.worker.status_change' farm_id=1 actor_id=1 membership_id=4 user_id=15 from_is_active=True to_is_active=False — set worker membership active flag
[WebServer] 2026-10-04 15:27:51,389 INFO goatfarm [86f2692d8272478e8e719b381e36c1f2] request method=PUT path=/api/team/workers/4/status status=200 duration_ms=25.65
[WebServer] 2026-10-04 15:27:51,399 INFO goatfarm [8236cf20150f49f19bf345d04507e44d] request method=GET path=/api/auth/permissions status=200 duration_ms=6.44
[WebServer] 2026-10-04 15:27:51,406 INFO goatfarm [d521cb19bd304e07993bd8a3cf3e13e5] request method=GET path=/api/team status=200 duration_ms=15.09
[WebServer] 2026-10-04 15:27:51,472 INFO goatfarm.audit [4c69c7f2291942dc8909d4eec7eb5693] security_event event='team.worker.status_change' farm_id=1 actor_id=1 membership_id=4 user_id=15 from_is_active=False to_is_active=True — set worker membership active flag
[WebServer] 2026-10-04 15:27:51,476 INFO goatfarm [4c69c7f2291942dc8909d4eec7eb5693] request method=PUT path=/api/team/workers/4/status status=200 duration_ms=26.61
[WebServer] 2026-10-04 15:27:51,489 INFO goatfarm [ae79d9736f2c4e189a4f33626ea467ca] request method=GET path=/api/auth/permissions status=200 duration_ms=10.42
[WebServer] 2026-10-04 15:27:51,494 INFO goatfarm [e4f1fe3f9f934596a9fa93a438e1781d] request method=GET path=/api/team status=200 duration_ms=15.33
  ✓   98 [chromium] › e2e/team.spec.ts:6:3 › team management › owner adds a worker, changes their role and toggles them inactive/active (1.5s)
[WebServer] 2026-10-04 15:27:52,012 INFO goatfarm [db25152f66454ff9922e865d4b137b05] request method=POST path=/api/auth/login status=200 duration_ms=146.75
[WebServer] 2026-10-04 15:27:52,020 INFO goatfarm [447aa3ece85e4b0cb7f7c57a4dcc30fc] request method=GET path=/api/auth/farms status=200 duration_ms=5.99
[WebServer] 2026-10-04 15:27:52,037 INFO goatfarm.audit [807e7336f5a34f8092a7e9946fb9b22c] security_event event='team.role.create' farm_id=1 actor_id=1 role_id=92 — created custom role
[WebServer] 2026-10-04 15:27:52,038 INFO goatfarm [807e7336f5a34f8092a7e9946fb9b22c] request method=POST path=/api/team/roles status=201 duration_ms=15.97
[WebServer] 2026-10-04 15:27:52,142 INFO goatfarm [ac6ae51c45504069bff57fcadba2652f] request method=POST path=/api/auth/refresh status=401 duration_ms=0.55
[WebServer] 2026-10-04 15:27:52,379 INFO goatfarm [34d271cbf6e34d498d3cb67615bc950b] request method=POST path=/api/auth/login status=200 duration_ms=152.67
[WebServer] 2026-10-04 15:27:52,388 INFO goatfarm [8da580753f194100975caad2018c030c] request method=GET path=/api/auth/farms status=200 duration_ms=6.70
[WebServer] 2026-10-04 15:27:52,397 INFO goatfarm [3de7b68a085f4e3b82cc25ee43a1eb42] request method=GET path=/api/auth/permissions status=200 duration_ms=6.14
[WebServer] 2026-10-04 15:27:52,457 INFO goatfarm [73ba1716874044558777908337bb3c93] request method=GET path=/api/dashboard status=200 duration_ms=31.55
[WebServer] 2026-10-04 15:27:52,698 INFO goatfarm [e52dda70f91f4f018fba61f88dfbc0f4] request method=POST path=/api/auth/refresh status=200 duration_ms=114.28
[WebServer] 2026-10-04 15:27:52,708 INFO goatfarm [5936244f573643f6ae1514061dc580fd] request method=GET path=/api/auth/farms status=200 duration_ms=7.77
[WebServer] 2026-10-04 15:27:52,725 INFO goatfarm [0766c8598ddf4ca8b866f120e1cb14b9] request method=GET path=/api/auth/permissions status=200 duration_ms=7.29
[WebServer] 2026-10-04 15:27:52,750 INFO goatfarm [e9fb729d22b548ec88070a4cd6498ca6] request method=GET path=/api/team status=200 duration_ms=14.71
[WebServer] 2026-10-04 15:27:53,157 INFO goatfarm.audit [3fcd75d8018343dd98f054d51d4d3111] security_event event='team.worker.create' farm_id=1 actor_id=1 membership_id=5 user_id=16 role_id=92 — provisioned worker account with must-change credential
[WebServer] 2026-10-04 15:27:53,158 INFO goatfarm [3fcd75d8018343dd98f054d51d4d3111] request method=POST path=/api/team/workers status=201 duration_ms=84.83
[WebServer] 2026-10-04 15:27:53,171 INFO goatfarm [be284b86048a40c3824a40d2db1696dc] request method=GET path=/api/auth/permissions status=200 duration_ms=9.37
[WebServer] 2026-10-04 15:27:53,180 INFO goatfarm [fd4020d8ff854fdf971647145c6386a3] request method=GET path=/api/team status=200 duration_ms=19.17
[WebServer] 2026-10-04 15:27:53,307 INFO goatfarm [f3a83a4a0d534be2b68a0109dfef29e3] request method=POST path=/api/auth/logout status=204 duration_ms=14.76
[WebServer] 2026-10-04 15:27:53,493 INFO goatfarm [e3f5e015e5444a7ab7c205b4d640e5f3] request method=POST path=/api/auth/login status=200 duration_ms=150.89
[WebServer] 2026-10-04 15:27:53,505 INFO goatfarm [cf0c02e2075c4b60a5bfceb83d16ce07] request method=GET path=/api/auth/farms status=200 duration_ms=10.12
[WebServer] 2026-10-04 15:27:53,517 INFO goatfarm [fbcf212dbea94ef3952e17a8aa045b76] request method=GET path=/api/auth/permissions status=200 duration_ms=9.26
[WebServer] 2026-10-04 15:27:53,999 INFO goatfarm [d94aec5bb807424881e8930fc7e29efa] request method=POST path=/api/auth/refresh status=401 duration_ms=0.65
[WebServer] 2026-10-04 15:27:54,001 INFO goatfarm.audit [b773b09bacaa4b96a6221ff5b382ea03] security_event event='auth.password.changed' user_id=16 — Password changed (all sessions revoked)
[WebServer] 2026-10-04 15:27:54,001 INFO goatfarm [b773b09bacaa4b96a6221ff5b382ea03] request method=POST path=/api/auth/change-password status=200 duration_ms=242.78
[WebServer] 2026-10-04 15:27:54,125 INFO goatfarm [05fd266e93f64dbd98d473069eb22c92] request method=POST path=/api/auth/refresh status=200 duration_ms=120.53
[WebServer] 2026-10-04 15:27:54,155 INFO goatfarm [4631121d04a04152a08d280386932cf9] request method=GET path=/api/tasks status=200 duration_ms=25.46
[WebServer] 2026-10-04 15:27:54,159 INFO goatfarm [3e4f9b156d14429784310cf83ae7c28b] request method=GET path=/api/tasks status=401 duration_ms=0.74
  ✓   99 [chromium] › e2e/worker-onboarding.spec.ts:44:1 › task-only password worker completes first password rotation on the worker board (3.0s)
[WebServer] 2026-10-04 15:27:54,609 INFO goatfarm [79059554394f4fbe91bbc49951d935fa] request method=POST path=/api/auth/refresh status=401 duration_ms=0.81
[WebServer] 2026-10-04 15:27:54,742 INFO goatfarm [86d14c40bf594336937b69ecd490ba94] request method=POST path=/api/auth/login status=200 duration_ms=159.43
[WebServer] 2026-10-04 15:27:54,751 INFO goatfarm [aaf55e1b01b44217bfb915c25ea095c7] request method=GET path=/api/auth/farms status=200 duration_ms=6.69
[WebServer] 2026-10-04 15:27:54,768 INFO goatfarm.audit [306021d27a07470293a47e51f9328794] security_event event='team.role.create' farm_id=1 actor_id=1 role_id=93 — created custom role
[WebServer] 2026-10-04 15:27:54,769 INFO goatfarm [306021d27a07470293a47e51f9328794] request method=POST path=/api/team/roles status=201 duration_ms=15.66
[WebServer] 2026-10-04 15:27:54,898 INFO goatfarm [80dce4511a3b40039b066a8a6c8f5a6f] request method=POST path=/api/auth/refresh status=401 duration_ms=0.61
[WebServer] 2026-10-04 15:27:55,126 INFO goatfarm [030d1da13c55411e84d7bdbbb1c31345] request method=POST path=/api/auth/refresh status=401 duration_ms=0.74
[WebServer] 2026-10-04 15:27:55,127 INFO goatfarm [2cc4e25bf44d471da1f6268404ece36c] request method=POST path=/api/auth/login status=200 duration_ms=158.97
[WebServer] 2026-10-04 15:27:55,138 INFO goatfarm [6660999e6e314830a55bf15c822dd7f3] request method=GET path=/api/auth/farms status=200 duration_ms=8.78
[WebServer] 2026-10-04 15:27:55,149 INFO goatfarm [43598940379643db9d5495efd76cb0f2] request method=GET path=/api/auth/permissions status=200 duration_ms=7.27
[WebServer] 2026-10-04 15:27:55,217 INFO goatfarm [659a9d9d058d466581ac4789ebd79db4] request method=GET path=/api/dashboard status=200 duration_ms=39.01
[WebServer] 2026-10-04 15:27:55,432 INFO goatfarm [347c40102c04401dbff0678666b6539a] request method=POST path=/api/auth/refresh status=200 duration_ms=107.82
[WebServer] 2026-10-04 15:27:55,440 INFO goatfarm [a65923deed8145ffb31d3007502222de] request method=GET path=/api/auth/farms status=200 duration_ms=5.61
[WebServer] 2026-10-04 15:27:55,454 INFO goatfarm [24e6e89806ae4b219eb3c7f67b197c54] request method=GET path=/api/auth/permissions status=200 duration_ms=6.06
[WebServer] 2026-10-04 15:27:55,477 INFO goatfarm [76c30be0166541e98106e091e5c7a93f] request method=GET path=/api/team status=200 duration_ms=14.80
[WebServer] 2026-10-04 15:27:55,934 INFO goatfarm.audit [e48144f54ff54712b85d08e7afec3c84] security_event event='team.worker.create' farm_id=1 actor_id=1 membership_id=6 user_id=17 role_id=93 — provisioned worker account with must-change credential
[WebServer] 2026-10-04 15:27:55,934 INFO goatfarm [e48144f54ff54712b85d08e7afec3c84] request method=POST path=/api/team/workers status=201 duration_ms=106.79
[WebServer] 2026-10-04 15:27:55,947 INFO goatfarm [4ba8ef22aafb4c318f826d76054089ec] request method=GET path=/api/auth/permissions status=200 duration_ms=8.89
[WebServer] 2026-10-04 15:27:55,952 INFO goatfarm [ddbd56679fc74d88a09cac954f3018d5] request method=GET path=/api/team status=200 duration_ms=15.00
[WebServer] 2026-10-04 15:27:56,311 INFO goatfarm.audit [628d0339e66944a79f35ef575863e46f] security_event event='team.worker.pin_reset' farm_id=1 actor_id=1 membership_id=6 user_id=17 — rotated worker tablet PIN and revoked sessions
[WebServer] 2026-10-04 15:27:56,311 INFO goatfarm [628d0339e66944a79f35ef575863e46f] request method=POST path=/api/team/workers/6/reset-pin status=200 duration_ms=72.43
[WebServer] 2026-10-04 15:27:56,322 INFO goatfarm [2c224fcab9224748b0edecf4b9a65ba3] request method=GET path=/api/auth/permissions status=200 duration_ms=6.80
[WebServer] 2026-10-04 15:27:56,329 INFO goatfarm [ef864efc1cad4fd8b69c71cee4df97c5] request method=GET path=/api/team status=200 duration_ms=14.91
[WebServer] 2026-10-04 15:27:56,385 INFO goatfarm [e965ca87ebd546a29bc138965ea00d7f] request method=POST path=/api/auth/logout status=204 duration_ms=11.45
[WebServer] 2026-10-04 15:27:56,431 INFO goatfarm [918c451a652e4e559d1ff586c9d8daba] request method=POST path=/api/auth/refresh status=401 duration_ms=0.67
[WebServer] 2026-10-04 15:27:56,595 INFO goatfarm [a2e3bb0179e3441685e47aa54a74e5d5] request method=POST path=/api/auth/login status=200 duration_ms=94.59
[WebServer] 2026-10-04 15:27:56,604 INFO goatfarm [07046ed4d44d4ce0a84f43707c6c9794] request method=GET path=/api/auth/farms status=200 duration_ms=6.27
[WebServer] 2026-10-04 15:27:56,607 INFO goatfarm [8ff529a191d14c6a9555852dbf90bf06] request method=GET path=/api/auth/farms status=401 duration_ms=0.59
[WebServer] 2026-10-04 15:27:56,616 INFO goatfarm [ac2f8e20c23b411db4bda8368d52c702] request method=GET path=/api/auth/permissions status=200 duration_ms=6.16
[WebServer] 2026-10-04 15:27:56,618 INFO goatfarm [1c8b1fa48f7b439795b1490c30c17555] request method=GET path=/api/auth/permissions status=401 duration_ms=0.53
[WebServer] 2026-10-04 15:27:56,703 INFO goatfarm [1157750573b54fdb869c46341eeda8d3] request method=GET path=/api/auth/worker-roster status=200 duration_ms=11.80
[WebServer] 2026-10-04 15:27:56,706 INFO goatfarm [94d135b216224f00ae0bf06c27550ffe] request method=POST path=/api/auth/logout-session status=204 duration_ms=17.59
[WebServer] 2026-10-04 15:27:56,710 INFO goatfarm [c691bc25209041f5aa66996e5aa32564] request method=GET path=/api/auth/worker-roster status=200 duration_ms=5.04
[WebServer] 2026-10-04 15:27:57,134 INFO goatfarm.audit [8de95daef7ad4965842cf9503ae8e5e2] security_event event='auth.worker_pin.login_succeeded' farm_id=1 membership_id=6 user_id=17 — worker signed in on the tablet by PIN
[WebServer] 2026-10-04 15:27:57,135 INFO goatfarm [8de95daef7ad4965842cf9503ae8e5e2] request method=POST path=/api/auth/worker-login status=200 duration_ms=157.75
[WebServer] 2026-10-04 15:27:57,148 INFO goatfarm [dc4a1a761b034a888dd28a5e625f3bdd] request method=GET path=/api/auth/farms status=200 duration_ms=11.11
[WebServer] 2026-10-04 15:27:57,153 INFO goatfarm [ee8b01b480294b33ae638ca3df5d1785] request method=GET path=/api/auth/farms status=401 duration_ms=1.22
[WebServer] 2026-10-04 15:27:57,170 INFO goatfarm [168a6b1a0ab542468bbdbd8e42920cea] request method=GET path=/api/auth/permissions status=200 duration_ms=13.84
[WebServer] 2026-10-04 15:27:57,173 INFO goatfarm [df2c61a551944c6c96d0ef15b7355bf6] request method=GET path=/api/auth/permissions status=401 duration_ms=0.69
[WebServer] 2026-10-04 15:27:57,195 INFO goatfarm [d20db669d9d94054a8c3e783a452e8a6] request method=GET path=/api/auth/worker-roster status=200 duration_ms=42.34
[WebServer] 2026-10-04 15:27:57,197 INFO goatfarm [4422c89703fd418a8b3f2d02ff2b8a4b] request method=GET path=/api/tasks status=200 duration_ms=23.13
[WebServer] 2026-10-04 15:27:57,200 INFO goatfarm [9908520b6af9438996c03deafe90f3ad] request method=GET path=/api/tasks status=401 duration_ms=0.98
[WebServer] 2026-10-04 15:27:57,202 INFO goatfarm [f11e503c5ba54c539acd23f217753057] request method=GET path=/api/auth/worker-roster status=200 duration_ms=5.38
  ✓  100 [chromium] › e2e/worker-onboarding.spec.ts:71:1 › owner creates and resets a PIN worker through Team and pins the tablet through the UI (2.7s)
[WebServer] 2026-10-04 15:27:57,677 INFO goatfarm [4bada02362284aafbc034a3960b4a475] request method=POST path=/api/auth/refresh status=401 duration_ms=0.78
(node:77495) Warning: The 'NO_COLOR' env is ignored due to the 'FORCE_COLOR' env being set.
(Use `node --trace-warnings ...` to show where the warning was created)
[WebServer] 2026-10-04 15:27:58,070 INFO goatfarm [a87f59eb0b9c4c6b8ecbb4f43bbe4d47] request method=POST path=/api/auth/refresh status=401 duration_ms=0.64
[WebServer] 2026-10-04 15:27:58,317 INFO goatfarm [b93de32d31c9468aac74aa51235cf118] request method=POST path=/api/auth/login status=200 duration_ms=148.81
[WebServer] 2026-10-04 15:27:58,325 INFO goatfarm [743a989c5eb9485a84dd7127a5ebd945] request method=GET path=/api/auth/farms status=200 duration_ms=6.04
[WebServer] 2026-10-04 15:27:58,332 INFO goatfarm [310c38bbe17d4de299907083256480d2] request method=GET path=/api/auth/permissions status=200 duration_ms=4.50
[WebServer] 2026-10-04 15:27:58,386 INFO goatfarm [6d3ac0e298624098979f62f803d1b764] request method=GET path=/api/dashboard status=200 duration_ms=31.67
[WebServer] 2026-10-04 15:27:58,538 INFO goatfarm [cfa78eecfaa54b5ba06e95f35cb09599] request method=POST path=/api/auth/refresh status=200 duration_ms=107.46
[WebServer] 2026-10-04 15:27:58,546 INFO goatfarm [e162770cdc90438fbcde130740530ec6] request method=GET path=/api/auth/farms status=200 duration_ms=5.54
[WebServer] 2026-10-04 15:27:58,561 INFO goatfarm [20ea932ed8774c62b5c24ae21fbcd4a2] request method=GET path=/api/auth/permissions status=200 duration_ms=6.53
[WebServer] 2026-10-04 15:27:58,592 INFO goatfarm [a05bfbb35e654036a27d7b61230599db] request method=GET path=/api/animals status=200 duration_ms=14.87
[WebServer] 2026-10-04 15:27:59,098 INFO goatfarm [9a9a28f00ef34d44a051ff8d97408d97] request method=POST path=/api/animals status=201 duration_ms=27.28
[WebServer] 2026-10-04 15:27:59,114 INFO goatfarm [3c38ce9c2d1f47849499c5d5d81775ee] request method=GET path=/api/animals status=200 duration_ms=13.53
[WebServer] 2026-10-04 15:27:59,283 INFO goatfarm [1a06a70661274334b1f330cd6efc9bc6] request method=POST path=/api/auth/refresh status=200 duration_ms=107.66
[WebServer] 2026-10-04 15:27:59,291 INFO goatfarm [81c0b8f15f6744e48e575a18dcce3c7a] request method=GET path=/api/auth/farms status=200 duration_ms=5.61
[WebServer] 2026-10-04 15:27:59,307 INFO goatfarm [a597fa1871b04db7a5fe5379de8ddf42] request method=GET path=/api/auth/permissions status=200 duration_ms=7.10
[WebServer] 2026-10-04 15:27:59,329 INFO goatfarm [34270da2daf9453e9a6be8c8cad67b5c] request method=GET path=/api/animals status=200 duration_ms=13.86
[WebServer] 2026-10-04 15:27:59,849 INFO goatfarm [0823211dcbe54062b8ed8c82ba095d3d] request method=POST path=/api/animals status=201 duration_ms=27.38
[WebServer] 2026-10-04 15:27:59,869 INFO goatfarm [6d8eae9f8be74377a4984b143c80e21f] request method=GET path=/api/animals status=200 duration_ms=16.96
[WebServer] 2026-10-04 15:28:00,035 INFO goatfarm [cba9d36539474ea5af362b77093f5975] request method=POST path=/api/auth/refresh status=200 duration_ms=111.62
[WebServer] 2026-10-04 15:28:00,044 INFO goatfarm [c6268e330f5e41d8be8ff10f98d873bd] request method=GET path=/api/auth/farms status=200 duration_ms=7.10
[WebServer] 2026-10-04 15:28:00,060 INFO goatfarm [9a5bfbadc68f402daed1c115916778b7] request method=GET path=/api/auth/permissions status=200 duration_ms=6.70
[WebServer] 2026-10-04 15:28:00,081 INFO goatfarm [5c6f807d32ab4acdbd3e5c6cbddae1b4] request method=GET path=/api/breeding status=200 duration_ms=16.36
[WebServer] 2026-10-04 15:28:00,345 INFO goatfarm [13dc309c0fb942ec829250891077d4cd] request method=GET path=/api/breeding/candidates status=200 duration_ms=15.74
[WebServer] 2026-10-04 15:28:00,576 INFO goatfarm [e7e9fa66334e4db1a9b67670dc7f2d4d] request method=GET path=/api/breeding/candidates status=200 duration_ms=13.71
[WebServer] 2026-10-04 15:28:00,836 INFO goatfarm [83d36abcdc0c4bb88e2ad1a8dc3066fe] request method=POST path=/api/breeding status=201 duration_ms=37.21
[WebServer] 2026-10-04 15:28:00,858 INFO goatfarm [583253071d544c21bff122d438dc91a9] request method=GET path=/api/breeding status=200 duration_ms=18.48
[WebServer] 2026-10-04 15:28:01,040 INFO goatfarm [2744f3b60290495282cbc8e7c9c22941] request method=POST path=/api/auth/refresh status=200 duration_ms=107.47
[WebServer] 2026-10-04 15:28:01,049 INFO goatfarm [72a0a3af050940f3b1b28a7ed81ff988] request method=GET path=/api/auth/farms status=200 duration_ms=6.20
[WebServer] 2026-10-04 15:28:01,063 INFO goatfarm [9b116bc418ea491893a1b528cd8bd7c0] request method=GET path=/api/auth/permissions status=200 duration_ms=6.29
[WebServer] 2026-10-04 15:28:01,082 INFO goatfarm [882f6e15457a47248a3907e0c15cad1d] request method=GET path=/api/tasks status=200 duration_ms=12.22
[WebServer] 2026-10-04 15:28:01,145 INFO goatfarm [e1d545d1299744a692f0aa32c015a92c] request method=GET path=/api/team status=200 duration_ms=12.65
[WebServer] 2026-10-04 15:28:01,432 INFO goatfarm [04cd4a0e0a6f43aeaf124709a2340e62] request method=POST path=/api/tasks status=201 duration_ms=24.52
[WebServer] 2026-10-04 15:28:01,453 INFO goatfarm [600d0042a1914b3ab888c312fc00e294] request method=GET path=/api/tasks status=200 duration_ms=17.58
[WebServer] 2026-10-04 15:28:01,454 INFO goatfarm [5d16cb7555254d8ab61f0c0ff51b0598] request method=GET path=/api/team status=200 duration_ms=16.71
[WebServer] 2026-10-04 15:28:01,535 INFO goatfarm [07f565297c5649d9b6b589d2501fe59b] request method=POST path=/api/tasks/89/complete status=200 duration_ms=21.79
[WebServer] 2026-10-04 15:28:01,550 INFO goatfarm [134363ea51fd49bc85d409150d649392] request method=GET path=/api/tasks status=200 duration_ms=12.19
[WebServer] 2026-10-04 15:28:01,597 INFO goatfarm [9f9ad214945c4b1daaa8720d7bd48302] request method=GET path=/api/tasks status=200 duration_ms=15.10
[WebServer] 2026-10-04 15:28:01,679 INFO goatfarm [79521dee8e8249d79adf3cfc3edd28ce] request method=GET path=/api/breeding status=200 duration_ms=16.24
  ✓  101 [Mobile Chrome] › e2e/mobile-worker-journey.spec.ts:41:3 › mobile worker journey › login → tasks board cards → complete a duty → open the linked form (3.8s)
[WebServer] 2026-10-04 15:28:02,195 INFO goatfarm [20c15fdeb04b49339b0f2c28f68e5936] request method=POST path=/api/auth/login status=200 duration_ms=138.25
[WebServer] 2026-10-04 15:28:02,206 INFO goatfarm [7bf5eb38cf4f444298801e6d9c82a596] request method=GET path=/api/auth/farms status=200 duration_ms=5.98
[WebServer] 2026-10-04 15:28:02,214 INFO goatfarm [eb225bd49b4b4982a7f183aa53529eb9] request method=GET path=/api/auth/farms status=200 duration_ms=5.54
[WebServer] 2026-10-04 15:28:02,356 INFO goatfarm [75aefd3efb864cd588d7b223ee707bbb] request method=POST path=/api/auth/login status=200 duration_ms=139.69
[WebServer] 2026-10-04 15:28:02,372 INFO goatfarm.audit [72d655eca17f416595fa553af53f03d9] security_event event='team.role.create' farm_id=1 actor_id=1 role_id=94 — created custom role
[WebServer] 2026-10-04 15:28:02,372 INFO goatfarm [72d655eca17f416595fa553af53f03d9] request method=POST path=/api/team/roles status=201 duration_ms=13.61
[WebServer] 2026-10-04 15:28:02,511 INFO goatfarm [8d3278c87ce043a6a0e8271e28949ddd] request method=POST path=/api/auth/login status=200 duration_ms=136.24
[WebServer] 2026-10-04 15:28:02,613 INFO goatfarm.audit [d3fd6ce2290d4f06af27660064ea0595] security_event event='team.worker.create' farm_id=1 actor_id=1 membership_id=7 user_id=18 role_id=94 — provisioned worker account with must-change credential
[WebServer] 2026-10-04 15:28:02,613 INFO goatfarm [d3fd6ce2290d4f06af27660064ea0595] request method=POST path=/api/team/workers status=201 duration_ms=99.74
[WebServer] 2026-10-04 15:28:02,752 INFO goatfarm [88d72edeec48492284e37f3822525249] request method=POST path=/api/auth/login status=200 duration_ms=136.27
[WebServer] 2026-10-04 15:28:02,823 INFO goatfarm.audit [7793a862f9de4a34a81474e87ca6a00b] security_event event='team.worker.create' farm_id=1 actor_id=1 membership_id=8 user_id=19 role_id=94 — provisioned worker account with must-change credential
[WebServer] 2026-10-04 15:28:02,824 INFO goatfarm [7793a862f9de4a34a81474e87ca6a00b] request method=POST path=/api/team/workers status=201 duration_ms=69.20
[WebServer] 2026-10-04 15:28:02,830 INFO goatfarm [737c40c4c4254bafaabff7210d36ee11] request method=GET path=/api/auth/worker-roster status=200 duration_ms=3.83
[WebServer] 2026-10-04 15:28:02,973 INFO goatfarm [eab73928c30746279e57e378a7d925fd] request method=POST path=/api/auth/login status=200 duration_ms=140.16
[WebServer] 2026-10-04 15:28:02,986 INFO goatfarm [adceacac4373466f9749a76f2dcb6f9b] request method=GET path=/api/team status=200 duration_ms=11.31
[WebServer] 2026-10-04 15:28:03,136 INFO goatfarm [d044b0757549419c886163339d9b515e] request method=POST path=/api/auth/login status=200 duration_ms=147.27
[WebServer] 2026-10-04 15:28:03,163 INFO goatfarm [f116e4b9c9504a34bd7ba79585eac7f8] request method=POST path=/api/tasks status=201 duration_ms=25.79
[WebServer] 2026-10-04 15:28:03,307 INFO goatfarm [a97039d868ee491faf081dab0922d452] request method=POST path=/api/auth/login status=200 duration_ms=141.31
[WebServer] 2026-10-04 15:28:03,329 INFO goatfarm [9f71dadeeb6b48d5817f80dbd4b4647d] request method=POST path=/api/tasks status=201 duration_ms=19.92
[WebServer] 2026-10-04 15:28:03,431 INFO goatfarm [71483b5b82164fe0b6f85cf39d046a12] request method=POST path=/api/auth/refresh status=401 duration_ms=0.55
[WebServer] 2026-10-04 15:28:03,470 INFO goatfarm [66cdde23b7b3445181ac9d3ea94d5237] request method=GET path=/api/auth/worker-roster status=200 duration_ms=5.42
[WebServer] 2026-10-04 15:28:03,796 INFO goatfarm.audit [b6cea27d9f8e48c8bbe7a9ae430a1461] security_event event='auth.worker_pin.login_succeeded' farm_id=1 membership_id=7 user_id=18 — worker signed in on the tablet by PIN
[WebServer] 2026-10-04 15:28:03,796 INFO goatfarm [b6cea27d9f8e48c8bbe7a9ae430a1461] request method=POST path=/api/auth/worker-login status=200 duration_ms=144.78
[WebServer] 2026-10-04 15:28:03,809 INFO goatfarm [3e87fb40212f4702881895f340d9ddcc] request method=GET path=/api/auth/farms status=200 duration_ms=11.22
[WebServer] 2026-10-04 15:28:03,812 INFO goatfarm [a6e549e28869441d97498248a896516a] request method=GET path=/api/auth/farms status=401 duration_ms=0.62
[WebServer] 2026-10-04 15:28:03,821 INFO goatfarm [16470cc8ca6b45148b1fb34b12285297] request method=GET path=/api/auth/worker-roster status=200 duration_ms=6.55
[WebServer] 2026-10-04 15:28:03,829 INFO goatfarm [73450e19e64d4ef48aee3000a228bb44] request method=GET path=/api/auth/worker-roster status=200 duration_ms=6.19
[WebServer] 2026-10-04 15:28:03,830 INFO goatfarm [2b3bed4eaa99494395d3479d08493c1d] request method=GET path=/api/auth/permissions status=200 duration_ms=14.65
[WebServer] 2026-10-04 15:28:03,833 INFO goatfarm [5b9c47ef926d4daeb0f8bc691b46dbc0] request method=GET path=/api/auth/permissions status=401 duration_ms=0.55
[WebServer] 2026-10-04 15:28:03,858 INFO goatfarm [ef45ae2b23994d63be9abefd2bc56eb1] request method=GET path=/api/tasks status=200 duration_ms=24.30
[WebServer] 2026-10-04 15:28:04,222 INFO goatfarm [ffe7a07c376a410586b74be9b0247427] request method=POST path=/api/auth/refresh status=200 duration_ms=109.06
[WebServer] 2026-10-04 15:28:04,234 INFO goatfarm [6cb9c8d1aa3a40f8bae8c63996668e33] request method=GET path=/api/auth/farms status=200 duration_ms=8.92
[WebServer] 2026-10-04 15:28:04,237 INFO goatfarm [0edd08dd99b440ebac69f4cccfa36961] request method=GET path=/api/auth/farms status=401 duration_ms=0.52
[WebServer] 2026-10-04 15:28:04,253 INFO goatfarm [27c4e5baff7e477da50373df79ca4b1e] request method=GET path=/api/auth/permissions status=200 duration_ms=10.34
[WebServer] 2026-10-04 15:28:04,256 INFO goatfarm [93a4eb1e88084be989b6cc03fe76a41d] request method=GET path=/api/auth/permissions status=401 duration_ms=0.46
[WebServer] 2026-10-04 15:28:04,300 INFO goatfarm [ec785398a2e742418043ff1f60c412ea] request method=GET path=/api/tasks status=200 duration_ms=43.50
[WebServer] 2026-10-04 15:28:04,450 INFO goatfarm [21241c92c6df42bba1a1dd8cb665b673] request method=POST path=/api/auth/login status=200 duration_ms=140.10
[WebServer] 2026-10-04 15:28:04,463 INFO goatfarm [474da0fc510545e59221b996a8eaf898] request method=GET path=/api/tasks/90 status=200 duration_ms=11.09
[WebServer] 2026-10-04 15:28:04,515 INFO goatfarm [36347c0968884ef58d8a9e6e86fb92f5] request method=POST path=/api/tasks/90/complete status=200 duration_ms=25.76
[WebServer] 2026-10-04 15:28:04,671 INFO goatfarm [733852102fa0431c8e9f4b7b5c81757a] request method=POST path=/api/auth/login status=200 duration_ms=143.22
[WebServer] 2026-10-04 15:28:04,684 INFO goatfarm [3f26d27463394e989c18f4f85c03318f] request method=GET path=/api/tasks/90 status=200 duration_ms=9.57
[WebServer] 2026-10-04 15:28:04,725 INFO goatfarm [9393c913342841feaa7f4dcebcd4b62c] request method=POST path=/api/auth/logout status=204 duration_ms=12.52
[WebServer] 2026-10-04 15:28:04,731 INFO goatfarm [08946ee17ec94fa0a2eb76d095402ad4] request method=GET path=/api/auth/worker-roster status=200 duration_ms=4.31
[WebServer] 2026-10-04 15:28:04,739 INFO goatfarm [deb0b3b4a39f4d9597fe09115473cfb1] request method=GET path=/api/auth/worker-roster status=200 duration_ms=5.09
  ✓  102 [Mobile Chrome] › e2e/worker-tablet-journey.spec.ts:57:3 › worker tablet › PIN login, offline completion, sync with attribution (3.0s)
[WebServer] 2026-10-04 15:28:04,923 INFO goatfarm [0b257c755aad4d33959e95cbaf127891] request method=POST path=/api/auth/login status=200 duration_ms=142.40
[WebServer] 2026-10-04 15:28:04,932 INFO goatfarm [daf6ac729dbb40d8a2b10f2f2ae69f56] request method=GET path=/api/auth/farms status=200 duration_ms=7.34
[WebServer] 2026-10-04 15:28:05,076 INFO goatfarm [4fc9fb80190c4f4b9e770abd67750112] request method=POST path=/api/auth/login status=200 duration_ms=141.78
[WebServer] 2026-10-04 15:28:05,090 INFO goatfarm [5a7e7ff362314c35a29478062a73a9e0] request method=GET path=/api/team status=200 duration_ms=12.39
[WebServer] 2026-10-04 15:28:05,230 INFO goatfarm [0cfa2c3b83784ea3a44193d0499b4700] request method=POST path=/api/auth/login status=200 duration_ms=137.42
[WebServer] 2026-10-04 15:28:05,335 INFO goatfarm.audit [5b857a2468144b2789f4eaa281fcea66] security_event event='team.worker.create' farm_id=1 actor_id=1 membership_id=9 user_id=20 role_id=3 — provisioned worker account with must-change credential
[WebServer] 2026-10-04 15:28:05,336 INFO goatfarm [5b857a2468144b2789f4eaa281fcea66] request method=POST path=/api/team/workers status=201 duration_ms=103.82
[WebServer] 2026-10-04 15:28:05,477 INFO goatfarm [4586d6c99aa14a5581c3dd09753603a0] request method=POST path=/api/auth/login status=200 duration_ms=138.71
[WebServer] 2026-10-04 15:28:05,501 INFO goatfarm [c5e476302b534b80bb6829319d493edf] request method=POST path=/api/animals status=201 duration_ms=22.03
[WebServer] 2026-10-04 15:28:05,646 INFO goatfarm [e89fb33fb5fc4cb1baf27c8f8a1f0e1f] request method=POST path=/api/auth/login status=200 duration_ms=142.30
[WebServer] 2026-10-04 15:28:05,668 INFO goatfarm [907722003dde40339c03c3c26c010e58] request method=POST path=/api/animals status=201 duration_ms=20.44
[WebServer] 2026-10-04 15:28:05,812 INFO goatfarm [cac781b47a98412b960524ea873a87c6] request method=POST path=/api/auth/login status=200 duration_ms=141.64
[WebServer] 2026-10-04 15:28:05,856 INFO goatfarm [43835f45b2844055a8d9337c0d1acdf6] request method=POST path=/api/breeding status=201 duration_ms=41.72
[WebServer] 2026-10-04 15:28:06,004 INFO goatfarm [57cd06dc248b463cadd350344cbad8c7] request method=POST path=/api/auth/login status=200 duration_ms=145.34
[WebServer] 2026-10-04 15:28:06,037 INFO goatfarm [e135b542a14b4308bdf91ad2e3514eea] request method=GET path=/api/tasks status=200 duration_ms=31.27
[WebServer] 2026-10-04 15:28:06,138 INFO goatfarm [093bb6af3a6b4b058d95effdb1b7d29f] request method=POST path=/api/auth/refresh status=401 duration_ms=0.60
[WebServer] 2026-10-04 15:28:06,175 INFO goatfarm [4cdd2b4bacd84c809508ffa0bbd3a563] request method=GET path=/api/auth/worker-roster status=200 duration_ms=4.88
[WebServer] 2026-10-04 15:28:06,504 INFO goatfarm.audit [401c1ad44094441eb3fea3c0d054cb3d] security_event event='auth.worker_pin.login_succeeded' farm_id=1 membership_id=9 user_id=20 — worker signed in on the tablet by PIN
[WebServer] 2026-10-04 15:28:06,504 INFO goatfarm [401c1ad44094441eb3fea3c0d054cb3d] request method=POST path=/api/auth/worker-login status=200 duration_ms=153.21
[WebServer] 2026-10-04 15:28:06,517 INFO goatfarm [04cd909adeb74ec48880fe606a259952] request method=GET path=/api/auth/farms status=200 duration_ms=10.08
[WebServer] 2026-10-04 15:28:06,520 INFO goatfarm [f4f29a4c27b54d6c830f034417546a16] request method=GET path=/api/auth/farms status=401 duration_ms=0.73
[WebServer] 2026-10-04 15:28:06,527 INFO goatfarm [04f6d5240d7d437da2ee49dad83f3883] request method=GET path=/api/auth/worker-roster status=200 duration_ms=5.03
[WebServer] 2026-10-04 15:28:06,535 INFO goatfarm [cd41fa4c983a4feb80c9fed59593b2bb] request method=GET path=/api/auth/worker-roster status=200 duration_ms=5.50
[WebServer] 2026-10-04 15:28:06,537 INFO goatfarm [994a1ff555fc4907baa418c32ad2e42f] request method=GET path=/api/auth/permissions status=200 duration_ms=13.64
[WebServer] 2026-10-04 15:28:06,540 INFO goatfarm [4d41e3fff3594bb792b22c1a529b0d46] request method=GET path=/api/auth/permissions status=401 duration_ms=0.68
[WebServer] 2026-10-04 15:28:06,564 INFO goatfarm [a465623138a84ff7a9e523845b73490a] request method=GET path=/api/tasks status=200 duration_ms=23.10
  ✓  103 [Mobile Chrome] › e2e/worker-tablet-journey.spec.ts:248:3 › worker tablet › form-linked duty deep-links to its form and carries returnTo=/worker (1.9s)
[WebServer] 2026-10-04 15:28:06,714 INFO goatfarm [071cdcf0754d45ffa5e2b9e7f3d2ad56] request method=GET path=/api/breeding status=200 duration_ms=23.98
(node:77569) Warning: The 'NO_COLOR' env is ignored due to the 'FORCE_COLOR' env being set.
(Use `node --trace-warnings ...` to show where the warning was created)
[WebServer] 2026-10-04 15:28:07,525 INFO goatfarm [6eb47a998d614f84bab05ca03efd424d] request method=POST path=/api/auth/login status=200 duration_ms=145.09
[WebServer] 2026-10-04 15:28:07,536 INFO goatfarm [a33de68ca5d0462993d2316369231d05] request method=GET path=/api/auth/farms status=200 duration_ms=5.86
[WebServer] 2026-10-04 15:28:07,546 INFO goatfarm [87007e8abb4247b89a3c14759d05ea45] request method=GET path=/api/auth/farms status=200 duration_ms=6.64
[WebServer] 2026-10-04 15:28:07,687 INFO goatfarm [37bfc767aef74803a4d7b0909eee464d] request method=POST path=/api/auth/login status=200 duration_ms=136.67
[WebServer] 2026-10-04 15:28:07,708 INFO goatfarm.audit [694446b4b1374ed29611aea9c598b338] security_event event='team.role.create' farm_id=1 actor_id=1 role_id=95 — created custom role
[WebServer] 2026-10-04 15:28:07,708 INFO goatfarm [694446b4b1374ed29611aea9c598b338] request method=POST path=/api/team/roles status=201 duration_ms=17.34
[WebServer] 2026-10-04 15:28:07,853 INFO goatfarm [07481442a10145d08a7cc6ed5e64ed19] request method=POST path=/api/auth/login status=200 duration_ms=141.98
[WebServer] 2026-10-04 15:28:07,953 INFO goatfarm.audit [e7a080eea27344f1882239ae47a124fa] security_event event='team.worker.create' farm_id=1 actor_id=1 membership_id=10 user_id=21 role_id=95 — provisioned worker account with must-change credential
[WebServer] 2026-10-04 15:28:07,953 INFO goatfarm [e7a080eea27344f1882239ae47a124fa] request method=POST path=/api/team/workers status=201 duration_ms=98.30
[WebServer] 2026-10-04 15:28:08,099 INFO goatfarm [9c30b759462c41aeab894f3a0693ff3f] request method=POST path=/api/auth/login status=200 duration_ms=142.79
[WebServer] 2026-10-04 15:28:08,171 INFO goatfarm.audit [5f1e3ca38b2a40b3b01c6ebf130e8a6f] security_event event='team.worker.create' farm_id=1 actor_id=1 membership_id=11 user_id=22 role_id=95 — provisioned worker account with must-change credential
[WebServer] 2026-10-04 15:28:08,171 INFO goatfarm [5f1e3ca38b2a40b3b01c6ebf130e8a6f] request method=POST path=/api/team/workers status=201 duration_ms=69.83
[WebServer] 2026-10-04 15:28:08,179 INFO goatfarm [86d330deecd44b049c5e64e2fa0c4c30] request method=GET path=/api/auth/worker-roster status=200 duration_ms=4.64
[WebServer] 2026-10-04 15:28:08,328 INFO goatfarm [bfdec3188bb14b90a6fbe51a22c394ba] request method=POST path=/api/auth/login status=200 duration_ms=146.74
[WebServer] 2026-10-04 15:28:08,342 INFO goatfarm [d9346973ecd34dfa86250bc74b49baf6] request method=GET path=/api/team status=200 duration_ms=11.45
[WebServer] 2026-10-04 15:28:08,482 INFO goatfarm [bdb1a0ce2e2a46e6b1a7b4902c764392] request method=POST path=/api/auth/login status=200 duration_ms=137.43
[WebServer] 2026-10-04 15:28:08,506 INFO goatfarm [790c06155c3541e8a722ce0e78e15602] request method=POST path=/api/tasks status=201 duration_ms=22.27
[WebServer] 2026-10-04 15:28:08,646 INFO goatfarm [13cec900406c477bbe9feba6fcbac48b] request method=POST path=/api/auth/login status=200 duration_ms=137.08
[WebServer] 2026-10-04 15:28:08,671 INFO goatfarm [b6ca7575c3b9477db402c20ad6920c21] request method=POST path=/api/tasks status=201 duration_ms=21.82
[WebServer] 2026-10-04 15:28:08,773 INFO goatfarm [5e9be64d13774eb9bc688d7cab899a47] request method=POST path=/api/auth/refresh status=401 duration_ms=0.66
[WebServer] 2026-10-04 15:28:08,811 INFO goatfarm [a011b0b1873645f28294383ef9f8992b] request method=GET path=/api/auth/worker-roster status=200 duration_ms=22.76
[WebServer] 2026-10-04 15:28:09,133 INFO goatfarm.audit [7c5b0740e62d4447ac8eb7edfbbbd5da] security_event event='auth.worker_pin.login_succeeded' farm_id=1 membership_id=10 user_id=21 — worker signed in on the tablet by PIN
[WebServer] 2026-10-04 15:28:09,134 INFO goatfarm [7c5b0740e62d4447ac8eb7edfbbbd5da] request method=POST path=/api/auth/worker-login status=200 duration_ms=148.44
[WebServer] 2026-10-04 15:28:09,146 INFO goatfarm [442c4c0e6df74490901435e769513ddb] request method=GET path=/api/auth/farms status=200 duration_ms=9.85
[WebServer] 2026-10-04 15:28:09,149 INFO goatfarm [f00bc21f771c4ea98a8406d3ed6fe4da] request method=GET path=/api/auth/farms status=401 duration_ms=0.72
[WebServer] 2026-10-04 15:28:09,157 INFO goatfarm [48eed238f7314449a6888c5d7038e2d9] request method=GET path=/api/auth/worker-roster status=200 duration_ms=5.57
[WebServer] 2026-10-04 15:28:09,165 INFO goatfarm [7138ab2de3f74a4a93958717e94be79d] request method=GET path=/api/auth/worker-roster status=200 duration_ms=5.30
[WebServer] 2026-10-04 15:28:09,166 INFO goatfarm [8e513f42a6d745b5a7fb1b1129a5303c] request method=GET path=/api/auth/permissions status=200 duration_ms=13.06
[WebServer] 2026-10-04 15:28:09,171 INFO goatfarm [ba9f921b96374107b81f05fb4b63cf2b] request method=GET path=/api/auth/permissions status=401 duration_ms=1.87
[WebServer] 2026-10-04 15:28:09,193 INFO goatfarm [72cdb9193084445d873cee3a2df7eb07] request method=GET path=/api/tasks status=200 duration_ms=23.90
[WebServer] 2026-10-04 15:28:09,562 INFO goatfarm [20d49bf2243d4d9998bba831833f6a34] request method=POST path=/api/auth/refresh status=200 duration_ms=108.91
[WebServer] 2026-10-04 15:28:09,573 INFO goatfarm [f2089012920c4dad88e38e5edac08bad] request method=GET path=/api/auth/farms status=200 duration_ms=8.85
[WebServer] 2026-10-04 15:28:09,576 INFO goatfarm [7efbdf3dca114b8585b9e63e5559e83b] request method=GET path=/api/auth/farms status=401 duration_ms=0.68
[WebServer] 2026-10-04 15:28:09,593 INFO goatfarm [794600a630f8413884b32aeb84d1163b] request method=GET path=/api/auth/permissions status=200 duration_ms=10.37
[WebServer] 2026-10-04 15:28:09,596 INFO goatfarm [cfc3c77661ac4f62a05d9969abff564e] request method=GET path=/api/auth/permissions status=401 duration_ms=0.57
[WebServer] 2026-10-04 15:28:09,618 INFO goatfarm [a7f9cc1528fa47f78b07408e937bb4e4] request method=GET path=/api/tasks status=200 duration_ms=21.26
[WebServer] 2026-10-04 15:28:09,801 INFO goatfarm [24299f71a59f439d8990a85cfe520bff] request method=POST path=/api/auth/login status=200 duration_ms=142.13
[WebServer] 2026-10-04 15:28:09,813 INFO goatfarm [f696173b3f524e66a7301e87720c6194] request method=GET path=/api/tasks/94 status=200 duration_ms=8.99
[WebServer] 2026-10-04 15:28:09,865 INFO goatfarm [7d12f287fe3a4fc39330bff6f29d2756] request method=POST path=/api/tasks/94/complete status=200 duration_ms=26.10
[WebServer] 2026-10-04 15:28:10,017 INFO goatfarm [e67c5e111faf4b42904cdf2995664223] request method=POST path=/api/auth/login status=200 duration_ms=138.70
[WebServer] 2026-10-04 15:28:10,028 INFO goatfarm [abb8c7927fc846e19164e765486d587e] request method=GET path=/api/tasks/94 status=200 duration_ms=8.63
[WebServer] 2026-10-04 15:28:10,067 INFO goatfarm [fa2e637aa3f44774b231aaecf41e6654] request method=POST path=/api/auth/logout status=204 duration_ms=12.22
[WebServer] 2026-10-04 15:28:10,073 INFO goatfarm [7220a21d1813471db45413fadfa41dd1] request method=GET path=/api/auth/worker-roster status=200 duration_ms=4.87
[WebServer] 2026-10-04 15:28:10,082 INFO goatfarm [7e4da8fc121b4a53aacc9ca825ae6c61] request method=GET path=/api/auth/worker-roster status=200 duration_ms=4.40
  ✓  104 [Tablet Chrome landscape] › e2e/worker-tablet-journey.spec.ts:57:3 › worker tablet › PIN login, offline completion, sync with attribution (3.1s)
[WebServer] 2026-10-04 15:28:10,273 INFO goatfarm [eea9aeaa02404667ad4f66fa86987dee] request method=POST path=/api/auth/login status=200 duration_ms=149.84
[WebServer] 2026-10-04 15:28:10,281 INFO goatfarm [20aef64738e440a78e8559597e2ff9f4] request method=GET path=/api/auth/farms status=200 duration_ms=5.96
[WebServer] 2026-10-04 15:28:10,424 INFO goatfarm [21ffbcdfd2014e078efbf6bd70af4f43] request method=POST path=/api/auth/login status=200 duration_ms=141.39
[WebServer] 2026-10-04 15:28:10,437 INFO goatfarm [16fc3a9c267a4f9e9a07ac46acf33b62] request method=GET path=/api/team status=200 duration_ms=10.55
[WebServer] 2026-10-04 15:28:10,578 INFO goatfarm [c6c2fe7a95e74c4bb9bc27fff79b2e52] request method=POST path=/api/auth/login status=200 duration_ms=138.80
[WebServer] 2026-10-04 15:28:10,681 INFO goatfarm.audit [2b24260e6dd948319f7031b3265abb0b] security_event event='team.worker.create' farm_id=1 actor_id=1 membership_id=12 user_id=23 role_id=3 — provisioned worker account with must-change credential
[WebServer] 2026-10-04 15:28:10,681 INFO goatfarm [2b24260e6dd948319f7031b3265abb0b] request method=POST path=/api/team/workers status=201 duration_ms=101.04
[WebServer] 2026-10-04 15:28:10,824 INFO goatfarm [b81e5260d04348bea2e2d18aacc34c43] request method=POST path=/api/auth/login status=200 duration_ms=140.66
[WebServer] 2026-10-04 15:28:10,873 INFO goatfarm [ef6cdad8f0ed42af86ea634fc99827bd] request method=POST path=/api/animals status=201 duration_ms=46.27
[WebServer] 2026-10-04 15:28:11,014 INFO goatfarm [d434d38d9ad840d8943d298020e300bb] request method=POST path=/api/auth/login status=200 duration_ms=138.44
[WebServer] 2026-10-04 15:28:11,043 INFO goatfarm [d37e306d79db4b3bbe80597d101c7417] request method=POST path=/api/animals status=201 duration_ms=26.63
[WebServer] 2026-10-04 15:28:11,190 INFO goatfarm [30aac6915fb044508ad8fa06fed865c3] request method=POST path=/api/auth/login status=200 duration_ms=145.14
[WebServer] 2026-10-04 15:28:11,254 INFO goatfarm [fe484da77aa942c0b23b727b224b81b9] request method=POST path=/api/breeding status=201 duration_ms=61.30
[WebServer] 2026-10-04 15:28:11,399 INFO goatfarm [bf709374b1de47b487a41f87c8628168] request method=POST path=/api/auth/login status=200 duration_ms=141.99
[WebServer] 2026-10-04 15:28:11,430 INFO goatfarm [9a1b8758de424431aeeb9d2c41e0da2d] request method=GET path=/api/tasks status=200 duration_ms=29.95
[WebServer] 2026-10-04 15:28:11,530 INFO goatfarm [fac3b19350af4cf3bf51f4c775db5347] request method=POST path=/api/auth/refresh status=401 duration_ms=0.62
[WebServer] 2026-10-04 15:28:11,568 INFO goatfarm [e2e4681b7d6746968b1977acba8a6053] request method=GET path=/api/auth/worker-roster status=200 duration_ms=4.68
[WebServer] 2026-10-04 15:28:11,896 INFO goatfarm.audit [be18e811aab74df793d7dedb1b420d7c] security_event event='auth.worker_pin.login_succeeded' farm_id=1 membership_id=12 user_id=23 — worker signed in on the tablet by PIN
[WebServer] 2026-10-04 15:28:11,897 INFO goatfarm [be18e811aab74df793d7dedb1b420d7c] request method=POST path=/api/auth/worker-login status=200 duration_ms=145.00
[WebServer] 2026-10-04 15:28:11,908 INFO goatfarm [22911b12c9a14873a17fdfc1d39ca2fd] request method=GET path=/api/auth/farms status=200 duration_ms=8.74
[WebServer] 2026-10-04 15:28:11,911 INFO goatfarm [b32a6c1d28ac4ce5a559b4f652804560] request method=GET path=/api/auth/farms status=401 duration_ms=0.69
[WebServer] 2026-10-04 15:28:11,917 INFO goatfarm [9ff0396c78294b6b8aae47e22379e3c4] request method=GET path=/api/auth/worker-roster status=200 duration_ms=4.46
[WebServer] 2026-10-04 15:28:11,925 INFO goatfarm [802514d2365649318790aca2deaac3cf] request method=GET path=/api/auth/worker-roster status=200 duration_ms=5.29
[WebServer] 2026-10-04 15:28:11,927 INFO goatfarm [6c03a6f80bdb499aa6028026b6b77f67] request method=GET path=/api/auth/permissions status=200 duration_ms=12.84
[WebServer] 2026-10-04 15:28:11,932 INFO goatfarm [33989b31ee6348fc981f38dc02dfe9a6] request method=GET path=/api/auth/permissions status=401 duration_ms=1.75
[WebServer] 2026-10-04 15:28:11,951 INFO goatfarm [af9d3090da2c4aff90b2289e5d1346b9] request method=GET path=/api/tasks status=200 duration_ms=20.77
  ✓  105 [Tablet Chrome landscape] › e2e/worker-tablet-journey.spec.ts:248:3 › worker tablet › form-linked duty deep-links to its form and carries returnTo=/worker (2.0s)

  105 passed (3.9m)
