path,category,bytes,sha256
.dockerignore,source/configuration/assets,1256,b3084d8eec5df931ed724617c460bd614dd01b27401ff4db74da504ce0b4583d
.env.example,source/configuration/assets,12968,f5373229f54abdaf84a31a37fc8722d1193efa1b17bb4f5b0a027425b9e11f55
.github/dependabot.yml,source/configuration/assets,529,92c2f137e23e542fcf1b676d5cb4440792cfcd00fe98a7fe09a5b6a54895ac8e
.github/scripts/gate_sarif.py,source/configuration/assets,5755,bc4e5f1e9ff036675bd303d0f69dff4dc4bd4a6a0ace3b825db2423bfcb19541
.github/workflows/ci.yml,source/configuration/assets,22699,eaad7e3a47d476edf702e93cc4a0c0f58cce26a4b0407adc2cc2bf8edb84487d
.github/workflows/release.yml,source/configuration/assets,21793,72b9ca9c3a9b28b38fce950a5af2e5c4676d8887793c47ea192c12c63113363d
.github/workflows/security.yml,source/configuration/assets,10390,fdbb5e830325dc376029a93c81c22f467fac5296fc75e32eeaa670277c7ce5b6
.gitignore,source/configuration/assets,906,12dcd5bfd1a0f13048d90b87d1d70e19a623df2aac540c92d5c12762f2c22bf7
.gitleaks.toml,source/configuration/assets,1186,a8a9d06e7c8718e77e506ea29b8e7c6eda4fd76687202097df18b916650bf399
.trivyignore.compose-images,source/configuration/assets,2874,9cf85855d80f865b6a77b3fad87acb0edb1a7d355cb790f274e4b0e1a40a9f81
APP_IMPROVEMENT_PLAN.md,evidence/documentation,50386,38a628679a4de362f44c6ab395dff17d680e1d6f281ad54d51368bef8335e87f
AUDIT_2026-10-01/00-MASTER.md,evidence/documentation,28913,8f160c0384786a4facd0ed53ebe01b798bcd4e0064e79fdc70a5ed3c1ca01b32
AUDIT_2026-10-01/01-security-access-control.md,evidence/documentation,16196,9ab8a299b5dcd929bda0e13d7b04f3133358c683d14b72cef807ec4ad5acfb7c
AUDIT_2026-10-01/02-livestock-domain-logic.md,evidence/documentation,19122,7eaee5fad73e547028c30bfc78f5e62129c524b455a6968ec8d6ef9fe0d3a79a
AUDIT_2026-10-01/03-operations-domain-logic.md,evidence/documentation,16341,4356c6192bf140d89cf1abd8bcfb5beba0e5801e6a280a34c4fdee0c36c74381
AUDIT_2026-10-01/04-data-layer-contract.md,evidence/documentation,26586,b36a9144f072d1919e532671e1bd837d3906d77295f5d3eef4fb16b85b1d6c98
AUDIT_2026-10-01/05-frontend-livestock-journeys.md,evidence/documentation,16262,cb664ec2d96c34b4997af6bc61ca821888f91564ae8e5bca141da4881d39a433
AUDIT_2026-10-01/06-frontend-ops-components.md,evidence/documentation,17813,88e7a19346308e6730706eaed277ef86a3903fca87b482a7f53a12e263ecac29
AUDIT_2026-10-01/07-offline-client-data-layer.md,evidence/documentation,23050,90eadedb7aa2acc902ea5799da58c0b2cd27aaf4f718ce9d842578831301292a
AUDIT_2026-10-01/08-simulation-concurrency.md,evidence/documentation,25094,d0b815e3f36a6320bcbeefbfcf2e54c318f23a916657c8f785cea991986ccc2c
AUDIT_2026-10-01/09-infrastructure-supply-chain.md,evidence/documentation,23267,4163218ffbfb903703416d6548e1df848fe77db54fc49b9e9cde370bf7de151b
AUDIT_2026-10-01/10-test-integrity.md,evidence/documentation,40500,5b5e62c3768710e81e939eceabce28698fbdb8a115e0d22ffaab1d8fa21b784e
AUDIT_AND_IMPLEMENTATION_PLAYBOOK.md,evidence/documentation,31057,8c25c51242b3fdf7805000fda10b4d824d5cf6821cd2a7f2b585edaf004fd49f
AUDIT_REPORT_2026-09-28.md,evidence/documentation,46257,efd68bf58692f403db48a200e58e46b60f151656594744a3153eb79ed9fa48cf
Dockerfile,source/configuration/assets,4568,bcbfb55687c083708ec15d7c7e188a34277d3720c0e16526708361ce64fb16f3
IMPLEMENTATION_STATUS.md,evidence/documentation,10022,a2a56db634848bbeed32a004c926eebac6b750501620bed77134405b8c641f24
MUTATION_TESTING_REPORT.md,evidence/documentation,11557,b0bb23d81817299bc256252a579eb626e01eb2ab2308b3c82e73efbafa25dcd2
README.md,evidence/documentation,98890,aa72e06323079ae0a2a3a20a242771a61579b7d764dfe2f7e83e4bca7ea13c2c
audit_reports/2026-10-03/00-report.md,evidence/documentation,32492,03c857819ff6c1327c4d8e3ec79bcbacb0df87d5740b93ebf45e095951739dfd
audit_reports/2026-10-03/01-file-coverage.csv,evidence/documentation,648158,d57c68da8f9ff467ed4f3210b51bb61721a225166d71f8897894682cbcabd20f
audit_reports/2026-10-03/02-coverage-method.md,evidence/documentation,5577,1218e64fb218b8356a9c1168cf5ef15da610f8e233a0d98ddc1fd45b8b4fe8c3
audit_reports/2026-10-03/03-frontend.md,evidence/documentation,24974,321b5888d073f916946694dd4f03fef86598e4483e23335e98d6b84364302cb8
audit_reports/2026-10-03/04-frontend-domain-pages.md,evidence/documentation,9547,abf247b60a41223937c8b0c5cfbfbcd42abfd1b96e7b5d5c8896245d0e65590b
audit_reports/2026-10-03/05-backend-domain.md,evidence/documentation,17670,a0cdc5da74a7957c1a26bf7d40e8a59af9985d0cc71aa325bd3ae48d27f9104a
audit_reports/2026-10-03/06-backend-domain-extension.md,evidence/documentation,19940,1621685b390e5bd8ac6ecbdca44b8ee38fb257bfb56e27365f7a81b20319af65
audit_reports/2026-10-03/07-database.md,evidence/documentation,17814,e5ecaca10fcec03e5d349fb591b5b0227e7f3c018cb3ce224535c8da1c84d691
audit_reports/2026-10-03/08-platform-security.md,evidence/documentation,22834,26705543f0b8b43dbc1692f05c5d88db89b68f7d92982fd46979ec5f7830521b
audit_reports/2026-10-03/09-mutation-method.md,evidence/documentation,15732,7cd4bab48e2f23311dd96445476fd15900a56259611dcd2392e3b4122915dae8
audit_reports/2026-10-03/evidence/README.md,evidence/documentation,7589,f1ec820cda3ee2362c9667dded9bc3c960a547fbcbbabdb0252811e5b1c8822e
audit_reports/2026-10-03/evidence/advanced-desktop.png,evidence/documentation,169095,d0849739eae66e8ba9d485039f6cf2f2e91d91adcaeab51e27abfd7ccc4bdd77
audit_reports/2026-10-03/evidence/advanced-mobile.png,evidence/documentation,57081,204ab29fa09076650906eba0a36cd147226a89f50075715d116ca6bd6d747a01
audit_reports/2026-10-03/evidence/backend-dependency-audit.json,evidence/documentation,83712,f1a53cfeaa1eb8f2c37b95e2173e4f5e1baf3ccb54596a7519e43a9a0a36a96f
audit_reports/2026-10-03/evidence/backend-dependency-audit.log,evidence/documentation,9952,df75640b3207c5b25125bee3cee51814570360e7c5abea996fa672926873fc19
audit_reports/2026-10-03/evidence/backend-mypy.log,evidence/documentation,45,1a34d57e130f0972e66df1e34a837955fc0928b625aa07e745b55cd43c587b4e
audit_reports/2026-10-03/evidence/backend-pytest.log,evidence/documentation,5645,b92e3efa7f0fb3e5915049937e772b4ea37e8fbaf83d026b78453562f4ef4cd8
audit_reports/2026-10-03/evidence/backend-ruff.log,evidence/documentation,19,82b3e6a6c090a57601d22943bd23fca9218d1031dbe5a7b754092f9a156b4f18
audit_reports/2026-10-03/evidence/backend-test-types.log,evidence/documentation,57,bef88ab983a00f22cd2d1292771908638e35bc6e0ac5974e7ea259daf1a282c2
audit_reports/2026-10-03/evidence/e2e-chromium.log,evidence/documentation,20754,a35ee96265dd4583c494edddc3888ac35fe2f1f62eeaec9d43cc3b540f5b2285
audit_reports/2026-10-03/evidence/e2e-migration.log,evidence/documentation,13581,495cda24601c4b5da0ae6128073d1684175b657e64197bc5ec66e56b68d1e8dc
audit_reports/2026-10-03/evidence/final-validation.log,evidence/documentation,249,22ce30d8fb2a3b2b42f1988c1f3da3049086e5b4bda14c91d35fac43bfd0a65c
audit_reports/2026-10-03/evidence/frontend-build.log,evidence/documentation,1509,74c05fb0675a137f55b9a0c29212c27765669fab8dc9f907c587050587e76fcd
audit_reports/2026-10-03/evidence/frontend-dependency-audit.log,evidence/documentation,103567,b73ea52aa21b0556e71558e7566e466af83e264db869ecc30f6eb204bb8fa01b
audit_reports/2026-10-03/evidence/frontend-lint.log,evidence/documentation,113,0c1d8197c286a850e863f2faa660e0f57dccd2fefe690769451844765761ba3e
audit_reports/2026-10-03/evidence/frontend-prod-dependency-audit.log,evidence/documentation,7943,6dcf81a8796b9b4ae0ec5bf8a91f43c7b1ecb73fab151c0c1b13f426288af704
audit_reports/2026-10-03/evidence/frontend-typecheck.log,evidence/documentation,107,3e787f913162becfb64ff5aa53f4486d9b41f49c44d852709a5f588000777e4d
audit_reports/2026-10-03/evidence/frontend-vitest.log,evidence/documentation,1356,7e65b6c60c6f38d644dd389d2dca93492969491e6b12c9a210af3f8a71e7e3bc
audit_reports/2026-10-03/evidence/herdly-audit-backend-files.txt,evidence/documentation,9178,3353fd430791394ada199adf259ceb098187229577cb28c3d1432bc9ea6b8718
audit_reports/2026-10-03/evidence/herdly-audit-database-files.txt,evidence/documentation,40089,9a02eb8e25c904bd75590c81eec635e1641efdcd4932939bbdb3237e7e58c740
audit_reports/2026-10-03/evidence/herdly-audit-frontend-ast.json,evidence/documentation,181402,de7a5211dd42187d6a2d9c47ebe6dc8812a137db51df67f7215942eea61ae8e4
audit_reports/2026-10-03/evidence/herdly-audit-frontend-files.txt,evidence/documentation,90746,6489a88cc1d375f1bea6dc02f5b93f1727d5571d455483740ce93deac5a52ad5
audit_reports/2026-10-03/evidence/herdly-audit-frontend-ledger.json,evidence/documentation,200346,239003781128fbb1c7909a08782431b91410cdca9c2f26b8584a670075415506
audit_reports/2026-10-03/evidence/herdly-audit-generated-model-parity.json,evidence/documentation,32798,f91cc777f251dc88716920b5141b674b4604d1c5571caafe9c6c16ecd1d205c3
audit_reports/2026-10-03/evidence/herdly-audit-i18n-parity.json,evidence/documentation,865,0955bb56222c2bffb69a0c4627d0c1ab243037b689983db1716eccc4e0a381f5
audit_reports/2026-10-03/evidence/herdly-cadence-isolation-probe.py,evidence/documentation,2176,9023c5cf02733e04558c5dd2ef0e2b5a5e19a7bb70e010c7f19a775efba088c9
audit_reports/2026-10-03/evidence/herdly-dashboard-permission-probe.py,evidence/documentation,2227,d284f2e8664ff4832c78c8805635bd482d5eeac0928e2691654bd7370a3545dd
audit_reports/2026-10-03/evidence/herdly-domain-audit-probes.py,evidence/documentation,6810,80750ec230fadd84a127a05dd05dc3ac03373ecfd717cfe4f452567837cec619
audit_reports/2026-10-03/evidence/herdly-frontend-domain-pages-files.txt,evidence/documentation,3245,c174c65bc6c705a089bdb0781b6debb45901b95b296abc155b2663b670b18c9c
audit_reports/2026-10-03/evidence/herdly-frontend-domain-pages-probe.test.tsx,evidence/documentation,6874,4f11aecb644dd047ce3865d8ebfeae91cebad08d5205c3d2c70e81115b230d04
audit_reports/2026-10-03/evidence/herdly-health-round-audit-test.py,evidence/documentation,1921,f59703629a22d9f3e5104aa090a4ccb8fba170a9170542aa26e53cca1d76dc83
audit_reports/2026-10-03/evidence/herdly-insurance-lock-probe.py,evidence/documentation,3351,9311b09003a5103448623b66fcaa506f8e30cdabd27d36ef58111ca9bf7be75f
audit_reports/2026-10-03/evidence/herdly-mortality-calibration-probe.py,evidence/documentation,2120,9c1ebe749b518d23331d8b7f2e55b5c0f5487a8b01ed5b7d32d17cde9d378587
audit_reports/2026-10-03/evidence/herdly-offline-cad.log,evidence/documentation,3803,89aafcb977c5be61955dff89c72dd25412ad235ec20670fcb3732a616fc3f1a4
audit_reports/2026-10-03/evidence/herdly-offline-narrow-2.log,evidence/documentation,3546,fa7a2ee9ef8711edee930284141416eb6a8ee61bdb35581cb963000f89fb9c7f
audit_reports/2026-10-03/evidence/herdly-offline-probe.cjs,evidence/documentation,2744,63d575a91c11e40b19cb28669c820f5cc740dedd83f2cb7515e666898a105809
audit_reports/2026-10-03/evidence/herdly-offline-upgrade.log,evidence/documentation,8846,4501bee5f4994d709951420adfdb9edcabb1505c63484b109fd8b871d91c6e01
audit_reports/2026-10-03/evidence/herdly-offline-user.log,evidence/documentation,3542,badba7464a0e878ed5bbfd07f77968da4328a1cf3c2da3554c54569331b524c0
audit_reports/2026-10-03/evidence/herdly-owner-aggregate-probe.py,evidence/documentation,2278,e7b85ee0a2a1831270e534b3e42ecc903ef1914165ead94767a594baf4165064
audit_reports/2026-10-03/evidence/herdly-planner-conflict-probe.json,evidence/documentation,1317,18a82f28c632bafe483042d2f2b85c40c4a6c07ac56f1ca10632d93003be55dd
audit_reports/2026-10-03/evidence/herdly-platform-files.txt,evidence/documentation,4726,c71df127a81267ad8986dbf8b20d5f70482ad184b2935b19b3a8576351962350
audit_reports/2026-10-03/evidence/herdly-sale-weight-calibration-probe.py,evidence/documentation,2105,38910e8ba986bf366faa75ac728df4836056b7800fdf80706d6dec584ae2d856
audit_reports/2026-10-03/evidence/herdly-screening-review-probe.py,evidence/documentation,2853,0b584d817395c5621bdb0f869742e841fd5bbc79d1777ce2314576a9882c9746
audit_reports/2026-10-03/evidence/herdly-simulation-extension-probes.py,evidence/documentation,2719,b87b26780e0a221492ac3f0e105c64a50370f9412a49e48e3e59a004540ba939
audit_reports/2026-10-03/evidence/herdly-worker-handover-probe.test.tsx,evidence/documentation,4468,2974f01d13a9647626419a34e4cd14aa896459509c97a9be5d84334b0eeb5b7d
audit_reports/2026-10-03/evidence/herdly-worker-setup-probe.json,evidence/documentation,206,e66cb262755fed8adb991faab312558c58986bd048c64810d6a240a330087f25
audit_reports/2026-10-03/evidence/manifest.json,evidence/documentation,10716,ef66e3aed8d2b9ecc2de9fdaa61fe60647556804d682cb631bdbae27a6aa6b84
audit_reports/2026-10-03/evidence/mutation-context-check.json,evidence/documentation,433,5222c95fde48b5ee10bb1f6cc1d5c5b3330af6d2c06028a22833455302d19a74
audit_reports/2026-10-03/evidence/mutation-source-ledger.tsv,evidence/documentation,1693,6110d1b15ccf97eca3f148ee4e5b7c1e0a64b117519fc3a939a9a575729c0220
audit_reports/2026-10-03/evidence/results-desktop.png,evidence/documentation,159628,b4fcf8469e2af5e53cf099847ec46009583cd57769322d80ea67f78acbe99929
audit_reports/2026-10-03/evidence/results-mobile.png,evidence/documentation,59432,4cbe57c75865fe6614918e48396763e189e8809c71c69133e8f57579b14718d3
audit_reports/2026-10-03/evidence/root-inventory.json,evidence/documentation,214900,a7b34ca1f7506b991ad999f6c2187ef05736d1452446005809807373036ce2c0
audit_reports/2026-10-03/evidence/root-scan.json,evidence/documentation,680,c723619c3caf39256f3d952af83bd981681813e878a96b52030552529efa1148
audit_reports/2026-10-03/evidence/runtime-cleanup.log,evidence/documentation,209,b579bd03b4fc24011268b1f470da2e26210a04e802412a814d95b820b865989e
backend/.env.example,source/configuration/assets,21042,f1938ddefae03e9d28e60d6d29b81299abc681c2d1f1a3a6c18f6fb8d204c6b2
backend/.python-version,source/configuration/assets,5,02e735b3dfe1c32833eb550b7ff8ffa17f5f2bc3fa1e7bae61a8f5a3883ce398
backend/alembic.ini,source/configuration/assets,556,9d1449da4aa9bdc921cce7c36ea979c4f0c15a5a5790315de9f9120c2a3ce17b
backend/alembic/env.py,source/configuration/assets,7230,c5b0da27a06310a8c68c6f384d50a8ed98c07624b41be076aaeb9210aa552537
backend/alembic/script.py.mako,source/configuration/assets,596,6c5bb3c951e440a66a839651897568cd166a7f51a66323c79261310c3a963708
backend/alembic/versions/91a712b0367b_tasks_skipped_by_id.py,source/configuration/assets,1138,a94a248d7640d5c87b001daafaf13e357bea54353662c9da155d0596d605c267
backend/alembic/versions/a19b2569d466_users_totp_columns.py,source/configuration/assets,2016,3210beda9bbcd5fe9036aca7f73eb79e22f31bdb0a44dd9a54e5ec476fdc576f
backend/alembic/versions/a1b2c3d4e5f6_planner_plans.py,source/configuration/assets,1815,5bf600e5242fb5a4687a382df620385bdcbd0f3d00eb15504c22d33d506bea72
backend/alembic/versions/a1b2c3d4e5f7_repair_non_pending_personal_task_roles.py,source/configuration/assets,2503,077ef0159215c76d547a919f834b17cf7bd836702bbe7c1f05d3ec65aa8a7c50
backend/alembic/versions/a4b5c6d7e8f9_screening_join_indexes.py,source/configuration/assets,4386,504e811cf27fb5d27f0442bf490109e09333ab4edad992e6f2856ad421e8c745
backend/alembic/versions/a4d9e6f2b701_domain_integrity_traceability.py,source/configuration/assets,4317,d4f1fe3f1285453348b2de6051b78ce36bf4ad73086b24662f4722060956535d
backend/alembic/versions/a6c9e2f4b7d1_ops_and_feed_provenance_corrections.py,source/configuration/assets,5527,5380e1af30bde716326af739e0bc41ed7eed010b8685a3bd13a581c38d1f3f06
backend/alembic/versions/a6d4e2f9c8b7_insurance_audit_finance_planner_integrity.py,source/configuration/assets,7113,ac16f8a8de036624932e40c9cdaf160da6cbdf16688c8021ac536a1bff9330b8
backend/alembic/versions/a7b8c9d0e1f2_kidding_husbandry_care_fields.py,source/configuration/assets,2308,c3f77aa6fc31d7d333ef70ace2537de8ba494c0f797d473e8b268dfa24db102f
backend/alembic/versions/a7c8d9e0f1b2_add_disease_screening.py,source/configuration/assets,7673,07f51f69086e988293a8804f863cf0e3ae23a487617df9779b257cddaa3def78
backend/alembic/versions/a7c9e2f4b1d8_auth_session_and_team_hardening.py,source/configuration/assets,1985,b3b318d7d7961263415633c684ed54d3989f5500022a920d378946694557493d
backend/alembic/versions/a8c0e2f4b6d8_movement_restriction_alert.py,source/configuration/assets,848,4672b30fd85a4e1baeac5d0be3e4e29cc9c9adb1b1a076d25606774f15ac147c
backend/alembic/versions/b1c2d3e4f5a6_integrity_concurrency_hardening.py,source/configuration/assets,9648,6d78e2bee4d25100449692d73dae7b5c906825e1d36d5844f4712d6fa3ac9122
backend/alembic/versions/b1c3d5e7f9a2_drop_redundant_single_column_indexes.py,source/configuration/assets,2139,c4e22a049c63298c1df220ca092d9f2b6ba97fc4c4945c1589a6ec3b42f8e790
backend/alembic/versions/b2c3d4e5f6a8_utc_transaction_created_at_default.py,source/configuration/assets,1641,738ebc6155e498274d71e1f3371a8347122b8a42b34cc29d30ec716dabf8c35f
backend/alembic/versions/b3d7f1a5c9e2_farm_type_and_dairy_support.py,source/configuration/assets,9379,7c8b833915f5fd6adb48ccb4737158ca94b1e11a82b2bc464c2af3b92629e5be
backend/alembic/versions/b3e91c47a2f5_refresh_sessions.py,source/configuration/assets,2204,156ab938ae4ca50a20cd0d71b5552ecd03828b7170d1317b85b69073ac6225ba
backend/alembic/versions/b5c6d7e8f9a0_timestamp_server_defaults.py,source/configuration/assets,1896,174f53729a1810e6f165d3afcc3e2d53e76afb0d437f40dbb4f0987b81c08e7c
backend/alembic/versions/b5d7f9a1c3e5_backfill_species_reference_data.py,source/configuration/assets,5067,9cd94b3762ef264d5e9a44c27091a2da2e186760d03809cc6043c72e18699970
backend/alembic/versions/b6d8f0a2c4e6_history_tables_tenant_foreign_keys.py,source/configuration/assets,4230,2166dc4ee20632567e851f0b6904efa40678edf5028f5730daa950feb698be89
backend/alembic/versions/b7c1d5e9f3a2_task_provenance_title_keys_water_category.py,source/configuration/assets,5669,3537915f5cfcb17baa6dc1c000ad1883480dc1fea00cddcbdeff73033c4a4cdc
backend/alembic/versions/b7c8d9e0f1a2_health_compliance_metadata.py,source/configuration/assets,3715,b6597a69ae5caec47042d2ccca0f10055540c7b01e440c8f86c88a60c10eda84
backend/alembic/versions/b7e8f9a0c1d2_merge_screening_and_finance_integrity_heads.py,source/configuration/assets,756,99b8f71e824f700a01c8b7d47a677c1450c09723e2f3ef261ba9d88969af815a
backend/alembic/versions/b8c9d0e1f2a3_purchase_batch_provenance.py,source/configuration/assets,2433,26a135bd290caffed890108499626155baf43c324ec934c9e67b0cda6f0f9d40
backend/alembic/versions/b8d9e0f2a3c4_screening_phase2_rotation_specialists_review.py,source/configuration/assets,3244,204621973e60afcb5d737ffaf7e91bcdf40dcb4e5ca34caa268b571b8a7ea8d5
backend/alembic/versions/b9c0d1e2f3a4_screening_attempt_budget.py,source/configuration/assets,1202,cd90106af2fc9b9b0df1e13e8962544190ec97e21f5481e96675f927c36f998a
backend/alembic/versions/b9d1f3a5c7e9_screening_images_bigint.py,source/configuration/assets,921,9db9033b1b3b4fadc1732c144a8d5727c0d61b53ff8d7e90afaf50420a99b10d
backend/alembic/versions/b9e1c2d3f4a5_reproductive_outcome_integrity.py,source/configuration/assets,11951,9cccfbb95f035d88e3cc25e3e42d5495293db23aa56f23a4088aa76a8d7dbf0a
backend/alembic/versions/bd201c1cdc1b_goat_only_simplification.py,source/configuration/assets,14132,6ee693b2494449d634b1d8b784953e08cc2e660af82737ce94425429ea97abc2
backend/alembic/versions/c1d2e3f4a5b6_domain_check_constraints.py,source/configuration/assets,17411,cff561abe0ac5fa3949edce824b218420ac29c313d594dc105223e3d8cc95733
backend/alembic/versions/c1d3e5f7a9b4_notification_recipients_membership_tenant_fk.py,source/configuration/assets,2447,e053bfab60904210f7b92d3142cf60ca561e1467c7ab17f82350f66ccc246d7b
backend/alembic/versions/c2a4e6b8d013_animal_sire_index.py,source/configuration/assets,3640,dd9ded297a08420f5f54518dcb6a4f1726fb2959c068272d047581b870f9218b
backend/alembic/versions/c3d4e5f6a7b1_kid_entry_tag_index_predicate.py,source/configuration/assets,2416,df0e47dc26371bc19d70bebd67053582f89a39b0c6b7f0493412132ddb2f7c4f
backend/alembic/versions/c3d4e5f6a7b8_famacha_duty_category.py,source/configuration/assets,2826,171d927d6daa8d7e71ec126babd3c25703e1bf334389a5280e6d8b47e39308b8
backend/alembic/versions/c3d5e7f9a1b3_totp_recovery_codes.py,source/configuration/assets,1741,b63dc3b5e77fafca19356dca6bf0c84832c018301081b8d68187220c8c720995
backend/alembic/versions/c3e5a9f1d7b4_residual_numerics_next_due_jsonb_guards.py,source/configuration/assets,10765,87a2264870fd31699b3bcb084393d65aa92ef800fb8165f8428b9eb2c0ada335
backend/alembic/versions/c4b72167db86_simulation_scenarios.py,source/configuration/assets,1785,954de05c7222f6f138c95bc3ba32daeb6fe95ca9db3860ddd6fb3f2d18750fba
backend/alembic/versions/c4d5e6f7a8b9_tasks_rejection_attribution.py,source/configuration/assets,2085,3b953b28227abd11b6271d90553811614b62c17344de363a9f764db978e6daa8
backend/alembic/versions/c4d8e1f9a2b7_screening_upload_hardening.py,source/configuration/assets,2950,588fcd25d57ffd3373c0ad32f63dab9cbe0b5dc0de579f37a3996e727fa7f78c
backend/alembic/versions/c4f6a8b0d2e5_json_columns_to_jsonb.py,source/configuration/assets,5247,66fb63819f17024f1fdc844add7807b9f86f76813d3c4f2748b81a8660fca93d
backend/alembic/versions/c5a8e1f3b7d2_milk_correction_audit_and_fat_pricing.py,source/configuration/assets,4739,1908a019aaaa7fe3017602fb586cc15ff5d0de12957899f3d74537f9e34fecca
backend/alembic/versions/c6d7e8f9a0b1_screening_finding_crop_bigint.py,source/configuration/assets,2704,eac539a4d708710504764035fc1b43d06d1bf0962ebb306dc442048f96bc3703
backend/alembic/versions/c7d8e9f0a1b2_index_hygiene_wave2.py,source/configuration/assets,5035,c0c77c3b9f6e75bd8ee15769a68ef9a927688f7021c89147be51d1393b6b4955
backend/alembic/versions/c8d2e6f0a4b3_updated_at_phenotype_vocabularies.py,source/configuration/assets,7640,0f49b0e69d9c51ca415344101d2d461c499df2929095c1d19befcc5f1e9e4985
backend/alembic/versions/c8f1d3a5e709_finance_feed_task_integrity.py,source/configuration/assets,11404,dfbef403a1ef84084536b5017aa39984dda46a51fa73bc51a881d36e4aa2006f
backend/alembic/versions/c9d0e1f2a3b4_sale_capture_and_death_audit_fields.py,source/configuration/assets,4182,dc5115063c0d210cc4d2921471d7783945de5096c225c8930b146254fed4ac23
backend/alembic/versions/c9e0f1a3b4d5_screening_phase3_crops_detection.py,source/configuration/assets,4435,5f2ad957240a5632868384d5eb79ca8da0f55d2bfbf470764539af7d436034cc
backend/alembic/versions/cad1e2f3a4b5_drop_unproducible_vocabularies.py,source/configuration/assets,4094,09e1bf04bc6a2c2a9cb4cda3e55d1a01a2d014a2f8aa99eae6d3446f9d0d0861
backend/alembic/versions/d0e1f2a3b4c5_insurance_register.py,source/configuration/assets,5008,2ca1c90463b3b7e8e9b6d9451e232ccab0f82425c98be526b4509d38893659b6
backend/alembic/versions/d0f1a2b3c4d6_screening_disease_check_batches.py,source/configuration/assets,3438,29019a4cb5a28308d7630739d48628dde1d629d52aa4f1505a875a758c66f2c3
backend/alembic/versions/d1c2b3a4e5f6_unassessed_breeding_service_outcome.py,source/configuration/assets,5108,f9c905077b5b5c0dae6d204d9f537b3029747744b66094d2f32be9b01789d199
backend/alembic/versions/d1e2f3a4b5c6_widen_gestation_check_constraints.py,source/configuration/assets,4346,4274a5c15d361b8ea02721e0c1a09998cf32c42d4dd38b5073932cc5bf1fce1f
backend/alembic/versions/d2e3f4a5b6c7_purchase_batch_sex.py,source/configuration/assets,1924,b0cd1881a486a44cb22cbae179ce533dd5094775cc079bab7d6fd4fcee597a13
backend/alembic/versions/d3b5f7c9e024_tag_namespace_farm_lock.py,source/configuration/assets,3868,c697e4722ec00ee5a1617b0e9fc2ee4292dd89d8dee3fcbc125bae4bb58afaac
backend/alembic/versions/d3f4a5b6c7d8_health_restriction_audit.py,source/configuration/assets,11515,785cfbf5c1b6cb9667055794ac867a049e96699bbd7fc51264b76abf15030873
backend/alembic/versions/d4e5f6a7b8c9_user_tombstones.py,source/configuration/assets,2492,721fe5f05565a940e44a4d5e7d7a8058b46be8a8b352bceede2a44661e6d8599
backend/alembic/versions/d4e6f8a0b2c4_worker_pin_auth.py,source/configuration/assets,1076,62d904ca0e532d112cfb83d7b1657269c5b65dff3373066e0a25c25542c7a697
backend/alembic/versions/d5e7f9a1b3c4_unique_preset_role_codes.py,source/configuration/assets,5523,c7472487071da4cccadec3e9b0c914294935415052de6e11e1224d6c1fd61c33
backend/alembic/versions/d7e8f9a0b1c2_health_schedule_template_links.py,source/configuration/assets,8859,9f3a1edd52f97cb5ef28f34c7e70986578c67d2a8c4d86920d6b686969a48766
backend/alembic/versions/d7e9f1a3b5c7_notifications_tenant_hardening.py,source/configuration/assets,4492,1f247fa1d4ad082ab608b90f6c45a7cf149a2e0dbbc53aa711f0f610745bf98a
backend/alembic/versions/d8e9f0a1b2c3_feeding_daily_indexes.py,source/configuration/assets,3846,74a1acfb4cc49cecf9f0074fee70b40b921785ba91641b26abf7aef30cd177da
backend/alembic/versions/d8f2b6a41e90_concurrency_indexes.py,source/configuration/assets,5775,b4c6fdd82cd022a022a264972dbc1c7eedf05cc81d4843435177a64ad109da34
backend/alembic/versions/d9e0f2a4b6c8_timestamp_server_defaults_wave2.py,source/configuration/assets,1945,a5db01ac167d2a340643b1dad77db3560893e76ba6b28d957abe278b8f41abe4
backend/alembic/versions/d9e3f7a1b5c4_exact_weight_numerics_index_hygiene.py,source/configuration/assets,7885,1839ee1eb13e0d7345ac1a69c467d24a37b4a0e99c9df659f0710722f8b976f9
backend/alembic/versions/d9e4b7c2a610_movement_clearance_audit.py,source/configuration/assets,1272,82a3ddc2ab2f0d9db2ea0f82d22ea4f353195d937648c71e8cb3bd094f7ede28
backend/alembic/versions/e0f4a8b2c6d5_backfill_kidding_parity.py,source/configuration/assets,1933,23506bba917792d9a10c8589b7ba5c6f6ed7f478333f2b8b3c00710e252cf678
backend/alembic/versions/e1f2a3b4c5d6_insurance_premium_history.py,source/configuration/assets,3989,d044e245a2508f05d1492e66366d97c2694b33b2200ad75cb8fcaf443f415eb3
backend/alembic/versions/e2c4f6a8b0d1_idempotency_records.py,source/configuration/assets,2479,2c4df88e57a11def11aa83c9fffd266a9ac536edb870251482ea5316497bca27
backend/alembic/versions/e2f3a4b5c6d8_screening_image_fk_bigint.py,source/configuration/assets,1814,8ccba33773cdbd7468cb2e86e14e96e41dcbd1057b8a3e6c0b4eb0ae6f2acd93
backend/alembic/versions/e3a5b7c9d1f2_worker_password_rotation_flag.py,source/configuration/assets,893,09fe66595623b7e3f837dcf05df8315bf5b3820cf0f3b53ae6220a87bb62b50b
backend/alembic/versions/e3f4a5b6c7d9_domain_audit_correctness.py,source/configuration/assets,20102,ea37ae0093c901d01bec66ebf0ea0ec328c657d0b6f51cc38bc5aaf662c41e01
backend/alembic/versions/e4a7c1f29b63_query_performance_indexes.py,source/configuration/assets,1465,4df2df721b6725393553d616f4ee8f1bdd906534fd0098e09e39ae2da9290d49
backend/alembic/versions/e5a7c9d1b3f5_notifications.py,source/configuration/assets,3763,df458f86fbe5310e7f4effc45665117fb0d76a6ddf1bdcc4e941499f683510e6
backend/alembic/versions/e5f6a7b8c9d0_query_path_indexes.py,source/configuration/assets,6127,ff93e55076f2fc286affe28732e0dc9d4b683fd1992c03f448c2a0a420b97702
backend/alembic/versions/e6f8a0b2c4d7_monetized_cull_dispositions.py,source/configuration/assets,2913,4d358f265b6be4be5caf7f2b3dd43499b03753f3a9bdd4f0d41a184e94252342
backend/alembic/versions/e7b9d1f3a5c2_direct_sql_writer_parity.py,source/configuration/assets,3938,6ffba07654809438da9a9688273ef103906822fe88a4fbcd54ff2294b381d85d
backend/alembic/versions/e7f9a1b3c5d8_kidding_trigger_lock_order.py,source/configuration/assets,8298,43e87e47d2bc0eb973e1adf30e34253bf90230992efee80b32e40c76045dcd35
backend/alembic/versions/e8b0d2f4a6c1_tenant_history_pagination_indexes.py,source/configuration/assets,4158,50b5dad5e378fb8ab90422c7d57225ec6eb4cc88b9695f6167220520249bf3ed
backend/alembic/versions/e8f9a0b1c2d3_screening_images_bucket_width.py,source/configuration/assets,1460,13d87e974c3b1098e71b78b659ea50459d690b16fd90f14982a0e4c0fc1a8cef
backend/alembic/versions/e9f0a1b2c3d4_bounded_team_task_lifecycle.py,source/configuration/assets,3213,93c34bbb331b813f54b428e8af881d4ee26cdb611fef7fc769eb3f1e9c175b23
backend/alembic/versions/ed5efe13a516_initial_schema.py,source/configuration/assets,22870,80795d6953605173a6de309fedd541c12f6227c6811c144f3e0b3cac174ec972
backend/alembic/versions/f0a1b2c3d4e5_pending_animal_task_cleanup_index.py,source/configuration/assets,3336,ff7575da9e475a56e9a9da2cb01b8fbb02743b8f9f6411db990b35f0d280000f
backend/alembic/versions/f1b2c3d4e5f6_active_membership_cleanup_index.py,source/configuration/assets,3818,d23b925ff85ecbeaaf188d1704b11943616b882363b34c3cc6012ad582a80129
backend/alembic/versions/f1e2d3c4b5a6_husbandry_vocabulary_check_widenings.py,source/configuration/assets,4015,abf35b2e00803c9ee6fe39c0f43792d882d80b42a86e7e4e6580545dc3f2aa3a
backend/alembic/versions/f2a3b4c5d6e7_propagate_maintenance_recipe_fix.py,source/configuration/assets,3136,f773dd9be0655a34fddbfb952b877f56a2000a833d1b3da4f958e6df69d5e2e8
backend/alembic/versions/f2c3d4e5f6a7_feed_quantity_numeric.py,source/configuration/assets,4275,1779a74843976aa0e91d9ba2a2a5d23b8119e2b7e1b05a60256f44eb78c34544
backend/alembic/versions/f3a4b5c6d7e8_sale_weight_bounded.py,source/configuration/assets,2316,22744574fa59f37037cc9be87b04251b830896d0b3a908e5fbe1e4b855ef5074
backend/alembic/versions/f3d4e5f6a7b8_actor_scoped_farm_idempotency.py,source/configuration/assets,7733,dfdf10660371c31ad5f78680e9f12e401b3834d41a5b0d1557246ebfd409ac6f
backend/alembic/versions/f4a8c2e6d1b9_durable_mfa_challenge_replay_guard.py,source/configuration/assets,1834,564c4c9c6c70eee32a19f74dab8ad74f07b0914f398bc91851b9c1f4885428f0
backend/alembic/versions/f4e5f6a7b8c9_purge_sensitive_idempotency_hashes.py,source/configuration/assets,1000,d745f2023c4969c2d6faefe20d99e9e63885283fcd30dcace848cd18a770fa9c
backend/alembic/versions/f5b1a09c8d7e_schema_hardening.py,source/configuration/assets,8195,ea21d390379b5e980c1b66f92a64d41d5267d4a047f562adbd4ad48a0cf54df5
backend/alembic/versions/f5b9d3e7a2c0_scope_pin_refresh_sessions.py,source/configuration/assets,2351,d650e14be5e643badb7eafb845e5db0b397b05f2cfbf1d7eecaad931561a4650
backend/alembic/versions/f6a7b8c9d0e1_refresh_session_bounds.py,source/configuration/assets,4960,08b58c7780927207ba4de2582b1af449f1392c70f765b5a6ef4796dfdac30570
backend/alembic/versions/f6b8d0e2a4c6_data_housekeeping.py,source/configuration/assets,2245,1e739d889986048434f7eba010f80535ddaac2085a9ec156cd786dd6f54f524e
backend/alembic/versions/f6c0e4f8b3d1_clinical_evidence_and_budget.py,source/configuration/assets,19023,3e7bb21d5532e3531a5fd9b105c0f226f2a1a42284e8ff18d480cbe778deed8b
backend/alembic/versions/f7a9c1e3b5d7_screening_content_claims.py,source/configuration/assets,3069,37c8e05ca34653b5899556ed727d73fe6055d2c9b11df20f2de6e50b9ee9a6e7
backend/alembic/versions/f7d1e5f9b4c2_transactional_notification_outbox.py,source/configuration/assets,3382,ab2528e49076a6d222f8505f35cb9cbb8c4447736252cecc7fa4c2f301abac77
backend/alembic/versions/f7d8c9b0a1e2_tenant_composite_foreign_keys.py,source/configuration/assets,13218,b15a0ab009942b997508009d647ab87a016421e00d6d1de0306690d4b42f58fd
backend/alembic/versions/f8a2c4e6b1d9_widen_preset_role_codes.py,source/configuration/assets,2567,aaf215df13a09f1069d2441ee0d2df499f97a7f6d42f704245ba12171221aa81
backend/alembic/versions/f8e2f6a0c5d3_durable_maintenance_progress.py,source/configuration/assets,1856,4e30a758b5ca922540c3544b0082447af5253570aafae6aae92d1859186a9a7c
backend/alembic/versions/f9b3c7d1e5a2_widen_kid_count_check_for_goat_quadruplets.py,source/configuration/assets,2740,811e7c1b79725183b2c2e7890108dded0de69fa2154b6c878af21023f920c06f
backend/app/__init__.py,source/configuration/assets,0,e3b0c44298fc1c149afbf4c8996fb92427ae41e4649b934ca495991b7852b855
backend/app/api/__init__.py,source/configuration/assets,0,e3b0c44298fc1c149afbf4c8996fb92427ae41e4649b934ca495991b7852b855
backend/app/api/_run_limits.py,source/configuration/assets,16989,607c555d5eeb90993d04b8e0baf001f731ad79aad7fc7b49a9172343633f67dd
backend/app/api/_shared.py,source/configuration/assets,20050,18140f0f6e38bbc220cf44365f70b0712a057aad4d3fa7df9a559990adb7f293
backend/app/api/animals.py,source/configuration/assets,69526,23c6997cc403985ba6ca4f649412baa538633858c9946db92136871c55934af2
backend/app/api/auth.py,source/configuration/assets,146000,97e83a0e0db82e5cab6bd632eb89cbb30da3504ac619e82d155d2e2fc67372ca
backend/app/api/breeding.py,source/configuration/assets,18141,dd25177fdb8536ff55728924c57b028b91634f6daf24e4fcdb46b2517999885b
backend/app/api/buckets.py,source/configuration/assets,5699,3c83cdab8061196b4ece99f896129b9a87df2ea1d45d71a48e6b2270be8a98f1
backend/app/api/dashboard.py,source/configuration/assets,33285,8126265ac87d88ef1c85996a243e27ca113e2a23df333dfe75b30e576d74d8d6
backend/app/api/feeding.py,source/configuration/assets,13672,c560138a1c05e347f58a52f6ebbc2d7e2f3a3eabe92af893d99f83abaa9d2932
backend/app/api/finance.py,source/configuration/assets,43888,10ec55c1a797dd6f85bdeb4fe0e6f9d531a34d8deaf7432ea9915c6947a20fc4
backend/app/api/health.py,source/configuration/assets,57295,b18bd0548051ed9c25566b5569811db9a4f1198de7b2a288d9f6555a01b4a8eb
backend/app/api/kidding.py,source/configuration/assets,18495,d1fea974ab71f9e7514c77319dbedae727fe4ee869049b4256c003af360e3abc
backend/app/api/operational_metrics.py,source/configuration/assets,1248,c475d5598c5fd941b146575f7c96ce4068bdb12858ff04e3e9482ec1b8a1ec51
backend/app/api/ops_simulation.py,source/configuration/assets,7178,86bd772e3256a4c9d85730929966651482a7a529096d753d0ad76f774440de4e
backend/app/api/owner.py,source/configuration/assets,15327,a3164bf7aa3930ffeaf9104158f61792c159300cf8a1849c95c75a9f8989800e
backend/app/api/planner.py,source/configuration/assets,20858,466fdd6d462a6fdf0d68281991b1ff5c02fa03dfe59d6403f02956d34573b308
backend/app/api/purchases.py,source/configuration/assets,12682,ca90aa0d42fc2d9649907b05b4f15631635f2d0c2ef554ba37d56d61e9c6d8d8
backend/app/api/screening.py,source/configuration/assets,44213,bf583c7eb382a3f088ba333ec034ad47bf88b46a7da729df94d5753deeb70c6b
backend/app/api/simulation.py,source/configuration/assets,29301,b4a5d8c28bee26a4c84d2404a51f442f78737f75ee08661d7e3dc23d8b93b3f1
backend/app/api/tasks.py,source/configuration/assets,39158,cab3a7b561ae38213177c6a28503b16157646f66a42ce7b49efc19b3ca54b833
backend/app/api/team.py,source/configuration/assets,64769,ffc63031f5334341718dee97e3016fccdb0083a28721e1d0e66b6cc923bb8862
backend/app/audit.py,source/configuration/assets,1215,a10e5b1ced160cd13afd7b46af3bd7c480106b2476c53b416659ff29e683aa52
backend/app/characters.py,source/configuration/assets,2645,e0a4591a9a3e4db5f13da48b1946d620d1bfa6516b6945c6b24cf0add7712570
backend/app/core/__init__.py,source/configuration/assets,0,e3b0c44298fc1c149afbf4c8996fb92427ae41e4649b934ca495991b7852b855
backend/app/core/config.py,source/configuration/assets,93499,2a42f895c890f7e05a094c81513bf333aa5017f7819fc4ffe91b6556ef168a5c
backend/app/db.py,source/configuration/assets,6422,6b373d55b0d57e9f34a140f7440d12487702e978ab8f5ce10438a267bd93abd5
backend/app/deps.py,source/configuration/assets,33331,ee72c63b77cff96093fce812291419bc57408adce8a079248c00adf013821e07
backend/app/main.py,source/configuration/assets,49718,e48878ecde10c1e5cb1606d774baf6ea4894d2d82b97c833b14fa8c470d225f8
backend/app/metrics.py,source/configuration/assets,7361,61a6aadd0c9601af696c3a2bb4064aa1272bf342d6157603b27b6f5e54a29e4f
backend/app/models/__init__.py,source/configuration/assets,5946,8a85db64ff63bddedbad8da81a128507d9bed4f13eaff1c42e14196e40be0d95
backend/app/models/animals.py,source/configuration/assets,31546,70bce72ab0ce93817bcfcf635f7b2a99a538198de20fddb9e7b4f05995d9ae6c
backend/app/models/breeding.py,source/configuration/assets,16445,433b2152093157a38d0c5a073abd2466d605e6e9e9cf937328e25d7a05210c23
backend/app/models/constants.py,source/configuration/assets,4829,d5ce0a8a42e9b1416e34424a38504114b67f119e526dd2bfcabf008ac4f1ad7e
backend/app/models/core.py,source/configuration/assets,17923,a5b880245dbd7ba2a7beaec294c92d1bb603f4dadd38981841119226e60f96f7
backend/app/models/enums.py,source/configuration/assets,9042,dd5702af6f729c8b7c6a273c318a832c6d65cf56d5358f649b749cb3360f68af
backend/app/models/feed_rules.py,source/configuration/assets,7794,3f31c2a6e3d525724eee4fc4c6f0967767804c5c80d26e1cda45ec97c4dae8e6
backend/app/models/feeding.py,source/configuration/assets,7876,065ad73bb155557b49c38d4276677db873e9191c676d737663b8d0945378ba08
backend/app/models/finance.py,source/configuration/assets,14190,b53f27cae853eb0379871f9107cd2144f13f7d84c2f487754b3429ece47bacff
backend/app/models/health.py,source/configuration/assets,17849,3e96c632815afb3504f3c52b5c4eeaca81d619c694653242115cb3d5b8b93ace
backend/app/models/helpers.py,source/configuration/assets,7445,453d5bd033b400d1112f198854b72a7eabc42aabd965b93cb869a51ef806294a
backend/app/models/idempotency.py,source/configuration/assets,3075,d73773bed6d6b92f0801582f604f08c0caa30f48dc88a5346e812c5b3165ca7e
backend/app/models/lifecycle.py,source/configuration/assets,3808,81733c3b1f6f9b808936aa384328cf6318391b8d8b73f2b33325b48ad66ba5af
backend/app/models/maintenance.py,source/configuration/assets,1210,fef87869c1f7c9a6443a57c044c32bd5f0ecaf70d95c4eeb7970e86794f2057b
backend/app/models/notifications.py,source/configuration/assets,8907,4e6368e9c5febb4de89fe2cb1b70f62f8b99de977ade48204c44650eab55cb5e
backend/app/models/planner.py,source/configuration/assets,3427,2e7a448451f48b8421cb9f52d997e21c3ef6325bd609b7e80248b7622b63a9c8
backend/app/models/purchases.py,source/configuration/assets,3790,4d2d844331cfce0987f462f8676608de4651330fbedcb383d85cab82a1831d27
backend/app/models/screening.py,source/configuration/assets,26146,7c38bce27fd177c1c03087d8c077fa62fec81d3c4e708fbcaee20bc2ee2c7f51
backend/app/models/simulation.py,source/configuration/assets,2849,5f34fd1733be8ed87c1f566047717cd7b2100edd666bd8bacf06d356130751c8
backend/app/models/species.py,source/configuration/assets,4720,5e28b7dcaac24fc9cb2da2091ff18e99636c53eaaf1d327473698d3a1fd1f7f4
backend/app/models/tasks.py,source/configuration/assets,10971,297a7d2bc6ef7781a3d19d69a255a54e0169d8558b7d77477999f57f50ad66c1
backend/app/permissions.py,source/configuration/assets,13123,f4952e4b0685565c02d1fc49a97b9a9d64bd81942620a916bc07c99e9f1ad216
backend/app/ratelimit.py,source/configuration/assets,20437,c62aa826f63063b1408d9c851191d56fce8d1ad7cdfcfd8217663962f0fe6c0b
backend/app/schemas/__init__.py,source/configuration/assets,0,e3b0c44298fc1c149afbf4c8996fb92427ae41e4649b934ca495991b7852b855
backend/app/schemas/animals.py,source/configuration/assets,15405,c48725cec0472158d918c94da7c7fa8a113d8faf74bb0d171b804dada88041ca
backend/app/schemas/auth.py,source/configuration/assets,9547,9fa70e379906737308ca09e8bf66878efb4c3c81de0298d5661b802870938576
backend/app/schemas/breeding.py,source/configuration/assets,6343,30c7575ba33679e5d7003358e6679e24c3f8e1cad5e4db381c91dc409804bd00
backend/app/schemas/buckets.py,source/configuration/assets,572,fbf144abca1fc56a8d2b597e6c3f380fcd64785ddc49c64f80d1df4f89830d9d
backend/app/schemas/common.py,source/configuration/assets,13152,a39aef03158bed6c473f936c78159d695e623f343c6028b0bd82c6e446db537b
backend/app/schemas/dashboard.py,source/configuration/assets,6260,42b8ab8e8c47211fdc2007bf7b9a286600d0450bba8212eac4d189f84cfebc12
backend/app/schemas/feeding.py,source/configuration/assets,6196,52fc69df833ad2c6fe5b410cdddc3de1d84aacc5fcedeb8a1b7c10e07430e34b
backend/app/schemas/finance.py,source/configuration/assets,9775,005798b7bc25ecb049d050f3852e367264a21f35b04014e09c88935998212999
backend/app/schemas/health.py,source/configuration/assets,16767,0b2128cb1bdc1fb5717095ffadc48c983fe351719a5219a044146ec6414c578c
backend/app/schemas/kidding.py,source/configuration/assets,5171,b5f4ad515fbdf93a9e05947f4f744fae5262408148a376bd1d383e257d922f92
backend/app/schemas/ops.py,source/configuration/assets,342,9558d4c6273207b7d9c07cce8ec23670bcd9d463368d732b5c3cabf0310607b0
backend/app/schemas/ops_simulation.py,source/configuration/assets,1799,2838cd57bddcd248b3d61c21b7abb26f76cf2fcafc4e7cde2970106f488ff618
backend/app/schemas/owner.py,source/configuration/assets,1688,9e9082f2182b4eadb4367e75c2e6082d3ab0e20599545f2376e45ee8873849fd
backend/app/schemas/planner.py,source/configuration/assets,4158,eceb4033e316ecfbd9249922ab5da598bc78c99112a247175b1b5e1dff21f8ea
backend/app/schemas/purchases.py,source/configuration/assets,4540,ed204d52976589debaa6441ab9d8da559914ae8cdea16be559e9c501d458031b
backend/app/schemas/screening.py,source/configuration/assets,11307,aa686653a7380c704ae09b61276a5446d9c582e4768668a4624012f6fc106b2f
backend/app/schemas/simulation.py,source/configuration/assets,3889,9f84f5dc12b0a4d081314f85fe199b272d7ef438e6d92a5bdcf41e3b33492228
backend/app/schemas/summaries.py,source/configuration/assets,2474,9ccf8bd826e8613f96b185d319395793a8645fc6ba5a865c0547e982e5d3fb68
backend/app/schemas/tasks.py,source/configuration/assets,5119,d6e3deceea7a53f498f36a57bc9ecb54bb1e693b9379944c3125c948bdc9a7fc
backend/app/schemas/team.py,source/configuration/assets,4381,26c43c66fe4e01d0bc188ea9e40e8ac40a025c49be75290838bdd410e0c592dd
backend/app/security.py,source/configuration/assets,48121,c6de9cd6ca13d9de2c28bfa93fef999b9290b2511f43edee098ae5ed3fe4bca6
backend/app/seed.py,source/configuration/assets,28934,efaa4e1affaa075c96410740a2b77cc74883e7abbe5005ea37b0fd3ecc8fdfd5
backend/app/services/__init__.py,source/configuration/assets,7879,68f0f6088e6015beb992e10de602255a9ba3a8d98c645898ded506c3e738b002
backend/app/services/_common.py,source/configuration/assets,6680,c71f233b55e7d862d3b4b3a4b597f3ef5a547ae6d93317408196b0939e0daf63
backend/app/services/animals.py,source/configuration/assets,16629,a514a2f258cdc930aa9523546a06164fec89403e52df72d2262c828138d60601
backend/app/services/breeding.py,source/configuration/assets,48537,8debf4d290c6737f49647fab95af0b5f968109bce9baaabc3d001177febb2526
backend/app/services/cadence.py,source/configuration/assets,24094,088b4090515302e6b6084707e61b1cf9ea9dec0e0efb05c38fc2817e33371746
backend/app/services/chronology.py,source/configuration/assets,7539,46154914ce9ae22b4509741642d7b190ef7998360c9dbeb5cc86d18e4c3525ee
backend/app/services/dashboard.py,source/configuration/assets,15372,b14d9a6e5d686503e188be002066796dd4748eda92427b6be2005c2638a5d6cd
backend/app/services/feeding.py,source/configuration/assets,30619,696d5b5c807792ab238c715f40a5bbf4c239f7aa2d1b880459606faa8ad24bf5
backend/app/services/finance.py,source/configuration/assets,29776,d6b860af9161aae45b841c54c9a9f033f8fca19b4b0e15a8f0a8810113bed56d
backend/app/services/health.py,source/configuration/assets,32249,cd811289dae9851e02bcb3729d7adb6f9e2432700dd80bd20fa09add207df47d
backend/app/services/health_rounds.py,source/configuration/assets,6529,60e65044f0cbf2ea34fd9b84164f56b269639a86c7d57e5489c05d5b8b5266bf
backend/app/services/idempotency.py,source/configuration/assets,18559,1c0154349ebfbc8b170b511e4de8540243fadf827835fdb714ad180027ef95da
backend/app/services/kidding.py,source/configuration/assets,26280,0f2c840e6e5e12046159bf32ffa0c65a589369907eade9c28e558939983b7c4e
backend/app/services/maintenance_progress.py,source/configuration/assets,4154,3852cae14e338fa1b26f30e9c756b627c30a0d26a3f2c37ca9fe6bd24a18a32f
backend/app/services/notifications/__init__.py,source/configuration/assets,1046,0bc64d8388116d3acacf0d8c6c5f1c775737ea3817d390d1feca08b6679b65a1
backend/app/services/notifications/hooks.py,source/configuration/assets,1918,c99a0ffee20023635cc81f98bda24412e8c73664c90147fc0f1041f25d099d32
backend/app/services/notifications/outbox.py,source/configuration/assets,7523,9e76307cca40e39b81b44c0c953488779582b458f549e30b749e0e6c072901f3
backend/app/services/notifications/providers.py,source/configuration/assets,5009,330a2b52fd1bbcad6b0ef45a41575b767d6a938c1ec7b96e3f83b597e64a1f39
backend/app/services/notifications/service.py,source/configuration/assets,28958,7af0a9e1d1d54d781781c6d00711bdfd2119660db1ac12d6daae5ec81268a785
backend/app/services/purchases.py,source/configuration/assets,10805,8c8dc13cfbc62063ae08a19a5cf1ef16f3e8a449e98916b26749fd92cafcd761
backend/app/services/retention.py,source/configuration/assets,12104,7ca664f3afb7f3f150123260ae2f917095a2c0aeb1f1a50c3993ddc069cdd6a3
backend/app/services/screening/__init__.py,source/configuration/assets,3318,a4225cc3e3d88b3d2373c5d0e274b3763cc1c853af90a8483c185cc2821bf107
backend/app/services/screening/budget.py,source/configuration/assets,4020,5b01b1b8e9b40f3610b314d873178338416e06e44e78d558cd2ad8d7f4a4d990
backend/app/services/screening/detect.py,source/configuration/assets,3951,fe0ad39c38ddf4dac1915a5dd7986635b896f89014392be1b8f012ec0c5ab213
backend/app/services/screening/gate.py,source/configuration/assets,6275,f360d713d55d7dbe524fabe2e6ee4aa984be394445b5a1627c0aa4601aa90618
backend/app/services/screening/images.py,source/configuration/assets,7523,70a23b4e734c52298b99ffa9ced5ba616b4247efcda283aaf26475bc1b021932
backend/app/services/screening/pipeline.py,source/configuration/assets,74426,6b67fe1e82f8c1fb31a70f22a3148a1ed7fbff96bb79e38b4667467fe3e8f2be
backend/app/services/screening/providers.py,source/configuration/assets,12544,1fb5623869aab61c9a38aed9cbd3d9e66e657fd4944bb2dc588b634dfb5d3c5b
backend/app/services/screening/rotation.py,source/configuration/assets,5304,4c79677021b416e3aa2b84162e3dcf4e3da48a66c1b4b1c6fdf7e91880535d69
backend/app/services/screening/s3.py,source/configuration/assets,16665,150f40c8fdfd55fe5735716cda606eade04ff723d1ca3ba30d95197744c599aa
backend/app/services/screening/specialists.py,source/configuration/assets,8303,34c6d46824673195b1bbcff470ffb3e3e3f7788ca2decc495571ba3d15e56f16
backend/app/services/simulation_calibration.py,source/configuration/assets,54576,65558c8172ba77259945efe5ec522a0ed86cf3ca03b4bb02c213e23dcf006b00
backend/app/services/tasks.py,source/configuration/assets,42963,92c23db906ff3bc1d1454554c19ce4aa749baba23cb5c1ead785b750a7ade994
backend/app/simulation/__init__.py,source/configuration/assets,4096,c2f05e6641e72148a23afc6a4b6f6dd4297e25300110c080f52147da95866dbe
backend/app/simulation/assumptions.py,source/configuration/assets,71106,c36626d9d94639e2960db234ad3bb4a6c01ec213248f587df96bd3dfbc36402c
backend/app/simulation/backward_planner.py,source/configuration/assets,24888,778bec5a559983118d3687d26c44ab0888551bc445f2d1aff10be5c0b07dd39a
backend/app/simulation/daily_ops.py,source/configuration/assets,89273,59f99a80d8ab4a01bfbfc735a395f545f98dd13d7143573c57f8df2b5ec903c8
backend/app/simulation/defaults.py,source/configuration/assets,11326,929a094c18719c2f080cc8fd90a5c0361cda30769bad9a4dd14ca6e09ce4ef8d
backend/app/simulation/engine.py,source/configuration/assets,109942,e061892ca8a65463c231e488b016d0becc67171ffe7f568257ef5421d25d7b2c
backend/app/simulation/explain.py,source/configuration/assets,57727,312e1e0283642581c0c4df5d5243b329f2f11d7bb57ae8ddd1e8b6a6e4dc68a9
backend/app/simulation/feed.py,source/configuration/assets,3475,9758a5bc76b4e9cb9ab1f5e1d88729f1727fd880b83ac2d96347afdf8a881321
backend/app/simulation/finance.py,source/configuration/assets,24158,788ecfbb334d0ae8b303c6eed596fb8c5706e891af7f675918e20f3b11cc76e5
backend/app/simulation/market.py,source/configuration/assets,8238,4b1065d37d2fb296c1ac6800253c58dad4d40329a931d7847f5c79df31d199ce
backend/app/simulation/montecarlo.py,source/configuration/assets,32387,f5caca458f9ecb2ae4dd8aa667133f16583a54f21a85a131ce477aa7dca2c95a
backend/app/simulation/optimization.py,source/configuration/assets,13876,9908c3dce20bd059c2029fd1d69dbef834dd58eee1a84ee69630034afe4122c5
backend/app/simulation/planner.py,source/configuration/assets,39410,7473ddd893b0bda0403fcb3c046843cb2558c2bedf3e1bdca186be22144ff831
backend/app/simulation/results.py,source/configuration/assets,14347,a1ea956372bf817d9ba40f38303b19bd7f1e76964e9214841565be74562b8d7f
backend/app/simulation/shocks.py,source/configuration/assets,1132,32ed693308501eda30d1762c6807cded2136dcd4dd710a477014f1d6224a5ec1
backend/app/simulation/snapshot.py,source/configuration/assets,1447,0967deea62a5ebbf0e83df2320e90d8c39d711c445b932134b2fbfeb626928fb
backend/app/simulation/subsidy.py,source/configuration/assets,1018,91732aaf13cf63355ede4b4e18659852b2898cf20985295c805c60b2a6b100f3
backend/app/simulation/vocabulary.py,source/configuration/assets,1780,fbb1fee870453fb3bb36183c0d59b487990bd50deb8d7ae7cf13e00a7a76c06d
backend/app/utils.py,source/configuration/assets,3671,177f085fbe75c2d91945a44a0925de6e9a842fa23f906c92e24aa42f08b181cb
backend/app/worker/__init__.py,source/configuration/assets,11673,ca5d49e4efd624f5b3566437112fed472b7a91920bccd4102ea76f2c2040dbae
backend/app/worker/__main__.py,source/configuration/assets,147,83040ded34733bf314ba8b7bb39cebf42e07196ce93fb78a09fe2312f34916c9
backend/app/worker/heartbeat.py,source/configuration/assets,2112,1e09a0732cb15d86157046959e0cf4ff5e91163e214c517b24065c7df041b3f4
backend/mutation/README.md,evidence/documentation,2703,732304d915ce4d6f6250d6fe23eea36ae6e76cc85282af95d358a8b694e672f6
backend/mutation/manifest.json,source/configuration/assets,4343967,750fb8b21c558d477bbabb83c48bad40779d59976ebc5ba687e8ffbe8e6eb2b1
backend/mutation/mutate_cover.py,source/configuration/assets,2632,d1860275957ca37bda2eb2b2025ac77000097557e183e41b9a48f43add40dfcc
backend/mutation/mutate_final_pass.py,source/configuration/assets,4082,507822b686334f43b7e7d55098d1da488917b8f229421f9210c508ffb093363d
backend/mutation/mutate_gen.py,source/configuration/assets,14933,2cf141e342ed5de7cdcb942239dc43d2679f85ce787356c5915a2c965ddd729f
backend/mutation/mutate_identity.py,source/configuration/assets,2575,5d842bd4c7c64fc01683e9a48471ae2643dc9909556ebda3a743831e91444200
backend/mutation/mutate_report.py,source/configuration/assets,3400,91ae7ae3e1f56543d5b23c24b6eeb8e3db50a438c43a76e8c7e19f7aabd84295
backend/mutation/mutate_rerun_survivors.py,source/configuration/assets,2042,e7db9edbcb5bc15d0e338191be13b49497f6988d266189f846ff0b7aca34fc22
backend/mutation/mutate_reverify.py,source/configuration/assets,2548,43fc190ffc01d621cc3412db9610ba148d1314a8df88f17731252d4ee0ae3060
backend/mutation/mutate_run.py,source/configuration/assets,18776,1b3ec67b920f4f4154fc5a190b8a3e380a9ed416978c41889901e477add902a7
backend/mutation/mutate_triage.py,source/configuration/assets,2818,e2647d4145124346f68b4aa2e13f6cde1f6285713ecc63a9e85f0826fbe678f9
backend/mutation/mutate_verify.py,source/configuration/assets,3307,f2921aef67a086b62dca01d029a076b123e7ed13d750404d73dace1a3c7af013
backend/mutation/mutate_verify_extremes.py,source/configuration/assets,3028,83b369e021b93311b5ab63ec0575c3b2d4fef36dc6fa9738cac740346f85d02c
backend/mutation/pytest_receipt.py,source/configuration/assets,1376,d501beca19492219b08b1ed809d72c74650245651f6f145e77b58746e2e1e5aa
backend/mutation/report.md,evidence/documentation,23485,8bb271c0604059d01d32b00ee500f335c5141ded9a8da18090f464d23253140e
backend/mutation/results.jsonl,source/configuration/assets,2208080,bfeb89878f774d3476babcfc77b68981f4c19e4a1fb18e3878338d01286e22ba
backend/pins/pip-audit.in,source/configuration/assets,18,7b4acc391ab477d5fedd5d34f8d7c4da0afdae1a6c0643aa0f877220386c75ba
backend/pins/pip-audit.txt,source/configuration/assets,31758,dd45dbbe7c6f32d68f39286a1394491c741bed56f7da3a83ce732d77fc4e7e47
backend/pins/uv.txt,source/configuration/assets,924,afed1b0e2846cf9379f9a11a11be45090b93f205a46c9609eba739d83f5c371b
backend/pyproject.toml,source/configuration/assets,6274,9e808de3f0356f42f02ecfaa2e9913d3cca25474545a338dd3cdd42c14ed6d72
backend/scripts/backup.sh,source/configuration/assets,20552,d4742fe79822eb7be51402497fcbd04a2b2daa0795d6d9deeb01523f1cf60707
backend/scripts/backup_env.sh,source/configuration/assets,6457,14105b28d55cab8365a6abf0b671f6bf6e4076b4ee6a9da6f3afb5e03b1095e9
backend/scripts/backup_flock.py,source/configuration/assets,2061,d5d33896a6ce78a6c29f1a55c5dd4ba0528d85a9c674f50e2cdd774caa8af168
backend/scripts/backup_legacy_lock.py,source/configuration/assets,14784,5c5c6e0aef40ab5b96421c63cc00a537b33bda2fe0928536a64277cca2b0f013
backend/scripts/check_trivy_ignore_freshness.py,source/configuration/assets,3626,602000bfe1c4c249e0c81ddc84dd851951bff3f8b4aa277412cf5c7f2841a905
backend/scripts/compose_env_guard.py,source/configuration/assets,6986,8e4c93b737dcd4e71dd00e951b6a241d6d6756d77706ac2e72d6fd4bdb544e41
backend/scripts/dotenv_value.py,source/configuration/assets,6479,9ad5b29845a6e36635cf2e8383c8e343dc1ff3a8b2a25f287f66af0d3ba7673a
backend/scripts/dump_daily_ops.py,source/configuration/assets,4099,2568f22476d48a451d5d4aea46435267f342034cb9ed50c654799ca3760d0684
backend/scripts/export_openapi.py,source/configuration/assets,697,2a0d59d2b16d251703085edcbf223ac5e48587df3baaf6791c247a15761cc3cc
backend/scripts/healthcheck.py,source/configuration/assets,1348,0f2f8f381a35a8da684ae3bc7a80785ec098cd71fe751a3f0d2bf9543054c834
backend/scripts/libpq_url.py,source/configuration/assets,4557,6ca85a39d4b38ac04b25338ab4e815f65e14b6afe1fd945b7c663e9fcd87b490
backend/scripts/mypy_tests_ratchet.py,source/configuration/assets,2467,3d2b1752c3155a23e0e3175ba97d97c6b11d2528baf5927b9043762c000e1f9f
backend/scripts/pinned_copy.py,source/configuration/assets,3542,8eb022cab03c863760c1c3525d26ebaa515d0da2110079231c9739a88de40ff4
backend/scripts/rekey_totp_secrets.py,source/configuration/assets,6862,ba199254e84be5ccfbfc932784d362f0e5f1ce89e379e0c983f4699bba6dc900
backend/scripts/restore.sh,source/configuration/assets,16366,5ad52078ece269a64b2257957c16a9779583e5eb032698a158df98ca0e05cbcd
backend/scripts/restore_floor.sh,source/configuration/assets,3986,2507dc69478a6300627caffdca5dfb1a83ca8344eeb4aac814393242ca285ab0
backend/scripts/screening_worker_healthcheck.py,source/configuration/assets,3964,1ceba4786e773fbadf3a56e7b4d867adb001b930fb40ec3263a0fd0e61d41794
backend/scripts/simulate_herd_buildout.py,source/configuration/assets,68107,bc798a73d5080e6acc300bb6081b318f300595922c28156592b9b0c420984d57
backend/scripts/totp_breakglass.py,source/configuration/assets,7840,00068d0d21a6ece1126042295e263497f112d7e78d4cfa0ff9b41791a9cea8d5
backend/tests/.mypy-strict-baseline,source/configuration/assets,2,9a271f2a916b0b6ee6cecb2426f0b3206ef074578be55d9bc94f6f3fe3ab86aa
backend/tests/__init__.py,source/configuration/assets,0,e3b0c44298fc1c149afbf4c8996fb92427ae41e4649b934ca495991b7852b855
backend/tests/conftest.py,source/configuration/assets,14563,8ab2d30b9b281daa9ef6ae3cf4f789cc2d06dc862d7c264c012d8e2049608ccb
backend/tests/settings_helpers.py,source/configuration/assets,1167,0b7e5d2464cb0280a9ea1d3eeb3e37390469efff900fda5152d8a4f025c7c9b9
backend/tests/test_account_tombstones.py,source/configuration/assets,22031,6c0c01d4143b841db45fa5b77ee6de4118727a13d4b96607a08198302fb3350b
backend/tests/test_adversarial.py,source/configuration/assets,59442,f6cf01890399b9f4efed86a0995c19af3f006c2d448746e4b50b7f6454b1e788
backend/tests/test_animal_profile_pagination.py,source/configuration/assets,15652,ca8e7ed26d474faf04776dfcecdd435fa1896f887cd9c042c478f2cba880700e
backend/tests/test_animals_bugs.py,source/configuration/assets,23877,9f52c045fcce9e8d80309d04c4c91abb2362a7cbc7ee00cdc3723ea9eb69d99c
backend/tests/test_animals_extended.py,source/configuration/assets,151596,4f79b4ca44bd59185058e036e6b39d57c75b6c5b4389d0fc916683b16ece1a08
backend/tests/test_animals_status_husbandry.py,source/configuration/assets,24761,57d848378f44e53f8ce00def27f6bdae3af4e56f220fd72246ee26b80fe161f6
backend/tests/test_audit04_data_layer_remediation.py,source/configuration/assets,12747,a04fad38ebe676e23f946359b7bd753faf62c60ece36475497421fefe28da01d
backend/tests/test_audit08_simulation_concurrency.py,source/configuration/assets,24728,269aaf117c396f50ec613bbcbad9788456fd30bb1d43addd7a10ba776dbc803a
backend/tests/test_audit_followups.py,source/configuration/assets,28241,8d7f7d147445ee2844ed15d25054ea55acb7f84fc85ddf83bbbf6885c7e509c0
backend/tests/test_audit_remediation.py,source/configuration/assets,8625,a0917bde7e8ad1d7817d37112a9d0bbce4998d4e3c77f06cc4951f95b59b6296
backend/tests/test_auth_bugs.py,source/configuration/assets,22420,0b67eeb82cc4dc37d597bbffaf4c4dc94b3765ff989e28d0892e4c5ddc55457d
backend/tests/test_auth_extended.py,source/configuration/assets,157952,527d5081c2835a9bc1110a86c972a7e8c7a4c2f472f2727d8b773cf64549776d
backend/tests/test_auth_gaps.py,source/configuration/assets,3937,5b3a11764e55315461dd93a84f94801f03dd88a460fecbb7dca9af1291e26ace
backend/tests/test_auth_token_version_races.py,source/configuration/assets,14325,2303f1b42cc406824bc27519511eba0b99a211082adbefcbbb3c5b3a5d6c8ad9
backend/tests/test_backward_planner.py,source/configuration/assets,9740,4684b57f130ebae195e13d40e45c95df3fd4d99e7f131cad871e6db66fbb6034
backend/tests/test_bakrid_advisory.py,source/configuration/assets,7877,b6bdd1438f26e16fb612088d0dedba3a8b03c7cffa743dc0d7123f7114878ecf
backend/tests/test_breeding_bugs.py,source/configuration/assets,29866,e56a1869e7afa700ac23073f53b3e18cbf6a97fd20824cd558629cafb99e8880
backend/tests/test_breeding_extended.py,source/configuration/assets,167350,118b9fc918b6aa40d01162a19fab83b5317e63da615d44d8dca5d7cce1a040ea
backend/tests/test_breeding_gaps.py,source/configuration/assets,6178,1c1fc31a3059910b0c2cd82421c0ef38837e439f5cfbecd930a20b5a30e65b55
backend/tests/test_cadence.py,source/configuration/assets,38038,71b8e512345af7bb044e99aa11a327163ed6dc10c6b0f6777d6e98663c169ae5
backend/tests/test_calibration_curve_math.py,source/configuration/assets,4065,be645c65705182995661ffb39c7e00e9760d38cc1e1de1acec1f1e2d9c6ac0ac
backend/tests/test_chronology_mutation_gaps.py,source/configuration/assets,6506,71917e27403ab8c5bbda308ab342c92f94663ea229160627693d1a87f05af39f
backend/tests/test_clinical_quality_20261003.py,source/configuration/assets,21313,a503d78db4853844bac2c7e47ed30567d70f136a0f216407f1ba4c65b6b44f06
backend/tests/test_concurrency.py,source/configuration/assets,57736,e590dc2012db82f736b089aad11d935fa7129ebc260e52e052c72e4d60c86bed
backend/tests/test_concurrency_gaps.py,source/configuration/assets,7831,7fc26afe13cd22b7be10576525b751f1cf006f068ef2748f6e707d6a81e7cbb0
backend/tests/test_contract_drift.py,source/configuration/assets,10362,cb9ef46e88db1aba31340eeb6519c00a6da47edf1b75b52474107933d89d6508
backend/tests/test_cull_price_calibration.py,source/configuration/assets,5138,3e8cf3ff23cdc90d493e63dd3a51503891e28ebc0e4cb4fc79d25d9585e7078d
backend/tests/test_daily_ops.py,source/configuration/assets,62542,62567c2b69f4f090bd8bccaf422c83728536b5a992eaeb2e202f323b16501161
backend/tests/test_daily_ops_api.py,source/configuration/assets,11857,aac514151b8b6b0afe9746fdbafa817e096bb869dfc747214d5044bb65e96681
backend/tests/test_dashboard_age_math.py,source/configuration/assets,2666,2664be91937099a322ed100e578db4d9c96bd3a3307c9a796a4ca809ac7222c2
backend/tests/test_dashboard_permissions.py,source/configuration/assets,12471,9b18c94a88af17be6ed90584ed2ed1e6184d7e823672b78bf2e9ea53b5b12ac4
backend/tests/test_dashboard_redteam.py,source/configuration/assets,10822,5fc949a3b9e7bc514f8a2958102bdf2be7657a46973a02869667b2488dec29bd
backend/tests/test_decision_audit_postgres.py,source/configuration/assets,11097,32ceb615636762fe4b3eecd8db6502cf44ffa2ccca61253142815e9a4b831863
backend/tests/test_decision_audit_regressions.py,source/configuration/assets,10903,2037efa1af5c1d8ed2a477be193f0acb4df8563c31bb7eaf3938df5b8c8325ca
backend/tests/test_deployment_artifacts.py,source/configuration/assets,174465,586b289853a17188851c3680ab0e5c7c6863936c1e44c19bbdccd7c5d42fb479
backend/tests/test_domain_audit_fixes.py,source/configuration/assets,58810,d980aa844d3df4550d7385b9230b03ceef56ef8e9a7117e276f6a3348319d3f4
backend/tests/test_domain_audit_migration.py,source/configuration/assets,22013,5b28035591c41bbf12645f4502ea17715631091f5eefbb105e1e9cc91a8583c8
backend/tests/test_domain_check_constraints.py,source/configuration/assets,32807,3a3db3a56c9895768b11d43fe54c219623a6a0ff45acb7755d705a48e5a6a3c0
backend/tests/test_domain_chronology.py,source/configuration/assets,10343,b0fbe02a6456ddbf59aa44edaec72e4e28df169ae4a23decf1b65c06171be252
backend/tests/test_e2e_lifecycle_audit.py,source/configuration/assets,59699,6e81aba80b4c3dadacd8c0983228eda5a55b0afbbbad8e04e33ef99d672c2dd9
backend/tests/test_e2e_scenario_gaps.py,source/configuration/assets,23722,15efe65d3b3dabc26f582df11e06f176fcb3f83409870a7eea54a3d1d9b0784d
backend/tests/test_engine_gaps.py,source/configuration/assets,8369,a468f4a91d3559327130e38be0f8cd0fbc78d67606045aa1b2718dc7414bee40
backend/tests/test_feed_quantity_numeric.py,source/configuration/assets,11900,aa0714f44295fd2c3988b8dd9ab7f335d71c7f19bb31c78c63772d55200671ca
backend/tests/test_feeding_extended.py,source/configuration/assets,133676,f5957dc3716dee48e4623dc1689aa6d32910e9f8bdf45f26d12ef5717597d13a
backend/tests/test_feeding_gaps.py,source/configuration/assets,8919,61aadce68de798e8466e8bc7c3976e81be76247a902053da074e62ca01c49305
backend/tests/test_feeding_split_gaps.py,source/configuration/assets,1549,5b7dd065fb8ce6ca1ab512a00dd0d67cd5a98d7ec9444531053b7c4f607f1000
backend/tests/test_final_evidence_20261003.py,source/configuration/assets,13050,0a165fb575a7874a88774359a4b00ae6a2c1f92813cb1f46a66897b44a10b2b5
backend/tests/test_finance_bugs.py,source/configuration/assets,21115,6caf378123fced1cab77781fe191c4947e58dae86607d92010a511ec01dbf118
backend/tests/test_finance_extended.py,source/configuration/assets,148545,e0744cd25d80973c13ca2d988fc8b859777ffd3c47648f7e3dfd19791eb9237c
backend/tests/test_finance_gaps.py,source/configuration/assets,6904,95ae0fe178be56f51f4af3945b592eb581e7c50e5c28417375319a35da96f3b8
backend/tests/test_finance_insurance.py,source/configuration/assets,61631,e4f3d623ed6d87d5dacd900bd06ac7a982f41f2f83eea1e651a34221be79d8e2
backend/tests/test_health_bugs.py,source/configuration/assets,22860,4ec58f09aa3dc1a9cee912c929fd7b6f4441c84f2e5a85e5627d92fecbd7b4a8
backend/tests/test_health_extended.py,source/configuration/assets,155329,32ffb63c623b0945965a98cfff86ca46b6870b3df0516d6e9d9b126c50854760
backend/tests/test_health_gaps.py,source/configuration/assets,6802,ddeb4fb45da8194fc824f44b3b45a7650f697ddbac15752aa2684c19379c48e3
backend/tests/test_health_note_gaps.py,source/configuration/assets,1400,91bf046af197cf51207939e9e6e866424a1f92e11bc4b3e27b69b08b72dbcca5
backend/tests/test_health_safety.py,source/configuration/assets,76959,0a6f2aa4696db0a958632272d8446c7a118bdd0320a3c0d9a00d84178f0df3d5
backend/tests/test_idempotency.py,source/configuration/assets,96312,d9188097f087af6f187c75b9ce4ef79021856ebe0cabb5544b7b78fa4bcbf966
backend/tests/test_idempotency_gaps.py,source/configuration/assets,4076,a873fe31ebfc4aac6546f56b28be3593b1efcbaf68d1c86289b73afd2fd524f0
backend/tests/test_inactive_animal_task_cleanup.py,source/configuration/assets,11161,d80d4a97f2ad74c1a0a31c1f46b40939003a248e3725e6639aea412632822f23
backend/tests/test_index_drop_parity.py,source/configuration/assets,3359,28d4ae0d8a4c54168c14fe4fb6bc89ca795728c8013fdc0282b86d9d6efe4828
backend/tests/test_input_bounds.py,source/configuration/assets,27736,ba1f87b3e6b6c96f24d15dae7ece83705e62fb27a7c364bcda14aea2fdf98f59
backend/tests/test_jsonb_columns.py,source/configuration/assets,11021,c1e8d6b27949c97e7ff9477b85c3394e76c8aa7f95cd952d1fb4a286965e7b9c
backend/tests/test_jwt_rotation.py,source/configuration/assets,7119,a7f10d0c9fd2f2fc6eebf3e85108742b3e5604baf0d5214ab783f3a001af6886
backend/tests/test_kidding_due_pagination.py,source/configuration/assets,15232,3d0234d179a380e7e8daa682421dd0db58d5d9ae82da5727789a0f99cf149ab8
backend/tests/test_kidding_gaps.py,source/configuration/assets,12532,d092605400f629aaabce3b4b4cb6d937dd282d2156a1e8a2c69afc6747183649
backend/tests/test_kidding_husbandry.py,source/configuration/assets,18314,a3ae354bee0806153ee31cee623efba9ced8fbf805f1cd1ab0a6f66fbc5b35a3
backend/tests/test_kidding_suffix_gaps.py,source/configuration/assets,1586,6c31acf6669cdcd64c1a58526803325eb5b764dec81d7147056ffdedd8270fef
backend/tests/test_lifecycle_attribution_gaps.py,source/configuration/assets,4525,4548d75b9b1b6d87e6526946c3ebb5117b96aec67db669c98a64048eaffecfc3
backend/tests/test_lifecycle_gaps.py,source/configuration/assets,16260,2126e3ce263e63687eb3b796b942d533fb92215fdd9a1c48da8d2e89a9928165
backend/tests/test_lock_order_hardening.py,source/configuration/assets,86714,a48bf584e58dde7ac112b0c9e160eae90dd05bb2feb384791c18e85282117bc2
backend/tests/test_logic.py,source/configuration/assets,39520,22233e87162ecdef57a2decabb3de0ee53786f6d8cf611c3fc7a35504680f72d
backend/tests/test_maintenance_progress_20261003.py,source/configuration/assets,20233,f55f087bcd62bcb55cec083ea4e75b04c80c7dced13e7fe293e0a1b050238086
backend/tests/test_metrics.py,source/configuration/assets,12463,2a106295252492fee945a59a66c8f78b75df44aedaeac553fafcbba7235de735
backend/tests/test_monetized_cull_migration.py,source/configuration/assets,5478,524eea543ece771a7d8fa3a8e46d7809e0d161b1138f07b472c7c6b8f1b10bde
backend/tests/test_mutation_harness_20261003.py,source/configuration/assets,14770,b998a90463a79d2ca80d1ef46cdddbadf7616d978849aa9b4670d4b20baae81c
backend/tests/test_notification_quality_20261003.py,source/configuration/assets,9974,32dbc6e5b8da9f9c80a8c9ba1dc4cf8d40b4fe312e803a99bf4967b5bf7aeb30
backend/tests/test_notifications.py,source/configuration/assets,74579,b789aef2ecc9e3c871db7ff479b00c9723e9429e78b64b7f27fb7245c9ca851e
backend/tests/test_notifications_mutation_gaps.py,source/configuration/assets,13132,bbf12d37b0243840660c54e5023037afe4051b3e29567514b1eceb8efee5e341
backend/tests/test_online_index_recovery.py,source/configuration/assets,3732,a2ecff7360680a1d89091361865487d5d0ffba31df5bd6a46c43db3d62ade36d
backend/tests/test_ops.py,source/configuration/assets,121548,03fca34d95efbcc41536e23a8f4772be105414be5ab27f0bf8fe0ea23dfbbca7
backend/tests/test_ops_migration_integrity.py,source/configuration/assets,44031,88ce3d769c76c2957fc29506acb358be9353d915632c06572a262d61a727dc53
backend/tests/test_owner_overview.py,source/configuration/assets,14044,aa9209c6a727d5e96e3f1141483e8d075779b60edbf687b7c1b93ff2c6ba9d0e
backend/tests/test_password_capacity.py,source/configuration/assets,20325,0883a9bf852da32b2ffdc788074ea1a16303f26f3bb20bc4628035989efc52b8
backend/tests/test_planner_api.py,source/configuration/assets,25301,7740c8743d68a2e521b0c4c7c5dcb3a0633e0ebeb80c7673a2bd7da93bcd313b
backend/tests/test_platform_ops_20261003.py,source/configuration/assets,15084,9a4214889377e61228b18c6d01606364bf6caf6e342ed3632f1fdde3be3c5c4f
backend/tests/test_platform_security_20261003.py,source/configuration/assets,24842,457239de6c0d6c7879d9370381c2c15a7b09f32de19b735325266e2d0df672a5
backend/tests/test_postgres_text_regressions.py,source/configuration/assets,7765,e9f6f65d4dd07d60cd8bc19634253c8331f3ff1e92979244576402847d9b1a2e
backend/tests/test_prefarm_idempotency_migration.py,source/configuration/assets,24625,19bb8d3c2827941d7536018f79d650a925a3b500809332393fe4554392fbd954
backend/tests/test_purchase_batch_bulk.py,source/configuration/assets,27798,4a8febb5bacfae33c0a548f9091a31f132dd123b0f691817f0971447df071e8e
backend/tests/test_query_performance.py,source/configuration/assets,50726,172aab7d1418894e1ba281c0a978f5a93a332200b1d18a11755fd540f68d72bd
backend/tests/test_ratelimit_sweep.py,source/configuration/assets,6350,15e0bfe99fbe15fdf9f2b18c41a9fe641a761d88d3f26bfcfdf69e7fe1256213
backend/tests/test_rbac.py,source/configuration/assets,26573,dda9d09240debb61ab5006bde775aa7786fb47cc61383bc83cd848199b2a67ee
backend/tests/test_rbac_exhaustive.py,source/configuration/assets,15214,21eb50f61acb428fdab89382e5ba9bed2023f233a693ca4499579bb1e23be260
backend/tests/test_redteam_domain_fixes.py,source/configuration/assets,25734,42cbf13b2e24a78fb4de60bfa25c8df399d407111e78ddae93a7266b75952807
backend/tests/test_redteam_remediation_2026_09_04.py,source/configuration/assets,27744,7638eef7e5e16bcb6751532a9044bd8c3604bf21854555dd21ac36174879422d
backend/tests/test_redteam_spine_fixes.py,source/configuration/assets,26464,f3801eaa3609120554cd2adc503e83ef7a7fa60ee35d8e038276f939113169a3
backend/tests/test_retention.py,source/configuration/assets,17017,50ba7dd61499b2633af60d425f68d7bdae5985175f11372d64f6a8c1ddcc3997
backend/tests/test_retention_mutation_gaps.py,source/configuration/assets,3205,65c10e86929ba02f641dc0ed18fe886e83ac106c7f550dff49e70c7275b01ff4
backend/tests/test_schema_parity.py,source/configuration/assets,9174,597433905b465f8baed76f2a556fdf2021f3b0dd8e3a3686c1008ecc66b0d006
backend/tests/test_scoped_picker_lookups.py,source/configuration/assets,14010,30d0f08582204cac5ad548378822d8ef46de8edeb31e12c654b2fe49bb2b1e92
backend/tests/test_screening.py,source/configuration/assets,172397,ed13a1635d61fe7993382406063c349fd30437d7150db0f44f29bc4d3f4eb839
backend/tests/test_screening_provider_gaps.py,source/configuration/assets,5871,0f444ec446476e9f6da9db6aec2eb4fbbe49f46ec7b70817f84c47c3eef853f0
backend/tests/test_security_events.py,source/configuration/assets,6543,2ef07c16359b91a4b9399368648757b82a3925485ca0730588f0cd7717a16613
backend/tests/test_security_hardening.py,source/configuration/assets,90488,d9241aeee2d30050b6ce1cbb674ac06c58fd2a1ba8d4571a17c48d0fbbd2490a
backend/tests/test_security_module_gaps.py,source/configuration/assets,2642,a7e984f6dd9bdf9924c7d1bf50743272774ca9fe6584b821d821525ee5e9ba2c
backend/tests/test_security_mutation_gaps.py,source/configuration/assets,6242,f62c7024002eb8e501a2eca78f712eb5b35004fec0777fee03f93c78b747504c
backend/tests/test_security_workflow.py,source/configuration/assets,5888,b33c49d786050e8d9dd571ab32bb1668a5e7d7eecee246428f53bd0d28fee571
backend/tests/test_settings_defaults.py,source/configuration/assets,12084,c5ea862b08f499bca881b859eee4eae7fa81ef9c8ca47aadf9658918976c0bfb
backend/tests/test_simulation_advanced.py,source/configuration/assets,61401,f81700f101d467c77050a3ebdb96e800b54aff2806bb039919b9dbfeb62cea5f
backend/tests/test_simulation_api.py,source/configuration/assets,78168,059d537c312c981d4197d22653509123dc2826010938562b18480499b6b6fc7d
backend/tests/test_simulation_audit_remediation.py,source/configuration/assets,23922,c542dd030e4368e11b0450a51bcb4afa5e962f7084d8cc9ae6e4bd1f4cd62986
backend/tests/test_simulation_deep_mutation.py,source/configuration/assets,60913,8326f6e0e3222dafcede41e0766a23012b10e8a46c4416de872ffd77f7c900e9
backend/tests/test_simulation_engine.py,source/configuration/assets,170336,ac978b4f0bca3517f2d4bbbf77b32c7a75b840167d31d244a8a0fe839ab2cdf6
backend/tests/test_simulation_explain.py,source/configuration/assets,47302,057d3c71034c8729207ce28fd7e362e81bf372f88517aad33c1b7fe6b8087749
backend/tests/test_simulation_finance_mutation.py,source/configuration/assets,10969,1211b81013009be1bf2f0a21ef9ef1f04eb8d77f9112d500644594ed5322832c
backend/tests/test_simulation_financials.py,source/configuration/assets,73445,33b4e03b616540424141e365890d3757203b0cb27b6854cd504b2d27114ed4f9
backend/tests/test_simulation_fuzz.py,source/configuration/assets,18619,59583a003c35e01dd5da4e078598d5159b0dacb7fb2110279da88ff1ff8ec4c3
backend/tests/test_simulation_goat_domain.py,source/configuration/assets,14947,2cf757285bb60daf5c8939f5fd021f975de1a3446a0cad180dfcf703f170e00d
backend/tests/test_simulation_planner.py,source/configuration/assets,18821,f624fc400d74cdb906e9dab5ee3b7cc1e5f6444db090f8906b97b60982975569
backend/tests/test_simulation_redteam.py,source/configuration/assets,11776,8f0e074f9cd1be4b4f4c6dc1c642c13e238784d2f0a508961c2c42b611bab4c7
backend/tests/test_simulation_vocabulary.py,source/configuration/assets,1230,cd58c8ee2a5a53faab38fc8a1c39920b5faf269d2989f0f2fc45c14833ec3b5d
backend/tests/test_smoke.py,source/configuration/assets,565,8fe42cb64893fb6e5ed963ef66d6efa29ab4a12eb5b10206d41be367fe476987
backend/tests/test_strict_inputs.py,source/configuration/assets,10792,a44af59dabf96d2482ab30102532f5bb9d221fd55966df6746f7f225d3741f1f
backend/tests/test_task_visibility_parity.py,source/configuration/assets,17529,6921fbf202db19fdfcf9c7ccfead8e541c00a4ef6ab4ac771065099430cacbff
backend/tests/test_tasks_bugs.py,source/configuration/assets,19016,6fd9eb2c348100ca3bfdbd8018018fad8137dfeb158bc6da7e065cacd62c1522
backend/tests/test_tasks_extended.py,source/configuration/assets,146787,9641d445edfa836ff303c68cc3818c885d1b315de09c37c403e6a01ab3928225
backend/tests/test_tasks_gaps.py,source/configuration/assets,5184,8921a4c849aec46d7f6549a0e529953025a197613b58815121f75d393b6c6ce5
backend/tests/test_team_bugs.py,source/configuration/assets,25744,1e31366fec8394270b8c0a8700b8e4d704fd0993a70937de48d39cca68e9c359
backend/tests/test_team_extended.py,source/configuration/assets,125567,58c76c8e44cb7550b37c593123765114d8995b34020421d05cf6b29f0ff14fde
backend/tests/test_tenancy_matrix.py,source/configuration/assets,23257,da202b8f9f62502473b9f21c2b743bcccae46a390d9ae661f7e80867e7ea4d67
backend/tests/test_tenant_foreign_keys.py,source/configuration/assets,28894,136081647e0ca05ccb0ad8146fdb7b7eb68e2b9f0063e5cf501beadd34ef3d84
backend/tests/test_tenant_history_pagination_indexes.py,source/configuration/assets,2243,a9dd9583f09178ae591ca5b66f491928b79af60456630fa4af663e7c1f491f6a
backend/tests/test_totp.py,source/configuration/assets,66790,bc3c15a9eb8451bfc810685830b631b433e88538b0a4498556adb499fb2fddea
backend/tests/test_totp_rfc_gaps.py,source/configuration/assets,2761,77072999406bbbcc975259607a2bb0c1bd5da6cc3e4e8be34f41b985e408d1b4
backend/tests/test_unit_bugs.py,source/configuration/assets,7807,354700a5969d355dec07ebac8b8c3bd7d79a1775d2f7aee6198ca487db0469dd
backend/tests/test_unit_extended.py,source/configuration/assets,85700,9c2813b7c4eb6dbd451c4ccdf25aa6ec806af173954b04b292f2accf7d67387d
backend/tests/test_worker_pin_auth.py,source/configuration/assets,37562,7ca96aeb975bb3022e138bfc6482b88dff4f55df5bb481f9a43c67f492e0db6e
backend/tests/token_forgery.py,source/configuration/assets,993,864549262045d7359f255bd2d4b7b1d6e4a87b38608a10707246904d6c5fff5b
backend/tests/type_helpers.py,source/configuration/assets,1393,e39b9270e3d02b265097a50b8136857fe6db18768b3ca291aa6c77b30e2fabf7
backend/uv.lock,source/configuration/assets,301489,9383a7d338e4807e9e7e4d76b281eb71f9c8097bf1cdc4608bc072723e47a119
docker-compose.production.yml,source/configuration/assets,23171,eec0d08ae5c72ebabb1f8af5ba22d20d64b1875014ba05749d0a4587d9f17699
docker-compose.yml,source/configuration/assets,26867,53fb8d19dd0f8977b061f2c4905d88ea063513fc82956f562170994f7ae928f2
docker/edge-entrypoint.sh,source/configuration/assets,11752,8174c1cf64de6578c4a59bbbbb9c48990d7238dee8b7318203e5cdc0ef66c7a1
docker/edge-proxy.dev.conf.template,source/configuration/assets,8104,d5a1e14fe4910a254b98e3452bbb6281bebd576b8df849ab4b13eba8aaf7f52a
docker/edge-proxy.production.conf.template,source/configuration/assets,6318,c3c10eda3ded74b6177a3aa2ef39594c21f369a6c1fe1a3858257be218fc048f
frontend/.dockerignore,source/configuration/assets,397,58c53e3ee54807876afc3ec71626cedd405d914c7b15cb136fcaec8d2a3e4259
frontend/.gitignore,source/configuration/assets,591,0cead840cfb25e2c4ae3375ef76657cb286429ebe517f969e3148b11c2757cef
frontend/.nvmrc,source/configuration/assets,3,68ca3fba3b7e864770cb61aeb306d4bd4354b68ab4dd38450860c5d823e42a53
frontend/AGENTS.md,evidence/documentation,4725,cb9331ebe7a5369817dbb11c6622277833079533dce6f1ffdbb2c45cb0fd75db
frontend/CLAUDE.md,evidence/documentation,11,336cc4fbf19beaada7ccf9986414fa91851a8d7a07dfb3ccbe800a69eed0ab49
frontend/DEPENDENCY_SECURITY.md,evidence/documentation,2224,fb6738cb8442315c1c74cd1b4417daf215ef83c99a2e536063b2003a532e5467
frontend/Dockerfile,source/configuration/assets,2571,695142b5deb61b6dc2ebcf0508cc7a644b8cbad4934187799f982e009dd7ca09
frontend/README.md,evidence/documentation,2622,e007f977e9d55c225be30a4eae86b28a2fe3a5e62ae2b9c203dc8c7df37e14e1
frontend/components.json,source/configuration/assets,520,7f89b1e9e3995be8620be3162df8e08b7dd512f894fb0accb559193138fdc390
frontend/e2e/a11y-gate.spec.ts,source/configuration/assets,3525,270273b2b6fa702a9ecba8c1f1b93e0ead67294decc593064db0e0c27a89cc1b
frontend/e2e/animals.spec.ts,source/configuration/assets,3087,4772ce54857cf74a09c3b9c3da4b57046a9ec6a092f4163468ceb83086ab0b86
frontend/e2e/api-contract-auth-team.spec.ts,source/configuration/assets,20449,99baefc894d2b08e98e3d73a5b86ecb3e7710cad833ee4f237b0b12e62f3a597
frontend/e2e/api-contract-domain.spec.ts,source/configuration/assets,29028,65c4ab18954d8ee735196c04b6580fb674c113e2a65afb72ee7b928495917b81
frontend/e2e/auth.spec.ts,source/configuration/assets,2271,b96e4e342b4c5d385e69636d84707e9bbffd9768a92a606a5946b0372d8780bc
frontend/e2e/breeding-flow.spec.ts,source/configuration/assets,1860,5dae8aac46ac119fb5ca5e9b60b6e72b371128bec3d6cf27cd0efc13ea6d03d6
frontend/e2e/cross-tenant.spec.ts,source/configuration/assets,7051,f768eb6004056a685a78e93103b78e59f72381fc57d2123e203837e429ac93cc
frontend/e2e/farm-switch.spec.ts,source/configuration/assets,2860,72e830f4ab9f5d8689a55de62288a9c38d932afd1bb626c16be2b04291013e3b
frontend/e2e/feeding-finance.spec.ts,source/configuration/assets,6251,48ac98486a7ec168a087dad54542fe29162d3fb0b0e3c609c2a73e6563ba7921
frontend/e2e/global-setup.ts,source/configuration/assets,2056,dc506cc2ac3ca396775f3ca880e65a637dee8a56edab42659377a7d25b243b3a
frontend/e2e/health-flow.spec.ts,source/configuration/assets,3296,59285d9955049c948513f87ff34b5dd869d0dc945e3dc2b8001e8fd3389b2f5a
frontend/e2e/helpers.ts,source/configuration/assets,13759,080d34dab2335b4bbb73247c5a01b6d497d53266e824e2a059dacff121e74a36
frontend/e2e/kidding-flow.spec.ts,source/configuration/assets,3507,1a59190e8068f25fa67ca5bba84944fd215bb5e68af06b7574ff15f6860e462c
frontend/e2e/mobile-worker-journey.spec.ts,source/configuration/assets,4098,bdd354a3bc40b6409d1275c6e186736c2bcd3ee72ad1f7afc660d5a44c4f85e9
frontend/e2e/navigation-rbac.spec.ts,source/configuration/assets,2344,a729d1f24b3fea9455cbd9c8a172acc79115980d0bbe8b2265eb62ef1e62dfdc
frontend/e2e/ops-simulation.spec.ts,source/configuration/assets,4388,0379ad72573b412e2ea967d8536cb6e48dee3d4e32557c3438c87c239c937b04
frontend/e2e/ownership-transfer.spec.ts,source/configuration/assets,6377,fb9c3e50eb9cc73dabcde0b4d6306f2329766db8755cb06679b7c92ed32c82b6
frontend/e2e/planner.spec.ts,source/configuration/assets,4389,04b48ee544dd0f9ac9baa3f37df00fd29f22b89feb1d1858fb057eefac5c5fbb
frontend/e2e/purchases.spec.ts,source/configuration/assets,4220,43ec9595e80c4933a8f4b2b6c725cdbe4c448cfa09bec57806577734b36e7a75
frontend/e2e/register.spec.ts,source/configuration/assets,2005,6ab88b47f5dc0c4396747fbaeeeef73efd466efb5c53b532662b44d1f9875ef1
frontend/e2e/screening.spec.ts,source/configuration/assets,6844,f8e0e63eb97f0c054f6506d879bf80b2d6e08cff0cd274796649d81f707a8b0f
frontend/e2e/simulation.spec.ts,source/configuration/assets,11814,bf0437b4b0840fd68bae180fc1ec71b1c82d5f93142dbd80aad855ccf16e26f2
frontend/e2e/tasks-guards.spec.ts,source/configuration/assets,4254,026bd88ac9c5a649a164b319591d6f2a31c049ec4f6e84bcd15d51f6c4d943b9
frontend/e2e/tasks-verify.spec.ts,source/configuration/assets,4035,cf1d1da266a2ff34adfed6b7da3a875b85c8fe59770f14aba7c805637c7420d6
frontend/e2e/team.spec.ts,source/configuration/assets,3299,a134092b16b8058fbddcca43fd82d3ed9b42c31518187977bf80af286c568be3
frontend/e2e/worker-onboarding.spec.ts,source/configuration/assets,5890,efe2c98c85fc9866729cf9f9216087f03927e77a19cc07e6eeaf012667bf9dca
frontend/e2e/worker-tablet-journey.spec.ts,source/configuration/assets,13283,0b4d30242aefca520cb396ec12f5ab49936e16f01b312463f31fd1607baed32a
frontend/eslint.config.mjs,source/configuration/assets,673,5b35a8656480f9c96947be979b3da7ea3b08daf9b35583c37e99e142aa9f6265
frontend/mutation/CAMPAIGN.md,evidence/documentation,9026,b418326bd42140a6f050354c96d621788673b8fe76e9f6d00b0c3ed5cd67a5c7
frontend/mutation/EQUIVALENTS.md,evidence/documentation,12111,b5c5f96280c79f89af0a4322f4a857ca6d8180a86b9e3f705e5a5a7602b3d84c
frontend/mutation/README.md,evidence/documentation,2989,b4b38555680dc9f2c4c7c20c639f0480fa7c05fc149dd31cca0012f080aaf072
frontend/mutation/coverage-map.json,source/configuration/assets,8229493,8f3dea376b1b2f50d78ba26ee9a3e84fe849528c336da8ec38f69cd9448518ef
frontend/mutation/manifest.json,source/configuration/assets,2172243,fdfe0efcb8fb46fb7dc6906df75b093cce8bc32e5380b066725b286e7f3a0a76
frontend/mutation/mutate_cover.mjs,source/configuration/assets,5798,12cdde3daba9763ff50f457d793067de925cd0dd7085d3807a38fd60212ddca8
frontend/mutation/mutate_gen.mjs,source/configuration/assets,8025,07edcdced314a5a2a83166a18c6992c877d4e23103c0d916f8ea3bd26e3b47d4
frontend/mutation/mutate_harness.test.mjs,source/configuration/assets,14351,b9086401ec5f25e502f7e9b237ce480dac37af04d77f345a71de90b91ecf347e
frontend/mutation/mutate_identity.mjs,source/configuration/assets,4272,94c590035f43269248a6a0162fd334a4f8d1578a5699a1d562ec0bec6f200d32
frontend/mutation/mutate_report.mjs,source/configuration/assets,2709,aa20ec2b45979e8e9dcee920c71eca8bbf3923b9406bec891b9ea622e0fdd55e
frontend/mutation/mutate_reverify.mjs,source/configuration/assets,2213,3e67d1c41d46115044f0c7c598f67a97333d56784e42cac754058c9a068bf19f
frontend/mutation/mutate_run.mjs,source/configuration/assets,11195,7f9c542190897101cd56dfd3a18c81a69adfe8472efd554fa5775e687aeab16d
frontend/mutation/mutate_transform.mjs,source/configuration/assets,1354,c197ce3a2bda5b7b7e185bd296da4b6c26805f2c3f202b6bc61a9a57cc57c778
frontend/mutation/mutate_triage.mjs,source/configuration/assets,1975,a736b71f66eae6e8b64cfe71dee8373ace83ec3ca02d7d32da1c4e411884a522
frontend/mutation/report.md,evidence/documentation,289214,d700a24c3cd7f538b65a8012251960d3d072ee0ecee1f239d76c7802094e823a
frontend/mutation/results.jsonl,source/configuration/assets,1372027,851b9ec9db5c7dcc298f5884a20196d50a52d48c9ae75e8cc69a9b60e1e052bf
frontend/mutation/survivors.json,source/configuration/assets,580565,e2f82b4ba20f41a2dca9e50c4024f0b5255011f6d82fbbff14fb35524d969aa6
frontend/mutation/vitest_receipt.mjs,source/configuration/assets,1081,8a717b378ec7e1800d6efb9b4795233e57afb9e72b1934435f86ca367ce0778e
frontend/next.config.ts,source/configuration/assets,3412,27e47f9b7b90ca16d26de80c705acce1f8e1b9c0162ec8ebfeae45c9d2b069f2
frontend/orval.config.ts,source/configuration/assets,607,7397a09d745ad7c7f00b66d1de4134e46496c8a0410389efae9091245db6f441
frontend/package.json,source/configuration/assets,2430,b7f2bded27b404cc9c68952555438e3e1e9758073e497e3f669f5ff03a8e9083
frontend/patches/braces@3.0.3.patch,source/configuration/assets,3709,8fab0322b9f1c3d7b38a26559a19954b1cada336e9d798542a99ba428579a78c
frontend/playwright.config.ts,source/configuration/assets,3911,118a62d30573de263c97f5226b8503d22b61b1a0685082b60e61ce6852dcaa3b
frontend/pnpm-lock.yaml,source/configuration/assets,280776,33090b76c60833a1b47d524be6b79c01af493a9c92ae4b1dfb5a0ce5a9960e6e
frontend/postcss.config.mjs,source/configuration/assets,94,dfac7ac2d86d326a0e5adb024e7943c181393ed17a5fcb8f0315b24c7da6ddde
frontend/public/icon-worker-192.png,source/configuration/assets,5036,4ef30abe18b899216f7c58808fcf47f434a5baedd23c3d875c44e0a9c6d5214e
frontend/public/icon-worker-512-maskable.png,source/configuration/assets,14895,c464ef73ccd0656dccb945109cd9e1c424a1f01a6af477d89eda01466cf4adb5
frontend/public/icon-worker-512.png,source/configuration/assets,18268,9bcdac1f944f6db1d825948e2275c785c86fbd9c62e214ef35c205314b87b725
frontend/public/sw.js,source/configuration/assets,5897,f8d649307f1225adcb6fc3df3c6dc2b27fdf6c2d24b55baf4128bf33637615f2
frontend/scripts/audit-dependencies.mjs,source/configuration/assets,2463,a06a9da5787e7952598451287377cd69eb9e8bc0b7728972cce547b5adee6694
frontend/scripts/generate-worker-icons.mjs,source/configuration/assets,7956,caad628b6c7aea87b7d23795c82341dfa456fccff6b01d696bff37f86bffece9
frontend/scripts/scan-english-literals.mjs,source/configuration/assets,10627,c952885968a6db09e7dbc7ec857425fbbfadab91d78eb520ba438ead8556fdf3
frontend/scripts/verify-dependency-mitigations.mjs,source/configuration/assets,1901,f9eacc794887d7d40a25d21190e02e38c89adf8c4adf3edbfefd6d016338c423
frontend/src/api/aa-auth-campaign-kills.test.tsx,source/configuration/assets,6146,a7a8d11cbbf2c41b0cd9dee1493ed1096326505b94c43c2055add4fe094c4f9a
frontend/src/api/custom-instance.query.test.ts,source/configuration/assets,1530,2b051468cbb12a129773be2a447fd3f291587a04c1304685d1dbbde836091570
frontend/src/api/custom-instance.test.ts,source/configuration/assets,8070,085620236b3d0a0f83878f793eea19b5afb40f7683c0a47555fb72cd4e94f5c9
frontend/src/api/custom-instance.ts,source/configuration/assets,3510,4e5f1312c9caed52fb0f9adc07d81f3c2ec2de2eb071f592f8effa150d75111f
frontend/src/api/generated/endpoints.ts,source/configuration/assets,803730,452b97055b27902245b1406a155c1da7571cfe26564d4f4396ccc13c26566205
frontend/src/api/generated/models/accountDeleteIn.ts,source/configuration/assets,249,8b936d0fbe4c9dac233fbc23d543d5e755c15cc84754d24c558209d9ac90ccad
frontend/src/api/generated/models/accountExportOut.ts,source/configuration/assets,480,1e3b561d8973206578531441ed2106ee29608fb97518bd48e2670e11b3a30a15
frontend/src/api/generated/models/accountIdentityExport.ts,source/configuration/assets,247,a34d1150b38765aacd815e91eedd652a5e8462750fbcea9541b92e7d35a7a717
frontend/src/api/generated/models/amortizationRowModel.ts,source/configuration/assets,355,7092a1304274f41694cc47da1c160a8404ce65cd3902f610a3c318184108fca4
frontend/src/api/generated/models/animalCreateIn.ts,source/configuration/assets,1156,4abb9f69397dadff0e5e2e09624eb3d908ed34d6cdc8f826a2008cb983b4e127
frontend/src/api/generated/models/animalCreateInBirthType.ts,source/configuration/assets,384,8761dadc08b18939d4cf60dd446564b19e3fa1bab6f4be25fa27ed07839248d5
frontend/src/api/generated/models/animalCreateInCoatColor.ts,source/configuration/assets,408,bcd52fb9cb9319168dd7b83c98074c2a0e7760153ca3c7cec8bb27090091ebf1
frontend/src/api/generated/models/animalCreateInCurrentBucket.ts,source/configuration/assets,587,14543a59dd6c50f8b4ffd84c5dfb8a9b047380c5c45cfb4d63a6827029f7b416
frontend/src/api/generated/models/animalCreateInSex.ts,source/configuration/assets,287,dd0a1742aac02bf8e0113cab00e71bda1597969b2978eebe12f663ac2532d604
frontend/src/api/generated/models/animalCreateInSource.ts,source/configuration/assets,321,893905802e2a82fc4cbbb6ea13aaa2a5dd78642fc00eae6b5af5e8e601993826
frontend/src/api/generated/models/animalIdentityOut.ts,source/configuration/assets,296,3024984613540bda0ece36bf8b60df1456ecb0af203f13014963c812ed87b766
frontend/src/api/generated/models/animalJourney.ts,source/configuration/assets,556,a6f806493030c62851c0f93011f2a0ee807f5fa9b470fc6b1d3970599562165d
frontend/src/api/generated/models/animalListOut.ts,source/configuration/assets,285,6219d154da0a6fc74bb1ce3dbef3c9fa941a8c6cd60fd344879477983b68a2dd
frontend/src/api/generated/models/animalOffspringOut.ts,source/configuration/assets,575,c759a4655008c08ad66778dc8629a8252a9a57feb9666546735d05b5abe1a633
frontend/src/api/generated/models/animalOffspringOutSex.ts,source/configuration/assets,303,59e2cff17f06a3fe409047f5a0f79ff73dac25f1d97529efbd20f3bd98aa0916
frontend/src/api/generated/models/animalOffspringOutStatus.ts,source/configuration/assets,367,ef23cf7f5d7b32ef1fdab2d5cb4cf9c05ea13e828c0eca48da9db438b03c8f1d
frontend/src/api/generated/models/animalOut.ts,source/configuration/assets,2187,035f3f5dfdf5a5b09020e6b26cb3995ecf1c585c4cf279cc8942bc843664d5e2
frontend/src/api/generated/models/animalOutBirthType.ts,source/configuration/assets,364,5426397fdb2b017d6aa2854a5726ac08b86128b06d73fc6f0c865344f75f7bb1
frontend/src/api/generated/models/animalOutCoatColor.ts,source/configuration/assets,388,fba23e7bb43badadce94e73c23db2456beefcfdaffef8cc251d4c9c38dc86b5f
frontend/src/api/generated/models/animalOutCurrentBucket.ts,source/configuration/assets,567,f1b7311f1c3f361a7a09d3a2dab95d26edf62f5044f5fda7e969d836db38d435
frontend/src/api/generated/models/animalOutDisposalMethod.ts,source/configuration/assets,422,b010b2b20f48becd7d0393a3cf586ffa29c54d8014a164ece108efe9e5313972
frontend/src/api/generated/models/animalOutMortalityCauseCode.ts,source/configuration/assets,804,70627478e7140d586fb35ff0633706d898a387a34a5e7691e98c11eb62ef07a3
frontend/src/api/generated/models/animalOutSex.ts,source/configuration/assets,267,c6b02ca270a6d3b7efaa71f97ed413af40d7ae8950c7d1c3b78052d1aa66f072
frontend/src/api/generated/models/animalOutSource.ts,source/configuration/assets,301,ab97e608b080171f5a5df3005a36cf4e4c7d98f6f5db23569089ad790d406ca2
frontend/src/api/generated/models/animalOutStatus.ts,source/configuration/assets,331,9261140a759ec6b5c187aaa6e884a21ddf29ab4234e438e3ed793f66ee514af2
frontend/src/api/generated/models/animalProfileApiAnimalsAnimalIdGetParams.ts,source/configuration/assets,578,9be0f1429f15f4bd65b161d7dd4b0a6debf8e5a3dd62ca4b0e02a2fff309bf35
frontend/src/api/generated/models/animalProfileOut.ts,source/configuration/assets,895,c3b723b2fde07dd78a86c25ceda15d7d28df27dd4de480971c9921e2e0186f97
frontend/src/api/generated/models/animalStartSpec.ts,source/configuration/assets,696,4b72640fc3a2bcda73215655e62a1eec5fb02a3bfc991afacfac34d12fe2914e
frontend/src/api/generated/models/animalStartSpecBucket.ts,source/configuration/assets,563,1d61617073d5f7647c92c4af382b125dd45aaad814beeb7e59e10d37f91afeea
frontend/src/api/generated/models/animalStartSpecSex.ts,source/configuration/assets,291,0dde47440271293764bfad539c2ebd4a71889c5415fd3bb9f05dfc55db55aa3b
frontend/src/api/generated/models/animalUpdateIn.ts,source/configuration/assets,496,32b7653b20d78d530f189f76430f6446241ea4c66a69afa290501b76fc252cce
frontend/src/api/generated/models/animalUpdateInCoatColor.ts,source/configuration/assets,408,b573fd805b3ed7b6adb17f3d7dd1520fd99ef05310acd32f2e180ab5c3bd9fb4
frontend/src/api/generated/models/annualPLRow.ts,source/configuration/assets,855,0feac1ea7d8f24325a399202d7af3953b7e4b873508e6134faa76e017e005389
frontend/src/api/generated/models/backwardPlanIn.ts,source/configuration/assets,608,0c325cc2d23fa04da65639c605bc967ed9483f90a96eb0fc3151657f64a93de2
frontend/src/api/generated/models/backwardPlanReport.ts,source/configuration/assets,930,e909f2ef189b4c69393f7faa7117f5af16072d3aba1b917699ad62e12d7b08d3
frontend/src/api/generated/models/batchDetailApiPurchasesBatchIdGetParams.ts,source/configuration/assets,314,b8245565359a20ecd402dd8fa6775f4eaffc012a0b5e491722702d9e0e6a57f9
frontend/src/api/generated/models/breedDefaultsApiSimulationDefaultsGetParams.ts,source/configuration/assets,375,8d3b9a714ee66661943120f53f183c58b9a5298ee03bcdd319d5ccc8f1b7f3e5
frontend/src/api/generated/models/breedDefaultsApiSimulationDefaultsGetSystem.ts,source/configuration/assets,433,2e5991d655bc263204befc897fad0d698a046cc955bff9a3c68f20bd80d574ea
frontend/src/api/generated/models/breedingCandidateAvailabilityOut.ts,source/configuration/assets,321,d6fa5448c0a3a712977bef3c4337b1119e27add8eb07e99dba0de4148fd40d90
frontend/src/api/generated/models/breedingCandidateListOut.ts,source/configuration/assets,332,e8ef99424ccee1550c67e3551fecaeaf090b9f228ff2b4f2218541a18a66aa55
frontend/src/api/generated/models/breedingCandidateOut.ts,source/configuration/assets,406,ecc1c12c47f74a5f252ac1ff557eb7ac99ebdccae8f98157d815d08b7b38094a
frontend/src/api/generated/models/breedingCandidatesApiBreedingCandidatesGetKind.ts,source/configuration/assets,413,2e3e06e0113e12432837d109a2cda79b08fcd643a0f19aaca792c2e8b9792c01
frontend/src/api/generated/models/breedingCandidatesApiBreedingCandidatesGetParams.ts,source/configuration/assets,500,1753315c59abf98f2fd2659bd168002eef0f50a8888791d71605a5cdcbeb153c
frontend/src/api/generated/models/breedingCreateIn.ts,source/configuration/assets,527,3bc59c7edd79ba74b4d4038d4f90128d366b4589d2eb160ec50a5bab0e1b5e2e
frontend/src/api/generated/models/breedingCreateInMethod.ts,source/configuration/assets,345,a17f0b7d5899866a7adb207ecf0147b3e611a2f08f16b6171a7702ba5fd905d0
frontend/src/api/generated/models/breedingListApiBreedingGetParams.ts,source/configuration/assets,291,fe2dcaeb6eac465d6c44587420ff1dafc623ccdd747fe09cecae185d14b583b2
frontend/src/api/generated/models/breedingListOut.ts,source/configuration/assets,470,fb8317d4c16ac3a0f802974e298c90b4eae5022fded05cd49b0257f510572e61
frontend/src/api/generated/models/breedingRecordOut.ts,source/configuration/assets,1097,f72976b1a4d86bf88cb20573b36b9891b151f892c41bdacac62627bd7696fe16
frontend/src/api/generated/models/breedingRecordOutLossCause.ts,source/configuration/assets,490,7312678774f2298470f05a2de7fb2fae1227b1fe3a7b60a163f7d1fffa63b0ed
frontend/src/api/generated/models/breedingRecordOutMethod.ts,source/configuration/assets,349,37f0778d2f8e7c7621e0c65bfa97cfcf57f45b5c1babb8967c2789ab3654440f
frontend/src/api/generated/models/breedingRecordOutOutcome.ts,source/configuration/assets,431,39c866416537aa0ed17bc30bfb99daefa9b20101237195047b6006d09a2b48b1
frontend/src/api/generated/models/breedingStatsOut.ts,source/configuration/assets,532,d86812373bf216ae47c77dbd1bd2756895bada29d25b507d0288d6efb816512a
frontend/src/api/generated/models/breedsOut.ts,source/configuration/assets,200,9063342185e9966e6806002cca12cd3dd5490dffb2164c1ec2cdf8646c1eccd8
frontend/src/api/generated/models/bucketAllocationOut.ts,source/configuration/assets,209,17a68152294a82412dccabd0eaaac1c53d3fe6eaac914183c609f8a4e574cd9b
frontend/src/api/generated/models/bucketAnimalOut.ts,source/configuration/assets,450,491288e24926debf2c3cd85548ee7244f87dac423585a8f10aca8352f21f1644
frontend/src/api/generated/models/bucketAnimalOutSex.ts,source/configuration/assets,291,154bc6f7c9af5ba800e0d446af3bba94d1af23ab3117160e0d92c8d03d46a164
frontend/src/api/generated/models/bucketBoardRow.ts,source/configuration/assets,512,63934a495651560779e777cd4c59040765da8dc6eb77289b6492c6981f5270f7
frontend/src/api/generated/models/bucketBoardRowBucket.ts,source/configuration/assets,559,4c5320127e439a2a445ff5798f94c9224acce40230ddd059d39cc7041549316e
frontend/src/api/generated/models/bucketCountOut.ts,source/configuration/assets,213,1a939c9566f1708be268af53ba571e239a24bd9c33f58bae731d210f45383427
frontend/src/api/generated/models/bucketMoveOut.ts,source/configuration/assets,468,74186d02eb60dcc78596ecb1ec4d87a633dcafc39d0ef1fc8d5d29ebf5b1bce3
frontend/src/api/generated/models/bucketMoveOutFromBucket.ts,source/configuration/assets,578,66d9eaafcf80519ebba2ac5086066e9c5660a6f7b6acf7f62be5de8653ba0b32
frontend/src/api/generated/models/bucketMoveOutToBucket.ts,source/configuration/assets,563,11e08542f80ec3d865d7f7e70913a89b77d2babdb611154252bd52b1fbcf7378
frontend/src/api/generated/models/bucketReportRow.ts,source/configuration/assets,243,5349a574644a3a8b39a8ac5525b5a9417baf12349b2050d49d8ec2353f62ffbe
frontend/src/api/generated/models/calibrationEvidence.ts,source/configuration/assets,580,15d23825be8d69a732ea6fd6ea2df57b71fbcf3f7ca1122620e1d79acecd22f7
frontend/src/api/generated/models/calibrationEvidenceConfidence.ts,source/configuration/assets,365,8b8d0a7ff214460f1ee6d7e7af5aa9a2f4adb579369a0ac7421faa7168f74ec2
frontend/src/api/generated/models/changePasswordIn.ts,source/configuration/assets,298,aa06e68fdfe5099f62f1c89c3917419a73c0dec9461e80fa24490bcc6286a7a6
frontend/src/api/generated/models/compareScenariosApiSimulationScenariosCompareGetParams.ts,source/configuration/assets,241,6f847559f7cc2b4a403fd1009dbf4095338a05eba90c12c9bb3c3d499ac9d005
frontend/src/api/generated/models/costsAssumptions.ts,source/configuration/assets,1782,681cf740e1b0ed10dd5ef5495362db4ee0e71d78fb817ebdb186fe999dab4465
frontend/src/api/generated/models/costsAssumptionsCapacityBasis.ts,source/configuration/assets,405,6558d908c071418faba23d800c0fd65a22c4b094aeefd7fe22653027d9647e9a
frontend/src/api/generated/models/cullingAssumptions.ts,source/configuration/assets,546,7d19993a7f25c8b643ba8c767e6dadf71ad7bbee26e6389b16d6c613d84b65ac
frontend/src/api/generated/models/dailyOpsParams.ts,source/configuration/assets,1392,34252aebbd83f5c7446ecd9f34148ce6153c69bcec583376d433b36bccc72c2e
frontend/src/api/generated/models/dailyOpsResult.ts,source/configuration/assets,740,ae1b6672c5d1b40f3eb2e3370accbe27bae18bf092a3a88c827a5015f860f927
frontend/src/api/generated/models/dailyOpsRunIn.ts,source/configuration/assets,762,40e518b8e7301a8b83e878d5a811babbd9716007ea3f5b8f4e64646037e3b9b1
frontend/src/api/generated/models/dailyOpsRunOut.ts,source/configuration/assets,337,5f270f41fd83de625a480c77c210ce2766be074cdcfa645cbf8819c3e536d09d
frontend/src/api/generated/models/dailyOpsTotals.ts,source/configuration/assets,1027,1b4c91497827aa7e1a4c6b4fb16cd467aa3d8024f55123812b22812c9f99ae73
frontend/src/api/generated/models/dailyOpsTotalsBuildingDays.ts,source/configuration/assets,194,f96d0d63ebb17aee86a4d7663cb473789d740769fab6ac72acc22815e7a5a12e
frontend/src/api/generated/models/dailyOpsTotalsFeedKgByRecipe.ts,source/configuration/assets,196,d00bd23cf7bc286ecd77dd033ef35d2f6124f4043a44ff8a1a967cf1a1fba1b9
frontend/src/api/generated/models/dailyOpsTotalsTasksByCategory.ts,source/configuration/assets,197,845d93e8c36cff21cb97f7a21237b87725df52f13c718ef3472a4e69081fe899
frontend/src/api/generated/models/dailyOpsTotalsTasksByRole.ts,source/configuration/assets,193,e90d0f70fb2fae428ffa79c9885ef5e6d0486c7da29c609e4ebb6fc946af66de
frontend/src/api/generated/models/dailyOpsTotalsVetTasksByBuilding.ts,source/configuration/assets,200,5dc760f9d0b6a68d01157b7bd5421b79c277f140e0c5d67e1c969fb96bba4b03
frontend/src/api/generated/models/dashboardAdvisoryOut.ts,source/configuration/assets,440,10241398c8a7db2b46c80aabe23d79bf42d7bbf7b7b1919708b068adb8d2c85b
frontend/src/api/generated/models/dashboardAdvisoryOutArgs.ts,source/configuration/assets,195,fc61d4218f3324ffe76ea67d5beff8eb7bf1d01d1886d58850a803056dd5ba07
frontend/src/api/generated/models/dashboardKiddingDueOut.ts,source/configuration/assets,336,6837df44a61abcbbfc794b4902542c9ea516d53372f627addec64b8da9476fae
frontend/src/api/generated/models/dashboardOut.ts,source/configuration/assets,1801,ff360684d82feefe4cac588faf77f8c8565707388b0cefe81eeccd8ca03f7470
frontend/src/api/generated/models/dashboardOutSexCounts.ts,source/configuration/assets,196,9d192373433eb48cb12e6b0670f0b7c8e3cfddf90e2d3587be3888b34927dda7
frontend/src/api/generated/models/dashboardOutStatusTotals.ts,source/configuration/assets,192,2c483f6eee95b0788abe845b5b4c5436647d60cb7ba90f5e70c9a451e87af9b7
frontend/src/api/generated/models/dashboardWeightOut.ts,source/configuration/assets,429,e875fb97c41f89261bb892296177597de2518a99f5f4009e2fee4a572eec7b48
frontend/src/api/generated/models/dayRecord.ts,source/configuration/assets,896,1e706ff117eef51ee0ca69ca48e30817572aa8e1b218656f304b342bb8b18eeb
frontend/src/api/generated/models/dayRecordFeedPreparedKgByRecipe.ts,source/configuration/assets,199,afd1980c88a8fee17a13d6a7bc896b9c763d0b2330234356188cf5e8dbc15b09
frontend/src/api/generated/models/dayRecordFeedUnusedKgByRecipe.ts,source/configuration/assets,197,dab663f53e76abcd03d3071da447468f08ef943f82358f4f9c3f3819f448d752
frontend/src/api/generated/models/deletePlanApiPlannerPlansPlanIdDeleteParams.ts,source/configuration/assets,263,0b90ff395b61052d68050e8d10687f6c4d0fdda7cf71c5bdbe270a0c2a1de70a
frontend/src/api/generated/models/deleteScenarioApiSimulationScenariosScenarioIdDeleteParams.ts,source/configuration/assets,278,89fa1cab0b9e185de7839dcf383450e65a4a5fc39c79220b70c74edae84fe245
frontend/src/api/generated/models/dispenseIn.ts,source/configuration/assets,523,ceb6cf8282b6acd7762d4280d3458b77202294fd6073b25ad169d5919f263f53
frontend/src/api/generated/models/dispenseInBucket.ts,source/configuration/assets,543,82d2bacef234c95947371ff7620ff0b72711fd290ccdfe9a2113656d76083c30
frontend/src/api/generated/models/dispenseInShift.ts,source/configuration/assets,325,e0fce4bfbe8d3b5f9963ca8a9e2f732a60eb96a752b7063eea0d32351b33905c
frontend/src/api/generated/models/dispensingAggregateOut.ts,source/configuration/assets,325,402c3951f4b65f0285bd6695563ac10aef068e4b060ed64e11eecb4f7efaca22
frontend/src/api/generated/models/errorOut.ts,source/configuration/assets,534,0709fc7b18806407e91baef7dea171fc69e66ecf815d398f2630b511cd59561b
frontend/src/api/generated/models/eventFill.ts,source/configuration/assets,547,5b85f4751cc0eb6ea5670987052f780fd796cb3103e1ca35737086bb3dfea227
frontend/src/api/generated/models/exportDatasetApiScreeningExportGetParams.ts,source/configuration/assets,415,d495ec8c1e582eb6b26d536f8fd6abf89d981dfba3e40b3a6722e4632a4742c0
frontend/src/api/generated/models/exportDatasetApiScreeningExportGetVetStatus.ts,source/configuration/assets,435,e511a43acb707dd993ed6cb4ed3298c0bc1fcf36f213be3e46fbbadd66b15042
frontend/src/api/generated/models/farmCalibrationApiSimulationCalibrationGetParams.ts,source/configuration/assets,458,0081d643567092f87d8dad30944e474e6857aac17a2eb181fdca0f032752b782
frontend/src/api/generated/models/farmCalibrationApiSimulationCalibrationGetSystem.ts,source/configuration/assets,453,3c00ccbcb23d89502febb3a55320b3f0516f2c2ed4f2d2b3d1c6d46acabbca0a
frontend/src/api/generated/models/farmCalibrationOut.ts,source/configuration/assets,600,78fbc2d8604c0bcf1f9e7e29b108d8652b2613d5db3f052449dbb05b544d40c8
frontend/src/api/generated/models/farmCreateIn.ts,source/configuration/assets,338,ca375031e3c531a7c2195b4b4e1ac42b1f7368574571dbf18f5b3f27daa10b86
frontend/src/api/generated/models/farmOut.ts,source/configuration/assets,257,5c6d83464d638e85c7b4daea0974bfe0d277cec6b683de0a2f228cb9d520afd7
frontend/src/api/generated/models/farmOwnershipTransferIn.ts,source/configuration/assets,341,4de024c1483420dcfd12d44a11552951d66361e162c4dfc9451a5941f0d71aff
frontend/src/api/generated/models/feedAssumptions.ts,source/configuration/assets,3741,57805eebcec644a767fd163e2b2f71cf06f4e156c126cd9cbb7b14f4ace8b4ee
frontend/src/api/generated/models/feedInventoryOut.ts,source/configuration/assets,432,9249d0152e59ee10df69522ade273b3146b4eafd21c53f6406a8ff4f21fbac9a
frontend/src/api/generated/models/feedInventoryOutCategory.ts,source/configuration/assets,389,461f9a6c0de4d38066450ba0c6f8c3f6da836357d0b6721b038ca2ab7b44155b
frontend/src/api/generated/models/feedLine.ts,source/configuration/assets,698,f01e1994e4557013205b30bd14eb889d03f52f4b948d41d1fd518af2f110b7f5
frontend/src/api/generated/models/feedRecipeLineOut.ts,source/configuration/assets,330,6bf0fc38611417285b59fdc384ce40c389857119af143edd2f69f1fd8cd11d4a
frontend/src/api/generated/models/feedRecipeLineOutCategory.ts,source/configuration/assets,393,9091fe35b20052848a6f1b7b17ed7c6103d66240de714264516a6dd168ec075f
frontend/src/api/generated/models/feedRecipeOut.ts,source/configuration/assets,332,f01113cb93000f00fbfd10b70a17682d5818944dcc218eaa0d5a0e23d2156133
frontend/src/api/generated/models/feedSettingIn.ts,source/configuration/assets,349,d29854b955f06bba93331c249eba31237763d15481d20625ecd92e3505c3855c
frontend/src/api/generated/models/feedSettingInBucket.ts,source/configuration/assets,555,e7974e0ccb41942527132071f4a9ad0b1ee70fda016c4ed8d42ba18cad69c2a6
frontend/src/api/generated/models/feedSummary.ts,source/configuration/assets,634,af58c0a41e9efde8a036464358aeb18e52f54e9684014d9da0bdf2b39257dba0
frontend/src/api/generated/models/feedingHistoryApiFeedingRecordsGetParams.ts,source/configuration/assets,351,6755266598c76380976f4145c227e6bd8af18e48076e5a338922cb9da47cadf7
frontend/src/api/generated/models/feedingHistoryOut.ts,source/configuration/assets,310,2ab26fa6101a32aa1fd625d849a21e09d2b289a85d105a1aab9cc792a74c9038
frontend/src/api/generated/models/feedingPlanOut.ts,source/configuration/assets,497,972bd8114159373214ef97134db47147fa6708dcda9543dc5024b1d0ecdba254
frontend/src/api/generated/models/feedingRecordOut.ts,source/configuration/assets,474,5b05d06f948227753302610fefd77d7a6a460d55a5a64d096bd61543469594b3
frontend/src/api/generated/models/feedingRecordOutBucket.ts,source/configuration/assets,567,c4bb59e92083c2426d1c35f732a10037fe045ddbd1042a1bde9eae62820245a7
frontend/src/api/generated/models/feedingRecordOutShift.ts,source/configuration/assets,349,93c76a7fb1ae9d9625fd5bacacd18a9def7d8a1583b0ccdf7ac6b02ca282720c
frontend/src/api/generated/models/financeAssumptions.ts,source/configuration/assets,1760,1f5ea883bf80ee74e0f57e9665083d0fd27c05ece178eab3776f8df721ee88b5
frontend/src/api/generated/models/financeOut.ts,source/configuration/assets,561,3615725952af238bfa0cb1f505aa80d36e860a6846ae0125f0caf31ce2571cf9
frontend/src/api/generated/models/findingReviewHistoryApiScreeningFindingsFindingIdReviewsGetParams.ts,source/configuration/assets,324,a65f6e8148f74c650fd59f690cf7e2a218ec663076b84f24488729be0e5054d2
frontend/src/api/generated/models/finishedFeedStockOut.ts,source/configuration/assets,239,b87ce9fdf9a591d9e7245f7b824d61f189cad2bfc79bfb90f31686c35fb23669
frontend/src/api/generated/models/growthAssumptions.ts,source/configuration/assets,1945,787253fc8afbaf23bc80a748672e0dfcb4608b3f227ed5da0d774622a6430e67
frontend/src/api/generated/models/growthAssumptionsGrowthRegime.ts,source/configuration/assets,377,a11a90bfc6c3c5430140b374ef61e7957d6a88d259ba76035756a308d5bd3dd4
frontend/src/api/generated/models/healthAnimalOptionListOut.ts,source/configuration/assets,333,5fba21c75994731303ad6d25c49e764f7e6e82e223e4f4c0a3656571b9c23af2
frontend/src/api/generated/models/healthAnimalOptionOut.ts,source/configuration/assets,519,5d11c20409d796db9e6ed810892565f45cf3c0bdde4b4c4c39dd4e9ec1ac7301
frontend/src/api/generated/models/healthAnimalOptionOutCurrentBucket.ts,source/configuration/assets,615,c981c9106ef9e14f7cf37bac8ce28a81ef82affacf219885981333041b89c08a
frontend/src/api/generated/models/healthAnimalOptionsApiHealthAnimalsGetParams.ts,source/configuration/assets,322,d309590380c75fc2242ef46d1be6ff862a7688ee283bce700d04c32298f2d873
frontend/src/api/generated/models/healthBulkTargetIn.ts,source/configuration/assets,568,ba1e9cae4fc14b5cbca3841798eb376c404932db1ac78a06b93459f7ed33b846
frontend/src/api/generated/models/healthBulkTargetInBucket.ts,source/configuration/assets,582,13c9a38a3ea3a7c73defd7e6e64f19c3e827abe487ee7a34b4eee41b5a41b880
frontend/src/api/generated/models/healthBulkTargetInScope.ts,source/configuration/assets,329,422aec826a49af56a176be3402bacb581585869c8c0919185f29ff5dfdf7529d
frontend/src/api/generated/models/healthBulkTargetPreviewOut.ts,source/configuration/assets,770,e762e5112675d31cc5b0630879377e6d750d38594dc00c14d587edfb38543537
frontend/src/api/generated/models/healthBulkTargetPreviewOutBucket.ts,source/configuration/assets,614,91d56888ce68a678790042ec4ff17eeecca38905cbeaa1ff3db66826e3e51e69
frontend/src/api/generated/models/healthBulkTargetPreviewOutScope.ts,source/configuration/assets,361,e4126bc3b73bd65b041976e3dd3a94c17e0e4d2919d2d3ac28e9ccef3f70c005
frontend/src/api/generated/models/healthEventIn.ts,source/configuration/assets,1397,bcc9a4fb3594ee82596e3496a9531cdb94afb66d69b36e7f9dacb17c02c52be2
frontend/src/api/generated/models/healthEventInBucket.ts,source/configuration/assets,562,b088f234769ed560b86805b18af2cc18dabb0c9af3c1677207b0d0d4d3cb0cf5
frontend/src/api/generated/models/healthEventInRoute.ts,source/configuration/assets,380,103e5a7d909914bb02d678a5d9b4941ac32db68808e75e4be1fe1b15aa503a55
frontend/src/api/generated/models/healthEventInScope.ts,source/configuration/assets,329,d53f920ab0958b9736f639d46f2b88ac7acc4c51fd5a072d20c7b14e085b5278
frontend/src/api/generated/models/healthEventInType.ts,source/configuration/assets,431,cd53498d6b04f3306e555a403ad37c16ac512fe7773776ad72af4bbdb8e7a065
frontend/src/api/generated/models/healthEventListOut.ts,source/configuration/assets,505,a5d304958c00aec2fded3008f712163904a9110e72ffebe8309827fe2168b3fa
frontend/src/api/generated/models/healthEventMutationOut.ts,source/configuration/assets,317,8f9a67537bae55fe269c48adc7412fdc6e10af79e502048439207eaba919203f
frontend/src/api/generated/models/healthEventOut.ts,source/configuration/assets,1179,0a727547cd69712186dfe422e29a451cbf641c886bc840d8968446111cd3cffe
frontend/src/api/generated/models/healthEventOutRoute.ts,source/configuration/assets,384,33117973228fbd875be4850ac063746986f9d4d504c8bed52845ca40f32353e8
frontend/src/api/generated/models/healthEventOutType.ts,source/configuration/assets,435,d4f43fa82abf0a9e43dcedc3af79f54d280a89482a0a8fbda2707ea3d93f8772
frontend/src/api/generated/models/healthPurchaseBatchOptionListOut.ts,source/configuration/assets,361,66d6444fef80dc838bedac5da81438b682392a2898465b0c8bda6be666b8908f
frontend/src/api/generated/models/healthPurchaseBatchOptionOut.ts,source/configuration/assets,314,aacb03d15d5a29f32b8aa2102707a1edf645b71e702184b46cb655ddc2bfcbd4
frontend/src/api/generated/models/healthPurchaseBatchOptionsApiHealthPurchaseBatchesGetParams.ts,source/configuration/assets,337,dc062a1b6fc2913de8b5309f90d4dc683f2ca3a41ddc95930c9738ee12d0231d
frontend/src/api/generated/models/healthRoundOut.ts,source/configuration/assets,569,59204fae918f726f063adbbd3c2922e3c62ac4f2369a0ade06d088d5bbd3c649
frontend/src/api/generated/models/healthRoundProgressApiHealthRoundsTaskIdGetParams.ts,source/configuration/assets,308,06b0bf8b157b74d5e0b5f66abba167f8a8ff2491c4f917b5274a2a44319029c9
frontend/src/api/generated/models/healthRoundTargetChangeIn.ts,source/configuration/assets,385,4937d149ccabacc9625c8d4646a87e2514de22b821d39251f549484d151c941c
frontend/src/api/generated/models/healthRoundTargetOut.ts,source/configuration/assets,449,a0e5c69fd41155283533ce036a79720920326cbee22d41278ac0e2e09161e4d2
frontend/src/api/generated/models/healthStatusOut.ts,source/configuration/assets,253,3575080a720856d99192c8558083e90254d0462c1ed91d2d18ee7a7ebd705024
frontend/src/api/generated/models/herdAssumptions.ts,source/configuration/assets,1678,2921f041509d54b9d9e177f87e462a0ef5e73c04468b06d63121931b72222772
frontend/src/api/generated/models/herdAssumptionsFoundationFlockState.ts,source/configuration/assets,373,3e0a7703711b1f0d6e6406ab0ac52ce1bc0216403cf53630753750b226d4f2f9
frontend/src/api/generated/models/herdEventAssumptions.ts,source/configuration/assets,1732,f50387bc1b389d8db5c258e87910a2befe086f15498581c8cb7f16ae6a1e5d6a
frontend/src/api/generated/models/herdEventAssumptionsAnimalClass.ts,source/configuration/assets,533,37028a94bd79d419b8accd8bc96e73e89c1aaafd1333d524bcc99c9edbf99736
frontend/src/api/generated/models/herdEventAssumptionsKind.ts,source/configuration/assets,335,7979b7852942d6a9d7b447d5deda55e6de01a024dec560a6bed161e9068cee53
frontend/src/api/generated/models/herdSnapshotApiSimulationHerdSnapshotGetParams.ts,source/configuration/assets,210,ed48fa9deba2ee3ac489f1cc4c8b46fc63186681b96d502417c49efcc1bf16e8
frontend/src/api/generated/models/herdSnapshotOut.ts,source/configuration/assets,419,b91a2c4aff07c7bc08fb09b463b80dc51fda42f5790b7c7613905e587b851036
frontend/src/api/generated/models/index.ts,source/configuration/assets,17286,de41c48943b6d375bd1ef17615fdea851557af83be723afe932156066cb4f6a8
frontend/src/api/generated/models/insuranceClaimIn.ts,source/configuration/assets,414,ff488d7e4c758c5abd95ff45a5c52db21bba00d837468291f827b8f327b2e0cc
frontend/src/api/generated/models/insuranceExpiringOut.ts,source/configuration/assets,595,f9f853cee73d2012fe30941f51068c7f43d7cabc78771a5378bfb868bc34b681
frontend/src/api/generated/models/insuranceListOut.ts,source/configuration/assets,316,22e2dca87a05d9e20ca44584a20bf5b2d92de9cb7c5996c8b8dc6d618716f327
frontend/src/api/generated/models/insurancePolicyHistoryApiFinanceInsurancePolicyIdHistoryGetParams.ts,source/configuration/assets,324,5143a2e5196f653a704444eb44d0286774346cd3d45c66d8c4b161af28f5899d
frontend/src/api/generated/models/insurancePolicyHistoryOut.ts,source/configuration/assets,639,2faabbbe3e9c39dfbc3ffeda2aa1a54f72b3fd5efe7c4782180981649c8fd5d5
frontend/src/api/generated/models/insurancePolicyIn.ts,source/configuration/assets,464,bcf0f41cc782d836c6f980f983eba0c57447319534d5a6ab2e0b7a862142af96
frontend/src/api/generated/models/insurancePolicyOut.ts,source/configuration/assets,620,d2ab4b121b96e14b0f3fe631e13183a747d65462b951c54755501d857d930111
frontend/src/api/generated/models/insurancePolicyOutStatus.ts,source/configuration/assets,357,463a7c9457b4aa11e1a3854df82226a0a11514f98981451c38123ed5349b716a
frontend/src/api/generated/models/insurancePremiumOut.ts,source/configuration/assets,421,c0e8f9e658cf4b7aba4cf6aded4a9f038a7ec156cdec202569bc2d46b2666339
frontend/src/api/generated/models/insuranceRenewalIn.ts,source/configuration/assets,488,b22424f336fa738cc8988256c3cfc083880a4f54244ad74a7559cbeec18612b7
frontend/src/api/generated/models/journeyHop.ts,source/configuration/assets,245,857327f458a6efc050efcff91a4dc9435e960462a905336c69fa8a57ae1ff900
frontend/src/api/generated/models/kidEntryOut.ts,source/configuration/assets,584,63be4c0e8e2e725ab2f4a709ecbee14c0227193627c12e284c7a60767936e27d
frontend/src/api/generated/models/kidEntryOutSex.ts,source/configuration/assets,275,006046b00ffe59c14ee52c1c18dbe7a81fc274aaffcbb0e258ee2087458a1a55
frontend/src/api/generated/models/kidEntryOutStatus.ts,source/configuration/assets,327,6932d0a7f977082bed74738bf6329efd3949b062d8425cc62b322681581d668c
frontend/src/api/generated/models/kidIn.ts,source/configuration/assets,485,031e8180862524575d24ce17bd461abcdb6d810869ad2195d6bd0284dbdc28b0
frontend/src/api/generated/models/kidInSex.ts,source/configuration/assets,251,3b260033f590ca035423490a916e60a153923f6102a2b9e8d1d3e2d644ed94e7
frontend/src/api/generated/models/kidInStatus.ts,source/configuration/assets,303,c22196b421eadcbbc13df4d23f5089b9a371b794ded1b3963ab25681005cc0f4
frontend/src/api/generated/models/kiddingCreateIn.ts,source/configuration/assets,575,62747e009ce68bf50be8968fa7ade8c6a008b2643c697787b9065b89d53c9e57
frontend/src/api/generated/models/kiddingCreateInEase.ts,source/configuration/assets,371,3398c79272a1f9796f6cb17111252063c6829fae1d7ed9c4f6abff7abe6187e0
frontend/src/api/generated/models/kiddingListApiKiddingGetParams.ts,source/configuration/assets,545,2baf7a09d013e3ac0e3da4ceb72b7e40848e7c80ca0bce27020251d1f8a2be04
frontend/src/api/generated/models/kiddingListOut.ts,source/configuration/assets,589,e2ea43a74b7fe18aef202fa33b35a12532378dd370560c5cabe5fc1d6d3c0b88
frontend/src/api/generated/models/kiddingRecordOut.ts,source/configuration/assets,587,cedfbeb92fa0fffd89758f30ac5ff858dc521cc6e98fc8c7bc5c46d7828c1d11
frontend/src/api/generated/models/kiddingRecordOutEase.ts,source/configuration/assets,375,7bb67d131d19d6fa8f3dad988c2e279739f27bb4d03ebcfb4c47073916a78d48
frontend/src/api/generated/models/lifetimePnlOut.ts,source/configuration/assets,563,436f8f5321b325aad2227588363a0a0328a9070a9bb4f269d6659c260a34751e
frontend/src/api/generated/models/listAnimalsApiAnimalsGetBucket.ts,source/configuration/assets,606,e1a2a4931bcd5fbbbecf8339d2abac892728cdb9ec0a52ef0772d72ad6d7ff1f
frontend/src/api/generated/models/listAnimalsApiAnimalsGetParams.ts,source/configuration/assets,715,021847ad66009c63e8f645f7c1368f7908cb9fd446e2c14f63642508290970b6
frontend/src/api/generated/models/listAnimalsApiAnimalsGetSex.ts,source/configuration/assets,334,625cfb6c9c5f513f5c169b97349fe91bd81791c16965bcafd00cdb375d918e3e
frontend/src/api/generated/models/listAnimalsApiAnimalsGetStatus.ts,source/configuration/assets,398,d446b4fe1d96a79982bc58500592aaf2c57fca7ab84fcd0ffae32d198d597f15
frontend/src/api/generated/models/listBatchesApiPurchasesGetParams.ts,source/configuration/assets,310,275059e8e8bcf51d1c1f1e8fc13236161a463894d098795e6f3c0d8c3b007850
frontend/src/api/generated/models/listBatchesApiScreeningBatchesGetParams.ts,source/configuration/assets,297,02372d51c1fba6f22e79627cc8b126d8393755b6fb3afaee4b93593134ba0aeb
frontend/src/api/generated/models/listEventsApiHealthEventsGetParams.ts,source/configuration/assets,293,6ae95f2fa796f3dc722df49763c7b1e3d3f2349ee45e25fdf147df9cbc4d0b1d
frontend/src/api/generated/models/listImagesApiScreeningImagesGetBucket.ts,source/configuration/assets,634,1bfde6aae09c921b1c125a56a75698e14b6ec6b4df6f2626f6d2dadbf5563210
frontend/src/api/generated/models/listImagesApiScreeningImagesGetParams.ts,source/configuration/assets,596,8aeaf1880060c78f9b4332c196e5de37a39182df144b28b9baf987710f5dde4c
frontend/src/api/generated/models/listImagesApiScreeningImagesGetStatus.ts,source/configuration/assets,520,5bf02ce4c61c4931d902eaf63a3e69f4583fca991111b29b39cb1ef4678c5ecd
frontend/src/api/generated/models/listInsurancePoliciesApiFinanceInsuranceGetParams.ts,source/configuration/assets,521,680843fac16839ed0e6c84b95f399d609eb62157b1c19a0cce5a3f4a0d602754
frontend/src/api/generated/models/listInsurancePoliciesApiFinanceInsuranceGetStatus.ts,source/configuration/assets,464,9cec5e4295531454318f676b2faa446a6159b75b3063bf426dccf946c42c9c7d
frontend/src/api/generated/models/listPlansApiPlannerPlansGetParams.ts,source/configuration/assets,291,b789fdde9c4e3a5f756fb1a8fd20be32ab78d050eed6bdb6df551c9e79e1b6e1
frontend/src/api/generated/models/listScenariosApiSimulationScenariosGetParams.ts,source/configuration/assets,302,87fb0320d8a4b1002a445a86a1296cf4d8bbef5cafdb114600b485865c4d8f0e
frontend/src/api/generated/models/listTasksApiTasksGetParams.ts,source/configuration/assets,626,159908dd4a79995cc548325716250c3041bb4f280c89f9550e1022e06da84aaf
frontend/src/api/generated/models/listTransactionsApiFinanceGetCategory.ts,source/configuration/assets,560,9d910d55ba280836ec73df5c4fe3b0e3a0b19f71f64845bba5a7ae6587a3e541
frontend/src/api/generated/models/listTransactionsApiFinanceGetParams.ts,source/configuration/assets,605,59645088c3a003e00669c66c1c71cea8435f5103452d2ff4f474cd10941bb936
frontend/src/api/generated/models/listTransactionsApiFinanceGetType.ts,source/configuration/assets,380,c2d18cafe8b89f9f80f30f1457eab9c643dca20654a834142be7488ffa24b358
frontend/src/api/generated/models/loginIn.ts,source/configuration/assets,268,0a1e103656b6d5a317d6204a69cf896ef67e13ebb1d53ff4ccd80741e2b9b490
frontend/src/api/generated/models/loginOut.ts,source/configuration/assets,506,b40516c907c3cafa31602ab4008c88b86be16579b6d3e8e43b0954e068ff2819
frontend/src/api/generated/models/membershipExport.ts,source/configuration/assets,290,dda78349dba1a2d4b2bc3ef739a24073d8437cb4f623985268c4aff8f1d5c68c
frontend/src/api/generated/models/membershipOut.ts,source/configuration/assets,410,0607691b79980822cd54bc089dd9d39d569c8ab90c8c07ca9d9d75cf2d55076f
frontend/src/api/generated/models/metaAssumptions.ts,source/configuration/assets,321,5480fbab59db0ffc89b5dfac8abed1b0fb1554b7dd9cb9377f2725717c5e1d14
frontend/src/api/generated/models/metricExplanation.ts,source/configuration/assets,418,877febf3dc655553cd03c91326e49f21992292707bf7120a9ceaec5b2b4cd0a0
frontend/src/api/generated/models/metricExplanationFigures.ts,source/configuration/assets,208,2216b42c2fc7b0875a95ca0cbdd7d776d824b40813b26d63c4dee3db49832e74
frontend/src/api/generated/models/mixIn.ts,source/configuration/assets,253,d7ea5072d534d8225f12a3e1fff8a71cd0c32fa2766db467e61d03f753d84f02
frontend/src/api/generated/models/monteCarloResult.ts,source/configuration/assets,1211,37c4ca3e6002ef16eaa3299c0bf5236b54af2e604c7a30bd68a8ab549884f5b8
frontend/src/api/generated/models/monthlyRow.ts,source/configuration/assets,1497,4f8374621e7ad856f594e66a1119641f879e2530e9f3a8434a40d304b9901645
frontend/src/api/generated/models/mortalityAssumptions.ts,source/configuration/assets,1150,0c3f41e3fb4323fd27a886df03aea81479e6d32b58b5f77ecd89465b11ce946b
frontend/src/api/generated/models/mortalityMemoOut.ts,source/configuration/assets,482,b82596c5d3d3479864dd62159f580d5100bf8e6622a73f1319cd924bbf8fa6ce
frontend/src/api/generated/models/mortalityOut.ts,source/configuration/assets,391,031be413b53022cac4054c461fd54f84f970b89d5f31c3d2fca3f270d4c67c27
frontend/src/api/generated/models/moveIn.ts,source/configuration/assets,297,e937babe37969665f776c84a46988c7849a34ce17a5ca8017c73f28cac53657e
frontend/src/api/generated/models/moveInToBucket.ts,source/configuration/assets,535,e173bafd41c48cb00e7ca061596d55464c823bd987cad6f772e0d98fea825d39
frontend/src/api/generated/models/moveSuggestionOut.ts,source/configuration/assets,290,41962f7989c1bba9f5f01d828ec06c7b46b0cf9c74f60aa801715717000c65c0
frontend/src/api/generated/models/movementRestrictionActionOut.ts,source/configuration/assets,510,93cd84e7b1527963cac3556d9d1fc8974bbd397bdd16ed7625ce86b2e4d3a018
frontend/src/api/generated/models/movementRestrictionActionOutAction.ts,source/configuration/assets,377,c72b878032eab695852144e0cd5d710312fd4ea60dbca738619a81c1279d773a
frontend/src/api/generated/models/movementRestrictionClearIn.ts,source/configuration/assets,362,92dede676438e2cdad04d6ccfcf1a3f8070849ca86d401f7088c42f5fee72003
frontend/src/api/generated/models/movementRestrictionHistoryApiHealthRestrictionsAnimalIdGetParams.ts,source/configuration/assets,323,5ad55d5d315b998be436e1d6195758cb229e6814b23ab72aa29627fddb7d0712
frontend/src/api/generated/models/movementRestrictionHistoryOut.ts,source/configuration/assets,429,096922eab6921ee604a83e29de37a3f63658ce05e5424fc35f51fca53d10ac92
frontend/src/api/generated/models/notificationPrefsIn.ts,source/configuration/assets,737,5ec8d059226558b964821cb5fb48591322db24ab19934ddf24e7c298ae63d76a
frontend/src/api/generated/models/notificationPrefsOut.ts,source/configuration/assets,399,9276328339eabd450c87d00bfb497a595f5e75937cc039faaf4cc6389ed0213c
frontend/src/api/generated/models/occupancyRow.ts,source/configuration/assets,199,cb19b64ffc86e48cac845a58138919f05a19a0c67344d8a645ed1ccdf3f59989
frontend/src/api/generated/models/optimizationAssumptions.ts,source/configuration/assets,1295,d133b60f0fee964993c60e98a98ef7ae385c72de0acf15f453ff3d87c09150eb
frontend/src/api/generated/models/optimizationAssumptionsObjective.ts,source/configuration/assets,391,82840ff51b14351f9c53bffec88b9ff59c54108aed1d970e31a0c2b802d99820
frontend/src/api/generated/models/optimizationCandidate.ts,source/configuration/assets,758,4c81177a7f017cb1615c5f5a387560cd22b8e91cf9519be6455bd042a9ba33d5
frontend/src/api/generated/models/optimizationResult.ts,source/configuration/assets,515,439ec06b1b0c5a7a0082ef9fd8900407046978f1abf362f3616cce8493ee1503
frontend/src/api/generated/models/ownedFarmExport.ts,source/configuration/assets,264,fd5d6a569c3207fdd61b1096765a73422dacb410603f05a427f1e0d2537c68b4
frontend/src/api/generated/models/ownerBenchmarksApiOwnerBenchmarksGetParams.ts,source/configuration/assets,243,9ae735e5803c516938ce999162cd68d61d74ef23e64fe3de2ae3b07cb73535a7
frontend/src/api/generated/models/ownerBenchmarksOut.ts,source/configuration/assets,291,d51c3e6ae7938cc589b58ee3d952d0b253ce1cad073b061e9ee63c02c3a93eb5
frontend/src/api/generated/models/ownerFarmBenchmarksOut.ts,source/configuration/assets,707,e3d0dc4283b7010317d9536a56fbc214cf3f92e2fc45da8a852995d98b4c381b
frontend/src/api/generated/models/ownerFarmOverviewOut.ts,source/configuration/assets,778,78f358cde8935f5ae9142088a30cb1608a7f7734e56ac3578a8a70275d1a3fd7
frontend/src/api/generated/models/ownerOverviewOut.ts,source/configuration/assets,267,3597035071965e02371e3c84845dce7c37f5eaa52d6972c82e71c113e05ff6d8
frontend/src/api/generated/models/parityMultipliers.ts,source/configuration/assets,1059,25fb4b8ac68b33f26ee4cb123e760a0dde088243bb1cdb923403ea7284a989b6
frontend/src/api/generated/models/passwordResetIn.ts,source/configuration/assets,241,b87c1e3581d62e52d75e1a775f4c601bd4d113c9216edc9ee8cbda62712bc35f
frontend/src/api/generated/models/percentileBand.ts,source/configuration/assets,311,2699bc629f273a34542c6559576ab395c8b8a31d74b99c9ca48801da1f036134
frontend/src/api/generated/models/permissionGroupOut.ts,source/configuration/assets,204,c6ef101d8cea2fde29b39024f4c5f1af949769a7928627c5aa8703ba1ebcdda9
frontend/src/api/generated/models/permissionsOut.ts,source/configuration/assets,290,1220c6a5f141afeb8ea17094e185f443e0c9560414b0d70543eb550d4b799be4
frontend/src/api/generated/models/planEvaluation.ts,source/configuration/assets,490,d969bf43f85c9d261e339d91213891a3d8936196d9dceb121b68de9bd4313046
frontend/src/api/generated/models/planLineOut.ts,source/configuration/assets,566,2481ac83850db7e125f8700266eb823fdd72af9843283d451c3662bdd7a1cbb9
frontend/src/api/generated/models/planLineOutBasis.ts,source/configuration/assets,299,f7b9d1c4af86d25a0a228a8b2a7f3ecdd988c03935551b88212d585646f1bbff
frontend/src/api/generated/models/planLineOutShiftsItem.ts,source/configuration/assets,192,a6537236e65af75017649b06f3e5b1f1997c1bd27075657b6e3485bc6a0736b1
frontend/src/api/generated/models/planReport.ts,source/configuration/assets,599,37e7351d4fabd3586fff28f69a4901c44e4460ba65704184156859731726f451
frontend/src/api/generated/models/plannerAction.ts,source/configuration/assets,388,18a955f28f629a1ad97fc5565af099b2dbbb1bbc6d4db9255066ed81f8a2657f
frontend/src/api/generated/models/plannerActionKind.ts,source/configuration/assets,379,ca7f658e9d47168b59315876ec73a63613911cf0af435636af4aad45a5d9782b
frontend/src/api/generated/models/plannerMonthRow.ts,source/configuration/assets,729,07bac78a2e76ae9688be1b1c5ac42eeb5eefa0fcfe4624dadd884bdea18faf49
frontend/src/api/generated/models/plannerPlanCreateIn.ts,source/configuration/assets,628,aeda57e334495f70fd75e91b6f679052e8a10f2962eb9df7519f349fe7835aaf
frontend/src/api/generated/models/plannerPlanListOut.ts,source/configuration/assets,379,6069f4982def4d6e6aad840e7e9679b6ffbee010a0c2a2224527c32e06cf17f1
frontend/src/api/generated/models/plannerPlanOut.ts,source/configuration/assets,678,42093118bed4464cc083a814265a456ae27969d92758e1289e6b8bd328c3b29a
frontend/src/api/generated/models/plannerPlanUpdateIn.ts,source/configuration/assets,516,8a0bb2403922c1a6017f4a75ddb4510c7de4a69a0bfea637ec15b69c26d3b3be
frontend/src/api/generated/models/plannerTarget.ts,source/configuration/assets,469,1ba5169dc22cd6403ef08f5e7843bdcb54b681a1024288031d316466c65b9db0
frontend/src/api/generated/models/plannerTargetAnimalClass.ts,source/configuration/assets,505,bb5e31eabbf381800402ed9e4e588ac19397e4d2d699bffeda5c4309ce66a7da
frontend/src/api/generated/models/plannerTargetIn.ts,source/configuration/assets,538,dc11e9840696a3da18a346846328623a88a38f072fcd62a2812567ee5aacf13c
frontend/src/api/generated/models/plannerTargetInAnimalClass.ts,source/configuration/assets,513,ac533fba0afb4b6bea61919b999ac5fca70df0c5aba4c307c5fba511734a811e
frontend/src/api/generated/models/pnlRowOut.ts,source/configuration/assets,329,988adb77de5cf878ae8d071b3ce8c1ea57aa38aab6e6c27944e339dc035e8809
frontend/src/api/generated/models/pnlRowOutCategories.ts,source/configuration/assets,204,08511d6c148786fa13bda30bb614905ab1672b2d2a0014c8e80e26834e3554b6
frontend/src/api/generated/models/pregnancyLossIn.ts,source/configuration/assets,386,6906fcb6dd2066d8aaf9284c75c0fc13d6b24fde38c89d1523d662ae2c82b3b4
frontend/src/api/generated/models/pregnancyLossInCause.ts,source/configuration/assets,411,b2e3cd8b088975fd84f56fc797055298a5951e42d059879821b07134df05229d
frontend/src/api/generated/models/projectCostBreakdown.ts,source/configuration/assets,432,f4eae1e27c58295a2a36e4c876cb3d4d9df4c55c7a81742fbd11629d380b4d2d
frontend/src/api/generated/models/providerStatsApiScreeningStatsGetParams.ts,source/configuration/assets,240,9a11a0f4a2a66f6ae2d1265356372dccabfdf5ea2e7f81b4dd3d9ce58bf57cb9
frontend/src/api/generated/models/purchaseBatchDetailOut.ts,source/configuration/assets,689,1727b0e2a8a52e9b691e980a030c988c86c47fb83947e25ea8d85b1c1ed49d41
frontend/src/api/generated/models/purchaseBatchIn.ts,source/configuration/assets,674,ff5b7f56923fd0b9c47674c495ad69ec8ff72d7a3ec0367074921967ce2061d1
frontend/src/api/generated/models/purchaseBatchInSex.ts,source/configuration/assets,291,6b3ba2555076bb72e655b61f76f9ac2a65766473eede26572ebc6bebfc70684a
frontend/src/api/generated/models/purchaseBatchListOut.ts,source/configuration/assets,313,3493afad1e936ed54df6d8cc078930ae9e61f0d248daa90dddf9858e5326e800
frontend/src/api/generated/models/purchaseBatchOut.ts,source/configuration/assets,664,a5cc1e448fd00d58ad947fcb90dca36e995498c21e513d169c39a96c04247991
frontend/src/api/generated/models/purchaseBatchOutSex.ts,source/configuration/assets,302,bf6cae670754e7399cf622f9e979b3663f459d2595952c5ceb8c5ad3fe0bb207
frontend/src/api/generated/models/purchaseQuarantineAnimalOut.ts,source/configuration/assets,874,4b870c4a21ab2b7c627e6a277d3f487c052699dd8133a1404dc0087074695c9c
frontend/src/api/generated/models/purchaseQuarantineAnimalOutCurrentBucket.ts,source/configuration/assets,639,ce61bb3d659e5e17c969327fe73e9185457698377152984d40a4dc52441583b4
frontend/src/api/generated/models/purchaseQuarantineAnimalOutSex.ts,source/configuration/assets,339,105799aee0cc8e846de353ebe691979dad40cc110bdf410b536c5dfebe943688
frontend/src/api/generated/models/purchaseQuarantineAnimalOutStatus.ts,source/configuration/assets,403,281dae095663ff854bcd599154f0f58918741fe11355737b658e9b9a9e801491
frontend/src/api/generated/models/quarantineScheduleTaskOut.ts,source/configuration/assets,748,4680c45f0b8a57c33300a5ab71b9c0a75163336e1570f685c1d214938a277277
frontend/src/api/generated/models/quarantineScheduleTaskOutCategory.ts,source/configuration/assets,937,2a4d0abd7cd7d98daebda29189e4a12b76856665743407cafa599f3365a13d1c
frontend/src/api/generated/models/quarantineScheduleTaskOutStatus.ts,source/configuration/assets,407,7397b081a1a158a6e6effc13997ebbf284d4b2044379b532da4d120000699012
frontend/src/api/generated/models/quarantineScheduleTaskOutTitleArgs.ts,source/configuration/assets,205,3894dbbf248cd2218cfe10d7ae57225db4d0b71f81b84641343d24b693836dc0
frontend/src/api/generated/models/readinessStatusOut.ts,source/configuration/assets,265,8523d112620cd4e0a2271a99a66d49485f200f2b63dc56db3b93499dd9e06411
frontend/src/api/generated/models/readinessUnavailableOut.ts,source/configuration/assets,286,e32e700f541460f1a187c11b83369e176acfb0f0b1bc3bfd9ae0017e004975a4
frontend/src/api/generated/models/recipeListOut.ts,source/configuration/assets,348,6484feba4fc964421616400aa83ff8b883e0664efa7b9a46a5572f57ab31d4d6
frontend/src/api/generated/models/registerIn.ts,source/configuration/assets,301,5b80f707e66a2e5d4cbba8565895440380e32edb62eeaf7f278a8bcf03b46baa
frontend/src/api/generated/models/reportSection.ts,source/configuration/assets,399,5f9da47cd0d5cb0a08b4f5b553f9a69d28b3b67772de3b5d024679b9db260615
frontend/src/api/generated/models/reportSectionFigures.ts,source/configuration/assets,204,230aa06bf7367cdcccb02ac5c36979335d9fd421eadf335458e40c91f56e3e22
frontend/src/api/generated/models/reportsOut.ts,source/configuration/assets,673,73f3b25f0ad27dd65cec8edb537a4e2ab80c122a84f10122d090b4a180749369
frontend/src/api/generated/models/reportsOutSexCounts.ts,source/configuration/assets,194,3556f5c5994ce356158eb65dc158defe5dba916fbfd4c244562c1f5febb30c78
frontend/src/api/generated/models/reportsOutStatusCounts.ts,source/configuration/assets,190,0a143b07cb92efc2edf2732328e2bec3bde7f1c4e8f210b585642ad12ca0c014
frontend/src/api/generated/models/reproductionAssumptions.ts,source/configuration/assets,1220,b8df68d50476a83733025cbed691b3832855000d8ec8f63fd0330ae63daac4e5
frontend/src/api/generated/models/reproductionAssumptionsWeaningDays.ts,source/configuration/assets,369,e8f9aff3f8df35f3fa2554b680875ebdede6d9ed9edfa8dfae1cf77783a3b10a
frontend/src/api/generated/models/requestValidationErrorOut.ts,source/configuration/assets,395,ae406572ac3d3b934e9cee56c1dc2698131ac73a9e316b9401f4b14f553c13d3
frontend/src/api/generated/models/requestValidationIssueOut.ts,source/configuration/assets,308,1aae8991f9cf151383290de97844002196cc2d87436f5afda840b4b2cd5ad701
frontend/src/api/generated/models/requirementChain.ts,source/configuration/assets,427,4f9c34a7ff113c3116d3f755b833145177338e9505192cce66dd085d178b898b
frontend/src/api/generated/models/requirementStep.ts,source/configuration/assets,286,00283205bd6b3574c79c8496a9ede6534f62556740415f880d05c4d02b213e7e
frontend/src/api/generated/models/restrictedAnimalOut.ts,source/configuration/assets,766,752249730f9d8543a173c535a868a490b6cc06c8a71e450f1d43036fb1ef5f8f
frontend/src/api/generated/models/riskAssumptions.ts,source/configuration/assets,2183,64fd7767b2ba4e88876a1fb8f0c5adcd5d141b0cfa848946304be1ce1b4f56c5
frontend/src/api/generated/models/riskVariable.ts,source/configuration/assets,428,b5202b52e9995cb7a5e10060c1d5c17580c0f50b41b8cd3f80da907f60438c3b
frontend/src/api/generated/models/roleChangeIn.ts,source/configuration/assets,249,534e0bbab02dbca45bb72f2e61c15f17464b81ad0f3faf2d03ab6ecc0fb1fdcc
frontend/src/api/generated/models/roleIn.ts,source/configuration/assets,307,53a3a0776f13e3b515dad5d6be8d6ff89e5bea5b3b5f927b3dd7ec80aac9dada
frontend/src/api/generated/models/roleOut.ts,source/configuration/assets,310,e64e0d08915ba89dc760ea707a93f258e1d307ac4828af2be267cbec37e07ffe
frontend/src/api/generated/models/roleUpdateIn.ts,source/configuration/assets,438,b088a75d7286eca1ee201295cbf36c40502d013e7ec26b85690eea07f7d5805f
frontend/src/api/generated/models/runIn.ts,source/configuration/assets,339,61cfe494e3a04ff442a46e90efa79ae24edc32b227defbca1de3709e3d24e7a5
frontend/src/api/generated/models/runScenarioApiSimulationScenariosScenarioIdRunPostParams.ts,source/configuration/assets,274,e0e0144d2c04ddff87241a8f00162ccc0b63204ab5a6c99a998ac27c80ba9848
frontend/src/api/generated/models/salesAssumptions.ts,source/configuration/assets,1931,401979b64c983e6c0f7b16711f6b65a68fbfd8a73eb145fdcd056bca0138b3ed
frontend/src/api/generated/models/scenarioCompareOut.ts,source/configuration/assets,337,699c8cdafa85585c4dc10c7928dc8318d4e9a8cc2caa935e326eeb0fecbeeb02
frontend/src/api/generated/models/scenarioCreateIn.ts,source/configuration/assets,389,6022824d068ebb95ca8d49e3a3347476d41348bc769ff4f260a193fd2bf6807c
frontend/src/api/generated/models/scenarioListOut.ts,source/configuration/assets,371,62882b76211602c3eb1ef13fea7da8bce4b4b423633558fa2430d8cbcbd41910
frontend/src/api/generated/models/scenarioOut.ts,source/configuration/assets,547,5b06a4563324c3348fc0eb0d585ed41802b7bcac0a47132ce05144645e389f97
frontend/src/api/generated/models/scenarioUpdateIn.ts,source/configuration/assets,381,bfa482d70e0e4f91cb487c22ea16a57478b0475e51362734a567adb41ea15bed
frontend/src/api/generated/models/scheduleOut.ts,source/configuration/assets,264,dcb7ceee5f4f87c98b5d6007d688f1752f5f6c56dace6cfd6dc9ee5e51d4bcc3
frontend/src/api/generated/models/scheduleRowOut.ts,source/configuration/assets,455,18f5a891c74511f9ae2268ae0dec1d52fa2a1cecd8c5dfde8908617791cfd2fa
frontend/src/api/generated/models/scheduleRowOutStatus.ts,source/configuration/assets,363,8ae843785e2429d64df42766b5e88bc56e0f63e47c15a1e32ee1a03de0d77bab
frontend/src/api/generated/models/scheduleTemplateListOut.ts,source/configuration/assets,275,947be74bc7d67853a3f46a30923645801373e123bfa0aa2e96b6b60c9e3284c6
frontend/src/api/generated/models/scheduleTemplateOut.ts,source/configuration/assets,640,715f5827827910b6aded58ff3583a6461097ba50ce933e776d10b5c714cbfb3d
frontend/src/api/generated/models/scheduleTemplateOutEventType.ts,source/configuration/assets,475,8110831ae23e9e6e986a6c5ecd462ab035ba8bdef8a70958989e37412c0b8d5c
frontend/src/api/generated/models/screeningBatchBucketProgressOut.ts,source/configuration/assets,485,09975b06eecdd20bfac12d3d610dd6c29ad71766c0fec9e18c68ade5f88efdc3
frontend/src/api/generated/models/screeningBatchBucketProgressOutBucket.ts,source/configuration/assets,627,1be554ab74cbc8bb786bd2713c651157f9a85c8d04a30477c6bab496680cab79
frontend/src/api/generated/models/screeningBatchListOut.ts,source/configuration/assets,317,4d3ff961f8b616d720acbcee1bad576aba1ccf5c15cc29baf62cb6753e119ef9
frontend/src/api/generated/models/screeningBatchOut.ts,source/configuration/assets,486,f43ec36a20f51c56ce75c0f0ad1d99c831d044f05c3b96fd352ab4e9c5c36fb3
frontend/src/api/generated/models/screeningCropOut.ts,source/configuration/assets,526,a913d79af4344f548133ab0a8b2da172e1c5e9ca4379464eb2310796f12822f9
frontend/src/api/generated/models/screeningCropOutStatus.ts,source/configuration/assets,453,f2ce10bd7b54521aaf7a182078ff2b637f22f834fd363bbbfd457df64602d899
frontend/src/api/generated/models/screeningDatasetExportOut.ts,source/configuration/assets,360,8599d2329c95b1af9e76f54aa3eaed55356f9ceac02cdfa72059cc0144171c25
frontend/src/api/generated/models/screeningDatasetRecordOut.ts,source/configuration/assets,1224,3dc2ba3d1bdee97961e92c779b9e45df6c895927819d791f14192168b4826bae
frontend/src/api/generated/models/screeningDatasetRecordOutSeverity.ts,source/configuration/assets,398,3cce0936648c8934265f48a9b94675d18500e1a8f98e91c5f8c9fd06b1e405e1
frontend/src/api/generated/models/screeningDatasetRecordOutVetStatus.ts,source/configuration/assets,421,b07822358e9a716e1d3b216928527e1a4ca85b02bc5940b52943a14b7c807e8c
frontend/src/api/generated/models/screeningFindingOut.ts,source/configuration/assets,702,a924ff509320f0c138e07ed1054998500b48f2f12feaf7f2e0ed23ee2ae3c17d
frontend/src/api/generated/models/screeningFindingOutSeverity.ts,source/configuration/assets,374,9cb0c1dadbaef46ec3aab0b83045d1005e67815797b7d43fc3d7974bb978caa0
frontend/src/api/generated/models/screeningFindingOutStatus.ts,source/configuration/assets,385,9eb285129ec19ae528f9fc89a43c89fe3e0a1acf338e010bb6ca6bd9109aac07
frontend/src/api/generated/models/screeningFindingReviewHistoryListOut.ts,source/configuration/assets,452,4973500c586d48c7982607c54d175d778b038744bef2c4a9fe23ea5629ddca18
frontend/src/api/generated/models/screeningFindingReviewHistoryOut.ts,source/configuration/assets,622,4dc9585ed7bcb982279ab365329bdb4d4b4da64e3bf821b86167a1c0e1df0839
frontend/src/api/generated/models/screeningFindingReviewHistoryOutPreviousStatus.ts,source/configuration/assets,469,9ed250282bad4c847be2a82170d54200c4efb86fd879773b7acd35c73308eb58
frontend/src/api/generated/models/screeningFindingReviewHistoryOutStatus.ts,source/configuration/assets,401,b9235e7118b25573a823d8dd7f6c7bf8bc1e5c9874efa3fd0c0ee53eebedec1d
frontend/src/api/generated/models/screeningFindingReviewIn.ts,source/configuration/assets,823,6bf30fd157734fa449669e0ab1b90e25398defef36aa2f583cc8e028e1490b4e
frontend/src/api/generated/models/screeningFindingReviewInExpectedStatus.ts,source/configuration/assets,437,abc6f4936732931e6ba078324167b482643eb1770fae8f15d6d436792c4909eb
frontend/src/api/generated/models/screeningFindingReviewInStatus.ts,source/configuration/assets,369,f6c8e1b48f60d1d65d4630ac9a6a4065cfbb21c43e5fb1d123e1fe37121289b2
frontend/src/api/generated/models/screeningFindingReviewOut.ts,source/configuration/assets,442,81f4c5a3bec59165b326894d8e66e483771849d89dd9770c75447aa84f8ada71
frontend/src/api/generated/models/screeningFindingReviewOutStatus.ts,source/configuration/assets,409,6be2f1b4d72322b656a625013b75e74200a71f4c7b08906a74eae550ac6cbf83
frontend/src/api/generated/models/screeningImageDetailOut.ts,source/configuration/assets,1117,b3c48fb11764972c6dd399c6fe61ec0e306705434fde4cda7eb2e3c1704b9c15
frontend/src/api/generated/models/screeningImageDetailOutBucket.ts,source/configuration/assets,602,c50fc3ead90cd8d7aee10de9cca8f5259c90b5e34287c50a063ba4781aae999f
frontend/src/api/generated/models/screeningImageDetailOutStatus.ts,source/configuration/assets,481,095c6a3bae10354e6a7374fc07cee9de09811f2348be03be9f549d3352603bc2
frontend/src/api/generated/models/screeningImageListOut.ts,source/configuration/assets,325,0356aefd8193f4cafb02cc653dba984ff55eaeb2b7378cd539f9f271536a0d2e
frontend/src/api/generated/models/screeningImageRowOut.ts,source/configuration/assets,898,bf0b7467992ace4cca3f95d6cb699f1d6fc6ce190154a6cc88930218d7204de3
frontend/src/api/generated/models/screeningImageRowOutBucket.ts,source/configuration/assets,590,af08a64cf5fe08f96dac463166b318e350774e1a2f20da919c59957d5231e5b7
frontend/src/api/generated/models/screeningImageRowOutStatus.ts,source/configuration/assets,469,a5d8d89d2a519250b54e7cd8b723b1008275bf900dfba67ed96d4b613326ecf4
frontend/src/api/generated/models/screeningProviderStatsOut.ts,source/configuration/assets,682,5b1546ddf737018258080029fbb8d164ade88c57dc5f67a05e9d46b5ba06bb03
frontend/src/api/generated/models/screeningRunOut.ts,source/configuration/assets,737,6d0846be762d42cbba91af327f00c0cbd61635cb1363f7293af9afbc93eb7271
frontend/src/api/generated/models/screeningRunOutDetail.ts,source/configuration/assets,199,a96704a2e80188bb3cdef1d78cdc58ac5323ca39022dfe40d2c6329cdde4c497
frontend/src/api/generated/models/screeningRunOutRunStatus.ts,source/configuration/assets,325,94388c1b8fdbc05198c8ab5ccf191be791d8af02957c7cdea6a8bfe15b29a28a
frontend/src/api/generated/models/screeningRunOutStage.ts,source/configuration/assets,541,406753e9dd167fab5bef8c04a71b6a214ae89ce49fbb8773371e6bb19a3e4ed1
frontend/src/api/generated/models/screeningStatsOut.ts,source/configuration/assets,310,640ef45994b332828a171accc1d54c903b0eb08d2fc3ae9a22f09b9911e4a651
frontend/src/api/generated/models/screeningUploadIn.ts,source/configuration/assets,757,30c9c851e340b8b6157e2bacfd2be708cdbb44cac27b9721623539f615d983a4
frontend/src/api/generated/models/screeningUploadInBucket.ts,source/configuration/assets,571,e1661e088faad616a097ff1c09066af39c2b92ed94deade070c1714a53ba7456
frontend/src/api/generated/models/screeningUploadInContentType.ts,source/configuration/assets,369,185da13d78b8e230c993b9be840b28a96b98192a860903b61c1b39cf4ea15347
frontend/src/api/generated/models/screeningUploadOut.ts,source/configuration/assets,813,b7fd37dfcbc2a37cea978769c2a5aade2fc4f4d4c9431e7540170fd1be838057
frontend/src/api/generated/models/screeningUploadOutUploadFields.ts,source/configuration/assets,198,95d09215e6110dd5df1f1fb8497f7025c9b9c5eec5d4076060640459b151c6ec
frontend/src/api/generated/models/sensitivityItem.ts,source/configuration/assets,347,6e5b0a41e4a2542385dcc48e912ff7be6a3fb1d9c498318a64ef16d55f27b123
frontend/src/api/generated/models/simBirth.ts,source/configuration/assets,302,3ca7383c4d280c5515903fcc97d226a8005863dd6792487a08e14e7680824814
frontend/src/api/generated/models/simExit.ts,source/configuration/assets,237,06fdb40daa56f7b20a5ea45ffc215c7ff431edff6aca987d51d5f6ae42e0b158
frontend/src/api/generated/models/simKidBirth.ts,source/configuration/assets,209,f11093c1c597a66e9733b01682b220ef3b7c4af1f796387a12f25e4c77c32ea0
frontend/src/api/generated/models/simMove.ts,source/configuration/assets,430,27948eb098228d11c1d522ddc3d3c0b032daf4d76430b6e181d6166d60b1006f
frontend/src/api/generated/models/simTask.ts,source/configuration/assets,424,a0a7bee2f4a4ab0c9b10795560eee02e41ef10710352c1ab8ca04c57ec94d6ec
frontend/src/api/generated/models/simulationAssumptions.ts,source/configuration/assets,1513,570d071d03d53371aa35cdec1b4a9bdd76af8b465c3061a7a97657bbbdc1d7bf
frontend/src/api/generated/models/simulationResult.ts,source/configuration/assets,1679,bb6574a0a94182e13d0159f78233891087d106b7f88078a311b7133f4c3b4bc7
frontend/src/api/generated/models/statusChangeIn.ts,source/configuration/assets,1034,5e8bc06223c862ec43f33122b6b9f4141bcaadb6fef70c6a05c046537f251857
frontend/src/api/generated/models/statusChangeInDisposalMethod.ts,source/configuration/assets,442,d96ad330da4c227faf66d82bcfea83a91337cd21ca08542558919178f8eaaa35
frontend/src/api/generated/models/statusChangeInMortalityCauseCode.ts,source/configuration/assets,824,7cb70ffa23dd2bbffcddad044218a69d461caba3be0538a395970e694233e915
frontend/src/api/generated/models/statusChangeInNewStatus.ts,source/configuration/assets,343,9c1a5685faf22e8a8729216f88cfe91d41b2cdb699ffe782536c2ca9b42c7da1
frontend/src/api/generated/models/stockAddIn.ts,source/configuration/assets,210,74dc94cd677adefd2ff6a88b3ae52941178347ef3b63f8b3a796e8d616fafc47
frontend/src/api/generated/models/subsidyReceipt.ts,source/configuration/assets,553,72af64ddaea294111c59143df0920b06162668e901586a1d7b2663d3347ec8cc
frontend/src/api/generated/models/targetFill.ts,source/configuration/assets,393,acb61762a191f2c50a48e35055d3ec1ad06206e24d20426bb801fdad7806ace8
frontend/src/api/generated/models/targetRisk.ts,source/configuration/assets,260,1ad37c957e1ec815fa49f2537567d97707dc3047549b99f37414799b000381ee
frontend/src/api/generated/models/taskCreateIn.ts,source/configuration/assets,489,6ea9a1aece71c503eea6d371070cf4a7851d1f80d0478d9b1fd9bffee89814aa
frontend/src/api/generated/models/taskCreateInCategory.ts,source/configuration/assets,337,bd2b54922957c801352b2482e61b738d1f47994e838c6489f8ca91daab6d316d
frontend/src/api/generated/models/taskOut.ts,source/configuration/assets,1299,aeb7a99cc86c8367cac1d378343c86795e857018d557989d53602f103df9f22e
frontend/src/api/generated/models/taskOutCategory.ts,source/configuration/assets,865,9957705fe1163c7cb09b8a997150b67e52950f27af27b0bc5549159ef00017cd
frontend/src/api/generated/models/taskOutStatus.ts,source/configuration/assets,335,950784dcd6a2306328c1447f92b8a5995abeda2650e382de52ddf23ec43a1454
frontend/src/api/generated/models/taskOutTitleArgs.ts,source/configuration/assets,187,63fba332ddf80802fbd1787687b4b5738bb4b9bbced06fd2219111b46e79ccf8
frontend/src/api/generated/models/taskRejectIn.ts,source/configuration/assets,384,866c21d1b02d917c9f3f76819fd1923cc6bac14a1b419a1335c194c42798de8b
frontend/src/api/generated/models/taskSkipIn.ts,source/configuration/assets,376,4b54dc8dd9ffbdced5d5baafc06212f6ab33e0272a0846d512c4e5b4b954a19e
frontend/src/api/generated/models/taskTabsOut.ts,source/configuration/assets,625,cd08e7ffdcf91872cca6bc20e68a2efb95334582013962397b155c24cf932f98
frontend/src/api/generated/models/teamOut.ts,source/configuration/assets,532,2936012c2553d52753e3395cded2b4e105a7baab5bd13123d435b90fd1c55159
frontend/src/api/generated/models/teamOutPermissionLabels.ts,source/configuration/assets,191,dd2269e35125ab0cc9b3e2c34d5188bcdd5f285b24673872b7a4101f2964529b
frontend/src/api/generated/models/terminalValueBreakdown.ts,source/configuration/assets,896,231e2bd6145c95169d92b82461b9a418c6da57af5f47c53307b29265d9d05472
frontend/src/api/generated/models/tokenOut.ts,source/configuration/assets,264,829e9ea5044a783fcb78701e55e0e6f549e2e689985a22e131328c80381a4baf
frontend/src/api/generated/models/totpChallengeIn.ts,source/configuration/assets,373,0f0040c0904c2f75aa7f6024045bc868021d2fef72dc8f3010467440ebff9871
frontend/src/api/generated/models/totpCodeIn.ts,source/configuration/assets,257,3fb041dbdd63defc404ef7ddf9ac1bee6e7877a4a6c138eb69b5e655d9473b5b
frontend/src/api/generated/models/totpDisableIn.ts,source/configuration/assets,344,45c5af21dc148b18c3377087a3c3d3359a5cc34e9b2db3eff5bba2cfb91a0813
frontend/src/api/generated/models/totpEnrollIn.ts,source/configuration/assets,246,da24f0480b0920a6fd46b892fc289168b9991374389880a9cb7d094d55e9e762
frontend/src/api/generated/models/totpEnrollOut.ts,source/configuration/assets,204,e94f281ba09c6a53327fe81e8aab1522a60ff7bf9366f7f2dcdbbdb30125daf9
frontend/src/api/generated/models/totpRecoveryCodesOut.ts,source/configuration/assets,463,37cc0d3cd2b50e16c53318783d1848d02a43783640ff166f4e70fb7e635b9d52
frontend/src/api/generated/models/totpRecoveryRegenerateIn.ts,source/configuration/assets,571,cb987eddba810b9b87243334b3b54975dc31764281a23e586d411a6281bde79b
frontend/src/api/generated/models/transactionCorrectionIn.ts,source/configuration/assets,814,de85891fbf7e18f3c41a302ce2850c8a0c9b0d1bcc93a7226b8c4da843303f6f
frontend/src/api/generated/models/transactionCorrectionInCategory.ts,source/configuration/assets,529,4cd99c5a218891149a0eac6de433e03f1a509676823213c15f3496719bc45a8f
frontend/src/api/generated/models/transactionCorrectionInType.ts,source/configuration/assets,349,a0165e90658b9223c65f717cae33679122fc012b3f87a42fb905b4fe6fae4980
frontend/src/api/generated/models/transactionIn.ts,source/configuration/assets,453,6c3bf27e310070144c2255552ec12cd2e1ca1a1c6100958ba77ec605fe065634
frontend/src/api/generated/models/transactionInCategory.ts,source/configuration/assets,489,0fe82b6981a274afc14bbc84152603802ea0061e9b7ba692cafad416201928af
frontend/src/api/generated/models/transactionInType.ts,source/configuration/assets,309,274e47e22322b638968dc247488ffb27c5d07c97ed58fa212ddd7d93704643d5
frontend/src/api/generated/models/transactionOut.ts,source/configuration/assets,706,57e87e9e13adef3a0f7bbab6804af23a26e32f22cbefe55f808814be93d28be6
frontend/src/api/generated/models/transactionOutCategory.ts,source/configuration/assets,493,9762af45fd9568fb19bc9ce049af50eb51bff1159445096a4ad4bcda4a3e49b5
frontend/src/api/generated/models/transactionOutType.ts,source/configuration/assets,313,7d5828ba53d0ae89d4b5c864201094d295303c828cbc7e850bfdbb974d98dd49
frontend/src/api/generated/models/transitionCount.ts,source/configuration/assets,245,91e045798f0bc33335447c015df6b9a33484f7575ce9b1f673c2edae77bebc4e
frontend/src/api/generated/models/ultrasoundIn.ts,source/configuration/assets,236,c09066ccd0f4f30f090e8ce369d233f89fc13e6f6453f029b963da3c9094a103
frontend/src/api/generated/models/userOut.ts,source/configuration/assets,338,4a1fb19e6896980cecc564e4d65a90067caff9d3f967d4e1c2a5884657a2f0cf
frontend/src/api/generated/models/userOutTotpState.ts,source/configuration/assets,312,d89836cf8ac2061947e11bf7f7c9fce3eb3b9ac9074dbcd7533cbd5a886d5b53
frontend/src/api/generated/models/viabilityMetrics.ts,source/configuration/assets,1043,c202003bdc5f2245363502bd7b9855b8ba83e584d326e38195be62e437670a36
frontend/src/api/generated/models/weightIn.ts,source/configuration/assets,251,682e979ebc0f328df8a216daafe0ef819160db6b1b680c6598ed1d1f030990b9
frontend/src/api/generated/models/weightRecordOut.ts,source/configuration/assets,284,e80ff100e39560ce8da1a342095d410c417b3f8c6d014e4db4951a6ba20becfa
frontend/src/api/generated/models/workerCreateIn.ts,source/configuration/assets,367,98dcd166ffa8043449916ace35a71d3444fd67ff10b37781947433698c8fb906
frontend/src/api/generated/models/workerLoginIn.ts,source/configuration/assets,490,97f7105f685537f9ef2a4e680ff71184a58c5261be6102d823985a0b1fc98ab9
frontend/src/api/generated/models/workerPinResetIn.ts,source/configuration/assets,327,29849dd377722843846b85714405e45f69d02aee8e22afcd9333fc9fcb0f80b5
frontend/src/api/generated/models/workerRosterApiAuthWorkerRosterGetParams.ts,source/configuration/assets,379,dd0ff578fc3d9bab3d2aa5580c2607545f69b42b8ea7f697b4faf32176ba3337
frontend/src/api/generated/models/workerRosterEntryOut.ts,source/configuration/assets,219,f6f06c2739a40fbf12b009962589f98aae1439e5f3ac61cb19f100954677645f
frontend/src/api/generated/models/workerRosterOut.ts,source/configuration/assets,757,05df62a9eb8f026b5103b8c2ed7960a98f601f70a73fb83ec946ebd6a3920e1c
frontend/src/api/generated/models/workerStatusIn.ts,source/configuration/assets,186,c0135b605ba8d8d14b8e5b7dcf0d68c9f33680fef89d9b67e45841f26a1cadbf
frontend/src/app/(app)/animals/[id]/page.aria2.test.tsx,source/configuration/assets,9225,574b67649e86202cdea1aad6352c2f055192e1d99da498bb83a393bc44d5c613
frontend/src/app/(app)/animals/[id]/page.detail-panels.test.tsx,source/configuration/assets,34921,7e58048ff3a304d70bc9442a22a9666ac855784e6d69f19d474bac989b963a10
frontend/src/app/(app)/animals/[id]/page.dialog-lifecycle.test.tsx,source/configuration/assets,27382,4a950580b2d85710d8ae7d2139cf34bfc555f2909142638085ab8f4e5c1cf878
frontend/src/app/(app)/animals/[id]/page.dialog-validation.test.tsx,source/configuration/assets,26945,c989a0de7e63e696c2e82ed03b9f9f2ac6ec248f6c7c7d3b4b8420a9cb3c2377
frontend/src/app/(app)/animals/[id]/page.display-copy.test.tsx,source/configuration/assets,34395,7feaaf940da676ac5f1679d46f07258fa2b7051a2ad01db455205f3a07f6c613
frontend/src/app/(app)/animals/[id]/page.i18n.test.tsx,source/configuration/assets,7651,d67b7674a7ed71b318f69a4222fa99e686f4fbebdafc228fc3ca605e2708cbda
frontend/src/app/(app)/animals/[id]/page.mutation.test.tsx,source/configuration/assets,15224,5c5ea266873df3e1835a32a48f37f113f8c37c7eb5c392d21018199484bd5b87
frontend/src/app/(app)/animals/[id]/page.phenotype.test.tsx,source/configuration/assets,11674,c115b2509d6cf18dc38e160b168312e0ab4af8b6bc875847b5247a546e41cdae
frontend/src/app/(app)/animals/[id]/page.test.tsx,source/configuration/assets,87402,1189c4a76d0c440e6393ac00f18431bd2b62297a59d98230e4ebba8c9666b581
frontend/src/app/(app)/animals/[id]/page.tsx,source/configuration/assets,97075,75de3954175a4a1d52cdd6fb9bcb54d49843d69960d0714060b95b311477b40e
frontend/src/app/(app)/animals/new/page.campaign.test.tsx,source/configuration/assets,1515,292525f1efccbc658cb3158da25f1e1188108302a7d773ee0872eafd92d7fdeb
frontend/src/app/(app)/animals/new/page.test.tsx,source/configuration/assets,1896,b8d9078e1496821a6b383dff4d638bc6c962650cd898b2b94a57fa183ca6a73b
frontend/src/app/(app)/animals/new/page.tsx,source/configuration/assets,1951,a164c075cd234b96fede873b3875814c584d7623fe370fa1f3322ea95cd6a11d
frontend/src/app/(app)/animals/page.boundaries.test.tsx,source/configuration/assets,13075,5f38b00ada397225a3e8dc57783cbbcb92aad54125c7153596e07cd9017c597c
frontend/src/app/(app)/animals/page.bucket-sex-parity.test.tsx,source/configuration/assets,12876,a2acbb3b7344f906e1915f64c81d58856b23cd3b5899de48d803f9038934186e
frontend/src/app/(app)/animals/page.campaign.test.tsx,source/configuration/assets,23322,278b9adc35cb0092d13c3f25e69ecc8db4cbda1a7b1d3bf7b32e6921dc0de072
frontend/src/app/(app)/animals/page.deeplink.test.tsx,source/configuration/assets,2920,1ed352d5e7fa09cc5b17e35223c512d346c78824c3cfee88949853c195fdb2a1
frontend/src/app/(app)/animals/page.dom-caps.test.tsx,source/configuration/assets,3513,ba14e6ca19497baedfbbae74315574b16e7db23b567f2e901a8ebde0551c0e2e
frontend/src/app/(app)/animals/page.extended.test.tsx,source/configuration/assets,47142,17655e55e46e8afdf662b6abf5e065653f7c39a217bd1fa52139b79843a352dc
frontend/src/app/(app)/animals/page.filters-and-labels.test.tsx,source/configuration/assets,23235,929dde0c1d10e8d50fa73ee0063ac087712d32bc6164b33a5028c8b5875e351e
frontend/src/app/(app)/animals/page.i18n.test.tsx,source/configuration/assets,7468,5064736c3046745264bce4d58dd8c180f93163a687632fdee7f481180cb4287d
frontend/src/app/(app)/animals/page.mutation.test.tsx,source/configuration/assets,28498,091de97c2524e2b99f9996d744da833964e813bc07b7c842387c6d1287bb24c7
frontend/src/app/(app)/animals/page.pagination.test.tsx,source/configuration/assets,26123,1dda825c511429c750070d18dcc3e0de2d39a29e6e36390e9bcf7661f4d33b88
frontend/src/app/(app)/animals/page.phenotype.test.tsx,source/configuration/assets,3923,c01a2e7de30b92f6b1b90df808d5592025200da5cd47b09bcf08109194013652
frontend/src/app/(app)/animals/page.races.test.tsx,source/configuration/assets,9358,3f93bd0b1ba50d045f57a65cd9c8391929dc3f2becd14c52388c3326cc712b98
frontend/src/app/(app)/animals/page.request-contract.test.tsx,source/configuration/assets,17459,79c03403d86b886147642135f0d785a35ce9b5f790ea0c55fbe8aabba13b445c
frontend/src/app/(app)/animals/page.search-normalisation.test.tsx,source/configuration/assets,23456,4b3da10a9d78fea8175497cad7fdca16aae43c528c760d601f96eb1ca7069824
frontend/src/app/(app)/animals/page.test.tsx,source/configuration/assets,8863,142cd666a9fe119ed61a2e3b6be9e1a478fa9b3755d90cffdd79e43732537a5b
frontend/src/app/(app)/animals/page.tsx,source/configuration/assets,77531,29c8921454bff4f4942baad25c3e7c64fe736b8f8dcd7a50f9b9e3c0a1ac3f9c
frontend/src/app/(app)/animals/select-label.bugs.test.tsx,source/configuration/assets,4262,04b68f536680f66377a7c285bdbc3f453bfdb254b003a35cbd8e277a3d6ecfb6
frontend/src/app/(app)/app-layout-client.campaign.test.tsx,source/configuration/assets,3251,9b77ae0045bfd8c2966c1186ef47c919fce279d03258c7b11b2df59421dce6e5
frontend/src/app/(app)/app-layout-client.mutation.test.tsx,source/configuration/assets,7403,4dcc5f3c44c387cf6ce07b7aecdd61f87f8498a6aa6bddb6067a7c64793ac187
frontend/src/app/(app)/app-layout-client.tsx,source/configuration/assets,17029,4813e62156c4e7f38c250d77d2708f109f66d8ff0efa137857b0739036dd42f1
frontend/src/app/(app)/breeding/[id]/ultrasound/page.test.tsx,source/configuration/assets,2035,f50076671c47a19f9e194eb93c0f8e320b0b217db995b8e15b459ebc35de1012
frontend/src/app/(app)/breeding/[id]/ultrasound/page.tsx,source/configuration/assets,2518,803a71ecca3c254ead31c7801b74f91f041dc084f9389e339b570002b5e251ef
frontend/src/app/(app)/breeding/page.campaign.test.tsx,source/configuration/assets,30730,1c76dfd3b299171e77997db1a8194f979f9111a70c68ad7962aad75dc584d497
frontend/src/app/(app)/breeding/page.dialog-guards.test.tsx,source/configuration/assets,31303,5c4ae49da6891894e6d105efdea4c775dd18f69408f8e7ef475ada81646caada
frontend/src/app/(app)/breeding/page.dom-caps.test.tsx,source/configuration/assets,5408,4c111b9379d0719cea9a5127d8675cbf33e311ab8c79fb2f15ad76547fa5fc28
frontend/src/app/(app)/breeding/page.extended.test.tsx,source/configuration/assets,48502,cba6fb434650a0bdf3eb880704d12a2dcbf0fd313cdc75b51a99618bcb603127
frontend/src/app/(app)/breeding/page.i18n.test.tsx,source/configuration/assets,5904,3361f71f7d333f85552e74859861d9870fb2306d02e6327e81220d01b9a04b34
frontend/src/app/(app)/breeding/page.mobile-cards.test.tsx,source/configuration/assets,5805,a629297beb3c47cc47bb64612ad11d6c4899449ecbb8eab22c8ef767b2966e80
frontend/src/app/(app)/breeding/page.mutation.test.tsx,source/configuration/assets,28895,d1e87a8e8ee8b6ae8389687c44d5dd4e410b73a8cf63611674669028b154f864
frontend/src/app/(app)/breeding/page.outcome-copy.test.tsx,source/configuration/assets,29906,336dd08873f302e5beaa651f4a56d6653a11e1f60fb95b020db43fb46bc0f1a4
frontend/src/app/(app)/breeding/page.tsx,source/configuration/assets,60270,2189e837999efd45f954a9939907e363f4847072db3454ee248ecd8e3318d06d
frontend/src/app/(app)/buckets/page.campaign.test.tsx,source/configuration/assets,1491,fc2d7bfdfb30180c9bf9a193892b06d3afc4fa70df195e59019ef60d2b168a47
frontend/src/app/(app)/buckets/page.mutation.test.tsx,source/configuration/assets,5135,0b38c851ac0672df26c210b105234c044d8e717a07a1640a60cc7d182fa93d00
frontend/src/app/(app)/buckets/page.preview-truncation.test.tsx,source/configuration/assets,4482,23a8b48ef87fda11d22780714e60cf2f6ae325c34cc33400327860bbe71b63e3
frontend/src/app/(app)/buckets/page.test.tsx,source/configuration/assets,12922,3d5aa3ca56495d9efda028c01c6bdd973b777195169dd4be8d92b83fe2e12f96
frontend/src/app/(app)/buckets/page.tsx,source/configuration/assets,7921,7e5552c5f80ff5f67175401fcbc9690056b6b226007f4f2f222b7a137f4950e1
frontend/src/app/(app)/dashboard/page.advisory.test.tsx,source/configuration/assets,5811,fd75e039d8fb22e7cec5db69169ff26e97f4eb613712b9c368fc01a91ab8da1f
frontend/src/app/(app)/dashboard/page.extended.test.tsx,source/configuration/assets,32338,ede0fc8b6e99e25ce7edec2acb86ad8c0cb2741b090bf48a9cbbf64b19a402ad
frontend/src/app/(app)/dashboard/page.mutation.test.tsx,source/configuration/assets,14729,c042c48f8a3e304e3c72871da4c03f9af1a5292227a4349b3852f82d46e8976f
frontend/src/app/(app)/dashboard/page.test.tsx,source/configuration/assets,31619,7ffddc77c63bffa68ae25f71f719e0475071b3a156cf48c4e6df695968e07580
frontend/src/app/(app)/dashboard/page.tsx,source/configuration/assets,44777,856339c2c45a3fb6296ce4b0d9f8d516a0f98777a0dfeb45c8330d0d68037b4e
frontend/src/app/(app)/error.tsx,source/configuration/assets,1245,f54de5d669d710174eb173d8a386dcbfbb026dbb8ee4c9587a1f35fa08694ffc
frontend/src/app/(app)/feeding/inventory/page.extended.test.tsx,source/configuration/assets,23250,d80c08ed87d29b3f98d19c04846b20266f9b37d2d9773950d23e2e1cbd84b6a3
frontend/src/app/(app)/feeding/inventory/page.mobile-cards.test.tsx,source/configuration/assets,4132,d65fb7dba1197fefd54ac39b33d96f4dc00e065c3af15a1be88bf3964923ff80
frontend/src/app/(app)/feeding/inventory/page.mutation.test.tsx,source/configuration/assets,17140,4d297518708b49ea7cbff36546f1a84aaabc7a48bfdf3224f2dbec2061760fcf
frontend/src/app/(app)/feeding/inventory/page.tabs-and-stock.test.tsx,source/configuration/assets,24068,c4649e994c581ce5ba1d99f985560b3990e4c1693489138ebbe73360f9563cad
frontend/src/app/(app)/feeding/inventory/page.tsx,source/configuration/assets,26357,11372ee74b770786894009ca08dd3323e53dcda25b1114d08233b302d0240b7d
frontend/src/app/(app)/feeding/page.badge.test.tsx,source/configuration/assets,3778,0346dd969cc0354cd999b5e63eb93f57ff575c53d546ed874050b23bef793d9f
frontend/src/app/(app)/feeding/page.completion-boundaries.test.tsx,source/configuration/assets,29982,c0b36bb1b6ab6d210f2f27db74e4af0088d023278e7ec0ba71ddf3129e2779db
frontend/src/app/(app)/feeding/page.echo.test.tsx,source/configuration/assets,4114,7d7831c93ba5f9ef21dd42058d7c0afa2ef3985bce1df72f56f9cae88006bbd5
frontend/src/app/(app)/feeding/page.extended.test.tsx,source/configuration/assets,40537,463d7b262b4e50fd5f2dcfa7de1e7f43f3d544629c5c6f9e66fb1686618ae46d
frontend/src/app/(app)/feeding/page.language.test.tsx,source/configuration/assets,4856,24f9f5da7283c91f363884483a2cd7164190ae4f98ab6f34969c84a2e2f6cd8f
frontend/src/app/(app)/feeding/page.mobile-cards.test.tsx,source/configuration/assets,3883,0558d1cefc5b5dbb3947cccd30612d5e4132ea4e415c9cb4dc92e04976fe696d
frontend/src/app/(app)/feeding/page.mutation.test.tsx,source/configuration/assets,9357,70926b728fd9651c5c2170e8015a6dc8f2ad77ff90d2a4b87b52cfa62addc8dc
frontend/src/app/(app)/feeding/page.mutation2.test.tsx,source/configuration/assets,24434,ebb6aa2609fea98ac69afe90d03661b5b7e0171378c0ed94768cc470c5026df7
frontend/src/app/(app)/feeding/page.races.test.tsx,source/configuration/assets,5411,28b86696864e70d00426e8b1a62c03c733115e60477fa8a35fd473ab711e8df9
frontend/src/app/(app)/feeding/page.section-wiring.test.tsx,source/configuration/assets,28521,15a1764c71448f63a542e52b3f771c23432cecc314e00bea41744576b8b2a707
frontend/src/app/(app)/feeding/page.tsx,source/configuration/assets,49072,7c6c6f1feff71bc996aa46126811f8a685f8f61bc140d78a8073efa223dc341e
frontend/src/app/(app)/feeding/recipes/page.extended.test.tsx,source/configuration/assets,5871,a133c1a65135772b1304ed56d0826559ae7eaa84c32aa9e22b3398250dd67cec
frontend/src/app/(app)/feeding/recipes/page.mutation.test.tsx,source/configuration/assets,5164,489f490a0811ea3dc46ee2a385e23a93f657223080e04f0c1f78c0e83acf12eb
frontend/src/app/(app)/feeding/recipes/page.tabs-and-pending.test.tsx,source/configuration/assets,5813,12108f047a458c9b17aa69e9ca7c317df5dd6a45e8da34c1d7142e9b309e56b6
frontend/src/app/(app)/feeding/recipes/page.tsx,source/configuration/assets,5815,6c987b2d66252b8cc9768ef73893549d7a0ca8cdc011ab13237075273a2dbf52
frontend/src/app/(app)/finance/insurance/page.aria.test.tsx,source/configuration/assets,6645,e8d1144434ac877e216ab3d5630031d734efdea147b80feec7103d5b2190bc0e
frontend/src/app/(app)/finance/insurance/page.i18n.test.tsx,source/configuration/assets,4700,fcb426a302a79b8d3aa61ff4d560ad40963a7d8b759541fc493697e61f6c03d6
frontend/src/app/(app)/finance/insurance/page.mobile-cards.test.tsx,source/configuration/assets,4384,80ae1ab5238a2f0a3cef27557767825644fa40db18f98702e736a2c88acc0fed
frontend/src/app/(app)/finance/insurance/page.test.tsx,source/configuration/assets,25096,524cd29bdf56a42a7cbe45fe44bdf97734984138a7f38f1f98b21e6f36d22736
frontend/src/app/(app)/finance/insurance/page.tsx,source/configuration/assets,43746,fc611e4e31aeeae2850b33b7599a3ab51712e5026b8315cb9c8bb27d737d9476
frontend/src/app/(app)/finance/page.bugs.test.tsx,source/configuration/assets,7671,f356a778cd24c31654bdc385bbdf844a086e944e2dd89aa454eec25fd52a4839
frontend/src/app/(app)/finance/page.campaign.test.tsx,source/configuration/assets,33463,e590c966d5fa8cd18800b957e18088a10e0c4889c314e84ba1c18bd0f82ff009
frontend/src/app/(app)/finance/page.dom-caps.test.tsx,source/configuration/assets,3315,42c553bbcf8eb5d753045178deaf57393ac14cbf49ed11731c9b3fb2bd93ffa7
frontend/src/app/(app)/finance/page.extended.test.tsx,source/configuration/assets,45239,8ce99894c975e894c7290b9a136697519491f6232f7e205fa986ef85059799f6
frontend/src/app/(app)/finance/page.i18n.test.tsx,source/configuration/assets,5463,f7eda5915a4b6fe541a0b32bb688864102c1dc3ec01a12e42568197307a7a842
frontend/src/app/(app)/finance/page.ledger-copy.test.tsx,source/configuration/assets,27871,6d784d92b710deedc147371c8f0ceef9e55a19ffbc137b67bf131635d9839a4c
frontend/src/app/(app)/finance/page.ledger-gating.test.tsx,source/configuration/assets,25285,202e02f763748e1ea83842e64eb43bb3e024e69386eda49e5f51a9e71f55037c
frontend/src/app/(app)/finance/page.mobile-cards.test.tsx,source/configuration/assets,5957,b5adf8ad726842f312a07b679057c41c7a3147f912c4519d972d71b5fa0e9da3
frontend/src/app/(app)/finance/page.mutation.test.tsx,source/configuration/assets,26981,8157244df44e22be965a92c41712be0752ddbd13c06a892d210ad84a4cfa586b
frontend/src/app/(app)/finance/page.tsx,source/configuration/assets,63968,9ee33e042deaba29ce6cad7abca8891382f71735bf01fd97200c0bcca9fc1af7
frontend/src/app/(app)/health/new/page.test.tsx,source/configuration/assets,2023,af69ed4119a44bc587431f7708ebb6912fcfb0745bfe1622d4bb2849e80f8d16
frontend/src/app/(app)/health/new/page.tsx,source/configuration/assets,1365,0dbfc53238e5484aadad8f7c7f2f2d44dbcd3111d95867ec86dcd65c2218949a
frontend/src/app/(app)/health/page.async-ownership.test.tsx,source/configuration/assets,30864,c7eec686dfbf1212db3c9ec3bc52bacda06b4a0e7a6721c2c416d21c6adc3399
frontend/src/app/(app)/health/page.bugs.test.tsx,source/configuration/assets,13070,b8d25fc136beac2bc2a5964b74875dd3e8dccc1360228310c5bad2d3e0174fe8
frontend/src/app/(app)/health/page.campaign.test.tsx,source/configuration/assets,21902,edbe9cb7cb95ca84103d6589da887cd4067b088b567129fb03743636891941c3
frontend/src/app/(app)/health/page.copy-and-errors.test.tsx,source/configuration/assets,35504,1864cf45ca0fcd03ca911c33c3bb084a683958520999afad4db4a111fc9663af
frontend/src/app/(app)/health/page.dialog-chronology.test.tsx,source/configuration/assets,24733,ca75fba00e7585dc61665734cda19d7d22f11b489bbfaac6e3ff75e807516e64
frontend/src/app/(app)/health/page.dialog-field-states.test.tsx,source/configuration/assets,20866,51210b35db822e730d172fb6730e7ab599f72f202fde0c964d2437cf875fc66e
frontend/src/app/(app)/health/page.dialog-state-ownership.test.tsx,source/configuration/assets,37270,4e730d58e943cab7c14449346c7a5bcba69885ad588e3856ed8708668f1032e0
frontend/src/app/(app)/health/page.dom-caps.test.tsx,source/configuration/assets,5040,70708f8d3a73bf2c9f57d99c7d5524c7239679c14d66f020127a56ce091dc525
frontend/src/app/(app)/health/page.extended.test.tsx,source/configuration/assets,77626,8634236cab1aaee264d2f6aa749d5ced616acf26c0c4b4c6ee9fd267176a366a
frontend/src/app/(app)/health/page.i18n.test.tsx,source/configuration/assets,13565,c909e7fda0f0100993724581ec9da3667c149ced69c4d670d52a45105971397f
frontend/src/app/(app)/health/page.mutation.test.tsx,source/configuration/assets,29864,93f84dd5deee2053c69855b98194e2651c8dc1608f6b2d0f5216b4b068102079
frontend/src/app/(app)/health/page.traceability.test.tsx,source/configuration/assets,20593,11cd11af35a796b8758e3ec04eb1da50f1b46065acadb18c836e5ecc222d0121
frontend/src/app/(app)/health/page.tsx,source/configuration/assets,104125,651ffbb2e3c0884358df4363b2da0042f608f4225dfb36ab2140a7b4e219e71d
frontend/src/app/(app)/health/page.validation-mapping.test.tsx,source/configuration/assets,9369,2f1d72508681c1e4cabd2b8bd75c555c4f48d39fc1d5b759552b7a12a6a950d5
frontend/src/app/(app)/health/page.wire-contracts.test.tsx,source/configuration/assets,21810,0abd38502102542f366648ac157896f440aa6ef847c311937501e2a0a43f9a15
frontend/src/app/(app)/health/schedule/[animalId]/page.mobile-cards.test.tsx,source/configuration/assets,3426,2d2da75d7325980b53c4672a71d3ca3a0771be9f60a974e5129630ca4bd18813
frontend/src/app/(app)/health/schedule/[animalId]/page.mutation.test.tsx,source/configuration/assets,5995,f935e936fe48cfea1f8be43a922a25b7801133ac6d26ce7e3c00813f8963b3f8
frontend/src/app/(app)/health/schedule/[animalId]/page.test.tsx,source/configuration/assets,12558,e5a42ab9b8c4f567e4ad10fc66a3d4316d8467d05ad05241b3e255124eabd772
frontend/src/app/(app)/health/schedule/[animalId]/page.tsx,source/configuration/assets,11533,44d115aeee6d020e0660eef7f4f679e9a57bdc22aac23b64ad22b0a5233e9f43
frontend/src/app/(app)/health/task-prefill.test.ts,source/configuration/assets,5508,d5f7baf38dde7488cf982ef99964eafab324f54a22051d87e6908db6a55bf84b
frontend/src/app/(app)/health/task-prefill.ts,source/configuration/assets,1221,29da8ea9c70201796327613c589d782755b01b6cfd5d6dd8ae8ab28db8f2cdbf
frontend/src/app/(app)/kidding/new/page.test.tsx,source/configuration/assets,2319,d8b8639cb36185a755d8a1adfeb61b5a381c6e8787d5f8b8836d2806bfb4cd1c
frontend/src/app/(app)/kidding/new/page.tsx,source/configuration/assets,1674,93046b09bc029eee10cd0dbf70c49366b579bd78474fb0745e12485cc8eebcf3
frontend/src/app/(app)/kidding/page.extended.test.tsx,source/configuration/assets,44777,e7c73db090e3d3a55067c49b37090c9447124587a6e3bfbf09db31ef10a0cfed
frontend/src/app/(app)/kidding/page.i18n.test.tsx,source/configuration/assets,6436,a9d4c22047f0a70af03c647ab432872fb3fe90d9297918e335cd58a17a659ec4
frontend/src/app/(app)/kidding/page.mobile-cards.test.tsx,source/configuration/assets,7382,a4ad797920d261c6f59d878d66c57649358a214448aa172013d547d385038fb7
frontend/src/app/(app)/kidding/page.mutation.test.tsx,source/configuration/assets,29314,c9a2f684fd080e67ac652135cbbafba984ca033e6470e8ac99633bfaafe83ed5
frontend/src/app/(app)/kidding/page.queue-copy.test.tsx,source/configuration/assets,26087,ae8f6f6768dd13f1eea7818059ccf55581ffdde628d8d5a82f51356cc2cf0070
frontend/src/app/(app)/kidding/page.record-guards.test.tsx,source/configuration/assets,35582,8a487271277d4eefde29c0798d4b3b52d7141e7bd1d6220153fa1d7a2e2ab862
frontend/src/app/(app)/kidding/page.species.test.tsx,source/configuration/assets,4148,c1ad25318f8ad48475ee2ef5568c485a789177a86a0814ac65d416b375b3ea88
frontend/src/app/(app)/kidding/page.tsx,source/configuration/assets,66657,ce75ef52e2c8765946694137522f81be964156d3e08ec3e1368eda8e687ff097
frontend/src/app/(app)/layout.server.test.tsx,source/configuration/assets,2065,062043b5d4f26922403ea1625678d32832099c7958b14ce325c60e1073c72fa5
frontend/src/app/(app)/layout.test.tsx,source/configuration/assets,33385,4f9993d5f7c71a2b3a1900aed23381bc5e74dd7016087cbe617a88681546ac25
frontend/src/app/(app)/layout.tsx,source/configuration/assets,805,a07ef9eb894b46afa47d70eb5a60f5bc020ce1e69bea70d4b99a32bfde077a72
frontend/src/app/(app)/loading.tsx,source/configuration/assets,763,4a0089b302fcb343e991c9b5fa65b578fa6afbf0a396bec35c9a0a29f7a17026
frontend/src/app/(app)/no-access/page.tsx,source/configuration/assets,1152,7126ae76a9273e9551e73edcbd546ec2f5b05a021ce7d051135ba504161f5033
frontend/src/app/(app)/not-found.tsx,source/configuration/assets,1392,af683196decc25649e977826c89ca62f95af3af0f9661311f49b4f2992639a9d
frontend/src/app/(app)/ops-simulation/page.format-kg.test.tsx,source/configuration/assets,3913,dd21792c578edb18c0b2b5328361f32edce9b2749ec63bce80155f04a696d3dc
frontend/src/app/(app)/ops-simulation/page.mutation.test.tsx,source/configuration/assets,13663,7273643dfea12998f1c0c62e5009c7656a8115bb2fc6a18d7498141416128d81
frontend/src/app/(app)/ops-simulation/page.test.tsx,source/configuration/assets,15981,c7d21a08ca954c1f87da15ddc8d9c103bf8d14248c210212e587c4a25bb92056
frontend/src/app/(app)/ops-simulation/page.tsx,source/configuration/assets,49962,a080cdbf5579b6fd1822d6492f36566d3012eaf846508b4c139aa95009b7348f
frontend/src/app/(app)/owner/page.dom-caps.test.tsx,source/configuration/assets,5617,331b111998035e07c59b8c18e7283a083d474f00e1c60670c3686fddd143d782
frontend/src/app/(app)/owner/page.test.tsx,source/configuration/assets,8862,67e54e85f9f540ab5524b0d366e2adff6014f0587896929ea54599f61e2fa914
frontend/src/app/(app)/owner/page.tsx,source/configuration/assets,11327,338b44734214d1174bd7f4c7bacb94a376bc465181ab092820f721d481af3bb0
frontend/src/app/(app)/planner/page.campaign.test.tsx,source/configuration/assets,34151,4b8f3e4c4527174dea767543db1c969a2d54fc5f330fff4f7b9dfeeeef185937
frontend/src/app/(app)/planner/page.i18n.test.tsx,source/configuration/assets,5087,138c402a42ec26a6ba67c8d6374962f9bb88f2f19e819161b6dc0ece574c606c
frontend/src/app/(app)/planner/page.mobile-cards.test.tsx,source/configuration/assets,8600,b3def87dca1d48c0c5cfa64a5c582fec049192bb09d2100df1504a1c40303e9f
frontend/src/app/(app)/planner/page.mutation.test.tsx,source/configuration/assets,17651,822d20e798a6f27f7b9a5cf95eaea414b163edaa5bc72ae49e4b24acea6ec64e
frontend/src/app/(app)/planner/page.mutation2.test.tsx,source/configuration/assets,73441,c1eb2a06116ae312c882e46fe62f228f29f97da6130163e093ade968582190fc
frontend/src/app/(app)/planner/page.nlm-dpr.test.tsx,source/configuration/assets,7992,3c9f95f8491db5bafe54f0c76e509280326d32b35da8ff4732ce6c9172a76093
frontend/src/app/(app)/planner/page.test.tsx,source/configuration/assets,16840,f089fb3d8ee6b5599e6f76e00c2cb17ac0987cefb5cca6925688ac2dd5eca7fb
frontend/src/app/(app)/planner/page.tsx,source/configuration/assets,77148,f52ed32d21e198dd850642fa693b9fc37cd3f46237da1465f2b2379cc890a246
frontend/src/app/(app)/purchases/page.aria.test.tsx,source/configuration/assets,4718,d0249f3460b7ac06ed2cc613a6ec6bc4bd056fa215ae11c433533078b9b1219b
frontend/src/app/(app)/purchases/page.extended.test.tsx,source/configuration/assets,30353,d3ebf5a09f8657ce4710eecd0d7de665e65e0bb865ef45b4a1763ed036813924
frontend/src/app/(app)/purchases/page.i18n.test.tsx,source/configuration/assets,5524,437b0464abd2f3bade3d336a1814ecfe7a38cb67d48775174a600a51eef79252
frontend/src/app/(app)/purchases/page.mutation.test.tsx,source/configuration/assets,25922,cb75f14c9cd547da7d4b192e1265cb3833452fced11420c5ea5035e2ee91a6e5
frontend/src/app/(app)/purchases/page.requests-and-states.test.tsx,source/configuration/assets,19378,c7029efc5622e4d11132a6d38b19eadb59f74ebb6050c0482ca47f94383c43ea
frontend/src/app/(app)/purchases/page.tsx,source/configuration/assets,50210,94a112811b1c8dae36a6e9b041f942c998a0535725bc35914e7deb8cae5a0403
frontend/src/app/(app)/reports/page.extended.test.tsx,source/configuration/assets,10491,cac9ba6552c9e71f225c6d0b4620e87d6056377b3f32b8b5df40e3d20928f5cb
frontend/src/app/(app)/reports/page.mutation.test.tsx,source/configuration/assets,7113,7e11e915d6c692bfb4d31f7c173cc45c4b20a9a733b080875d3fdd0739acc457
frontend/src/app/(app)/reports/page.tsx,source/configuration/assets,15695,f41482e0a5cba37f2ea203e9855799961c4f61b8902ee9bd42fefe52f48a83f1
frontend/src/app/(app)/reports/page.withheld-sections.test.tsx,source/configuration/assets,14337,432c8bfdb0f6a50ec35aeb3f2e4007be131449349109530770d6610b6d65cdde
frontend/src/app/(app)/route-states.test.tsx,source/configuration/assets,6225,ffc2a170b8ed4ab7cd287d5dd98eb4b07e2a1e2ec6ee466d8a531e61bc5e1ccf
frontend/src/app/(app)/screening/page.test.tsx,source/configuration/assets,17099,44fed42e50eda886958d5a058c103be374ed8e80e4a01f29bb28ce254f734c15
frontend/src/app/(app)/screening/page.tsx,source/configuration/assets,30633,a7cf226c20fd6bf671132847db3dc15775ba4b35e2621edd57eed2e4de0744a0
frontend/src/app/(app)/simulation/components/decision-audit.test.tsx,source/configuration/assets,4616,3a9dbd2982c9065d9b58f8963901574486cda67aa1d7518920acbbd30a2012b9
frontend/src/app/(app)/simulation/components/editor-widgets.tsx,source/configuration/assets,2723,4497e9bbf6d35533329a998fcc705679a1d8fcdb25d7c0857f94a48d307272f2
frontend/src/app/(app)/simulation/components/festival-date-editor.tsx,source/configuration/assets,2321,0d3dfb02471d2f4e7216c8f8e1669f9d09d4e0116f43d23873b097a547cba203
frontend/src/app/(app)/simulation/components/format-helpers.ts,source/configuration/assets,1334,47c60fac0e96a18e2c9778e1d7096a591c287983ead01d8d3dd436b750a8a988
frontend/src/app/(app)/simulation/components/nlm-funding-editor.tsx,source/configuration/assets,4564,824c6abefb131a5eb8c88b07e266bd21839c32f5c2468705ac2989bebfa9010c
frontend/src/app/(app)/simulation/components/number-inputs.tsx,source/configuration/assets,11613,0534f7c51b17edda3287877f346175ef3d304e4ada38ecd0b47ca7c1e77f7578
frontend/src/app/(app)/simulation/components/results-visuals.i18n.test.tsx,source/configuration/assets,1496,0e9cf7ac9d630d66fcc344853f8500ff386bc83f5818f741f03f92affd546c94
frontend/src/app/(app)/simulation/components/results-visuals.tsx,source/configuration/assets,12480,df58d7c2861e35b4b1c7ab39300d70f01d1a3e09eb2e738884da0ff8c641485a
frontend/src/app/(app)/simulation/page.editor-and-run-options.test.tsx,source/configuration/assets,23119,3ea6ff35039929e867e0550dfa2e4fb0749bc59f3b4bd23eb99011d3599ebc26
frontend/src/app/(app)/simulation/page.editor-bindings.test.tsx,source/configuration/assets,39116,4ab04c5b08e5be79cd3c96976b5fa6a21a04fdad50665ffcec96a38411e35ca1
frontend/src/app/(app)/simulation/page.editor-projection.test.tsx,source/configuration/assets,44269,ea123a555cd5c0d509ac4ffdf7b32ce57edebf5a25b4306c563322ba0e9a36fa
frontend/src/app/(app)/simulation/page.events.test.tsx,source/configuration/assets,84594,4103bb57088cc3264c4c13981603600ecaca175320a21d47c52eb61f4cf0f3d4
frontend/src/app/(app)/simulation/page.explain.test.tsx,source/configuration/assets,9853,56479bc3a3f6cb80918fbcb221d397e9fe3a684f39246c5f2d4561c08a6f8959
frontend/src/app/(app)/simulation/page.field-contracts.test.tsx,source/configuration/assets,17377,155b5587bd2d37564bd9fe2c21611227a18a147ac788630ea2971447fb9bf019
frontend/src/app/(app)/simulation/page.field-help.test.tsx,source/configuration/assets,15005,4b2530cac805800feb9e4a0308fdc37e4d252ec78fea50d9bc86ead236770f42
frontend/src/app/(app)/simulation/page.field-heuristics.test.tsx,source/configuration/assets,23304,22f4ae0caf2921b8b5423e6655ade7794215b00fb406f4bc5a238b06e67f5955
frontend/src/app/(app)/simulation/page.i18n.test.tsx,source/configuration/assets,8373,dd9db6715f6b0d9643143128580d75473afaa5bba798848ce14172f4bde29c28
frontend/src/app/(app)/simulation/page.meat-mode.test.tsx,source/configuration/assets,7862,99f1547c0901534af379c74e42099777a5461a849c3a395728c89e9420f392ed
frontend/src/app/(app)/simulation/page.metric-explanations.test.tsx,source/configuration/assets,40068,e8a59f24ea844ed8d069c752bdc1e4003ee0fa39497899be4494b5ef6ac8f1b8
frontend/src/app/(app)/simulation/page.metric-thresholds.test.tsx,source/configuration/assets,20551,cc86e6e1967440d88540fdf02ae4819c1402ce52fc07d3915d29f7f234e8c385
frontend/src/app/(app)/simulation/page.mutation.test.tsx,source/configuration/assets,49649,bed91ede381c13f4dfbaf01675c67033683360ce157cb19d876c60dc0e58f0ca
frontend/src/app/(app)/simulation/page.result-behaviour.test.tsx,source/configuration/assets,26705,37f0078233c552694c571ea4037be6eaa9e48deb1999c376516222728be8d0c4
frontend/src/app/(app)/simulation/page.result-tables.test.tsx,source/configuration/assets,40657,c5394c2f8f1c34d7a09d591ebf2e847b1d2a90b8b2ccc67609df597b75441006
frontend/src/app/(app)/simulation/page.scenario-writes.test.tsx,source/configuration/assets,21436,47077b6f0063006c7749e15d1b9f62ba3ca3a6862b2746ef4b008b97791fba77
frontend/src/app/(app)/simulation/page.sign-boundaries.test.tsx,source/configuration/assets,36433,98aa66eeed1b62253545234d7705c1ce91ffb193980e3d897adfd9a950f8b5bc
frontend/src/app/(app)/simulation/page.stored-payloads.test.tsx,source/configuration/assets,40260,54d9c99000dc8552080d7625e6301646bb9b5e847312232bbbb855b35db8a8ef
frontend/src/app/(app)/simulation/page.test.tsx,source/configuration/assets,45243,4db704facc4851d403b07fe5a10cb751da02447ac2b59020d4bc0055b16c189b
frontend/src/app/(app)/simulation/page.tsx,source/configuration/assets,180645,61497d7dad4b7a448d244c95ffa72847efa7e30e26d5f5572eab5cafae153856
frontend/src/app/(app)/tasks/page.board-copy.test.tsx,source/configuration/assets,41198,452005936215aa1331a25479d86c9d0ad48fdc5e575068f100f8b74845b1c99f
frontend/src/app/(app)/tasks/page.board-guards.test.tsx,source/configuration/assets,35019,328c4f180f024abc396a0c29783f0a8453f74efec6cda7229d39110a7afee374
frontend/src/app/(app)/tasks/page.campaign.test.tsx,source/configuration/assets,58151,d00795e464c5064b407ede989f1a65b94a3c17015d79d490a8fdbe399a8ede7f
frontend/src/app/(app)/tasks/page.deeplink.test.tsx,source/configuration/assets,7640,6f9d6e88e7756191717784c2b4a9281ec1147888feac4155353345532939d715
frontend/src/app/(app)/tasks/page.extended.test.tsx,source/configuration/assets,40794,8bfc64d0f29169f574b523d6f5b93804fce8823d06eb1af3b957c73cbfdc14bc
frontend/src/app/(app)/tasks/page.mutation.test.tsx,source/configuration/assets,24928,e6ecee3cdb25eeb9e9418af21369d98cb82ee29865b21c5c1bd691eb584e04aa
frontend/src/app/(app)/tasks/page.optimistic.test.tsx,source/configuration/assets,6121,d3e782b34af8072206dc59d50e24c692a4f7a5deb1a0edee85297dd4c6ec183e
frontend/src/app/(app)/tasks/page.pagination.test.tsx,source/configuration/assets,13821,efe067199cc01a5eeb69f91265688e5e966f8e57f813edacd8775992b5e7e96f
frontend/src/app/(app)/tasks/page.taskgen.test.tsx,source/configuration/assets,3708,fba79c347ca0457bf4dd02c5e269adf48589b9c82eaad828b641f47e4c297bba
frontend/src/app/(app)/tasks/page.test.tsx,source/configuration/assets,12900,3b263b95ccda0addffd9dccda19df587bee2c6dab39f275aeef582d5fe3d9571
frontend/src/app/(app)/tasks/page.tsx,source/configuration/assets,56800,463d5e1a59e9e67f626c85192710614931902ffff7b5be8518f732efaf09bc2a
frontend/src/app/(app)/tasks/page.worker-ux.test.tsx,source/configuration/assets,23830,5a783f6925f004f74d8cd87225a92e9228a529410ee54142151bd4c2ce9b236e
frontend/src/app/(app)/tasks/reject-dialog.attrs.test.tsx,source/configuration/assets,4522,6113197f591bc0b4c18f35bfde549f9bc120589355831bea68ca4e2d87975e8d
frontend/src/app/(app)/team/components/ownership-transfer-dialog.test.tsx,source/configuration/assets,8895,5012e47f7868daa0bd2574f4cc918786a123e1ce8c817865f5368760a127f5c5
frontend/src/app/(app)/team/components/ownership-transfer-dialog.tsx,source/configuration/assets,6784,c2ccd8e3f41683ae506033be5e170b9a7688559ac359d2ff33a66be7b2f71c98
frontend/src/app/(app)/team/page.dom-caps.test.tsx,source/configuration/assets,5221,343779f62e997cb8959a75a7f9de0c4efe8766ea587b48ee11c88dbc93c144a7
frontend/src/app/(app)/team/page.extended.test.tsx,source/configuration/assets,80353,2867404f14e068dcd029a56914158242db784eb6ef82104269d20f7f87d36668
frontend/src/app/(app)/team/page.i18n.test.tsx,source/configuration/assets,7617,bf93c3e0675ab081b8e7f30b212d8834f43991de423a39aafafb21d21a3185df
frontend/src/app/(app)/team/page.mobile-cards.test.tsx,source/configuration/assets,5661,a224bd52d13b39810b68af41d5d2491fcfe18776f6995b8da781bc298b015c40
frontend/src/app/(app)/team/page.mutation.test.tsx,source/configuration/assets,27764,77575c909bcf5ed9ac5fb290eba67dffb1e175ed9643052c11181a2840e0bd9d
frontend/src/app/(app)/team/page.notifications.test.tsx,source/configuration/assets,11609,3c7de9959a5cf249bb70b1f52b06c8de1e12a31eee3f7b5ea636d5a9bbc59afc
frontend/src/app/(app)/team/page.races.test.tsx,source/configuration/assets,4694,be60fb86453b19d8c25b3733f6de60e0e4818434c485f0f76b9bba1269d2231e
frontend/src/app/(app)/team/page.roles-copy.test.tsx,source/configuration/assets,39997,17c2d05337be9b5ba1cbe7e33b83ba969ec9d4ca891f9dd15905015cce86fb66
frontend/src/app/(app)/team/page.test.tsx,source/configuration/assets,7329,cc567d9b4c0bfbe13bfc8b49eec819311265bb502fd3141af432c11ecf24c4c8
frontend/src/app/(app)/team/page.tsx,source/configuration/assets,76413,db85c7d59adf945b6a9d726b66167dc5f0ab7735f98413d6d858ee977f843860
frontend/src/app/(app)/team/page.worker-and-role-guards.test.tsx,source/configuration/assets,41492,dd96d64c30d6bf871d3473863d4fc953551f326fad43f6a2a32002de22d152c9
frontend/src/app/apple-icon.png,source/configuration/assets,4414,378fa608f03be6ed3934a3b5723d24472c96fc896a91279ec7bb7f9702391d09
frontend/src/app/auth-pages.dom-caps.test.tsx,source/configuration/assets,2804,f1950ab229daf337b71225b0907a7e01a713edd5d8041a670766fed674ea4f87
frontend/src/app/error.test.tsx,source/configuration/assets,1933,8c5a654854dc3077ba4514674f5ed1592a8ab151ec83ded7354a4f087267c98d
frontend/src/app/error.tsx,source/configuration/assets,1343,0089f1853cf6bb87c291e0a51e695d8c06e2b8d053c2e3b5a404815d74faf4c0
frontend/src/app/farm-select/page.campaign.test.tsx,source/configuration/assets,3306,97d2877d20b317a57e1b39d3d43d7218f5f5c23e3f22d2721022311cd65d9495
frontend/src/app/farm-select/page.mutation.test.tsx,source/configuration/assets,5634,439a1695d6068acc9c07460a29aacb0eb7f2b8f184d4305caf97b349a7f805e7
frontend/src/app/farm-select/page.test.tsx,source/configuration/assets,37750,d31e504523db12f386df47919422a76968b2715353c7e2429677f1c36ba21110
frontend/src/app/farm-select/page.tsx,source/configuration/assets,15832,7da19d3221213d2cf67f10d8c56ec5abdca8d03a720774fb6634c42ca809aeee
frontend/src/app/global-error.test.tsx,source/configuration/assets,2916,ccf1bbcff258e2e1fb44bea57e8c75aec410309e4c1e455e8c86f20c07cfc7f9
frontend/src/app/global-error.tsx,source/configuration/assets,1601,a90165461bc2f29dd9aa6c842ddb674446cd59098d34fbeb1bb4a4a8281e212e
frontend/src/app/globals.css,source/configuration/assets,7712,cb98b6d55cbeb8f1de341b02e541321021a7c5ac4cbbb3006eca6adc1d41e8c4
frontend/src/app/healthz/route.test.ts,source/configuration/assets,643,4ac5c9c80b34a23d916b7d2a95b5151ce8129ec3b17674abadb195f62c0c3847
frontend/src/app/healthz/route.ts,source/configuration/assets,846,3c059d56b14c0198da07357544fa91cfb9520e56793cda3f24e4fb5d3f39a4f5
frontend/src/app/icon.svg,source/configuration/assets,622,72b2f39795977139d32d57d1d56d45a1bf80099dfab612cebc837daacf283b8f
frontend/src/app/layout.mutation.test.tsx,source/configuration/assets,1652,7d1900d4b01e95552363a398c5027ab01070244e0d72738429c11286acf5997e
frontend/src/app/layout.test.tsx,source/configuration/assets,6728,9b66b0fa360054b60c8cdcc8b49c4a943a2f83ad7e273f29490ab239ddc55377
frontend/src/app/layout.tsx,source/configuration/assets,2091,b7f78657561d001de4d317e44309bf0b3090dcbadfced7c56eb7c680d3f8efb5
frontend/src/app/login/page.campaign.test.tsx,source/configuration/assets,4212,82b2d4bfd3fb9cc2029c1cc5214f5a8e8082a5c88834c505877cd0a98c247503
frontend/src/app/login/page.extended.test.tsx,source/configuration/assets,19672,fa1d9d222fa1338ab3683c1dc748ed6d46f349400aa013eb360fdc926c9c3904
frontend/src/app/login/page.mutation.test.tsx,source/configuration/assets,5357,d0bd6f98afc5f1ed2eee10dadc179cd5847ada0205a71a4fb57144a85f9d072d
frontend/src/app/login/page.test.tsx,source/configuration/assets,18972,9e323308ab4e3770f10f1dc1a90085a775c5eb11e1f97404a169bae6e104b40c
frontend/src/app/login/page.totp.test.tsx,source/configuration/assets,9063,fc729174af64832f0b124fbcfdff08d092912f77fcc7379b72c3585b59b4a690
frontend/src/app/login/page.tsx,source/configuration/assets,14262,a77aeef6181579f4b55e9b07ba5892d0067563b2e4ffe957213e04bdc186db80
frontend/src/app/manifest.test.ts,source/configuration/assets,2197,1af888693a826f12e51f1fe767af84daa9cd917b7135fa033f83f2268322c6d1
frontend/src/app/manifest.ts,source/configuration/assets,1598,05132ad5dc215b51a47064a233f94e0cbdb2b18f4f07e8791a975c75db3f53a7
frontend/src/app/misc-pages.dom-caps.test.tsx,source/configuration/assets,3453,9174dc0e2dc80c802e098384fee95c6534d35078b945e0cf430ef106a1d28755
frontend/src/app/page.test.tsx,source/configuration/assets,7984,f24565c10a6c23f0564f322479edb2a9da2ce863814e12edbb57a0cd152932b3
frontend/src/app/page.tsx,source/configuration/assets,1550,e77128534dbb20bb8742e71fa7aee07b4b842f7ab1ab8ed47ef90167e737b6e7
frontend/src/app/register/page.campaign.test.tsx,source/configuration/assets,1856,db473e2d74e6a979b2861dd1f760413db3c204ac9d7d4880376ca41ded52287c
frontend/src/app/register/page.mutation.test.tsx,source/configuration/assets,5063,f1e07ff7f825095aa919af1f9ec8d66a185c8c4e2412079af242fd07b509172b
frontend/src/app/register/page.test.tsx,source/configuration/assets,32490,c91a4e8a44a710b8d543c806ef2bd343458b9efb15452206669040ce7722e1de
frontend/src/app/register/page.tsx,source/configuration/assets,7627,4500c47c1476bc1fd4f4ed3e5c9ade566288a291c4106b68419157d3d8130a67
frontend/src/app/worker/layout.test.tsx,source/configuration/assets,26286,3f4d32d86712540d44aad62e52977e9fa66dd726d7127af1da1c4cc3fbcefdde
frontend/src/app/worker/layout.tsx,source/configuration/assets,18426,fa7172cad18cbd00d80f847142503555cc6b91a0ebfad56aedd378e9b0c9ad57
frontend/src/app/worker/login/page.races.test.tsx,source/configuration/assets,12975,dda59128f8fa709c36b733d9e2bc8fcdcf1240fd6eada06815b3bd341124c197
frontend/src/app/worker/login/page.tsx,source/configuration/assets,25936,4df7ef15081c0ee504c569400014c5eb445b5feee1646cc0429e2fc5243fd8c5
frontend/src/app/worker/offline/page.test.tsx,source/configuration/assets,5514,7dde32406547dd2d6a277a9de88c23b550bdaa43cbdeeccb10b446965cf6ee5b
frontend/src/app/worker/offline/page.tsx,source/configuration/assets,5503,4d7e36dee2bf37584018f0eb4b2a747e04fa069fd79774c3ea7aed131c0da028
frontend/src/app/worker/page.test.tsx,source/configuration/assets,41073,9fe48eef25ce4781b5f000ae09d50f2e3c75c4c696ee00901c22c5e16e526f8b
frontend/src/app/worker/page.touch-targets.test.tsx,source/configuration/assets,3609,93e0337c21a163313e82cedc1104462a4d2a8aca22bbf9d7f8c77978bc8a7c3e
frontend/src/app/worker/page.tsx,source/configuration/assets,15825,5d015a8c7e869467979de34822aa5c053374b4c5981cc483f06b0104f0d8ea26
frontend/src/components/account-dialog.aria.test.tsx,source/configuration/assets,11341,9d584e6651f88f9405ed4f693efab3e8a4f8cfd78f9f25c00b161143038a2c3d
frontend/src/components/account-dialog.campaign.test.tsx,source/configuration/assets,5273,551791ae191441c9c3e5afbcbe93f5b3f0483b72da16974f92de09be3e8579fa
frontend/src/components/account-dialog.i18n.test.tsx,source/configuration/assets,5435,2e3507e59214472665d77e3c0d22a3306af3aedd6942796327539bb50c7f362a
frontend/src/components/account-dialog.locks-and-recovery.test.tsx,source/configuration/assets,17512,9cf5da45aa9bddf1f9b71f92672c01afdc8532d13a774e055f2cc1f17eda9693
frontend/src/components/account-dialog.mutation.test.tsx,source/configuration/assets,14622,886dd93e2323370f21d698939bdb3ec58c56134e256479784a0894257a226e76
frontend/src/components/account-dialog.test.tsx,source/configuration/assets,37946,f5772138e326a920a9c7a94f22729a8112b8ad7ff84b29abae76e970ccece37a
frontend/src/components/account-dialog.totp.test.tsx,source/configuration/assets,33837,65bc39df089fe6ccf680edfa1b53234bde6d5cb7400867c2e7aaebef8adc953e
frontend/src/components/account-dialog.tsx,source/configuration/assets,39033,4c71c733ccfb114695703036f6aa497e782026a00eef3aeae6f4d6f2c6f1f939
frontend/src/components/animal-picker.falsy-props.test.tsx,source/configuration/assets,5619,4a33196672caf605457f66a8a50795822332277c870c07eb09d4429f6685d817
frontend/src/components/animal-picker.tsx,source/configuration/assets,5528,82ce96358df441af6251d96c2ce1049b25707d3ac21f509818f25df9ee1682c6
frontend/src/components/auth-layout.mutation.test.tsx,source/configuration/assets,3759,4b46928938ba2fd8b7157fec872cf034628a4c765d63912332fb86ed6e78f711
frontend/src/components/auth-layout.tsx,source/configuration/assets,4777,9dce58541a385dba446f65488160a24b6eb05edd32bb28c7a45d8f5ba27bbe16
frontend/src/components/breeding-candidate-picker.tsx,source/configuration/assets,4067,fec049e1a7b04ea20724fbf3a2d3fbc2cff366cdf3362a43e0195d2cdfc8c01f
frontend/src/components/charts.mutation.test.tsx,source/configuration/assets,17563,9375d57e124177935bae195c644514660cca3e510ad8f1daa424ece423015d6f
frontend/src/components/charts.test.tsx,source/configuration/assets,5017,419ec9951a50c2f7338228e9890e56bea479ce0a5829e4bee4f69205ff7e587f
frontend/src/components/charts.tsx,source/configuration/assets,7849,f61d3770491099359412ec20cb5d87a801d02bb7d0d612ab1a66f51013001c64
frontend/src/components/data-table-card.mutation.test.tsx,source/configuration/assets,1557,e8c1233813acc8593ee0a1042c07dbeed13d47eb832836f99dceb4061868f433
frontend/src/components/data-table-card.tsx,source/configuration/assets,1566,917990d9be5412f6536e1f093efc95413454031decc841efc39f612951febf60
frontend/src/components/display-components.test.tsx,source/configuration/assets,7993,737b381e470bb44690d57a176fd59ed36e3b2dea3cfaaa0df921d700319793f5
frontend/src/components/domain-picker-branches.test.tsx,source/configuration/assets,26184,6ff0a283447bdfa79cb8ed4a9e1518d9bab72fe20fbe6a412d16b47d3ad0a846
frontend/src/components/empty-state.tsx,source/configuration/assets,1892,f04325f08e5758ad9f3c76eefc850fd021235d77f50b9cad5b7150d8858f9dbd
frontend/src/components/forms-campaign.test.tsx,source/configuration/assets,6700,8342e3e757dc3d6e26005554f3315168ce056f1c7bd96702e1d1ecb517752884
frontend/src/components/health-round-progress.test.tsx,source/configuration/assets,3243,edd499612044135472e71ae30976ffeb39042e650cebb4cd75f410711984a49e
frontend/src/components/health-round-progress.tsx,source/configuration/assets,7195,9e1c096a1a7dcf175697040ada0681cf60712894f3b055c849cb86d6ba836875
frontend/src/components/health-target-pickers.falsy.test.tsx,source/configuration/assets,3932,89e91bc9d4bc396b0bd1a7c283bb613dfe74c6c389ae65314461bea49f13e31f
frontend/src/components/health-target-pickers.tsx,source/configuration/assets,6988,2518200ca2d5448df7b22a1031da69480ed7941c90bb7b727fc1ed940958bb3f
frontend/src/components/language-toggle.test.tsx,source/configuration/assets,1054,236db2d54060cfdcaa66caefadd4a60d33a464d90e35742bcf67ffeaf0fb1411
frontend/src/components/language-toggle.tsx,source/configuration/assets,1769,f72176c59d3d2397726db76b413a08f50207116f63597114b5f8ee7010f631d4
frontend/src/components/logo.mutation.test.tsx,source/configuration/assets,1489,2ee0c10a1ee269011dc74d8dad99f5c86aa19e2e7f371b20c7206b5a0b395332
frontend/src/components/logo.tsx,source/configuration/assets,1660,d19a68c97f484e11c184b525b7dbc15e19a955493d5b04d2a46e17894c42b264
frontend/src/components/page-header.tsx,source/configuration/assets,947,b1204c14ebbbdb2e47bd33674342e14ff4fa6b9f984b0e6d00bc7af5534b339d
frontend/src/components/paginated-pickers.test.tsx,source/configuration/assets,13338,2713eb5d74949dd36d206f0e5a5deadf97a65de43466c9920f580324f08a2669
frontend/src/components/pagination-controls.test.tsx,source/configuration/assets,5379,ba5f211ddbf1568719fecbf5233e301e0bbee3e1a8db1b858a5e1b8f27fdb5eb
frontend/src/components/pagination-controls.tsx,source/configuration/assets,3394,aa3fa28f409ace86f92bf7b95310f6a28b7b48c27a8a2b9be270e47884dd9673
frontend/src/components/permission-gate.campaign.test.tsx,source/configuration/assets,2810,eb5f606d5d6d8f89340c18495fa764f0163acb9c3cff5fcce0d20dbd9815bade
frontend/src/components/permission-gate.test.tsx,source/configuration/assets,4303,0b36610e35695259dd0ea24af6260873af3fe8e3e93a9f2be88a6d27cb5a9c2f
frontend/src/components/permission-gate.tsx,source/configuration/assets,4173,4439f3f8921e6229854ef1cedabb190b064de1a8a7b322417ec679d725dce902
frontend/src/components/permissions-error.tsx,source/configuration/assets,632,838653b9b2391663df81c44e8f72f00f45f6d990db47b4882125fb6552b95900
frontend/src/components/providers.tsx,source/configuration/assets,1732,b56f955dd7bea80aa26e43b87096efff272b1d90b0f336f3d95439654478eac9
frontend/src/components/remote-picker.i18n.test.tsx,source/configuration/assets,4022,d84877167794bea7c736ecaec8d216f4d2797f3dda27d8e90c4e2a4e27670e9a
frontend/src/components/remote-picker.mutation.test.tsx,source/configuration/assets,7256,00d23a5bfbcd287c130bdb59f6f30c1bfe3d5782cc6d23730ed903a4e9c27217
frontend/src/components/remote-picker.test.tsx,source/configuration/assets,33773,e37584c631ee2b67f2d9d3da37e12d66d456a91d0ca7237e401e882a5e3fa795
frontend/src/components/remote-picker.trigger-and-status.test.tsx,source/configuration/assets,13922,03e7a72eb92fefb2d0b9a0b7d6b72377982ba486e3124d5181b392790f92d214
frontend/src/components/remote-picker.tsx,source/configuration/assets,19433,ad577e731a86331b76bdc7f8b1f125ce5451e07adbbaaf1537354594f2a94ead
frontend/src/components/screening-check-dialog.test.tsx,source/configuration/assets,40299,8e47063b0785bb6b2bd02af795b70277010c59fe8f7b0289d140f50a068bc53e
frontend/src/components/screening-check-dialog.tsx,source/configuration/assets,13889,05c653172f167fdf73989f0eec40fb265397dc000c5904f073a210a2e3012e8b
frontend/src/components/screening-review-history.tsx,source/configuration/assets,2179,080219231a0b1713e55ba24620e4416294a2a45480f331c4c38b6df922b33a04
frontend/src/components/section-nav.test.tsx,source/configuration/assets,5417,1454c65a06ed32ea7c86f31e038cb4bc712b600a32d21a31dd7dabd41c58bf1e
frontend/src/components/section-nav.tsx,source/configuration/assets,2075,9d480ba642597caadd4a7b89161c6a9d9dcca5efab280efb907fe4bc9d95dd38
frontend/src/components/sidebar.test.tsx,source/configuration/assets,5718,046aaee33d5dca4c75872f9632affc6993b0098d42e95b9611ad5474c1eb7a7f
frontend/src/components/skeletons.mutation.test.tsx,source/configuration/assets,7322,e7f68cb50d275b5f584f1e8ea4883ead076a8f3f09fc984b03316c0c27ded661
frontend/src/components/skeletons.tsx,source/configuration/assets,4178,7d0d2206e393e221416687c057f767c99507772e73b36d11b2881c3b27104119
frontend/src/components/stale-data-notice.test.tsx,source/configuration/assets,899,30f82592bf01aa8c05b68c82f4aeb8161e79020e584607f0ffee6fc840e3d9b2
frontend/src/components/stale-data-notice.tsx,source/configuration/assets,1125,11ccd00fdf6cf387ef5c8e4ce09ba2dfd2eb58d2969a14bdd9139c03e206a0cc
frontend/src/components/stat-card.mutation.test.tsx,source/configuration/assets,2710,4274916508c9394c0adbb747c6b193116eb715a373c5680ce87b7a686df63309
frontend/src/components/stat-card.tsx,source/configuration/assets,2805,f5c5e98b19b7538d014c04b3a2b4a10b51d3253586d0d1bf210eb6f155d28cea
frontend/src/components/status-badge.test.tsx,source/configuration/assets,956,2efb0e63c9c577a3f438d1b7035f3621489099102e8f38ab4c8095fd7eb99d58
frontend/src/components/status-badge.tsx,source/configuration/assets,3768,b003850b9865da947a06a9fc2dcae440cc672eb5f085f5ae3c8048315bb4ec15
frontend/src/components/task-row-actions.tsx,source/configuration/assets,22266,94099ce0b86aa6ebb0b5bfa64e645aba9100b34435b900752c33b47b5effdf2d
frontend/src/components/theme-toggle.mutation.test.tsx,source/configuration/assets,3482,b3a2f007d28ae2bcce19f9348114116de030b4cf31d03bf033e5bd7778cdb997
frontend/src/components/theme-toggle.test.tsx,source/configuration/assets,2070,96a9e5e5eef65a5f2da66d65ea3a8155094f3f818709ad20ce9a86e2538e5a74
frontend/src/components/theme-toggle.tsx,source/configuration/assets,1815,4508971f1b663cb35017939e85ccaef1f85c9567d0cafdc550dfad853c193920
frontend/src/components/ui/badge.tsx,source/configuration/assets,2310,752c2be1710236e814d991c6ffc9c980488d16e352dfb0d88781a3ee30172b7b
frontend/src/components/ui/base-primitives.test.tsx,source/configuration/assets,27027,8dbdcac1daae56dfa6172318b83a84b43d2ec4e61e3aa171b9533ac307614959
frontend/src/components/ui/button.tsx,source/configuration/assets,3387,a98ae11e3bd1dd96f53ce93d5729448cff9790599287c1401fc87defd1d9ac4c
frontend/src/components/ui/card.tsx,source/configuration/assets,2644,4053a6c3443bf7d8c5c699176b341b84f384c0d194a4aa9bec08bd002043d12f
frontend/src/components/ui/checkbox.tsx,source/configuration/assets,1689,a69ce843f5b8ae40eb8996dfa4b281c37bcc1aafb0b684203d3e68eda4a32665
frontend/src/components/ui/dialog.tsx,source/configuration/assets,4272,7ce252afde43ae85f03f23ab69cbcbdf2ff40b2c2dcfaee9da647303ba812708
frontend/src/components/ui/input.tsx,source/configuration/assets,1040,c0cd81080504437f920e2ae5773b29f043ebb978e8a37416179d125b80241f0b
frontend/src/components/ui/label.tsx,source/configuration/assets,518,7f19b8476658d25ff197c84030e58cd7395059d876a54630e025951e474ebdae
frontend/src/components/ui/select-sheet-tabs-table.test.tsx,source/configuration/assets,29945,38d50b585ff008414f5f468a7e18c4bd792e3a07926dce3c837a09055ea69021
frontend/src/components/ui/select.tsx,source/configuration/assets,7304,04d376b607823409dc26679ab0d708bc968eca3d6898c18b8558a6e458798c3f
frontend/src/components/ui/separator.tsx,source/configuration/assets,545,75085bd84ff6965e4a356c53a4689799cabf65caa93c0bba064d5a0c6fa78f13
frontend/src/components/ui/sheet.tsx,source/configuration/assets,4630,e0cf69e29d00c68202dd8ec0f0f0eb61434fcb5f641155827f46e623d900ef04
frontend/src/components/ui/sidebar.mutation.test.tsx,source/configuration/assets,2637,bd13ad611ec85387f8264bbcd21b7e8551277557c0c14bba6fa3a3926bcc9f4f
frontend/src/components/ui/sidebar.state.test.tsx,source/configuration/assets,20871,3bebe48d9433641340080fc2cc65b1c0e0f2ac3e40e3264f19463871cd076916
frontend/src/components/ui/sidebar.structure.test.tsx,source/configuration/assets,29475,805b0b6284c3c45e5eab5212cedd675925b60c289410b13aaee184cd317192ff
frontend/src/components/ui/sidebar.tsx,source/configuration/assets,22756,e7e47ad7504b275fc9c5a35c88c3b0122b9272cc43c272aa8fe75b5792499278
frontend/src/components/ui/skeleton.tsx,source/configuration/assets,275,8110bba70d0cb9fe968c0b7bd092ad12258caef40b028b4a87f402bdab907faf
frontend/src/components/ui/sonner.tsx,source/configuration/assets,1815,538f8b37b00df06f5a3293155c5109e70b05e68b0e86b01191b6181f48cb18b6
frontend/src/components/ui/table.mutation.test.tsx,source/configuration/assets,7298,1e37717e308314ba295e39a4cb4ce7a2e4867fd2666d2e5dd6a61b9ddeb97360
frontend/src/components/ui/table.tsx,source/configuration/assets,4050,2783b7980df0a5e6362011601990b9d3589c43b822c27b359bd73e8f528bca71
frontend/src/components/ui/tabs.tsx,source/configuration/assets,3790,8920d2f96cca1103105779f9aaee3f6f6fc558c4655749a88d99d3c33bdc18b4
frontend/src/components/ui/textarea.tsx,source/configuration/assets,842,58b58d84fc54ba5f4ca46937870c619349fd9eccc4d494250ac7bc73a94e05e9
frontend/src/components/ui/tooltip.mutation.test.tsx,source/configuration/assets,1975,5a896d673ff3da465d1a4171ab04f887da4661abe6c9199e9c7cb41ac8449797
frontend/src/components/ui/tooltip.tsx,source/configuration/assets,2846,2cea2294d4947b88d815860f64e0b5e0eb47a59bde47cfd194aac2230c923865
frontend/src/hooks/use-mobile.test.tsx,source/configuration/assets,3546,d068e9f926056cae5facbb3b93742dafab80fff36cca3356fcd5400e8bc06ae0
frontend/src/hooks/use-mobile.ts,source/configuration/assets,562,c24080b5f4a209c07290cdb3a84d219b60c7809dea7ca441c5925ad6c4bf7b0d
frontend/src/lib/active-language.ts,source/configuration/assets,682,10445bbd9b34df7f213b902c478c3cafb1bb9ff3ef7da6f0e5fc0ec7e32c7efa
frontend/src/lib/api-campaign.test.ts,source/configuration/assets,15745,ce065b931823b3e31eb454444a98bcb98bb5a2498f258e08ed283fc2fd55042c
frontend/src/lib/api-client.boundary.test.ts,source/configuration/assets,15455,80ad675dade17f6f5f740d98999468953717f216c47afc5dde617d52edbd58b5
frontend/src/lib/api-client.extended.test.ts,source/configuration/assets,31774,8039e9a527373f4dbb5812c20838668edd78ee9425a616820cb4f3a622b8f5f0
frontend/src/lib/api-client.mutation.test.ts,source/configuration/assets,18127,63143d4e896d09a4d2baf7d7b4f7e1ff7994ec79bf83de0b0d60a6bbb2bf27aa
frontend/src/lib/api-client.races.test.ts,source/configuration/assets,17761,61d5f89b385ec90292b72e80fa4b9eb4ec3f87acae67994cfc490ea8852b70b4
frontend/src/lib/api-client.refresh-concurrency.test.ts,source/configuration/assets,22841,ec49c4ead428e1a5c3b082193a12b5b373065a756f16af5ff0fbe85a92d107dc
frontend/src/lib/api-client.refresh-outcomes.test.ts,source/configuration/assets,10939,ebc74bfa801531a8803460e322a83af92f8571c44b835183a3a5574883b31421
frontend/src/lib/api-client.session-logout.test.ts,source/configuration/assets,2427,d6a2cfd8c94eb01cc10f1f647ab600d90ac7634812313e726588c10b6fb793d7
frontend/src/lib/api-client.signal-composition.test.ts,source/configuration/assets,8236,9cd85bb41137e46449250a7c5382d7c70dfcdb84fe7b458fb1a1f0b38c44403d
frontend/src/lib/api-client.test.ts,source/configuration/assets,15463,3f10ca48569ca73788c8471004826589d2d2c0333a141bbc3dfcfce7d32a59cb
frontend/src/lib/api-client.token-hazards.test.ts,source/configuration/assets,17305,7aeb02ad4de79818d3790c490b21f7e49429ccc757608785a57e349b1d93cdbd
frontend/src/lib/api-client.ts,source/configuration/assets,46982,86d7faa909e78460e98b3f88efe97555497cfb73c4e090073ca169e62320609e
frontend/src/lib/api-client.validation.test.ts,source/configuration/assets,6037,fb96de1b237b49b01edca4b505905e0524fdbe4dd60ef2771587844f34042285
frontend/src/lib/auth-context.bugs.test.tsx,source/configuration/assets,15512,82139aacf19fec677fa60716ccafbfeac1ecce3d31b36ad992e35f23b414f129
frontend/src/lib/auth-context.campaign.test.tsx,source/configuration/assets,15473,8b3a017ab329fca32d94752949022f558d934b2c5bf4b2298d4e22ce57791c27
frontend/src/lib/auth-context.farm-timezone.test.tsx,source/configuration/assets,2541,6ad243d87509e0d6657d5fa73a4671c63409a45cb5815fb4a43e614bd9022ebc
frontend/src/lib/auth-context.latches.test.tsx,source/configuration/assets,19686,5bca67f64452eac7f44d17595cda22f949c4894fb9ef17977e793d5f34aa487f
frontend/src/lib/auth-context.races.test.tsx,source/configuration/assets,38280,9d4324bdf7667ce8daa2627c65a1d33b5557f89a554060d5471bb52a6d31dff6
frontend/src/lib/auth-context.session-states.test.tsx,source/configuration/assets,14490,9b0f4386f7aa78ed4e50333a1f4cccd5d26fe243a97b39e4dd5aaa062e96c56d
frontend/src/lib/auth-context.teardown.test.tsx,source/configuration/assets,22233,d4766c8b657385966e9fcdb65989f5c8af6ac7c5f8d99fa4bb81548c8302f4a7
frontend/src/lib/auth-context.test.tsx,source/configuration/assets,35565,9a65e4509311b72e8df2b81ec72ab3ab45ad439c841e0256dd09a38f776cf723
frontend/src/lib/auth-context.tsx,source/configuration/assets,30557,51ffc85c2a6cba89ca118a3338c6734c0e281860f9ae9a9ebe28fc135a71e49f
frontend/src/lib/backend-caps.test.ts,source/configuration/assets,3927,721780e1d8a6be7b5b28a33916e1dd2ab7e628d2acd5e023f70c21e03d4780ac
frontend/src/lib/backend-caps.ts,source/configuration/assets,1095,512e57814789a790302f131c58ef96b31d80d3c60f32c6b07e1bb5b008c5307b
frontend/src/lib/backend-constants-parity.test.ts,source/configuration/assets,1815,39c406c09d41d02a5e730006ac89dfc14f63d0998e5e07bc63fa2d9677fbe3a8
frontend/src/lib/backend-rewrites.ts,source/configuration/assets,2607,66ed0fc5f35144aa69b9c890a6bb20ecd1be0543a0706edc9c3f0cad2b728bda
frontend/src/lib/brand.test.ts,source/configuration/assets,603,f42d11b0add9a23f9d78c3cb06dbf3249640f75c9a6a2371bf3a6495eb93c1dd
frontend/src/lib/brand.ts,source/configuration/assets,858,244d7e848b77a1c93c4b982724342ff60265f1136099435c483e309445fea86c
frontend/src/lib/bucket-sex.test.ts,source/configuration/assets,2307,213c7f59583b8b33f93296b62159dff7ba413550969cdf46e2690ee6b1ef1843
frontend/src/lib/bucket-sex.ts,source/configuration/assets,670,7d621b122c4fd1135b281778f7cb909e6f55ad16882481e456a3e508d344783a
frontend/src/lib/csp.ts,source/configuration/assets,5196,29dae0871067674d23ceb5621f31fc4ef0a19110b6c135d6583864b8f210e7ef
frontend/src/lib/enum-labels.te.test.tsx,source/configuration/assets,4675,928bfa1c9c68ad190ee924a84114c199a3b563b2c5f24cdba95867f92e3a5317
frontend/src/lib/enum-labels.test.ts,source/configuration/assets,6888,07c38c6ed33d33e07e7bd0de158c840bf294d172e16f436b92710e19daf798a6
frontend/src/lib/enum-labels.titlecase.test.ts,source/configuration/assets,2585,e1f00e6e81ef8b0002748504bf0c98bbc83a5b0254dc0bc52daa3af6b7aa9e16
frontend/src/lib/enum-labels.ts,source/configuration/assets,15433,3bddd49d8c97c5002f3c98cf7d1b5c21d8b4af955f0722c722f20f20567df714
frontend/src/lib/farm-scope-guard.test.ts,source/configuration/assets,1041,6cc5d8b6eb9824fec5fc9addce0e12135f66b0dfbebb191588b1d3c5245d4cfe
frontend/src/lib/farm-scope-guard.ts,source/configuration/assets,769,57b738ba25bbdca50361ffe3537a8a2b6014800ef92a7f201789270e9d14ade2
frontend/src/lib/farm-vocabulary.test.ts,source/configuration/assets,1640,3135edb0f1ed105e8dcbc13fa6c6f5b002dee863f6ca62010752308db23db081
frontend/src/lib/farm-vocabulary.ts,source/configuration/assets,4438,cd0d259a889e28114a59e9f759654cf34c6913f4c722e0e8f6511f504f6ba818
frontend/src/lib/format.bugs.test.ts,source/configuration/assets,4809,60f896aae7c9ae1736bc73f297412dc31e3cf32c5ed77985e33e5f588a02d629
frontend/src/lib/format.extended.test.ts,source/configuration/assets,11499,499d486672c27a3be16d9490cc0ce96dad3ca8f1675253da814695e94afabdde
frontend/src/lib/format.locale.test.ts,source/configuration/assets,3140,cdaa253ecc19db506084508717bb3efb08c44f656888e10817ccafdfdb650215
frontend/src/lib/format.mutation.test.ts,source/configuration/assets,8268,834550fee499a8358c04757ee91295e789674cb521aea307c9fc1406542e2453
frontend/src/lib/format.test.ts,source/configuration/assets,3705,ea6f00ffad35639d5754a53c0de7ba1f0cd030fad95ff56a75e2c0b818866f0b
frontend/src/lib/format.ts,source/configuration/assets,11433,38c7f0efab1b43f78e13e0c2bafcdf4496e38e8d5cb3d62ad9d0c5cc61ddb6c6
frontend/src/lib/format.utc.test.ts,source/configuration/assets,2166,9ffbf1d4cf9f0bb38bef6c9c397d65bdd327bf1231bb50fd3b8a831baa2d0ce3
frontend/src/lib/i18n/en.ts,source/configuration/assets,248770,aa90a1c30ee7796982bceb59b29f11a156393b0b60e9b829054e37af7d3a4393
frontend/src/lib/i18n/english-literal-baseline.json,source/configuration/assets,249,7553c1e08c5cc5fa502cfa6e07bc422f0d0bd66a66bfd741f461d9d1fadeb665
frontend/src/lib/i18n/english-literal-scanner.test.ts,source/configuration/assets,7538,3436c55b19c35df77fa089365f28c1fddca1d7bc046ab126b032e1c1cd592393
frontend/src/lib/i18n/gate.test.ts,source/configuration/assets,6867,f48f9fe651b80c41fc61df5be81cadf84ca6f3b46a4a59ce0307d78e81fda6aa
frontend/src/lib/i18n/i18n-campaign.test.tsx,source/configuration/assets,4304,1dd66673f6ee44d9069b9d6f2583e541d8e3f95b75a4492c70479f04c1892251
frontend/src/lib/i18n/i18n.test.tsx,source/configuration/assets,6487,74b4551370c7d1848fae4b27afbf164d7f14e7a88a226dde33a0989db9ec47bd
frontend/src/lib/i18n/index.tsx,source/configuration/assets,5802,cd74f2c612362a141de2a163d8d3b819915ff20bb88778556aad70fbd44f615a
frontend/src/lib/i18n/te.ts,source/configuration/assets,448972,74c70da7ecd9f8d0d530b168f79074d61448f4c4cb0fc53c9a9fa9c3f0ff7b15
frontend/src/lib/idempotent-request.mutation.test.ts,source/configuration/assets,25511,ed5d5c56250d105e26603b6f7faed47f708f207a1d730985f53ed0f2b0e82802
frontend/src/lib/idempotent-request.persistence.test.ts,source/configuration/assets,28675,ae31d6e1ef19823f93833789252718d2999106420a3eb61a1d02e32aed469244
frontend/src/lib/idempotent-request.test.ts,source/configuration/assets,47483,79b4542b2f57b60945e9a11ade0d2de98b49feb922f755518458466aabeb67db
frontend/src/lib/idempotent-request.ts,source/configuration/assets,28392,2713c18bc36df68816427f4e99b5ed62d603ec6c8ba1883482be2bf099c8d675
frontend/src/lib/image-deps-guard.equals.test.ts,source/configuration/assets,847,8bddd998d543f66f44082e7403257b65b0232113ad5dd9d923ec21e941f7d43f
frontend/src/lib/image-deps-guard.test.ts,source/configuration/assets,7953,a4436e820090e6471133a00ddd77c715e6c18db8d163df50b936eb29760ae63e
frontend/src/lib/image-deps-guard.ts,source/configuration/assets,6451,1db646dd5269d009518c17c6301d0b17324572942b9d7f69adf3e1f575eeec88
frontend/src/lib/mutations.ts,source/configuration/assets,1067,cd7a115eba797d5708e9e621cf17512ce2d7821b1c5de74442cffe1644a8d574
frontend/src/lib/offline-queue.boundaries.test.ts,source/configuration/assets,8079,8c19e5371bd761a658d3987756d0bd12b7792918a4d786bea9df3a263d9f1ba7
frontend/src/lib/offline-queue.test.ts,source/configuration/assets,39554,1b0562383cd6e123699a5b2f63849dbf7d0e2734ff6314610af26e0466138130
frontend/src/lib/offline-queue.ts,source/configuration/assets,26623,a714d996c742df765c870a825156e8c86e185e9d96f9cc37116c0658ad98c059
frontend/src/lib/permission-envelope.test.ts,source/configuration/assets,2160,e6e5cad4274742e1f26ee436b5698c85ed23867c00b250ded2cf4fb85eeae60e
frontend/src/lib/permission-envelope.ts,source/configuration/assets,1387,f6a862c9254e1835f38dc3546cda7a73fe84bc6b654c6a453803d0e712c110ea
frontend/src/lib/permission-navigation.campaign.test.ts,source/configuration/assets,1068,b0cf6464ace2e1abfe6c08d24ea24dfebef17249dea90d1d0cdd61cede411069
frontend/src/lib/permission-navigation.routes.test.ts,source/configuration/assets,4371,11ab4f8a11f3fc6d6b5303831bebe0dc9d2607d434e61b659cc324244814e3c4
frontend/src/lib/permission-navigation.test.ts,source/configuration/assets,7223,07ffde9c25d1f1083ae62da50cd7066b892b2834b0272d1715650e5b60f9bd14
frontend/src/lib/permission-navigation.ts,source/configuration/assets,8013,e1f873ffb4196a727c74e69728d3237a4042bc161851e30492d66e7b3fb404f9
frontend/src/lib/persisted-numbers.test.ts,source/configuration/assets,4787,c484a8eaad4777bbb101a0499dfe2c629c54badb2a6f3804d2dd834a0b7a7845
frontend/src/lib/persisted-numbers.ts,source/configuration/assets,1555,c34342a0db989e2181d425349fcb2710607b15b954c9e9c880c3444d0c5d8d10
frontend/src/lib/query-invalidation.test.ts,source/configuration/assets,2811,b475de9025ac3136d7045e96425c62e5251afe439f365be1742f50608c9e81ec
frontend/src/lib/query-invalidation.ts,source/configuration/assets,1802,a9df2795389eb4d2a68a7bb71f4722aaeb8c63819b962f5a75900109b0dd0eee
frontend/src/lib/safe-storage.test.ts,source/configuration/assets,1551,53fcb32774c0b370dbc4e0b7a26660ed40b4d5935e0e7586f8f35841da94e1a4
frontend/src/lib/safe-storage.ts,source/configuration/assets,705,4dbfed300d778c96ee22945db792db81b9e0b00e137494bf11df4e5c54950eb6
frontend/src/lib/server-error-phrases.test.tsx,source/configuration/assets,5657,cdccdb8c134f61bf8dbe162809aff523ebffba72fba88177aeff6b95bd4d38fa
frontend/src/lib/server-error-phrases.ts,source/configuration/assets,4666,85a57b79bffd6897d54076ba94b0dce768c9d9bd167612804c17b0840c7ca085
frontend/src/lib/simulation-evidence-text.test.ts,source/configuration/assets,10468,c3d802c517ccc53714b5ca961f9905ce3e329e9d3cb434729b0908d63d83be7f
frontend/src/lib/simulation-evidence-text.ts,source/configuration/assets,31345,7a32b8bc3fed863f27e4bc77754f4bf6b0ea42fc2d58b785105e6c3386f60bdf
frontend/src/lib/simulation-field-help.copy.test.ts,source/configuration/assets,8028,faa5ff25a1434b254786326c44932f15435f746fb71714e11448b222398c3814
frontend/src/lib/simulation-field-help.localization.test.ts,source/configuration/assets,1858,d538ade8e6a075f66ff26a668179094cc84dd8e9faff53e8bb8cf9f3fce4bfa3
frontend/src/lib/simulation-field-help.ts,source/configuration/assets,40869,3f1924675325e7de7f9aafcadf4081b161296cd9402cadf31be31e626fc44b24
frontend/src/lib/simulation-narrative-text.test.ts,source/configuration/assets,11152,3fe96deefd68e920f04b703709bf283f4eb4857ad01ca5ad91c2cc21b951754a
frontend/src/lib/simulation-result-basis.ts,source/configuration/assets,1983,5ce7dd06d0af0e6cfa2dcdc40a5d8ad6370c60fb340a45b7fee4e286ee2852d2
frontend/src/lib/simulation-section-labels.test.ts,source/configuration/assets,1818,b910c04c5c6dddb38aabe14f0e0af93a587c11af61d48071d161d3fbf68f1d17
frontend/src/lib/task-action-access.test.ts,source/configuration/assets,6781,6123e50774cfbd23c590b52779d4c4797e49d1515500d41f05de84f4dc41ba60
frontend/src/lib/task-action-access.ts,source/configuration/assets,4210,23bb4ad9e75f041de09218669727a7784afedc82658265c520abe9b0d3d9fff3
frontend/src/lib/task-optimistic.test.ts,source/configuration/assets,5526,0699c6160939577d5c4418892e3b2ed40befea64c1c93958e60e1a3344df0e04
frontend/src/lib/task-optimistic.ts,source/configuration/assets,3853,8ffc5a0fa84ea4324ad323b7f1a4c23eac2c79343117ef2bf7a33ea0cc9f9383
frontend/src/lib/task-title.nulls.test.ts,source/configuration/assets,3077,90eba30b51cade4437364c069605fcba4f1c85ba39f3b63ab7dcf47cb3b51092
frontend/src/lib/task-title.test.ts,source/configuration/assets,8776,43721326c3d2857892277aca03a69177976f7120475679f04496d83b530120d4
frontend/src/lib/task-title.ts,source/configuration/assets,3446,7b12b6313a87b2fa0e64fe0d32c77a7e48b835da5f4b8e5e48877bb7a74dd662
frontend/src/lib/use-permissions.campaign.test.tsx,source/configuration/assets,1257,44da717e5481f599dc7666464523808ed4fc3f6d252c0b920b8896871d03df05
frontend/src/lib/use-permissions.test.tsx,source/configuration/assets,10036,b519a35f5004aa48bfb0d37d80d7ae6e7ee535bb5a1e90f4198c23a02d2f29dd
frontend/src/lib/use-permissions.ts,source/configuration/assets,2261,e334ea7de099d2bd0b76f443b0c5c1db0bed98d2dd49c20cc96f42ecd5634188
frontend/src/lib/use-single-flight.test.tsx,source/configuration/assets,3724,51ba94164399c81fd59211c031da3a30155555ed945a1f40cb92c80a1deed5d7
frontend/src/lib/use-single-flight.ts,source/configuration/assets,1686,86bcfa807052de033714aac2db99fad734cc4b05bdb2882b643a18d13e206b20
frontend/src/lib/use-url-state.test.tsx,source/configuration/assets,5681,60009deea531d521a9e1fd20d7b77831aa5e99ef872ba7c1ad5a5da363518c53
frontend/src/lib/use-url-state.ts,source/configuration/assets,4252,751873d77922a1048f8b205d6f1e873c937285c6e773d3ab65aad46bfc2a5a21
frontend/src/lib/utils.test.ts,source/configuration/assets,5189,22106a6c2e66edbdf6062ab3f7082b0482e4db7bf52919937c7db702ceb7702e
frontend/src/lib/utils.ts,source/configuration/assets,1851,01e6c7f228b230060c9c1c2aa9a400189bf59dc51f000411e6dd1e690658bbe0
frontend/src/lib/worker-offline-shift.test.ts,source/configuration/assets,2713,28b7ad1d8d43018a492d89a98df6d045f4b3b7a8f1c7a22b5e6fdb966a6deb0a
frontend/src/lib/worker-offline-shift.ts,source/configuration/assets,4010,3e87a1093cbe32d4dc79757ccc67266fc958155fda40a2b07afa0684341bf14c
frontend/src/lib/worker-outbox.test.ts,source/configuration/assets,14765,3f90ba70d50ff09975998e9440ad0487d81afdd26e3c5e31db77f0095ab551b1
frontend/src/lib/worker-outbox.ts,source/configuration/assets,17207,8242d1e79f39e77e87c1da2e7cca9aad7ec95e314445ac8d1135ac05e7e14819
frontend/src/next-config.test.ts,source/configuration/assets,1944,957fa6eb45296502c0fae46337489459170b45baf7585d5d99771563766058b3
frontend/src/proxy.test.ts,source/configuration/assets,5054,55bac6506ca059b2b829b6eb919adaa4818b3e87b9c50028374a520d15186f5e
frontend/src/proxy.ts,source/configuration/assets,3277,b3aae187a36633aa797dd52e1bff1d059f7b7c9c3f820b8b1b1cd0acbf83dc53
frontend/src/test/adversarial/adv-A-concurrency.test.tsx,source/configuration/assets,10981,b71c65fd0d76765a9ef7d57372d71c2811bf9403c031b331b70780afe719dec5
frontend/src/test/adversarial/adv-B-authorization.test.tsx,source/configuration/assets,5386,77de37acdf9372dbdc5fdde44613d2b79e0140d54c0c0e579fe1a0f583ac7171
frontend/src/test/adversarial/adv-B-path-injection.test.ts,source/configuration/assets,7361,7c421e502bdbc104c4b190fc7e50b87cbf851cd28b542f6a39a1fdf0d8c2a7ff
frontend/src/test/adversarial/adv-C-input.test.tsx,source/configuration/assets,8688,baddd7bfe44ae1b94d79447d50c450deae4c8c037dc2a6cdd61b08f49a056d49
frontend/src/test/adversarial/adv-C3-dates.test.ts,source/configuration/assets,3572,6ef49325c0ddcc3578d7c44d36158bada16273250cd72f39d0f6f8929c6237cc
frontend/src/test/adversarial/adv-C4-enum-drift.test.ts,source/configuration/assets,4621,e33576df62bd75fd811e7c96ace1ef6cff28d10683569d8d90d88d3633458efd
frontend/src/test/adversarial/adv-D-transport.test.ts,source/configuration/assets,7863,f6cb7e339ef3dc2e993d98b9548ffcc259bc6bbabe667f3c606c11fa9fd0a552
frontend/src/test/adversarial/adv-E-state.test.tsx,source/configuration/assets,6137,7011c7f075d62a646832993df419dd882aff6c23fd57ed9bc80b5eaa6d1ede6b
frontend/src/test/adversarial/adv-G-config.test.ts,source/configuration/assets,11736,2b5c00da4943f41c9ce113f716d2efc3d564138dd5471dcc4e73b73f10fa2d59
frontend/src/test/adversarial/adv-sw-update.test.ts,source/configuration/assets,19149,7cb3ae4bb39b8dca26d84ef4ef837e37914ef96d79ee8b5f899404e98f337910
frontend/src/test/fixtures/simulation-narrative.json,source/configuration/assets,26402,5d94470d5de31f242bd683ae86e4fb9adb35c44d19cb90968b7c380a3a6de14e
frontend/src/test/intl-stub.ts,source/configuration/assets,1190,7e2d77c686d2c780bfb04b2f07886850209ff6473ee94e54cbd82794dd42962f
frontend/src/test/lib/csp.test.ts,source/configuration/assets,7419,1c1e5e5492717f1f8dcabe9d8bb9c23d14b9b1270f406f15a776361a89f89f06
frontend/src/test/msw-server.ts,source/configuration/assets,4022,923bb4cd72a4a5f3d47b7d7f619cfaecd6cb70a939d3870970128a3720f433a6
frontend/src/test/render.tsx,source/configuration/assets,2027,6f436ccfd82b34b66ce03321b89378b4139cf6f09cb59b3cb8adfc745ca580b8
frontend/src/test/settle.ts,source/configuration/assets,859,605033a8728df69bd03ad9ef54dc61fadaf4d29261b18a0da863246fa50df071
frontend/tsconfig.json,source/configuration/assets,779,c985227e5f9c25bab7a76c589603ebd300d1ed024a1c407a19b0a0db870e2183
frontend/vitest.components.config.ts,source/configuration/assets,1189,9351109a24b6e2f89d824a0b729a0b63ee8171cd4daa33076a418b44a64ba1a2
frontend/vitest.config.ts,source/configuration/assets,4711,d975b76965d4e7174a923bea5898cb3d48d70b854c8dd30636e35e2f11bf0a87
frontend/vitest.libcore.config.ts,source/configuration/assets,1582,24e0b5ee47e419a61410e771ccdc8bba36e441e322abc6a4ea2caee05f155b19
frontend/vitest.mutation.config.ts,source/configuration/assets,1930,439501a4456553a0344e1d7f2029af2b8a139fc8adeccb54f10ae421a261244d
frontend/vitest.setup.ts,source/configuration/assets,3333,f6a50169687ff25ea990a0ecc7dcbe5ddf31d78099dc1343bc4bb6dc8bbc9e6b
shared/openapi.json,source/configuration/assets,1069873,921f79c911abae32842b28e573ae91c5dbb8db2156c08115b23eb9ddaecd898b
